{"trail":"4 Tons","distance":8389,"gain":462,"loss":252,"min":1555,"max":1824,"profile":[[0,1555,-85.423315,34.875774],[25,1556,-85.423244,34.875737],[50,1557,-85.423174,34.8757],[75,1559,-85.423103,34.875664],[100,1561,-85.423033,34.875627],[125,1563,-85.422963,34.87559],[150,1565,-85.422892,34.875553],[175,1568,-85.422822,34.875516],[200,1569,-85.422751,34.875479],[225,1569,-85.422681,34.875442],[250,1571,-85.422611,34.875405],[275,1576,-85.42254,34.875369],[300,1572,-85.422457,34.875359],[325,1570,-85.422375,34.875348],[350,1569,-85.422292,34.875338],[375,1569,-85.42221,34.875327],[400,1569,-85.422127,34.875317],[425,1569,-85.422045,34.875307],[443,1571,-85.421986,34.875317],[468,1572,-85.421993,34.875386],[493,1575,-85.422,34.875454],[517,1578,-85.422014,34.87552],[542,1578,-85.422061,34.875577],[567,1580,-85.422107,34.875634],[592,1582,-85.422154,34.87569],[617,1584,-85.422201,34.875747],[642,1591,-85.422248,34.875804],[667,1593,-85.422295,34.875861],[692,1598,-85.422341,34.875917],[717,1605,-85.422388,34.875974],[742,1606,-85.422435,34.876031],[767,1614,-85.422482,34.876088],[792,1620,-85.422529,34.876144],[817,1622,-85.422575,34.876201],[842,1629,-85.422622,34.876258],[867,1630,-85.422669,34.876315],[892,1637,-85.422716,34.876372],[917,1643,-85.422763,34.876428],[942,1644,-85.42281,34.876485],[967,1648,-85.422856,34.876542],[992,1647,-85.422903,34.876599],[1017,1644,-85.42295,34.876655],[1042,1650,-85.422993,34.876713],[1067,1655,-85.422993,34.876782],[1092,1657,-85.422993,34.87685],[1115,1658,-85.422963,34.876909],[1140,1669,-85.422905,34.876959],[1165,1673,-85.422848,34.877008],[1190,1677,-85.42279,34.877058],[1215,1683,-85.422733,34.877108],[1240,1684,-85.422675,34.877157],[1265,1680,-85.422618,34.877207],[1289,1683,-85.42255,34.877242],[1314,1690,-85.422469,34.877257],[1339,1692,-85.422387,34.877273],[1364,1700,-85.422306,34.877288],[1389,1704,-85.422224,34.877304],[1414,1707,-85.422143,34.877319],[1439,1717,-85.422062,34.877335],[1464,1719,-85.42198,34.87735],[1489,1729,-85.421899,34.877366],[1514,1731,-85.421818,34.877381],[1539,1739,-85.421736,34.877397],[1564,1740,-85.421655,34.877412],[1589,1746,-85.421573,34.877428],[1614,1749,-85.421492,34.877443],[1639,1751,-85.421411,34.877459],[1664,1757,-85.421329,34.877474],[1689,1759,-85.421248,34.87749],[1714,1764,-85.421167,34.877505],[1728,1766,-85.42112,34.877507],[1753,1766,-85.421186,34.877465],[1778,1764,-85.421252,34.877424],[1803,1765,-85.421319,34.877382],[1828,1765,-85.421385,34.87734],[1853,1764,-85.421451,34.877298],[1878,1765,-85.421517,34.877256],[1903,1764,-85.421584,34.877215],[1928,1764,-85.42165,34.877173],[1953,1767,-85.421703,34.877121],[1978,1766,-85.421753,34.877066],[2003,1767,-85.421803,34.877011],[2028,1767,-85.421853,34.876956],[2053,1766,-85.421903,34.876901],[2078,1763,-85.421954,34.876846],[2103,1761,-85.422004,34.876792],[2126,1756,-85.422042,34.876738],[2151,1756,-85.421981,34.876691],[2176,1755,-85.42192,34.876644],[2201,1752,-85.421859,34.876597],[2226,1750,-85.421798,34.876551],[2251,1749,-85.421737,34.876504],[2276,1741,-85.421676,34.876457],[2301,1739,-85.421614,34.876411],[2326,1735,-85.421553,34.876364],[2351,1726,-85.421492,34.876317],[2376,1731,-85.421431,34.87627],[2401,1735,-85.42137,34.876224],[2426,1740,-85.421309,34.876177],[2451,1742,-85.421248,34.87613],[2476,1751,-85.421187,34.876084],[2501,1746,-85.421126,34.876037],[2526,1751,-85.421056,34.875999],[2551,1748,-85.420983,34.875966],[2576,1755,-85.42091,34.875934],[2601,1758,-85.420836,34.875901],[2626,1756,-85.420763,34.875868],[2651,1757,-85.42069,34.875835],[2676,1758,-85.420616,34.875802],[2701,1759,-85.420543,34.875769],[2726,1759,-85.42047,34.875737],[2751,1764,-85.420396,34.875704],[2776,1767,-85.420323,34.875671],[2801,1767,-85.42025,34.875638],[2826,1765,-85.420177,34.875605],[2851,1764,-85.420103,34.875573],[2876,1758,-85.42003,34.87554],[2901,1753,-85.419957,34.875507],[2926,1759,-85.419883,34.875474],[2951,1770,-85.41981,34.875441],[2976,1770,-85.419737,34.875409],[3001,1771,-85.419663,34.875376],[3026,1768,-85.41959,34.875343],[3051,1769,-85.419517,34.87531],[3076,1766,-85.419443,34.875277],[3101,1768,-85.41937,34.875244],[3126,1768,-85.419297,34.875212],[3151,1764,-85.419223,34.875179],[3176,1764,-85.41915,34.875146],[3201,1763,-85.419077,34.875113],[3226,1761,-85.419003,34.87508],[3251,1760,-85.41893,34.875048],[3276,1761,-85.418857,34.875015],[3301,1763,-85.418783,34.874982],[3326,1767,-85.41871,34.874949],[3351,1770,-85.418637,34.874916],[3376,1774,-85.418563,34.874883],[3401,1774,-85.41849,34.874851],[3426,1776,-85.418417,34.874818],[3451,1778,-85.418343,34.874785],[3476,1780,-85.418271,34.874752],[3501,1778,-85.418219,34.874698],[3526,1779,-85.418167,34.874644],[3551,1777,-85.418116,34.87459],[3576,1779,-85.418064,34.874536],[3601,1783,-85.418012,34.874482],[3626,1785,-85.417961,34.874428],[3651,1787,-85.417909,34.874374],[3676,1789,-85.417858,34.874321],[3701,1789,-85.417806,34.874267],[3725,1793,-85.41773,34.874242],[3750,1799,-85.41765,34.874222],[3775,1800,-85.41757,34.874202],[3800,1803,-85.41749,34.874181],[3825,1805,-85.417411,34.874161],[3850,1806,-85.417331,34.874141],[3875,1806,-85.417251,34.87412],[3900,1808,-85.417172,34.874105],[3925,1810,-85.417103,34.874143],[3950,1812,-85.417033,34.874181],[3975,1813,-85.416964,34.874219],[4000,1815,-85.416894,34.874257],[4025,1815,-85.416825,34.874295],[4050,1815,-85.416755,34.874333],[4075,1815,-85.416686,34.874371],[4098,1816,-85.41665,34.874428],[4123,1817,-85.41663,34.874495],[4148,1819,-85.416611,34.874562],[4173,1819,-85.416592,34.874628],[4198,1821,-85.416572,34.874695],[4223,1822,-85.416553,34.874762],[4248,1823,-85.416534,34.874828],[4273,1824,-85.416514,34.874895],[4298,1824,-85.416495,34.874962],[4323,1824,-85.416476,34.875028],[4348,1822,-85.416456,34.875095],[4372,1820,-85.416457,34.875162],[4397,1818,-85.416473,34.875229],[4422,1816,-85.416488,34.875297],[4447,1813,-85.416504,34.875364],[4472,1813,-85.41652,34.875431],[4497,1811,-85.416535,34.875499],[4522,1809,-85.416551,34.875566],[4547,1810,-85.416567,34.875633],[4572,1808,-85.416582,34.875701],[4597,1806,-85.416598,34.875768],[4622,1807,-85.416613,34.875835],[4647,1805,-85.416629,34.875902],[4672,1805,-85.416645,34.87597],[4697,1804,-85.41666,34.876037],[4722,1802,-85.416676,34.876104],[4747,1802,-85.416692,34.876172],[4772,1800,-85.416707,34.876239],[4797,1799,-85.416723,34.876306],[4822,1800,-85.416739,34.876374],[4847,1798,-85.416754,34.876441],[4872,1796,-85.41677,34.876508],[4897,1796,-85.416785,34.876576],[4922,1797,-85.41682,34.876637],[4947,1799,-85.416865,34.876694],[4972,1799,-85.416911,34.876752],[4997,1800,-85.416957,34.876809],[5022,1799,-85.417002,34.876866],[5047,1798,-85.417048,34.876924],[5072,1800,-85.417094,34.876981],[5097,1799,-85.41714,34.877038],[5121,1802,-85.417205,34.877076],[5146,1802,-85.417283,34.877101],[5171,1805,-85.41736,34.877127],[5196,1805,-85.417438,34.877153],[5221,1805,-85.417515,34.877179],[5246,1804,-85.417592,34.877204],[5271,1804,-85.41767,34.87723],[5296,1803,-85.417747,34.877256],[5321,1801,-85.417825,34.877282],[5346,1798,-85.417902,34.877307],[5370,1799,-85.417982,34.877322],[5395,1800,-85.418065,34.877319],[5420,1801,-85.418149,34.877316],[5445,1801,-85.418232,34.877312],[5470,1802,-85.418316,34.877309],[5495,1802,-85.418399,34.877306],[5520,1804,-85.418482,34.877303],[5545,1803,-85.418566,34.877299],[5570,1803,-85.418649,34.877296],[5595,1802,-85.418733,34.877293],[5620,1801,-85.418816,34.877289],[5645,1800,-85.418898,34.877299],[5670,1796,-85.418978,34.877319],[5695,1793,-85.419058,34.877338],[5720,1787,-85.419138,34.877358],[5745,1781,-85.419218,34.877378],[5770,1781,-85.419298,34.877397],[5795,1779,-85.419378,34.877417],[5820,1781,-85.419458,34.877436],[5845,1780,-85.419538,34.877456],[5870,1781,-85.419618,34.877475],[5895,1779,-85.419693,34.877505],[5920,1776,-85.419764,34.87754],[5945,1774,-85.419836,34.877576],[5970,1773,-85.419908,34.877611],[5995,1771,-85.419979,34.877646],[6020,1769,-85.420051,