{"trail":"5 Points Expressway","distance":3399,"gain":88,"loss":127,"min":1852,"max":1917,"profile":[[0,1891,-85.420954,34.86743],[25,1889,-85.421038,34.867432],[50,1890,-85.421121,34.867435],[75,1893,-85.421205,34.867438],[100,1896,-85.421288,34.867441],[125,1899,-85.421372,34.867443],[150,1901,-85.421455,34.867446],[170,1903,-85.421507,34.86741],[195,1905,-85.421534,34.867346],[220,1906,-85.421562,34.867281],[245,1907,-85.42159,34.867216],[270,1908,-85.421617,34.867152],[295,1909,-85.421645,34.867087],[320,1911,-85.421673,34.867022],[345,1911,-85.4217,34.866958],[370,1914,-85.421728,34.866893],[395,1916,-85.421756,34.866828],[419,1917,-85.421757,34.866763],[444,1915,-85.421733,34.866698],[469,1916,-85.421708,34.866632],[494,1915,-85.421684,34.866567],[519,1913,-85.421659,34.866501],[544,1915,-85.421635,34.866436],[569,1914,-85.42161,34.86637],[593,1914,-85.42157,34.866312],[618,1913,-85.421516,34.86626],[643,1912,-85.421462,34.866208],[668,1911,-85.421407,34.866156],[693,1908,-85.421353,34.866104],[711,1907,-85.421313,34.866139],[736,1907,-85.421278,34.866202],[761,1905,-85.421243,34.866264],[786,1901,-85.421207,34.866326],[810,1899,-85.421202,34.86639],[835,1896,-85.421225,34.866456],[860,1894,-85.421248,34.866522],[885,1892,-85.421271,34.866587],[910,1894,-85.421294,34.866653],[935,1896,-85.421317,34.866719],[955,1894,-85.421288,34.866669],[980,1892,-85.421255,34.866606],[1005,1891,-85.421221,34.866543],[1030,1891,-85.421187,34.866481],[1055,1896,-85.421153,34.866418],[1080,1897,-85.421119,34.866355],[1105,1896,-85.421086,34.866293],[1130,1895,-85.421052,34.86623],[1155,1894,-85.421018,34.866167],[1180,1895,-85.420984,34.866104],[1205,1894,-85.420951,34.866042],[1230,1892,-85.420917,34.865979],[1255,1889,-85.420883,34.865916],[1280,1889,-85.420849,34.865854],[1302,1887,-85.42084,34.865793],[1327,1889,-85.420889,34.865738],[1352,1890,-85.420938,34.865682],[1377,1891,-85.420988,34.865627],[1402,1891,-85.421037,34.865572],[1427,1891,-85.421086,34.865516],[1452,1891,-85.421135,34.865461],[1477,1891,-85.421184,34.865405],[1502,1891,-85.421233,34.86535],[1527,1892,-85.421282,34.865295],[1552,1892,-85.421331,34.865239],[1576,1892,-85.421405,34.865211],[1601,1892,-85.421484,34.86519],[1626,1892,-85.421564,34.865168],[1649,1890,-85.421636,34.865181],[1674,1890,-85.421704,34.865221],[1699,1888,-85.421772,34.865261],[1724,1886,-85.42184,34.865301],[1749,1885,-85.421908,34.865341],[1774,1881,-85.421976,34.865381],[1799,1881,-85.422043,34.865421],[1824,1880,-85.422111,34.865461],[1849,1881,-85.422179,34.865501],[1874,1882,-85.422247,34.865541],[1899,1888,-85.422315,34.865581],[1924,1891,-85.422383,34.865621],[1941,1895,-85.422436,34.865636],[1966,1895,-85.422441,34.865567],[1991,1895,-85.422445,34.865499],[2016,1894,-85.42245,34.86543],[2041,1893,-85.422454,34.865362],[2064,1891,-85.422488,34.865303],[2089,1886,-85.422542,34.86525],[2114,1884,-85.422595,34.865198],[2139,1885,-85.422649,34.865145],[2162,1890,-85.422657,34.865085],[2187,1888,-85.422633,34.865019],[2212,1890,-85.422609,34.864953],[2237,1889,-85.422585,34.864888],[2262,1887,-85.422562,34.864822],[2287,1885,-85.422538,34.864756],[2312,1881,-85.422514,34.864691],[2337,1876,-85.42249,34.864625],[2362,1870,-85.422466,34.864559],[2387,1868,-85.422443,34.864494],[2407,1867,-85.422481,34.864446],[2432,1867,-85.422551,34.864408],[2457,1867,-85.42262,34.86437],[2482,1867,-85.42265,34.864308],[2507,1866,-85.422676,34.864243],[2532,1867,-85.422701,34.864177],[2557,1867,-85.422726,34.864112],[2582,1868,-85.422752,34.864047],[2607,1868,-85.422777,34.863982],[2631,1869,-85.422738,34.863922],[2656,1869,-85.422697,34.863862],[2681,1872,-85.422656,34.863803],[2706,1876,-85.422614,34.863743],[2731,1878,-85.422573,34.863684],[2756,1881,-85.422531,34.863624],[2781,1884,-85.42249,34.863565],[2806,1884,-85.422448,34.863505],[2831,1884,-85.422426,34.86344],[2856,1884,-85.422413,34.863373],[2881,1883,-85.4224,34.863305],[2906,1879,-85.422388,34.863237],[2931,1878,-85.422375,34.863169],[2956,1877,-85.422362,34.863102],[2981,1877,-85.422349,34.863034],[3006,1876,-85.422336,34.862966],[3031,1876,-85.422323,34.862899],[3056,1875,-85.422311,34.862831],[3081,1873,-85.422298,34.862763],[3106,1873,-85.422285,34.862695],[3131,1871,-85.422272,34.862628],[3156,1870,-85.422259,34.86256],[3181,1868,-85.422246,34.862492],[3206,1866,-85.422234,34.862425],[3231,1863,-85.422221,34.862357],[3256,1862,-85.422208,34.862289],[3281,1859,-85.422195,34.862221],[3306,1858,-85.422182,34.862154],[3331,1857,-85.422169,34.862086],[3356,1856,-85.422157,34.862018],[3381,1855,-85.422144,34.861951],[3399,1852,-85.422134,34.861901]]}