{"trail":"50 Shades of Blue","distance":1468,"gain":0,"loss":116,"min":5434,"max":5551,"profile":[[0,5557,-121.541502,43.981364],[13,5557,-121.541551,43.981375],[33,5551,-121.541586,43.981422],[45,5547,-121.541574,43.981454],[60,5547,-121.541535,43.981483],[79,5548,-121.541468,43.981504],[175,5543,-121.541117,43.981578],[272,5538,-121.540789,43.981699],[328,5538,-121.540587,43.981754],[398,5529,-121.540442,43.981914],[493,5520,-121.540111,43.982018],[538,5513,-121.540065,43.982137],[640,5501,-121.539784,43.982332],[694,5499,-121.539582,43.982363],[760,5491,-121.53942,43.982501],[839,5482,-121.539152,43.982601],[933,5471,-121.538825,43.982704],[1000,5466,-121.53857,43.982708],[1071,5463,-121.538304,43.982668],[1143,5454,-121.538038,43.982627],[1221,5451,-121.53776,43.982551],[1260,5445,-121.537611,43.982542],[1308,5441,-121.537439,43.982499],[1366,5432,-121.537221,43.98248],[1411,5428,-121.537079,43.982409],[1456,5431,-121.536983,43.982306],[1468,5431,-121.536953,43.982281]]}