{"trail":"Access Road / Old RR Grade","distance":12746,"gain":414,"loss":614,"min":1246,"max":1510,"profile":[[0,1508,-85.386343,34.91942],[25,1508,-85.386264,34.919399],[50,1508,-85.386184,34.919377],[75,1509,-85.386105,34.919356],[100,1510,-85.386025,34.919335],[125,1509,-85.385946,34.919314],[150,1507,-85.385866,34.919293],[175,1507,-85.385787,34.919271],[200,1506,-85.385707,34.91925],[225,1504,-85.385628,34.919229],[250,1503,-85.385548,34.919208],[275,1501,-85.385469,34.919187],[299,1500,-85.385396,34.919156],[324,1499,-85.385335,34.919109],[349,1498,-85.385273,34.919063],[374,1496,-85.385212,34.919017],[399,1495,-85.38515,34.91897],[424,1493,-85.385088,34.918924],[449,1493,-85.385027,34.918878],[474,1491,-85.384965,34.918831],[499,1490,-85.384903,34.918785],[524,1489,-85.384842,34.918739],[549,1487,-85.38478,34.918692],[574,1486,-85.384719,34.918646],[599,1484,-85.384657,34.9186],[624,1482,-85.384595,34.918554],[649,1480,-85.384534,34.918507],[674,1478,-85.384472,34.918461],[699,1475,-85.384411,34.918415],[724,1473,-85.384349,34.918368],[749,1471,-85.384287,34.918322],[774,1467,-85.384226,34.918276],[799,1465,-85.384164,34.918229],[824,1461,-85.384096,34.91819],[849,1457,-85.384022,34.918158],[874,1453,-85.383948,34.918127],[899,1449,-85.383874,34.918095],[924,1445,-85.3838,34.918063],[949,1445,-85.383726,34.918031],[974,1439,-85.383648,34.918012],[999,1436,-85.383565,34.918012],[1024,1434,-85.383481,34.918012],[1049,1430,-85.383398,34.918012],[1074,1427,-85.383314,34.918012],[1099,1422,-85.383231,34.918012],[1119,1417,-85.383165,34.918029],[1144,1420,-85.383155,34.918097],[1169,1423,-85.383146,34.918165],[1194,1425,-85.383136,34.918233],[1219,1426,-85.383127,34.918301],[1244,1418,-85.383118,34.918369],[1269,1417,-85.383108,34.918437],[1294,1415,-85.383099,34.918505],[1319,1413,-85.383089,34.918574],[1344,1411,-85.383088,34.918641],[1369,1410,-85.383121,34.918703],[1394,1413,-85.383154,34.918766],[1419,1413,-85.383188,34.918829],[1444,1414,-85.383221,34.918892],[1469,1419,-85.383254,34.918955],[1494,1415,-85.383287,34.919018],[1519,1414,-85.383321,34.919081],[1544,1411,-85.383354,34.919144],[1568,1410,-85.383413,34.91919],[1593,1408,-85.383478,34.919233],[1618,1407,-85.383544,34.919276],[1643,1408,-85.383609,34.919318],[1668,1407,-85.383674,34.919361],[1693,1403,-85.38374,34.919404],[1718,1401,-85.383805,34.919446],[1743,1402,-85.383871,34.919489],[1768,1400,-85.383936,34.919532],[1793,1401,-85.384001,34.919575],[1818,1395,-85.384067,34.919617],[1843,1395,-85.384132,34.91966],[1868,1396,-85.384197,34.919703],[1893,1395,-85.384263,34.919745],[1918,1397,-85.384328,34.919788],[1943,1392,-85.384393,34.919831],[1968,1397,-85.384459,34.919873],[1993,1397,-85.384524,34.919916],[2018,1401,-85.38459,34.919959],[2043,1397,-85.384644,34.920009],[2068,1399,-85.384683,34.92007],[2093,1397,-85.384723,34.92013],[2118,1395,-85.384762,34.920191],[2143,1393,-85.384801,34.920251],[2168,1390,-85.384841,34.920311],[2193,1390,-85.38488,34.920372],[2218,1390,-85.38492,34.920432],[2242,1395,-85.384949,34.920495],[2267,1395,-85.384953,34.920563],[2292,1395,-85.384956,34.920632],[2317,1393,-85.38496,34.9207],[2342,1391,-85.384963,34.920769],[2367,1391,-85.384967,34.920837],[2392,1391,-85.384965,34.920905],[2417,1392,-85.384927,34.920966],[2442,1388,-85.384889,34.921027],[2467,1385,-85.384852,34.921088],[2492,1382,-85.384814,34.921149],[2517,1380,-85.384776,34.92121],[2542,1378,-85.384738,34.921271],[2567,1373,-85.3847,34.921332],[2592,1370,-85.384662,34.921393],[2617,1368,-85.384624,34.921454],[2642,1373,-85.384586,34.921515],[2667,1371,-85.384548,34.921576],[2692,1374,-85.38451,34.921638],[2717,1376,-85.384472,34.921699],[2742,1375,-85.384434,34.92176],[2767,1378,-85.384396,34.921821],[2792,1382,-85.384338,34.921869],[2817,1381,-85.384276,34.921915],[2842,1381,-85.384214,34.921961],[2867,1382,-85.384152,34.922007],[2892,1387,-85.38409,34.922053],[2917,1390,-85.384028,34.922099],[2942,1387,-85.383966,34.922145],[2967,1398,-85.383904,34.922191],[2992,1397,-85.383842,34.922236],[3017,1402,-85.38378,34.922282],[3041,1409,-85.383715,34.922323],[3066,1402,-85.383632,34.922324],[3091,1396,-85.383548,34.922326],[3116,1393,-85.383465,34.922327],[3141,1389,-85.383381,34.922328],[3166,1387,-85.383297,34.922329],[3191,1383,-85.383214,34.922331],[3216,1379,-85.38313,34.922332],[3241,1376,-85.383047,34.922333],[3266,1373,-85.382963,34.922334],[3291,1370,-85.38288,34.922336],[3316,1368,-85.382796,34.922337],[3341,1365,-85.382713,34.922338],[3366,1362,-85.382629,34.922339],[3391,1360,-85.382545,34.922341],[3416,1359,-85.382462,34.922342],[3441,1358,-85.382378,34.922343],[3466,1358,-85.382295,34.922344],[3491,1359,-85.382211,34.922345],[3516,1359,-85.382128,34.922347],[3541,1360,-85.382044,34.922348],[3566,1360,-85.38196,34.922349],[3591,1360,-85.381877,34.92235],[3616,1359,-85.381793,34.922352],[3641,1358,-85.38171,34.922353],[3666,1358,-85.381626,34.922354],[3691,1357,-85.381543,34.922355],[3716,1356,-85.381459,34.922357],[3741,1354,-85.381375,34.922358],[3766,1356,-85.381294,34.922372],[3791,1354,-85.381212,34.922387],[3816,1354,-85.381131,34.922403],[3841,1353,-85.38105,34.922418],[3866,1355,-85.380968,34.922434],[3891,1354,-85.380887,34.92245],[3916,1355,-85.380805,34.922465],[3941,1355,-85.380724,34.922481],[3966,1356,-85.380661,34.922525],[3991,1362,-85.380598,34.92257],[4016,1361,-85.380536,34.922616],[4041,1363,-85.380473,34.922661],[4066,1361,-85.38041,34.922707],[4091,1365,-85.380348,34.922752],[4116,1362,-85.380285,34.922798],[4141,1362,-85.380223,34.922843],[4166,1360,-85.38016,34.922888],[4191,1359,-85.380098,34.922934],[4216,1358,-85.380035,34.922979],[4241,1353,-85.379972,34.923025],[4266,1353,-85.37991,34.92307],[4291,1348,-85.379847,34.923116],[4316,1347,-85.379785,34.923161],[4341,1343,-85.379722,34.923206],[4366,1342,-85.379659,34.923252],[4391,1338,-85.379597,34.923297],[4416,1335,-85.379534,34.923343],[4441,1330,-85.379472,34.923388],[4466,1328,-85.37941,34.923434],[4491,1326,-85.379373,34.923496],[4516,1323,-85.379336,34.923557],[4541,1320,-85.3793,34.923619],[4566,1316,-85.379263,34.92368],[4591,1310,-85.379226,34.923742],[4616,1311,-85.379189,34.923803],[4641,1312,-85.379152,34.923865],[4666,1313,-85.379115,34.923926],[4691,1315,-85.379078,34.923987],[4716,1316,-85.379041,34.924049],[4741,1315,-85.379004,34.92411],[4766,1317,-85.378967,34.924172],[4791,1317,-85.37893,34.924233],[4816,1318,-85.378893,34.924295],[4841,1318,-85.378856,34.924356],[4866,1319,-85.378819,34.924418],[4891,1318,-85.378782,34.924479],[4916,1316,-85.378745,34.924541],[4941,1315,-85.378708,34.924602],[4966,1314,-85.378671,34.924664],[4990,1314,-85.378656,34.92473],[5015,1315,-85.37865,34.924798],[5040,1317,-85.378643,34.924867],[5065,1319,-85.378636,34.924935],[5090,1322,-85.37863,34.925003],[5115,1323,-85.378623,34.925072],[5140,1324,-85.378616,34.92514],[5165,1324,-85.37861,34.925208],[5190,1325,-85.378603,34.925276],[5215,1325,-85.378596,34.925345],[5240,1325,-85.37859,34.925413],[5265,1324,-85.378583,34.925481],[5290,1323,-85.378576,34.92555],[5315,1321,-85.37859,34.925617],[5340,1319,-85.378608,34.925684],[5365,1319,-85.378626,34.925751],[5390,1317,-85.378643,34.925818],[5415,1316,-85.378661,34.925885],[5440,1318,-85.378679,34.925952],[5465,1317,-85.378696,34.926019],[5490,1321,-85.378714,34.926086],[5515,1323,-85.378732,34.926153],[5539,1324,-85.378741,34.926218],[5564,1323,-85.378693,34.926275],[5589,1319,-85.378645,34.926331],[5614,1318,-85.378597,34.926387],[5639,1319,-85.37855,34.926443],[5664,1316,-85.378502,34.9265],[5689,1317,-85.378454,34.926556],[5714,1316,-85.378406,34.926612],[5739,1316,-85.378359,34.926668],[5764,1317,-85.378311,34.926724],[5789,1317,-85.378263,34.926781],[5814,1319,-85.378215,34.926837],[5839,1319,-85.378168,34.926893],[5864,1321,-85.37812,34.926949],[5889,1323,-85.378072,34.927006],[5914,1321,-85.378024,34.927062],[5939,1322,-85.377977,34.927118],[5964,1317,-85.377929,34.927174],[5988,1315,-85.377911,34.927238],[6013,1315,-85.377912,34.927307],[6038,