{"trail":"ADA Accessible Trail","distance":7304,"gain":156,"loss":144,"min":962,"max":1043,"profile":[[0,994,-85.109475,35.089012],[25,996,-85.109413,35.089059],[50,997,-85.109351,35.089105],[75,998,-85.109289,35.089151],[99,1000,-85.109223,35.089189],[124,1000,-85.109139,35.089194],[149,1000,-85.109056,35.0892],[174,1000,-85.108972,35.089205],[199,1000,-85.108891,35.089191],[224,1000,-85.10881,35.089173],[249,1001,-85.108729,35.089155],[274,1001,-85.108648,35.089138],[299,1002,-85.108567,35.08912],[324,1002,-85.108486,35.089103],[349,1003,-85.108405,35.089085],[374,1004,-85.108324,35.089068],[399,1006,-85.108243,35.08905],[424,1010,-85.108162,35.089032],[449,1013,-85.108081,35.089015],[474,1017,-85.108,35.088997],[499,1020,-85.107919,35.08898],[523,1022,-85.107879,35.088923],[548,1024,-85.107845,35.088861],[573,1025,-85.10781,35.088798],[598,1025,-85.107776,35.088736],[623,1025,-85.107742,35.088673],[648,1024,-85.107708,35.088611],[673,1025,-85.107673,35.088548],[698,1026,-85.107639,35.088486],[723,1028,-85.107605,35.088423],[748,1028,-85.107571,35.088361],[773,1032,-85.107537,35.088298],[798,1035,-85.107502,35.088235],[823,1038,-85.107468,35.088173],[848,1041,-85.107434,35.08811],[873,1041,-85.1074,35.088048],[898,1042,-85.107365,35.087985],[923,1042,-85.107331,35.087923],[948,1042,-85.107297,35.08786],[972,1038,-85.10726,35.087801],[997,1041,-85.107176,35.087798],[1022,1043,-85.107093,35.087794],[1047,1043,-85.107009,35.087791],[1072,1043,-85.106925,35.087788],[1097,1041,-85.106842,35.087785],[1122,1040,-85.106758,35.087781],[1147,1039,-85.106675,35.087778],[1172,1038,-85.106591,35.087775],[1197,1036,-85.106507,35.087772],[1222,1035,-85.106424,35.087769],[1247,1033,-85.10634,35.087765],[1272,1032,-85.106256,35.087762],[1297,1030,-85.106173,35.087759],[1322,1029,-85.106089,35.087756],[1347,1028,-85.106005,35.087752],[1372,1027,-85.105922,35.087749],[1397,1026,-85.105838,35.087746],[1422,1025,-85.105754,35.087743],[1447,1023,-85.105671,35.08774],[1472,1022,-85.105587,35.087736],[1497,1022,-85.105503,35.087733],[1521,1021,-85.105426,35.087719],[1546,1019,-85.105367,35.08767],[1571,1017,-85.105307,35.087622],[1596,1015,-85.105248,35.087573],[1621,1015,-85.105286,35.087513],[1646,1017,-85.105325,35.087452],[1671,1019,-85.105365,35.087392],[1696,1020,-85.105404,35.087331],[1721,1020,-85.105445,35.087272],[1746,1021,-85.105516,35.087235],[1771,1021,-85.105587,35.087199],[1796,1021,-85.105658,35.087162],[1821,1021,-85.105728,35.087126],[1846,1020,-85.105799,35.087089],[1871,1020,-85.10587,35.087053],[1896,1021,-85.105941,35.087016],[1921,1022,-85.106012,35.08698],[1946,1024,-85.106083,35.086943],[1971,1024,-85.106154,35.086907],[1996,1024,-85.106224,35.08687],[2021,1023,-85.106295,35.086834],[2046,1022,-85.106366,35.086797],[2071,1021,-85.106437,35.086761],[2096,1022,-85.106508,35.086724],[2121,1023,-85.106579,35.086688],[2145,1024,-85.106633,35.086637],[2170,1025,-85.106681,35.086581],[2195,1026,-85.106729,35.086524],[2220,1026,-85.106776,35.086468],[2245,1026,-85.106824,35.086412],[2270,1027,-85.106872,35.086355],[2295,1026,-85.106919,35.086299],[2320,1027,-85.106967,35.086243],[2345,1027,-85.107015,35.086186],[2370,1025,-85.107062,35.08613],[2395,1025,-85.10711,35.086074],[2420,1023,-85.107158,35.086017],[2445,1023,-85.107218,35.085972],[2470,1023,-85.107288,35.085935],[2495,1022,-85.107359,35.085898],[2520,1020,-85.107429,35.085861],[2545,1018,-85.1075,35.085824],[2570,1014,-85.10757,35.085787],[2595,1011,-85.107641,35.08575],[2620,1008,-85.107711,35.085713],[2645,1002,-85.107782,35.085676],[2670,999,-85.107852,35.085639],[2695,994,-85.107923,35.085602],[2720,990,-85.107993,35.085565],[2745,986,-85.108064,35.085528],[2770,984,-85.108134,35.085491],[2795,982,-85.108205,35.085454],[2820,982,-85.108275,35.085417],[2845,982,-85.108346,35.08538],[2870,981,-85.108416,35.085343],[2895,981,-85.108487,35.085306],[2920,981,-85.108557,35.085269],[2945,981,-85.108628,35.085232],[2970,983,-85.108698,35.085195],[2995,986,-85.108769,35.085158],[3020,988,-85.108839,35.085121],[3045,990,-85.10891,35.085084],[3070,991,-85.10898,35.085047],[3095,992,-85.109051,35.08501],[3120,993,-85.109121,35.084973],[3131,993,-85.109151,35.084994],[3156,993,-85.109148,35.085063],[3181,993,-85.109145,35.085131],[3206,994,-85.109143,35.0852],[3231,995,-85.10914,35.085268],[3256,995,-85.109137,35.085337],[3281,996,-85.109134,35.085405],[3306,997,-85.109131,35.085474],[3331,998,-85.109128,35.085542],[3356,998,-85.109125,35.085611],[3381,998,-85.109123,35.085679],[3406,997,-85.10912,35.085748],[3431,996,-85.109117,35.085816],[3456,994,-85.109114,35.085885],[3481,992,-85.109111,35.085953],[3506,992,-85.109108,35.086022],[3531,990,-85.109105,35.08609],[3556,990,-85.109103,35.086159],[3581,989,-85.1091,35.086227],[3606,989,-85.109097,35.086296],[3631,988,-85.109094,35.086364],[3656,988,-85.109091,35.086433],[3681,988,-85.109088,35.086501],[3706,989,-85.109085,35.08657],[3731,990,-85.109083,35.086638],[3756,990,-85.10908,35.086707],[3781,991,-85.109077,35.086775],[3806,990,-85.109074,35.086844],[3831,990,-85.109071,35.086912],[3856,988,-85.109068,35.08698],[3881,987,-85.109056,35.087048],[3906,986,-85.109037,35.087115],[3931,985,-85.109018,35.087181],[3956,982,-85.108999,35.087248],[3981,979,-85.10898,35.087315],[4006,975,-85.108961,35.087382],[4031,971,-85.108942,35.087448],[4056,968,-85.108923,35.087515],[4081,964,-85.108904,35.087582],[4106,963,-85.108885,35.087649],[4131,962,-85.108866,35.087715],[4156,963,-85.108847,35.087782],[4181,963,-85.108828,35.087849],[4206,966,-85.108809,35.087916],[4231,967,-85.10879,35.087982],[4256,969,-85.108771,35.088049],[4281,972,-85.108778,35.088116],[4306,976,-85.108794,35.088184],[4331,979,-85.108809,35.088251],[4356,978,-85.108824,35.088318],[4381,979,-85.108839,35.088386],[4406,978,-85.108855,35.088453],[4431,979,-85.10887,35.088521],[4455,979,-85.108918,35.088573],[4480,979,-85.108978,35.088621],[4505,980,-85.109039,35.088668],[4530,982,-85.109099,35.088716],[4555,984,-85.109159,35.088764],[4580,988,-85.10922,35.088811],[4605,990,-85.10928,35.088859],[4630,991,-85.10934,35.088906],[4655,993,-85.1094,35.088954],[4680,994,-85.109461,35.089001],[4686,994,-85.109475,35.089012],[6328,992,-85.109754,35.084517],[6353,995,-85.109737,35.08445],[6378,998,-85.109721,35.084383],[6403,1001,-85.109705,35.084316],[6428,1003,-85.109689,35.084248],[6453,1005,-85.109673,35.084181],[6478,1007,-85.109657,35.084114],[6503,1008,-85.109641,35.084047],[6528,1009,-85.109624,35.08398],[6553,1009,-85.109608,35.083912],[6578,1009,-85.109592,35.083845],[6603,1009,-85.109576,35.083778],[6628,1008,-85.10956,35.083711],[6653,1006,-85.109544,35.083643],[6678,1003,-85.109528,35.083576],[6701,1001,-85.109491,35.08352],[6726,1000,-85.109422,35.083482],[6751,999,-85.109352,35.083444],[6775,996,-85.109274,35.083427],[6800,996,-85.10919,35.083425],[6825,996,-85.109106,35.083422],[6850,997,-85.109023,35.08342],[6875,997,-85.108939,35.083417],[6900,999,-85.108855,35.083415],[6925,1001,-85.108772,35.083412],[6949,1003,-85.108701,35.083382],[6974,1006,-85.108636,35.083338],[6999,1007,-85.108571,35.083295],[7024,1009,-85.108508,35.083251],[7049,1008,-85.108473,35.083188],[7074,1009,-85.108439,35.083126],[7099,1008,-85.108405,35.083063],[7124,1008,-85.10837,35.083001],[7149,1008,-85.108336,35.082938],[7174,1008,-85.108301,35.082876],[7199,1008,-85.108267,35.082813],[7224,1007,-85.108233,35.082751],[7249,1007,-85.108198,35.082688],[7274,1006,-85.108164,35.082626],[7299,1006,-85.10813,35.082563],[7304,1006,-85.108123,35.082551]]}