{"trail":"Afternoon Delight","distance":21585,"gain":427,"loss":226,"min":4182,"max":4557,"profile":[[0,4177,-121.44458,43.950361],[81,4178,-121.444831,43.950229],[128,4179,-121.444953,43.950137],[192,4183,-121.445194,43.950103],[247,4187,-121.445378,43.950036],[298,4191,-121.445571,43.950059],[356,4197,-121.445764,43.950137],[389,4200,-121.445889,43.950138],[426,4200,-121.445989,43.950067],[479,4204,-121.446193,43.950067],[523,4209,-121.446352,43.950104],[573,4212,-121.446539,43.950125],[660,4216,-121.446841,43.950028],[690,4218,-121.446955,43.950021],[769,4223,-121.447223,43.950121],[874,4230,-121.44762,43.950144],[972,4234,-121.447996,43.95016],[1009,4236,-121.448135,43.950167],[1069,4240,-121.44835,43.950222],[1109,4242,-121.448499,43.950203],[1168,4246,-121.448672,43.950098],[1296,4258,-121.44909,43.94992],[1382,4263,-121.449358,43.949781],[1466,4266,-121.449573,43.949611],[1534,4266,-121.449755,43.94948],[1611,4271,-121.450045,43.949441],[1676,4275,-121.450249,43.949341],[1749,4280,-121.450506,43.949264],[1825,4287,-121.450785,43.94921],[1883,4289,-121.450989,43.949148],[1994,4299,-121.451386,43.949047],[2069,4303,-121.451665,43.949009],[2089,4306,-121.451731,43.949036],[2120,4306,-121.451847,43.949017],[2178,4307,-121.452019,43.948916],[2234,4310,-121.452234,43.948921],[2270,4308,-121.452352,43.94887],[2361,4312,-121.452684,43.9488],[2442,4318,-121.452987,43.948834],[2498,4319,-121.453199,43.948808],[2536,4320,-121.453339,43.948793],[2615,4324,-121.453596,43.948677],[2638,4326,-121.45366,43.948634],[2696,4333,-121.453864,43.948576],[2755,4339,-121.454079,43.94853],[2831,4340,-121.454261,43.948368],[2883,4343,-121.454454,43.948337],[2948,4347,-121.454658,43.948236],[2983,4349,-121.454793,43.948237],[3015,4353,-121.454908,43.948268],[3066,4357,-121.455098,43.948283],[3121,4359,-121.455248,43.948175],[3191,4361,-121.455442,43.948043],[3253,4363,-121.455624,43.947935],[3326,4364,-121.455731,43.94775],[3362,4365,-121.455794,43.947664],[3394,4365,-121.455731,43.947588],[3462,4368,-121.455753,43.947402],[3525,4372,-121.455838,43.94724],[3594,4376,-121.455924,43.947062],[3654,4379,-121.455946,43.9469],[3735,4382,-121.455967,43.946676],[3774,4383,-121.455944,43.946572],[3815,4386,-121.456006,43.946467],[3876,4389,-121.456171,43.946352],[3924,4392,-121.456343,43.946305],[3982,4398,-121.456557,43.946267],[4056,4403,-121.456836,43.946236],[4126,4406,-121.457083,43.946166],[4219,4411,-121.457373,43.946019],[4328,4417,-121.457716,43.94585],[4393,4422,-121.457952,43.945796],[4458,4426,-121.458188,43.94585],[4554,4429,-121.45851,43.945726],[4664,4431,-121.458864,43.945564],[4730,4433,-121.459111,43.945533],[4853,4435,-121.459476,43.945324],[4941,4436,-121.459733,43.94517],[5021,4440,-121.460033,43.945131],[5118,4444,-121.460398,43.94517],[5186,4447,-121.460656,43.945201],[5253,4447,-121.460903,43.945162],[5311,4445,-121.461085,43.945069],[5399,4444,-121.461417,43.945069],[5455,4444,-121.461621,43.945023],[5523,4447,-121.461793,43.944884],[5596,4448,-121.461943,43.944714],[5647,4455,-121.462136,43.944714],[5706,4468,-121.462362,43.944706],[5773,4463,-121.462512,43.944559],[5816,4464,-121.462598,43.944459],[5874,4472,-121.462801,43.944397],[5993,4462,-121.463123,43.944165],[6086,4470,-121.463306,43.943949],[6188,4470,-121.463413,43.943679],[6270,4471,-121.463499,43.943463],[6341,4472,-121.463585,43.943277],[6407,4478,-121.463756,43.943146],[6497,4478,-121.463831,43.942906],[6579,4482,-121.463992,43.942713],[6634,4479,-121.464035,43.942566],[6727,4481,-121.464207,43.942342],[6832,4476,-121.464303,43.942064],[6894,4477,-121.464379,43.941902],[6982,4479,-121.464465,43.94167],[7061,4485,-121.464604,43.941477],[7154,4479,-121.464615,43.941222],[7266,4491,-121.464701,43.940921],[7319,4500,-121.464786,43.94079],[7358,4500,-121.464746,43.940688],[7410,4503,-121.464593,43.940596],[7496,4492,-121.464347,43.940442],[7572,4502,-121.464347,43.940233],[7653,4508,-121.464422,43.940017],[7758,4517,-121.464733,43.939839],[7848,4526,-121.464936,43.939639],[7912,4529,-121.465097,43.939507],[7980,4529,-121.465065,43.939322],[8062,4530,-121.465151,43.939105],[8181,4532,-121.465323,43.938804],[8260,4534,-121.46543,43.938603],[8362,4539,-121.465666,43.938379],[8402,4541,-121.465784,43.93831],[8450,4542,-121.465784,43.938178],[8542,4548,-121.466031,43.938001],[8624,4550,-121.466074,43.937777],[8729,4552,-121.466278,43.937529],[8809,4553,-121.466439,43.937344],[8883,4552,-121.466632,43.937197],[8949,4551,-121.466675,43.937019],[9028,4549,-121.466846,43.936842],[9112,4547,-121.467039,43.936656],[9184,4547,-121.467222,43.93651],[9276,4545,-121.467361,43.936278],[9331,4545,-121.467436,43.936139],[9406,4545,-121.467651,43.936],[9451,4544,-121.467726,43.935891],[9514,4541,-121.467769,43.935722],[9568,4539,-121.467866,43.93559],[9619,4538,-121.468026,43.935513],[9675,4535,-121.468089,43.935366],[9748,4530,-121.468102,43.935165],[9840,4527,-121.468338,43.93498],[9898,4529,-121.468498,43.934872],[9995,4527,-121.468702,43.934648],[10026,4527,-121.46878,43.934587],[10057,4526,-121.468811,43.934503],[10105,4525,-121.468919,43.934398],[10143,4522,-121.468917,43.934292],[10216,4519,-121.469014,43.934107],[10279,4518,-121.469169,43.933976],[10339,4515,-121.469271,43.933829],[10389,4513,-121.469421,43.933744],[10481,4509,-121.469582,43.93352],[10524,4506,-121.469668,43.933419],[10600,4502,-121.469689,43.933211],[10662,4502,-121.469861,43.933095],[10734,4505,-121.470097,43.932994],[10818,4504,-121.470204,43.932778],[10905,4499,-121.470194,43.932538],[10966,4496,-121.47028,43.932384],[11024,4494,-121.470387,43.932245],[11082,4493,-121.470537,43.932129],[11148,4487,-121.47058,43.931951],[11198,4484,-121.470666,43.931827],[11251,4482,-121.470773,43.931704],[11336,4472,-121.470727,43.931474],[11374,4467,-121.470737,43.931371],[11423,4462,-121.470655,43.93125],[11423,4473,-121.470609,43.930649],[11497,4485,-121.470648,43.930448],[11558,4493,-121.470719,43.93029],[11631,4502,-121.470612,43.930104],[11691,4504,-121.470462,43.929981],[11739,4504,-121.470398,43.929857],[11825,4504,-121.470247,43.929649],[11899,4505,-121.470162,43.929455],[11953,4505,-121.47014,43.929309],[12049,4504,-121.46985,43.929146],[12108,4504,-121.469722,43.929015],[12162,4505,-121.469689,43.928868],[12232,4507,-121.469689,43.928675],[12312,4505,-121.469475,43.92852],[12413,4508,-121.469389,43.92825],[12473,4509,-121.469292,43.928103],[12539,4509,-121.469067,43.928018],[12642,4509,-121.468863,43.927779],[12751,4511,-121.468713,43.927501],[12864,4511,-121.46852,43.927222],[12932,4512,-121.46838,43.927068],[12996,4512,-121.46823,43.926929],[13101,4512,-121.467951,43.92672],[13200,4513,-121.467726,43.926504],[13295,4515,-121.467565,43.926272],[13363,4516,-121.467479,43.926094],[13453,4518,-121.467372,43.925862],[13531,4519,-121.46719,43.925692],[13623,4519,-121.466975,43.925491],[13723,4519,-121.466718,43.925291],[13826,4524,-121.466578,43.925028],[13888,4526,-121.466482,43.924873],[13995,4531,-121.466524,43.92458],[14105,4533,-121.466439,43.924286],[14229,4535,-121.466471,43.923946],[14297,4537,-121.466664,43.923822],[14362,4538,-121.466803,43.923676],[14486,4540,-121.467104,43.923413],[14556,4540,-121.467168,43.923227],[14646,4539,-121.467147,43.92298],[14750,4543,-121.467426,43.922779],[14822,4544,-121.467544,43.922601],[14898,4549,-121.467619,43.9224],[14976,4558,-121.467769,43.922215],[15047,4561,-121.467919,43.922053],[15129,4567,-121.468123,43.921883],[15209,4570,-121.468338,43.921728],[15291,4564,-121.468348,43.921504],[15355,4561,-121.468413,43.921334],[15470,4554,-121.468595,43.921048],[15533,4550,-121.468649,43.920878],[15563,4549,-121.46857,43.92082],[15634,4545,-121.468466,43.920638],[15714,4542,-121.468327,43.920445],[15778,4541,-121.468091,43.920399],[15869,4542,-121.46778,43.920507],[15948,4543,-121.467533,43.920631],[16033,4543,-121.467211,43.9206],[16151,4543,-121.466771,43.920654],[16226,4543,-121.466492,43.9207],[16313,4542,-121.46617,43.920754],[16365,4541,-121.465977,43.920793],[16448,4537,-121.46572,43.920662],