{"trail":"Atlatl","distance":6943,"gain":320,"loss":223,"min":1648,"max":1784,"profile":[[0,1648,-85.455544,34.82543],[25,1650,-85.455615,34.825465],[50,1651,-85.455687,34.825501],[75,1653,-85.455758,34.825536],[100,1654,-85.45583,34.825572],[125,1654,-85.455901,34.825607],[150,1652,-85.455972,34.825643],[175,1650,-85.456044,34.825678],[200,1650,-85.456115,34.825714],[225,1654,-85.456187,34.825749],[247,1656,-85.456253,34.825776],[272,1657,-85.456267,34.825709],[297,1657,-85.456281,34.825641],[322,1656,-85.456294,34.825574],[346,1661,-85.45637,34.825594],[371,1664,-85.456448,34.825618],[388,1665,-85.456464,34.825572],[413,1667,-85.45646,34.825503],[438,1670,-85.456456,34.825435],[463,1672,-85.456452,34.825366],[488,1673,-85.456447,34.825298],[513,1674,-85.456443,34.825229],[538,1675,-85.456439,34.825161],[563,1676,-85.456435,34.825092],[588,1678,-85.456431,34.825024],[613,1681,-85.456427,34.824956],[638,1682,-85.456423,34.824887],[663,1684,-85.456419,34.824819],[688,1686,-85.456415,34.82475],[713,1687,-85.456411,34.824682],[738,1687,-85.456407,34.824613],[763,1686,-85.456403,34.824545],[788,1686,-85.456419,34.824478],[813,1689,-85.456441,34.824412],[838,1689,-85.456462,34.824346],[863,1692,-85.456483,34.824279],[888,1695,-85.456504,34.824213],[911,1698,-85.456464,34.824161],[936,1700,-85.456404,34.824113],[961,1701,-85.456344,34.824066],[986,1703,-85.456284,34.824018],[1011,1703,-85.456224,34.823971],[1036,1702,-85.456164,34.823923],[1061,1703,-85.456104,34.823875],[1086,1702,-85.456044,34.823828],[1111,1700,-85.455984,34.82378],[1136,1697,-85.455924,34.823733],[1159,1693,-85.455906,34.823669],[1184,1690,-85.455902,34.823601],[1209,1687,-85.455898,34.823533],[1234,1687,-85.455895,34.823464],[1259,1693,-85.455891,34.823396],[1283,1699,-85.45588,34.823331],[1308,1698,-85.455806,34.8233],[1333,1696,-85.455731,34.823269],[1358,1695,-85.455656,34.823239],[1381,1693,-85.455621,34.823184],[1406,1691,-85.455607,34.823117],[1431,1692,-85.455594,34.823049],[1456,1693,-85.45558,34.822981],[1481,1694,-85.455566,34.822914],[1506,1691,-85.455552,34.822846],[1530,1691,-85.45555,34.822779],[1555,1692,-85.455567,34.822712],[1580,1689,-85.455583,34.822644],[1605,1688,-85.4556,34.822577],[1630,1686,-85.455616,34.82251],[1655,1686,-85.455632,34.822443],[1680,1686,-85.455649,34.822376],[1705,1689,-85.455665,34.822308],[1730,1691,-85.455702,34.82225],[1755,1692,-85.455758,34.822199],[1780,1691,-85.455813,34.822147],[1805,1693,-85.455869,34.822096],[1830,1689,-85.455924,34.822045],[1855,1688,-85.45598,34.821994],[1880,1689,-85.456035,34.821943],[1905,1694,-85.456091,34.821892],[1930,1696,-85.456147,34.821841],[1955,1695,-85.456202,34.821789],[1980,1696,-85.456258,34.821738],[2005,1691,-85.456313,34.821687],[2030,1692,-85.456369,34.821636],[2049,1690,-85.456326,34.821596],[2074,1690,-85.456255,34.82156],[2099,1688,-85.456184,34.821523],[2124,1688,-85.456114,34.821486],[2149,1691,-85.456043,34.82145],[2174,1699,-85.455973,34.821413],[2199,1698,-85.455998,34.821348],[2224,1702,-85.456022,34.821282],[2249,1703,-85.456046,34.821216],[2274,1708,-85.456071,34.821151],[2299,1711,-85.456095,34.821085],[2324,1716,-85.456119,34.82102],[2342,1711,-85.456162,34.821055],[2367,1708,-85.456208,34.821112],[2392,1711,-85.456254,34.821169],[2417,1713,-85.456304,34.821223],[2442,1714,-85.45638,34.821252],[2467,1716,-85.456455,34.821281],[2492,1716,-85.456531,34.82131],[2517,1718,-85.456607,34.821339],[2541,1719,-85.456689,34.821337],[2566,1720,-85.456772,34.82133],[2591,1721,-85.456855,34.821323],[2616,1720,-85.456938,34.821315],[2641,1720,-85.457021,34.821308],[2664,1720,-85.456957,34.821343],[2689,1715,-85.456887,34.82138],[2714,1712,-85.456817,34.821416],[2736,1710,-85.456789,34.821472],[2761,1709,-85.456789,34.821541],[2786,1714,-85.456811,34.821606],[2811,1717,-85.456839,34.821671],[2836,1721,-85.456867,34.821735],[2861,1722,-85.456895,34.8218],[2886,1721,-85.456886,34.821868],[2911,1719,-85.456876,34.821936],[2936,1722,-85.456866,34.822004],[2961,1725,-85.456856,34.822072],[2986,1727,-85.456846,34.82214],[3011,1729,-85.456836,34.822208],[3036,1730,-85.456826,34.822276],[3061,1730,-85.456816,34.822344],[3085,1729,-85.456821,34.822411],[3110,1728,-85.456846,34.822476],[3135,1732,-85.456871,34.822542],[3160,1734,-85.456896,34.822607],[3185,1739,-85.456922,34.822672],[3210,1745,-85.456947,34.822738],[3235,1749,-85.456972,34.822803],[3260,1752,-85.456997,34.822868],[3285,1752,-85.457022,34.822934],[3310,1752,-85.457047,34.822999],[3334,1753,-85.457082,34.823057],[3359,1756,-85.457159,34.823084],[3384,1756,-85.457236,34.82311],[3409,1758,-85.457313,34.823137],[3434,1759,-85.45739,34.823164],[3459,1758,-85.457467,34.823191],[3484,1756,-85.457543,34.823217],[3509,1756,-85.45762,34.823244],[3534,1754,-85.457697,34.823271],[3559,1755,-85.457774,34.823298],[3584,1757,-85.457828,34.82335],[3609,1761,-85.457882,34.823402],[3634,1767,-85.457936,34.823454],[3659,1771,-85.45799,34.823507],[3684,1773,-85.458044,34.823559],[3709,1775,-85.458097,34.823611],[3734,1778,-85.458151,34.823664],[3759,1778,-85.458205,34.823716],[3784,1779,-85.458259,34.823769],[3809,1779,-85.458313,34.823821],[3833,1779,-85.458373,34.823863],[3858,1778,-85.458456,34.823869],[3883,1778,-85.458539,34.823875],[3908,1777,-85.458622,34.823881],[3933,1776,-85.458706,34.823887],[3958,1776,-85.458789,34.823893],[3982,1775,-85.458869,34.823888],[4007,1775,-85.458943,34.823856],[4032,1774,-85.459017,34.823824],[4057,1773,-85.45909,34.823791],[4082,1772,-85.459164,34.823759],[4106,1771,-85.459184,34.823695],[4131,1771,-85.459199,34.823627],[4156,1769,-85.459213,34.82356],[4181,1768,-85.459228,34.823492],[4206,1768,-85.459243,34.823425],[4231,1763,-85.459258,34.823358],[4256,1761,-85.459272,34.82329],[4281,1760,-85.459287,34.823223],[4306,1756,-85.459302,34.823155],[4331,1756,-85.459317,34.823088],[4356,1757,-85.459355,34.823028],[4381,1760,-85.459402,34.822972],[4406,1765,-85.459449,34.822915],[4431,1767,-85.459496,34.822859],[4456,1769,-85.459543,34.822802],[4481,1769,-85.459591,34.822745],[4499,1773,-85.459637,34.822781],[4524,1780,-85.459683,34.822838],[4549,1784,-85.459728,34.822895],[4574,1784,-85.459716,34.822963],[4599,1783,-85.459703,34.823031],[4624,1781,-85.459691,34.823098],[4649,1774,-85.459678,34.823166],[4674,1768,-85.459666,34.823234],[4699,1766,-85.459699,34.823295],[4724,1764,-85.459741,34.823354],[4749,1765,-85.459783,34.823413],[4774,1763,-85.459825,34.823472],[4799,1761,-85.459868,34.823531],[4824,1762,-85.45991,34.82359],[4849,1759,-85.459952,34.823649],[4874,1756,-85.459994,34.823709],[4899,1756,-85.460036,34.823768],[4924,1751,-85.460078,34.823827],[4949,1746,-85.460121,34.823886],[4974,1745,-85.460163,34.823945],[4995,1743,-85.46023,34.823965],[5020,1746,-85.460314,34.823962],[5045,1748,-85.460397,34.823958],[5070,1748,-85.460481,34.823955],[5095,1748,-85.460564,34.823951],[5120,1750,-85.460647,34.823948],[5145,1748,-85.460731,34.823944],[5170,1745,-85.460814,34.823941],[5195,1743,-85.460897,34.823937],[5220,1743,-85.460981,34.823934],[5245,1743,-85.461064,34.82393],[5270,1742,-85.461147,34.823926],[5295,1740,-85.461231,34.823923],[5320,1740,-85.461314,34.823919],[5345,1738,-85.461398,34.823916],[5370,1739,-85.461481,34.823912],[5395,1738,-85.461564,34.823909],[5420,1736,-85.461648,34.823905],[5445,1733,-85.461731,34.823902],[5470,1730,-85.461814,34.823898],[5495,1726,-85.461893,34.823917],[5520,1726,-85.461971,34.823942],[5545,1725,-85.462049,34.823966],[5567,1726,-85.462122,34.823974],[5592,1726,-85.462174,34.823921],[5617,1727,-85.462227,34.823868],[5642,1727,-85.46228,34.823815],[5665,1728,-85.462297,34.823753],[5690,1728,-85.462287,34.823685],[5715,1727,-85.462277,34.823617],[5740,1726,-85.462267,34.823549],[5765,1728,-85.462257,34.823481],[5790,1727,-85.462247,34.823413],[5815,1727,-85.462237,34.823345],[5840,1726,-85.462227,34.823277],[5865,1729,-85.462217,34.823209],[5890,1730,-85.462206,34.823141],[5915,1731,-85.462196,34.823073],[5940,1732,-85.462206,34.823005],[5965,1729,-85.462217,34.822937],[5990,