{"trail":"Bachy West XC","distance":10092,"gain":0,"loss":297,"min":6029,"max":6326,"profile":[[0,6326,-121.672901,44.00601],[50,6326,-121.67278,44.006115],[73,6326,-121.672747,44.006174],[112,6326,-121.672621,44.006229],[144,6326,-121.672519,44.00628],[172,6325,-121.672415,44.006294],[212,6325,-121.672271,44.006257],[257,6324,-121.672156,44.006166],[283,6324,-121.672072,44.006127],[320,6324,-121.67194,44.006165],[348,6323,-121.671844,44.006193],[377,6322,-121.671751,44.006149],[405,6321,-121.67168,44.00609],[438,6322,-121.671636,44.006007],[483,6319,-121.671466,44.006014],[505,6318,-121.671396,44.006047],[532,6317,-121.671337,44.006107],[554,6317,-121.671326,44.006167],[584,6318,-121.671354,44.006249],[674,6319,-121.671509,44.006468],[709,6318,-121.671498,44.006564],[738,6318,-121.671467,44.006639],[771,6318,-121.671458,44.00673],[820,6319,-121.671526,44.006856],[871,6320,-121.67168,44.006938],[925,6321,-121.671773,44.007072],[955,6323,-121.671798,44.007151],[1004,6324,-121.671894,44.007267],[1082,6325,-121.672128,44.007398],[1123,6325,-121.67228,44.007428],[1163,6325,-121.672429,44.007406],[1210,6325,-121.672604,44.007377],[1241,6325,-121.672716,44.007352],[1267,6325,-121.672809,44.00738],[1325,6324,-121.672924,44.007515],[1451,6317,-121.673133,44.007827],[1519,6312,-121.673341,44.007935],[1586,6307,-121.673561,44.008028],[1653,6302,-121.67378,44.008122],[1753,6294,-121.674144,44.008208],[1878,6287,-121.674619,44.008219],[1925,6285,-121.674797,44.008197],[2016,6282,-121.675139,44.008231],[2126,6278,-121.675551,44.008286],[2177,6276,-121.675697,44.00838],[2245,6274,-121.675857,44.008527],[2280,6273,-121.675882,44.008621],[2296,6273,-121.675883,44.008664],[2307,6272,-121.675872,44.008692],[2327,6272,-121.675865,44.008748],[2350,6271,-121.675886,44.008808],[2381,6270,-121.675967,44.008873],[2470,6266,-121.676271,44.008979],[2533,6264,-121.676501,44.009025],[2570,6261,-121.676626,44.009076],[2592,6259,-121.676679,44.009123],[2635,6256,-121.676795,44.009204],[2723,6248,-121.677113,44.009281],[2780,6245,-121.677285,44.009378],[2899,6243,-121.67756,44.009637],[2967,6237,-121.677774,44.009739],[3038,6227,-121.678038,44.009784],[3138,6213,-121.678342,44.009949],[3188,6210,-121.678467,44.010054],[3246,6204,-121.678578,44.010193],[3339,6200,-121.678818,44.010379],[3423,6199,-121.679085,44.010504],[3485,6199,-121.679224,44.010642],[3509,6199,-121.679265,44.010703],[3541,6199,-121.679367,44.010747],[3577,6199,-121.67949,44.010791],[3593,6200,-121.679541,44.010814],[3616,6201,-121.679621,44.010841],[3640,6201,-121.679685,44.010888],[3674,6202,-121.679777,44.010955],[3724,6204,-121.679957,44.010998],[3745,6204,-121.680039,44.011],[3771,6205,-121.680133,44.010984],[3797,6206,-121.680229,44.010971],[3814,6207,-121.680293,44.010981],[3830,6207,-121.680321,44.011021],[3848,6207,-121.680324,44.011071],[3880,6206,-121.680332,44.011158],[3918,6206,-121.680332,44.011263],[3994,6207,-121.680509,44.011429],[4054,6207,-121.680687,44.011529],[4078,6207,-121.680777,44.011546],[4140,6206,-121.681013,44.01155],[4212,6198,-121.681282,44.011587],[4259,6194,-121.681462,44.011596],[4308,6193,-121.681641,44.011561],[4366,6194,-121.681834,44.011486],[4394,6197,-121.681915,44.011437],[4440,6200,-121.682063,44.011367],[4534,6202,-121.682387,44.011252],[4605,6197,-121.682648,44.011207],[4676,6193,-121.682909,44.011161],[4765,6196,-121.683239,44.011099],[4838,6191,-121.683519,44.011098],[4912,6181,-121.683798,44.011097],[5009,6172,-121.684168,44.011101],[5042,6170,-121.684296,44.011097],[5077,6168,-121.684413,44.011054],[5133,6166,-121.684626,44.011064],[5178,6164,-121.684795,44.011093],[5236,6164,-121.685014,44.011085],[5280,6165,-121.685156,44.011022],[5334,6168,-121.685329,44.010943],[5374,6170,-121.685443,44.010868],[5422,6172,-121.685582,44.010783],[5440,6174,-121.685625,44.010746],[5490,6175,-121.685787,44.010672],[5549,6178,-121.685883,44.010525],[5575,6178,-121.685971,44.010493],[5647,6177,-121.686245,44.010484],[5666,6178,-121.686312,44.010466],[5694,6178,-121.686395,44.010416],[5756,6180,-121.686542,44.010284],[5827,6180,-121.686735,44.010147],[5882,6182,-121.686856,44.010023],[5907,6182,-121.686927,44.009978],[5933,6181,-121.687026,44.009977],[5959,6180,-121.6871,44.010022],[6050,6176,-121.687327,44.010214],[6089,6175,-121.687438,44.010283],[6114,6174,-121.687529,44.010307],[6163,6173,-121.687712,44.010321],[6187,6172,-121.6878,44.010304],[6212,6172,-121.687876,44.010261],[6313,6171,-121.688156,44.010069],[6349,6170,-121.688236,44.009992],[6425,6171,-121.688334,44.009796],[6461,6169,-121.688456,44.009751],[6581,6163,-121.688911,44.009703],[6662,6159,-121.689206,44.009643],[6710,6157,-121.68939,44.009631],[6817,6154,-121.689796,44.009663],[6877,6150,-121.69,44.009736],[6908,6148,-121.690112,44.009759],[6951,6146,-121.690276,44.009755],[6992,6145,-121.690433,44.009735],[7031,6144,-121.690561,44.009685],[7056,6143,-121.69062,44.009631],[7090,6142,-121.690666,44.009542],[7113,6142,-121.690724,44.009496],[7127,6141,-121.690775,44.009503],[7174,6139,-121.690909,44.009589],[7195,6138,-121.690986,44.009605],[7261,6134,-121.691237,44.009591],[7327,6130,-121.691489,44.009578],[7359,6128,-121.6916,44.009546],[7389,6125,-121.691713,44.009533],[7414,6124,-121.691804,44.009555],[7489,6122,-121.692046,44.009665],[7592,6119,-121.692403,44.009783],[7717,6117,-121.692719,44.01004],[7742,6116,-121.692803,44.010072],[7867,6111,-121.693277,44.010085],[7921,6109,-121.693459,44.010154],[7965,6107,-121.693626,44.010179],[8014,6104,-121.693811,44.010188],[8103,6101,-121.694143,44.010143],[8182,6097,-121.694421,44.010232],[8260,6093,-121.694704,44.010295],[8315,6091,-121.694909,44.010324],[8373,6088,-121.695131,44.010318],[8408,6087,-121.695259,44.010292],[8504,6087,-121.695559,44.010141],[8552,6086,-121.695721,44.01008],[8678,6082,-121.696177,44.009972],[8756,6078,-121.696468,44.009937],[8830,6076,-121.696741,44.009887],[8903,6073,-121.697014,44.009836],[9010,6069,-121.697385,44.009718],[9126,6068,-121.69768,44.009482],[9222,6065,-121.698001,44.009356],[9317,6062,-121.698322,44.009231],[9417,6057,-121.698665,44.009114],[9462,6054,-121.698828,44.009078],[9542,6052,-121.699134,44.00909],[9661,6047,-121.699563,44.008984],[9751,6041,-121.699867,44.008871],[9776,6038,-121.699959,44.00885],[9844,6034,-121.700211,44.008814],[9902,6031,-121.700434,44.00881],[9942,6029,-121.700579,44.008776],[10029,6027,-121.700831,44.008621],[10076,6026,-121.700996,44.008572],[10092,6027,-121.70104,44.008541]]}