{"trail":"Back End","distance":6282,"gain":305,"loss":223,"min":2001,"max":2251,"profile":[[0,2144,-85.432434,34.847639],[25,2145,-85.432384,34.847694],[50,2144,-85.432335,34.847749],[75,2144,-85.432285,34.847804],[100,2143,-85.432235,34.847859],[125,2143,-85.432185,34.847914],[150,2143,-85.432136,34.847969],[175,2143,-85.432086,34.848024],[200,2144,-85.432036,34.848079],[225,2144,-85.431986,34.848134],[250,2145,-85.431938,34.84819],[275,2144,-85.431904,34.848252],[300,2144,-85.43187,34.848315],[325,2144,-85.431837,34.848378],[350,2142,-85.431803,34.84844],[375,2141,-85.431769,34.848503],[400,2139,-85.431736,34.848566],[425,2138,-85.431702,34.848628],[450,2137,-85.431668,34.848691],[475,2135,-85.431634,34.848754],[500,2134,-85.431609,34.848819],[525,2134,-85.431591,34.848886],[550,2133,-85.431573,34.848953],[575,2134,-85.431555,34.849019],[600,2135,-85.431537,34.849086],[625,2135,-85.431518,34.849153],[650,2136,-85.4315,34.84922],[675,2137,-85.431482,34.849287],[700,2138,-85.431464,34.849354],[725,2139,-85.431446,34.849421],[750,2139,-85.431428,34.849488],[775,2139,-85.43141,34.849555],[800,2139,-85.431392,34.849622],[825,2137,-85.431374,34.849688],[850,2134,-85.431355,34.849755],[875,2128,-85.431337,34.849822],[900,2119,-85.431319,34.849889],[924,2116,-85.431249,34.849924],[949,2113,-85.431176,34.849958],[974,2111,-85.431104,34.849991],[999,2108,-85.431031,34.850025],[1024,2107,-85.430958,34.850059],[1049,2105,-85.430885,34.850092],[1074,2103,-85.430812,34.850126],[1099,2101,-85.430739,34.850159],[1124,2097,-85.430667,34.850193],[1149,2097,-85.430594,34.850226],[1174,2093,-85.430521,34.85026],[1199,2086,-85.430448,34.850293],[1223,2083,-85.43037,34.850278],[1248,2085,-85.430291,34.850255],[1273,2082,-85.430212,34.850233],[1298,2081,-85.430134,34.85021],[1323,2077,-85.430055,34.850187],[1343,2074,-85.429991,34.850199],[1368,2071,-85.429948,34.850258],[1393,2067,-85.429905,34.850317],[1418,2061,-85.429862,34.850376],[1443,2057,-85.429819,34.850434],[1467,2053,-85.42974,34.850427],[1492,2048,-85.429658,34.850414],[1517,2043,-85.429576,34.850401],[1542,2037,-85.429494,34.850388],[1567,2029,-85.429412,34.850375],[1585,2025,-85.429359,34.850397],[1610,2022,-85.429344,34.850465],[1635,2015,-85.429329,34.850532],[1660,2011,-85.429314,34.8506],[1685,2003,-85.429299,34.850667],[1710,2001,-85.429284,34.850735],[1719,2002,-85.42929,34.850709],[1744,2008,-85.429305,34.850642],[1769,2013,-85.42932,34.850574],[1794,2017,-85.429335,34.850507],[1819,2022,-85.42935,34.850439],[1844,2025,-85.429365,34.850372],[1868,2033,-85.429443,34.85038],[1893,2040,-85.429525,34.850393],[1918,2045,-85.429607,34.850406],[1943,2051,-85.429689,34.850419],[1968,2053,-85.429771,34.850431],[1988,2057,-85.429836,34.850412],[2013,2063,-85.429879,34.850353],[2038,2068,-85.429921,34.850295],[2063,2071,-85.429964,34.850236],[2088,2074,-85.430007,34.850177],[2112,2079,-85.430085,34.850196],[2137,2083,-85.430163,34.850219],[2162,2082,-85.430242,34.850241],[2187,2082,-85.430321,34.850264],[2212,2085,-85.4304,34.850287],[2235,2088,-85.430476,34.850281],[2260,2094,-85.430548,34.850247],[2285,2097,-85.430621,34.850214],[2310,2101,-85.430694,34.85018],[2335,2104,-85.430767,34.850146],[2360,2107,-85.43084,34.850113],[2385,2108,-85.430913,34.850079],[2410,2110,-85.430985,34.850046],[2435,2113,-85.431058,34.850012],[2460,2115,-85.431131,34.849979],[2485,2117,-85.431204,34.849945],[2510,2115,-85.431277,34.849912],[2533,2124,-85.431326,34.849864],[2558,2131,-85.431344,34.849797],[2583,2135,-85.431362,34.84973],[2608,2138,-85.43138,34.849663],[2633,2139,-85.431399,34.849596],[2658,2139,-85.431417,34.849529],[2683,2139,-85.431435,34.849463],[2708,2138,-85.431453,34.849396],[2733,2137,-85.431471,34.849329],[2758,2136,-85.431489,34.849262],[2783,2136,-85.431507,34.849195],[2808,2135,-85.431525,34.849128],[2833,2135,-85.431543,34.849061],[2858,2134,-85.431562,34.848994],[2883,2135,-85.43158,34.848927],[2908,2134,-85.431598,34.84886],[2933,2134,-85.431616,34.848794],[2958,2136,-85.431647,34.84873],[2983,2138,-85.431681,34.848668],[3008,2139,-85.431715,34.848605],[3033,2141,-85.431748,34.848542],[3058,2141,-85.431782,34.848479],[3083,2143,-85.431816,34.848417],[3108,2144,-85.431849,34.848354],[3133,2145,-85.431883,34.848291],[3158,2144,-85.431917,34.848229],[3183,2144,-85.431955,34.848168],[3208,2144,-85.432004,34.848113],[3233,2144,-85.432053,34.848057],[3258,2143,-85.432102,34.848002],[3283,2143,-85.432152,34.847946],[3308,2143,-85.432201,34.847891],[3333,2143,-85.43225,34.847836],[3358,2144,-85.432299,34.84778],[3383,2143,-85.432348,34.847725],[3408,2145,-85.432397,34.847669],[3433,2145,-85.432446,34.847614],[3458,2145,-85.432495,34.847558],[3483,2144,-85.432544,34.847503],[3508,2145,-85.432594,34.847448],[3533,2144,-85.432643,34.847392],[3558,2145,-85.432692,34.847337],[3583,2145,-85.432741,34.847281],[3608,2145,-85.43279,34.847226],[3633,2146,-85.432839,34.847171],[3658,2147,-85.432888,34.847115],[3683,2147,-85.432937,34.84706],[3708,2148,-85.432987,34.847004],[3733,2148,-85.433036,34.846949],[3758,2148,-85.433085,34.846893],[3783,2147,-85.433134,34.846838],[3807,2147,-85.433202,34.8468],[3832,2147,-85.433274,34.846766],[3857,2147,-85.433347,34.846731],[3882,2147,-85.433419,34.846697],[3907,2147,-85.433491,34.846662],[3932,2147,-85.433563,34.846628],[3957,2148,-85.433636,34.846594],[3982,2150,-85.433708,34.846559],[4007,2152,-85.43378,34.846525],[4032,2155,-85.433852,34.846491],[4057,2157,-85.433924,34.846456],[4082,2161,-85.433997,34.846422],[4107,2164,-85.434069,34.846387],[4132,2166,-85.434141,34.846353],[4157,2169,-85.434213,34.846319],[4182,2171,-85.434296,34.846323],[4207,2172,-85.43438,34.846328],[4232,2172,-85.434463,34.846333],[4257,2172,-85.434546,34.846338],[4282,2172,-85.43463,34.846343],[4307,2171,-85.434713,34.846348],[4332,2170,-85.434796,34.846353],[4357,2171,-85.434879,34.846358],[4382,2171,-85.434963,34.846363],[4407,2170,-85.435046,34.846368],[4432,2170,-85.435129,34.846373],[4457,2169,-85.435212,34.846379],[4482,2167,-85.435296,34.846384],[4507,2165,-85.435379,34.846389],[4532,2163,-85.435462,34.846394],[4557,2159,-85.435546,34.846399],[4582,2155,-85.435629,34.846404],[4607,2149,-85.435712,34.846409],[4632,2147,-85.435795,34.846414],[4657,2148,-85.435879,34.846419],[4682,2153,-85.435962,34.846423],[4707,2157,-85.436045,34.846416],[4732,2162,-85.436128,34.84641],[4757,2165,-85.436211,34.846403],[4782,2166,-85.436294,34.846397],[4807,2167,-85.436377,34.84639],[4832,2168,-85.436461,34.846384],[4857,2169,-85.436544,34.846377],[4882,2169,-85.436627,34.846371],[4907,2170,-85.43671,34.846364],[4932,2171,-85.436793,34.846358],[4957,2175,-85.436876,34.846351],[4982,2177,-85.436959,34.846345],[5007,2177,-85.437042,34.846338],[5032,2177,-85.437126,34.846332],[5057,2176,-85.437209,34.846325],[5082,2176,-85.437292,34.846319],[5107,2176,-85.437374,34.846329],[5132,2178,-85.437456,34.846342],[5157,2176,-85.437538,34.846354],[5182,2179,-85.43762,34.846367],[5207,2182,-85.437702,34.84638],[5232,2183,-85.437784,34.846393],[5257,2187,-85.437866,34.846406],[5282,2191,-85.437948,34.846419],[5307,2194,-85.43803,34.846432],[5332,2198,-85.438112,34.846445],[5357,2202,-85.438194,34.846457],[5382,2207,-85.438276,34.84647],[5407,2210,-85.438358,34.846483],[5432,2212,-85.43844,34.846496],[5457,2214,-85.438522,34.846509],[5482,2215,-85.438604,34.846522],[5507,2218,-85.438686,34.846535],[5532,2220,-85.438768,34.846549],[5557,2223,-85.438838,34.846586],[5582,2225,-85.438908,34.846623],[5607,2228,-85.438979,34.84666],[5632,2231,-85.439049,34.846697],[5657,2233,-85.439119,34.846734],[5682,2237,-85.439189,34.846771],[5707,2240,-85.43926,34.846808],[5732,2241,-85.43933,34.846845],[5757,2244,-85.4394,34.846882],[5782,2245,-85.43947,34.846919],[5807,2246,-85.439541,34.846956],[5832,2247,-85.439611,34.846993],[5857,2248,-85.439681,34.84703],[5882,2249,-85.439752,34.847067],[5907,2250,-85.439822,34.847104],[5932,2251,-85.439892,34.847141],[5957,2251,-85.439962,34.847178],[5982,2250,-85.440033,34.847215],[6007,2250,