{"trail":"Back End","distance":8810,"gain":302,"loss":302,"min":2000,"max":2251,"profile":[[0,2000,-85.42928,34.850755],[25,2002,-85.429295,34.850688],[50,2008,-85.42931,34.850621],[75,2013,-85.429325,34.850553],[100,2017,-85.42934,34.850486],[125,2024,-85.429354,34.850418],[145,2025,-85.429386,34.850371],[170,2033,-85.429469,34.850384],[195,2040,-85.429551,34.850397],[220,2045,-85.429633,34.85041],[245,2051,-85.429715,34.850423],[270,2055,-85.429797,34.850435],[291,2059,-85.429849,34.850394],[316,2063,-85.429892,34.850335],[341,2068,-85.429935,34.850276],[366,2072,-85.429978,34.850218],[387,2074,-85.43003,34.85018],[412,2079,-85.430109,34.850203],[437,2083,-85.430188,34.850226],[462,2084,-85.430267,34.850248],[487,2083,-85.430346,34.850271],[512,2086,-85.430424,34.850294],[536,2088,-85.430498,34.85027],[561,2094,-85.430571,34.850237],[586,2097,-85.430644,34.850203],[611,2101,-85.430717,34.85017],[636,2104,-85.43079,34.850136],[661,2105,-85.430862,34.850102],[686,2107,-85.430935,34.850069],[711,2110,-85.431008,34.850035],[736,2111,-85.431081,34.850002],[761,2113,-85.431154,34.849968],[786,2117,-85.431227,34.849935],[811,2120,-85.431299,34.849901],[834,2124,-85.431332,34.849843],[859,2131,-85.43135,34.849776],[884,2135,-85.431368,34.849709],[909,2138,-85.431386,34.849642],[934,2139,-85.431404,34.849575],[959,2139,-85.431422,34.849509],[984,2139,-85.43144,34.849442],[1009,2138,-85.431459,34.849375],[1034,2137,-85.431477,34.849308],[1059,2136,-85.431495,34.849241],[1084,2136,-85.431513,34.849174],[1109,2135,-85.431531,34.849107],[1134,2135,-85.431549,34.84904],[1159,2134,-85.431567,34.848973],[1184,2134,-85.431585,34.848907],[1209,2134,-85.431603,34.84884],[1234,2135,-85.431624,34.848773],[1259,2136,-85.431658,34.848711],[1284,2138,-85.431691,34.848648],[1309,2139,-85.431725,34.848585],[1334,2141,-85.431759,34.848523],[1359,2142,-85.431793,34.84846],[1384,2143,-85.431826,34.848397],[1409,2144,-85.43186,34.848335],[1434,2145,-85.431894,34.848272],[1459,2145,-85.431927,34.848209],[1484,2145,-85.43197,34.848151],[1509,2144,-85.43202,34.848095],[1534,2143,-85.432069,34.84804],[1559,2143,-85.432118,34.847985],[1584,2142,-85.432167,34.847929],[1609,2143,-85.432216,34.847874],[1634,2144,-85.432265,34.847818],[1659,2145,-85.432314,34.847763],[1684,2145,-85.432363,34.847707],[1709,2144,-85.432412,34.847652],[1734,2145,-85.432462,34.847597],[1759,2144,-85.432511,34.847541],[1784,2144,-85.43256,34.847486],[1809,2145,-85.432609,34.84743],[1834,2145,-85.432658,34.847375],[1859,2145,-85.432707,34.84732],[1884,2145,-85.432756,34.847264],[1909,2145,-85.432805,34.847209],[1934,2146,-85.432854,34.847153],[1959,2147,-85.432904,34.847098],[1984,2148,-85.432953,34.847042],[2009,2148,-85.433002,34.846987],[2034,2148,-85.433051,34.846932],[2059,2148,-85.4331,34.846876],[2084,2147,-85.433152,34.846824],[2109,2147,-85.433225,34.846789],[2134,2147,-85.433297,34.846755],[2159,2147,-85.433369,34.846721],[2184,2147,-85.433441,34.846686],[2209,2147,-85.433514,34.846652],[2234,2147,-85.433586,34.846617],[2259,2149,-85.433658,34.846583],[2284,2151,-85.43373,34.846549],[2309,2152,-85.433802,34.846514],[2334,2155,-85.433875,34.84648],[2359,2159,-85.433947,34.846446],[2384,2161,-85.434019,34.846411],[2409,2164,-85.434091,34.846377],[2434,2168,-85.434164,34.846342],[2458,2170,-85.434239,34.846319],[2483,2171,-85.434322,34.846324],[2508,2172,-85.434406,34.846329],[2533,2172,-85.434489,34.846335],[2558,2172,-85.434572,34.84634],[2583,2172,-85.434655,34.846345],[2608,2171,-85.434739,34.84635],[2633,2170,-85.434822,34.846355],[2658,2171,-85.434905,34.84636],[2683,2171,-85.434989,34.846365],[2708,2170,-85.435072,34.84637],[2733,2169,-85.435155,34.846375],[2758,2168,-85.435238,34.84638],[2783,2166,-85.435322,34.846385],[2808,2164,-85.435405,34.84639],[2833,2161,-85.435488,34.846395],[2858,2157,-85.435571,34.8464],[2883,2152,-85.435655,34.846405],[2908,2149,-85.435738,34.84641],[2933,2147,-85.435821,34.846416],[2958,2148,-85.435905,34.846421],[2983,2153,-85.435988,34.846421],[3008,2157,-85.436071,34.846414],[3033,2162,-85.436154,34.846408],[3058,2165,-85.436237,34.846401],[3083,2166,-85.43632,34.846395],[3108,2167,-85.436403,34.846388],[3133,2168,-85.436486,34.846382],[3158,2169,-85.43657,34.846375],[3183,2169,-85.436653,34.846369],[3208,2170,-85.436736,34.846362],[3233,2172,-85.436819,34.846356],[3258,2176,-85.436902,34.846349],[3283,2177,-85.436985,34.846343],[3308,2177,-85.437068,34.846336],[3333,2177,-85.437151,34.84633],[3358,2176,-85.437235,34.846323],[3383,2176,-85.437318,34.84632],[3408,2176,-85.4374,34.846333],[3433,2178,-85.437482,34.846346],[3458,2177,-85.437564,34.846358],[3483,2180,-85.437646,34.846371],[3508,2183,-85.437728,34.846384],[3533,2185,-85.43781,34.846397],[3558,2189,-85.437892,34.84641],[3583,2193,-85.437974,34.846423],[3608,2194,-85.438056,34.846436],[3633,2198,-85.438138,34.846449],[3658,2202,-85.43822,34.846461],[3683,2207,-85.438302,34.846474],[3708,2210,-85.438384,34.846487],[3733,2213,-85.438466,34.8465],[3758,2214,-85.438548,34.846513],[3783,2216,-85.43863,34.846526],[3808,2219,-85.438712,34.846539],[3832,2221,-85.43879,34.84656],[3857,2223,-85.43886,34.846597],[3882,2226,-85.43893,34.846634],[3907,2230,-85.439,34.846671],[3932,2232,-85.439071,34.846708],[3957,2235,-85.439141,34.846745],[3982,2237,-85.439211,34.846782],[4007,2240,-85.439282,34.846819],[4032,2243,-85.439352,34.846856],[4057,2244,-85.439422,34.846893],[4082,2245,-85.439492,34.84693],[4107,2246,-85.439563,34.846967],[4132,2247,-85.439633,34.847004],[4157,2248,-85.439703,34.847041],[4182,2249,-85.439773,34.847078],[4207,2250,-85.439844,34.847115],[4232,2251,-85.439914,34.847152],[4257,2251,-85.439984,34.847189],[4282,2250,-85.440055,34.847226],[4307,2249,-85.440125,34.847263],[4332,2248,-85.440195,34.847301],[4357,2248,-85.440243,34.847356],[4382,2247,-85.440288,34.847414],[4407,2247,-85.440333,34.847471],[4432,2247,-85.440378,34.847529],[4455,2246,-85.440447,34.847555],[4480,2243,-85.44053,34.847561],[4505,2240,-85.440613,34.847568],[4530,2235,-85.440696,34.847574],[4555,2229,-85.44078,34.847581],[4575,2226,-85.440845,34.847586],[7093,2144,-85.432434,34.847639],[7118,2145,-85.432384,34.847694],[7143,2144,-85.432335,34.847749],[7168,2144,-85.432285,34.847804],[7193,2143,-85.432235,34.847859],[7218,2143,-85.432185,34.847914],[7243,2143,-85.432136,34.847969],[7268,2143,-85.432086,34.848024],[7293,2144,-85.432036,34.848079],[7318,2144,-85.431986,34.848134],[7343,2145,-85.431938,34.84819],[7368,2144,-85.431904,34.848252],[7393,2144,-85.43187,34.848315],[7418,2144,-85.431837,34.848378],[7443,2142,-85.431803,34.84844],[7468,2141,-85.431769,34.848503],[7493,2139,-85.431736,34.848566],[7518,2138,-85.431702,34.848628],[7543,2137,-85.431668,34.848691],[7568,2135,-85.431634,34.848754],[7593,2134,-85.431609,34.848819],[7618,2134,-85.431591,34.848886],[7643,2133,-85.431573,34.848953],[7668,2134,-85.431555,34.849019],[7693,2135,-85.431537,34.849086],[7718,2135,-85.431518,34.849153],[7743,2136,-85.4315,34.84922],[7768,2137,-85.431482,34.849287],[7793,2138,-85.431464,34.849354],[7818,2139,-85.431446,34.849421],[7843,2139,-85.431428,34.849488],[7868,2139,-85.43141,34.849555],[7893,2139,-85.431392,34.849622],[7918,2137,-85.431374,34.849688],[7943,2134,-85.431355,34.849755],[7968,2128,-85.431337,34.849822],[7993,2119,-85.431319,34.849889],[8017,2116,-85.431249,34.849924],[8042,2113,-85.431176,34.849958],[8067,2111,-85.431104,34.849991],[8092,2108,-85.431031,34.850025],[8117,2107,-85.430958,34.850059],[8142,2105,-85.430885,34.850092],[8167,2103,-85.430812,34.850126],[8192,2101,-85.430739,34.850159],[8217,2097,-85.430667,34.850193],[8242,2097,-85.430594,34.850226],[8267,2093,-85.430521,34.85026],[8292,2086,-85.430448,34.850293],[8316,2083,-85.43037,34.850278],[8341,2085,-85.430291,34.850255],[8366,2082,-85.430212,34.850233],[8391,2081,-85.430134,34.85021],[8416,2077,-85.430055,34.850187],[8436,2074,-85.429991,34.850199],[8461,2071,-85.429948,34.850258],[8486,2067,-85.429905,34.850317],[8511,2061,-85.429862,34.850376],