{"trail":"Bankhead","distance":3074,"gain":89,"loss":119,"min":1911,"max":1997,"profile":[[0,1941,-85.426941,34.850632],[25,1938,-85.427002,34.850679],[50,1935,-85.427064,34.850725],[75,1934,-85.427126,34.850771],[100,1935,-85.427187,34.850817],[121,1934,-85.427243,34.850784],[146,1933,-85.427298,34.850732],[171,1932,-85.427353,34.850681],[196,1932,-85.427408,34.850629],[221,1931,-85.427463,34.850578],[245,1931,-85.427527,34.850538],[270,1933,-85.427608,34.85052],[295,1935,-85.427688,34.850502],[317,1938,-85.427762,34.85051],[342,1940,-85.427825,34.850555],[367,1944,-85.427889,34.850599],[392,1946,-85.427952,34.850644],[417,1951,-85.428015,34.850689],[442,1954,-85.428079,34.850733],[467,1958,-85.428142,34.850778],[485,1963,-85.428202,34.850791],[510,1962,-85.428253,34.850737],[535,1961,-85.428303,34.850682],[560,1961,-85.428354,34.850628],[585,1962,-85.428399,34.850572],[610,1962,-85.428393,34.850504],[635,1963,-85.428387,34.850436],[660,1963,-85.42838,34.850367],[675,1965,-85.428428,34.850382],[700,1967,-85.428495,34.850424],[725,1969,-85.428561,34.850465],[750,1973,-85.428627,34.850507],[771,1974,-85.428647,34.850562],[796,1976,-85.428626,34.850629],[821,1976,-85.428606,34.850695],[846,1979,-85.428586,34.850762],[871,1979,-85.428566,34.850828],[887,1979,-85.428569,34.850872],[912,1983,-85.428645,34.850845],[937,1985,-85.428721,34.850817],[962,1989,-85.428798,34.850789],[987,1993,-85.428874,34.850762],[1012,1993,-85.428951,34.850734],[1037,1995,-85.429027,34.850707],[1051,1997,-85.42907,34.850691],[1076,1993,-85.428993,34.850719],[1101,1993,-85.428917,34.850746],[1126,1991,-85.42884,34.850774],[1151,1988,-85.428764,34.850802],[1176,1985,-85.428688,34.850829],[1201,1981,-85.428611,34.850857],[1218,1979,-85.428554,34.850865],[1243,1980,-85.428575,34.850799],[1268,1978,-85.428595,34.850732],[1293,1977,-85.428615,34.850666],[1318,1975,-85.428635,34.850599],[1343,1973,-85.428656,34.850533],[1367,1971,-85.428598,34.850489],[1392,1969,-85.428531,34.850447],[1417,1966,-85.428465,34.850405],[1442,1963,-85.428399,34.850363],[1455,1963,-85.428383,34.850398],[1480,1962,-85.428389,34.850466],[1505,1962,-85.428396,34.850534],[1529,1962,-85.428383,34.850598],[1554,1962,-85.428332,34.850652],[1579,1962,-85.428281,34.850707],[1604,1964,-85.42823,34.850761],[1626,1961,-85.428177,34.850803],[1651,1958,-85.428114,34.850758],[1676,1951,-85.428051,34.850713],[1701,1948,-85.427987,34.850669],[1726,1944,-85.427924,34.850624],[1751,1942,-85.42786,34.85058],[1776,1938,-85.427797,34.850535],[1801,1936,-85.427733,34.850492],[1826,1934,-85.427653,34.85051],[1851,1932,-85.427572,34.850528],[1875,1931,-85.427494,34.850549],[1900,1932,-85.427439,34.8506],[1925,1933,-85.427384,34.850652],[1950,1933,-85.427329,34.850704],[1975,1933,-85.427274,34.850755],[2000,1935,-85.427219,34.850807],[2018,1935,-85.427161,34.850796],[2043,1934,-85.4271,34.850749],[2068,1936,-85.42704,34.850702],[2093,1940,-85.426979,34.850655],[2118,1941,-85.426919,34.850607],[2143,1941,-85.426858,34.85056],[2168,1942,-85.426798,34.850513],[2191,1942,-85.426734,34.850477],[2216,1942,-85.426654,34.850498],[2241,1941,-85.426575,34.850519],[2266,1939,-85.426495,34.850539],[2291,1937,-85.426415,34.85056],[2316,1935,-85.426336,34.850579],[2341,1934,-85.426254,34.850566],[2366,1933,-85.426172,34.850553],[2391,1931,-85.42609,34.85054],[2416,1930,-85.426007,34.850527],[2441,1929,-85.425925,34.850515],[2463,1928,-85.425858,34.850537],[2488,1928,-85.425801,34.850588],[2513,1927,-85.425744,34.850638],[2538,1926,-85.425688,34.850688],[2563,1926,-85.425631,34.850738],[2588,1923,-85.425547,34.850744],[2613,1921,-85.425464,34.850749],[2638,1920,-85.425381,34.850755],[2663,1922,-85.425298,34.850761],[2688,1923,-85.425215,34.850766],[2713,1923,-85.425131,34.850772],[2737,1924,-85.425066,34.850811],[2762,1923,-85.425004,34.850857],[2787,1920,-85.424942,34.850903],[2812,1918,-85.42488,34.850949],[2837,1917,-85.424799,34.850936],[2862,1917,-85.424717,34.850922],[2887,1917,-85.424635,34.850909],[2912,1916,-85.424553,34.850895],[2937,1917,-85.424471,34.850882],[2962,1917,-85.424389,34.850868],[2987,1913,-85.424307,34.850855],[3012,1911,-85.424225,34.850842],[3037,1911,-85.424143,34.850828],[3062,1911,-85.424062,34.850815],[3074,1911,-85.424023,34.850808]]}