{"trail":"Bankhead","distance":3960,"gain":116,"loss":116,"min":1911,"max":1997,"profile":[[0,1997,-85.429087,34.850685],[25,1995,-85.42901,34.850713],[50,1993,-85.428934,34.85074],[75,1991,-85.428857,34.850768],[100,1988,-85.428781,34.850795],[125,1985,-85.428705,34.850823],[150,1983,-85.428628,34.850851],[175,1979,-85.428552,34.850878],[199,1978,-85.42857,34.850813],[224,1978,-85.42859,34.850747],[249,1975,-85.428611,34.850681],[274,1975,-85.428631,34.850614],[299,1974,-85.428651,34.850548],[321,1971,-85.428612,34.850498],[346,1969,-85.428546,34.850456],[371,1966,-85.42848,34.850414],[396,1965,-85.428414,34.850373],[406,1963,-85.428382,34.850383],[431,1962,-85.428388,34.850451],[456,1962,-85.428394,34.850519],[480,1962,-85.428394,34.850586],[505,1961,-85.428343,34.85064],[530,1962,-85.428292,34.850695],[555,1962,-85.428241,34.850749],[580,1963,-85.42819,34.850803],[603,1958,-85.428128,34.850768],[628,1954,-85.428065,34.850723],[653,1948,-85.428001,34.850679],[678,1946,-85.427938,34.850634],[703,1942,-85.427874,34.85059],[728,1940,-85.427811,34.850545],[753,1936,-85.427748,34.8505],[776,1935,-85.427671,34.850506],[801,1933,-85.42759,34.850524],[826,1931,-85.427509,34.850542],[851,1932,-85.427451,34.850589],[876,1932,-85.427396,34.850641],[901,1933,-85.427341,34.850692],[926,1933,-85.427286,34.850744],[951,1935,-85.427231,34.850795],[968,1935,-85.427174,34.850807],[993,1934,-85.427113,34.85076],[1018,1936,-85.427053,34.850712],[1043,1938,-85.426993,34.850665],[1068,1941,-85.426932,34.850618],[1093,1941,-85.426872,34.85057],[1118,1942,-85.426811,34.850523],[1143,1942,-85.426751,34.850476],[1168,1942,-85.426672,34.850493],[1193,1941,-85.426592,34.850514],[1218,1940,-85.426513,34.850535],[1243,1939,-85.426433,34.850555],[1268,1936,-85.426353,34.850576],[1292,1935,-85.426272,34.850569],[1317,1933,-85.42619,34.850556],[1342,1931,-85.426108,34.850543],[1367,1930,-85.426026,34.85053],[1392,1929,-85.425944,34.850517],[1414,1929,-85.42587,34.850526],[1439,1928,-85.425814,34.850576],[1464,1927,-85.425757,34.850627],[1489,1927,-85.4257,34.850677],[1514,1926,-85.425644,34.850727],[1538,1923,-85.425566,34.850742],[1563,1922,-85.425483,34.850748],[1588,1921,-85.4254,34.850754],[1613,1921,-85.425316,34.850759],[1638,1922,-85.425233,34.850765],[1663,1923,-85.42515,34.850771],[1687,1924,-85.42508,34.850801],[1712,1923,-85.425018,34.850847],[1737,1921,-85.424956,34.850893],[1762,1918,-85.424894,34.850939],[1785,1917,-85.424817,34.850939],[1810,1917,-85.424735,34.850925],[1835,1917,-85.424653,34.850912],[1860,1917,-85.424571,34.850898],[1885,1917,-85.424489,34.850885],[1910,1917,-85.424407,34.850871],[1935,1914,-85.424325,34.850858],[1960,1912,-85.424243,34.850845],[1985,1911,-85.424162,34.850831],[2010,1911,-85.42408,34.850818],[2028,1911,-85.424023,34.850808],[2904,1941,-85.426941,34.850632],[2929,1938,-85.427002,34.850679],[2954,1935,-85.427064,34.850725],[2979,1934,-85.427126,34.850771],[3004,1935,-85.427187,34.850817],[3025,1934,-85.427243,34.850784],[3050,1933,-85.427298,34.850732],[3075,1932,-85.427353,34.850681],[3100,1932,-85.427408,34.850629],[3125,1931,-85.427463,34.850578],[3149,1931,-85.427527,34.850538],[3174,1933,-85.427608,34.85052],[3199,1935,-85.427688,34.850502],[3221,1938,-85.427762,34.85051],[3246,1940,-85.427825,34.850555],[3271,1944,-85.427889,34.850599],[3296,1946,-85.427952,34.850644],[3321,1951,-85.428015,34.850689],[3346,1954,-85.428079,34.850733],[3371,1958,-85.428142,34.850778],[3389,1963,-85.428202,34.850791],[3414,1962,-85.428253,34.850737],[3439,1961,-85.428303,34.850682],[3464,1961,-85.428354,34.850628],[3489,1962,-85.428399,34.850572],[3514,1962,-85.428393,34.850504],[3539,1963,-85.428387,34.850436],[3564,1963,-85.42838,34.850367],[3579,1965,-85.428428,34.850382],[3604,1967,-85.428495,34.850424],[3629,1969,-85.428561,34.850465],[3654,1973,-85.428627,34.850507],[3675,1974,-85.428647,34.850562],[3700,1976,-85.428626,34.850629],[3725,1976,-85.428606,34.850695],[3750,1979,-85.428586,34.850762],[3775,1979,-85.428566,34.850828],[3791,1979,-85.428569,34.850872],[3816,1983,-85.428645,34.850845],[3841,1985,-85.428721,34.850817],[3866,1989,-85.428798,34.850789],[3891,1993,-85.428874,34.850762],[3916,1993,-85.428951,34.850734],[3941,1995,-85.429027,34.850707],[3960,1997,-85.429087,34.850685]]}