{"trail":"Barkeater","distance":16596,"gain":636,"loss":543,"min":1635,"max":1884,"profile":[[0,1765,-85.450287,34.830203],[25,1763,-85.450365,34.830227],[50,1758,-85.450443,34.830251],[75,1756,-85.450521,34.830275],[100,1753,-85.4506,34.830299],[124,1756,-85.450662,34.830341],[149,1760,-85.450715,34.830394],[174,1766,-85.450768,34.830447],[199,1766,-85.450821,34.8305],[224,1764,-85.450902,34.830494],[249,1762,-85.450985,34.830485],[274,1759,-85.451068,34.830476],[298,1754,-85.451148,34.830471],[323,1754,-85.451191,34.83053],[348,1754,-85.451234,34.830589],[372,1753,-85.45128,34.830644],[397,1751,-85.451363,34.830652],[422,1751,-85.451446,34.830659],[445,1750,-85.451508,34.830623],[470,1745,-85.451563,34.830572],[495,1747,-85.451618,34.83052],[520,1746,-85.451673,34.830469],[545,1741,-85.451728,34.830417],[570,1739,-85.451784,34.830366],[595,1734,-85.451839,34.830314],[620,1733,-85.451894,34.830263],[644,1733,-85.451939,34.830208],[669,1731,-85.451939,34.83014],[694,1729,-85.451939,34.830071],[719,1725,-85.451939,34.830003],[744,1721,-85.451939,34.829934],[769,1722,-85.451967,34.829871],[794,1718,-85.452002,34.829808],[819,1717,-85.452037,34.829746],[844,1717,-85.452072,34.829684],[869,1719,-85.452107,34.829622],[894,1722,-85.452142,34.829559],[919,1724,-85.452177,34.829497],[944,1721,-85.452211,34.829435],[969,1721,-85.452246,34.829373],[994,1721,-85.452281,34.82931],[1017,1716,-85.452332,34.829263],[1042,1718,-85.452412,34.829245],[1067,1714,-85.452493,34.829227],[1092,1718,-85.452573,34.829208],[1117,1723,-85.452653,34.82919],[1139,1726,-85.452708,34.829147],[1164,1728,-85.452741,34.829084],[1189,1725,-85.452774,34.829021],[1214,1726,-85.452807,34.828959],[1239,1724,-85.452841,34.828896],[1264,1723,-85.452874,34.828833],[1289,1722,-85.452907,34.82877],[1314,1720,-85.45294,34.828707],[1339,1719,-85.452973,34.828644],[1364,1717,-85.453006,34.828581],[1389,1711,-85.453039,34.828518],[1414,1704,-85.453072,34.828455],[1436,1701,-85.453116,34.828409],[1461,1701,-85.453199,34.82842],[1486,1704,-85.453281,34.828431],[1511,1702,-85.453364,34.828442],[1536,1700,-85.453446,34.828453],[1561,1701,-85.453528,34.828464],[1586,1698,-85.453611,34.828475],[1611,1694,-85.453693,34.828486],[1636,1695,-85.453776,34.828497],[1661,1695,-85.453858,34.828508],[1686,1694,-85.45394,34.828519],[1711,1694,-85.454023,34.82853],[1736,1692,-85.454105,34.828542],[1760,1688,-85.454183,34.828563],[1785,1686,-85.454256,34.828597],[1810,1684,-85.454328,34.828631],[1835,1686,-85.454401,34.828664],[1860,1687,-85.454474,34.828698],[1885,1687,-85.454546,34.828732],[1910,1688,-85.454619,34.828765],[1934,1688,-85.454697,34.828765],[1959,1689,-85.454778,34.828747],[1984,1684,-85.454858,34.828729],[2009,1682,-85.454939,34.828712],[2034,1677,-85.45502,34.828694],[2059,1676,-85.4551,34.828676],[2084,1672,-85.455181,34.828659],[2109,1671,-85.455262,34.828641],[2126,1665,-85.455258,34.828594],[2151,1663,-85.455218,34.828534],[2175,1658,-85.455175,34.828476],[2200,1656,-85.455095,34.828456],[2225,1657,-85.455016,34.828437],[2250,1653,-85.454936,34.828417],[2275,1654,-85.454856,34.828397],[2300,1653,-85.454776,34.828378],[2323,1653,-85.454735,34.828326],[2348,1652,-85.454713,34.82826],[2373,1654,-85.454691,34.828194],[2398,1650,-85.454669,34.828128],[2423,1649,-85.454646,34.828062],[2448,1644,-85.454624,34.827996],[2473,1643,-85.454602,34.82793],[2498,1642,-85.45458,34.827864],[2523,1643,-85.454558,34.827798],[2548,1641,-85.454536,34.827732],[2573,1641,-85.454513,34.827666],[2598,1641,-85.454462,34.827612],[2623,1642,-85.45441,34.827558],[2648,1642,-85.454358,34.827504],[2673,1642,-85.454307,34.82745],[2693,1641,-85.454243,34.827429],[2718,1644,-85.454164,34.827451],[2743,1643,-85.454084,34.827472],[2768,1645,-85.454005,34.827493],[2793,1645,-85.453925,34.827514],[2818,1640,-85.453846,34.827536],[2843,1641,-85.453767,34.827557],[2868,1636,-85.453687,34.827578],[2893,1635,-85.453608,34.827599],[2918,1636,-85.453529,34.827621],[2943,1636,-85.453449,34.827642],[2968,1638,-85.45337,34.827663],[2993,1640,-85.45329,34.827684],[3018,1640,-85.453211,34.827705],[3043,1641,-85.453132,34.827727],[3068,1644,-85.453052,34.827748],[3093,1646,-85.452973,34.827769],[3118,1647,-85.452894,34.82779],[3143,1651,-85.452814,34.827812],[3168,1650,-85.452735,34.827833],[3193,1655,-85.452655,34.827854],[3218,1656,-85.452576,34.827875],[3243,1658,-85.452497,34.827897],[3268,1662,-85.452417,34.827918],[3292,1665,-85.452337,34.827926],[3317,1667,-85.452255,34.827913],[3342,1668,-85.452173,34.8279],[3367,1672,-85.452091,34.827887],[3392,1673,-85.452009,34.827874],[3417,1675,-85.451927,34.827861],[3442,1678,-85.451845,34.827848],[3467,1678,-85.451763,34.827835],[3491,1680,-85.451689,34.827811],[3516,1682,-85.451637,34.827758],[3541,1686,-85.451585,34.827704],[3566,1687,-85.451533,34.827651],[3591,1690,-85.451481,34.827597],[3616,1691,-85.451428,34.827543],[3641,1695,-85.451376,34.82749],[3666,1700,-85.451324,34.827436],[3690,1702,-85.451272,34.827387],[3715,1695,-85.451224,34.827443],[3740,1693,-85.451175,34.827498],[3762,1691,-85.451215,34.827548],[3787,1688,-85.451274,34.827597],[3810,1689,-85.451317,34.827651],[3835,1690,-85.451317,34.827719],[3860,1691,-85.451317,34.827788],[3885,1691,-85.451317,34.827856],[3910,1690,-85.451317,34.827925],[3935,1690,-85.451317,34.827993],[3960,1691,-85.451322,34.82806],[3985,1693,-85.451373,34.828115],[4010,1694,-85.451423,34.82817],[4033,1697,-85.451435,34.828231],[4058,1699,-85.451414,34.828298],[4083,1702,-85.451394,34.828364],[4108,1703,-85.451374,34.828431],[4133,1705,-85.451354,34.828497],[4149,1705,-85.451323,34.828536],[4174,1710,-85.451261,34.82849],[4199,1711,-85.451199,34.828445],[4224,1714,-85.451137,34.828399],[4241,1716,-85.451124,34.828443],[4266,1718,-85.451124,34.828511],[4291,1720,-85.451124,34.82858],[4316,1722,-85.451124,34.828648],[4341,1724,-85.451124,34.828717],[4366,1726,-85.451124,34.828785],[4391,1729,-85.451124,34.828854],[4416,1730,-85.451124,34.828922],[4441,1731,-85.451124,34.828991],[4463,1735,-85.451063,34.829025],[4483,1739,-85.450998,34.829017],[4508,1740,-85.450954,34.828959],[4533,1741,-85.450909,34.828901],[4558,1742,-85.450865,34.828843],[4583,1743,-85.45082,34.828785],[4608,1743,-85.450775,34.828727],[4628,1745,-85.450708,34.828716],[4653,1746,-85.450627,34.828733],[4678,1748,-85.450546,34.82875],[4703,1748,-85.450465,34.828766],[4728,1749,-85.450384,34.828783],[4753,1747,-85.450303,34.8288],[4772,1745,-85.450241,34.828793],[4797,1742,-85.450229,34.828725],[4818,1738,-85.450185,34.828682],[4843,1735,-85.450104,34.828669],[4868,1739,-85.450022,34.828655],[4888,1737,-85.450038,34.828602],[4913,1734,-85.450075,34.82854],[4938,1738,-85.450112,34.828479],[4963,1740,-85.450148,34.828417],[4988,1739,-85.450185,34.828356],[5013,1741,-85.450222,34.828294],[5038,1743,-85.450258,34.828232],[5063,1744,-85.450295,34.828171],[5088,1742,-85.450331,34.828109],[5113,1743,-85.450368,34.828048],[5138,1740,-85.450405,34.827986],[5163,1735,-85.450441,34.827925],[5183,1733,-85.450426,34.827871],[5208,1733,-85.450365,34.827824],[5233,1732,-85.450304,34.827777],[5258,1732,-85.450243,34.827731],[5283,1727,-85.450182,34.827684],[5306,1727,-85.450116,34.827652],[5331,1728,-85.450033,34.827665],[5356,1727,-85.449951,34.827678],[5381,1730,-85.449869,34.82769],[5404,1729,-85.449791,34.827697],[5429,1725,-85.449753,34.827636],[5454,1726,-85.449716,34.827575],[5476,1727,-85.4497,34.827519],[5501,1725,-85.449771,34.827483],[5526,1723,-85.449842,34.827447],[5551,1720,-85.449914,34.827411],[5576,1720,-85.449985,34.827375],[5601,1720,-85.450056,34.827339],[5626,1720,-85.450127,34.827303],[5651,1720,-85.450198,34.827267],[5675,1720,-85.450258,34.827223],[5700,1719,-85.450299,34.827163],[5725,1718,-85.450339,34.827103],[5750,1718,-85.45038,34.827043],[5775,1718,-85.45042,34.826983],[5799,1720,-85.450463,34.826928],[5824,1719,-85.450543,34.826948],[5849,1722,-85.450623,34.826968],[5874,1724,-85.450703,34.826987],[5899,1728,-85.450783,34.827007],[5924,1728,-85.450863,34.827027],[5949,