{"trail":"Barkeater Spur","distance":696,"gain":0,"loss":67,"min":1808,"max":1875,"profile":[[0,1875,-85.444515,34.833004],[25,1872,-85.444471,34.832945],[50,1869,-85.444428,34.832886],[75,1868,-85.444385,34.832828],[100,1866,-85.444341,34.832769],[125,1863,-85.444298,34.832711],[150,1863,-85.444255,34.832652],[175,1859,-85.444211,34.832594],[200,1858,-85.444168,34.832535],[225,1857,-85.444124,34.832477],[250,1855,-85.444081,34.832418],[275,1852,-85.444038,34.832359],[300,1852,-85.443994,34.832301],[325,1848,-85.443951,34.832242],[350,1844,-85.443908,34.832184],[375,1841,-85.443864,34.832125],[399,1836,-85.4438,34.832086],[424,1836,-85.443724,34.832056],[449,1833,-85.443649,34.832027],[474,1829,-85.443574,34.831997],[499,1825,-85.443498,34.831968],[524,1823,-85.443423,34.831938],[549,1820,-85.443348,34.831909],[574,1819,-85.443272,34.831879],[599,1816,-85.443197,34.83185],[624,1814,-85.443122,34.83182],[649,1811,-85.443046,34.831791],[674,1808,-85.442971,34.831761],[696,1808,-85.442905,34.831735]]}