{"trail":"Barred Owl","distance":3998,"gain":211,"loss":236,"min":971,"max":1031,"profile":[[0,997,-85.05935,35.04103],[25,999,-85.059305,35.041088],[50,1003,-85.059261,35.041146],[75,1002,-85.059216,35.041204],[100,1001,-85.059172,35.041262],[124,998,-85.059136,35.041322],[149,997,-85.059145,35.04139],[174,997,-85.059154,35.041458],[199,1003,-85.059163,35.041527],[224,1008,-85.059171,35.041595],[248,1011,-85.059165,35.041659],[273,1014,-85.059115,35.041715],[298,1015,-85.059065,35.04177],[323,1014,-85.059015,35.041825],[348,1013,-85.058966,35.04188],[373,1010,-85.058916,35.041935],[398,1007,-85.058866,35.04199],[423,1004,-85.058816,35.042045],[447,1005,-85.05886,35.0421],[472,1004,-85.05891,35.042155],[497,1003,-85.05896,35.04221],[522,1000,-85.059011,35.042265],[547,998,-85.059061,35.042319],[572,994,-85.059111,35.042374],[597,1000,-85.059161,35.042429],[622,1006,-85.059211,35.042484],[647,1012,-85.059262,35.042539],[671,1014,-85.059208,35.042588],[696,1012,-85.05915,35.042637],[721,1019,-85.059091,35.042687],[746,1020,-85.059033,35.042736],[771,1018,-85.058975,35.042785],[796,1022,-85.058917,35.042835],[821,1022,-85.058859,35.042884],[846,1021,-85.058801,35.042933],[871,1019,-85.058742,35.042982],[896,1013,-85.058684,35.043032],[919,1014,-85.058643,35.043086],[944,1012,-85.058649,35.043154],[969,1009,-85.058655,35.043223],[994,1004,-85.058661,35.043291],[1018,1004,-85.058701,35.043347],[1043,1000,-85.058758,35.043397],[1068,1003,-85.058815,35.043448],[1093,998,-85.058872,35.043498],[1118,997,-85.058929,35.043548],[1143,999,-85.059001,35.04358],[1168,1001,-85.059079,35.043606],[1193,1000,-85.059156,35.043632],[1218,1007,-85.059234,35.043658],[1243,1010,-85.059311,35.043683],[1268,1015,-85.059389,35.043709],[1291,1015,-85.059438,35.04376],[1316,1012,-85.059473,35.043822],[1341,1009,-85.059509,35.043884],[1366,1009,-85.059544,35.043946],[1390,1005,-85.059592,35.044],[1415,1004,-85.059658,35.044042],[1440,1005,-85.059724,35.044085],[1465,997,-85.059789,35.044128],[1490,997,-85.059855,35.04417],[1515,995,-85.05992,35.044213],[1540,996,-85.059986,35.044255],[1565,989,-85.060051,35.044298],[1590,990,-85.060117,35.04434],[1615,988,-85.060183,35.044383],[1640,988,-85.060261,35.044406],[1665,996,-85.060341,35.044428],[1690,997,-85.06042,35.044449],[1715,1004,-85.060499,35.044471],[1740,1004,-85.060579,35.044493],[1765,1000,-85.060658,35.044514],[1790,1004,-85.060738,35.044536],[1813,1004,-85.06081,35.044518],[1838,1007,-85.060879,35.044479],[1863,1008,-85.060948,35.04444],[1888,1005,-85.061017,35.044401],[1910,1008,-85.061043,35.044345],[1935,1012,-85.061041,35.044276],[1960,1016,-85.061038,35.044208],[1985,1018,-85.061036,35.044139],[2010,1021,-85.061033,35.044071],[2035,1024,-85.061031,35.044002],[2060,1027,-85.061028,35.043934],[2085,1030,-85.061025,35.043865],[2105,1031,-85.061031,35.043812],[2130,1025,-85.061087,35.043863],[2155,1010,-85.061143,35.043914],[2180,1002,-85.0612,35.043964],[2205,999,-85.061256,35.044015],[2230,995,-85.061312,35.044065],[2255,995,-85.061369,35.044116],[2280,991,-85.061425,35.044167],[2305,997,-85.061482,35.044217],[2330,993,-85.061538,35.044268],[2355,995,-85.061594,35.044319],[2380,995,-85.061651,35.044369],[2404,995,-85.061716,35.044409],[2429,1001,-85.061797,35.044425],[2454,1000,-85.061878,35.044442],[2476,1000,-85.061953,35.044446],[2501,1009,-85.061995,35.044387],[2526,1014,-85.062038,35.044328],[2551,1014,-85.062081,35.044269],[2576,1014,-85.062123,35.04421],[2601,1013,-85.062166,35.044151],[2626,1010,-85.062208,35.044092],[2649,1011,-85.062214,35.044028],[2674,1017,-85.062195,35.043962],[2699,1017,-85.062176,35.043895],[2724,1023,-85.062158,35.043828],[2749,1023,-85.062139,35.043761],[2774,1023,-85.062121,35.043694],[2794,1018,-85.062187,35.043686],[2819,1009,-85.06227,35.043691],[2844,1001,-85.062354,35.043695],[2869,994,-85.062437,35.043699],[2894,987,-85.062518,35.043685],[2919,984,-85.062597,35.043663],[2944,979,-85.062676,35.043641],[2969,979,-85.062756,35.043619],[2994,976,-85.062835,35.043597],[3019,978,-85.062914,35.043575],[3044,981,-85.062994,35.043553],[3069,980,-85.063073,35.043531],[3094,982,-85.063152,35.043509],[3119,986,-85.063231,35.043487],[3144,982,-85.063311,35.043465],[3169,984,-85.06339,35.043443],[3194,981,-85.063469,35.043421],[3219,983,-85.063548,35.043399],[3244,985,-85.063628,35.043377],[3269,989,-85.063707,35.043355],[3287,989,-85.063733,35.0434],[3312,990,-85.06374,35.043468],[3337,994,-85.063748,35.043537],[3362,993,-85.063696,35.043588],[3387,995,-85.063638,35.043638],[3412,995,-85.06358,35.043687],[3437,994,-85.063523,35.043737],[3462,994,-85.063465,35.043787],[3487,993,-85.063408,35.043837],[3511,992,-85.063354,35.043889],[3536,993,-85.063317,35.04395],[3561,996,-85.063279,35.044011],[3586,997,-85.063242,35.044073],[3611,996,-85.063205,35.044134],[3636,994,-85.063167,35.044195],[3661,991,-85.06313,35.044256],[3686,988,-85.063092,35.044318],[3711,983,-85.06306,35.04438],[3736,983,-85.063049,35.044448],[3761,981,-85.063038,35.044516],[3786,979,-85.063027,35.044584],[3811,974,-85.063015,35.044652],[3836,973,-85.063004,35.04472],[3861,973,-85.062993,35.044788],[3886,973,-85.062982,35.044856],[3911,971,-85.062971,35.044924],[3936,972,-85.06296,35.044992],[3961,973,-85.062949,35.04506],[3986,975,-85.062938,35.045127],[3998,972,-85.062933,35.045158]]}