{"trail":"Bathtub Gin","distance":2866,"gain":146,"loss":139,"min":1482,"max":1552,"profile":[[0,1526,-85.383961,34.93316],[25,1530,-85.384006,34.933102],[50,1535,-85.384051,34.933044],[75,1538,-85.384096,34.932987],[100,1540,-85.384141,34.932929],[125,1539,-85.384186,34.932871],[150,1540,-85.38423,34.932813],[175,1536,-85.384275,34.932755],[200,1532,-85.38432,34.932697],[225,1531,-85.384365,34.93264],[250,1528,-85.38441,34.932582],[275,1530,-85.384487,34.932556],[300,1535,-85.384565,34.932532],[325,1538,-85.384643,34.932508],[350,1540,-85.384722,34.932484],[375,1540,-85.3848,34.93246],[400,1535,-85.384878,34.932436],[420,1529,-85.384923,34.932395],[445,1522,-85.384911,34.932327],[470,1521,-85.3849,34.93226],[495,1524,-85.384889,34.932192],[520,1524,-85.384877,34.932124],[545,1527,-85.384866,34.932056],[569,1529,-85.384884,34.931991],[594,1534,-85.384915,34.931927],[619,1538,-85.384946,34.931864],[644,1541,-85.384977,34.9318],[668,1542,-85.385026,34.931748],[693,1543,-85.385093,34.931706],[718,1546,-85.385159,34.931665],[743,1547,-85.385225,34.931623],[768,1548,-85.385292,34.931581],[793,1548,-85.385358,34.931539],[818,1548,-85.385424,34.931498],[843,1550,-85.385491,34.931456],[868,1550,-85.385557,34.931414],[893,1552,-85.385623,34.931373],[918,1552,-85.38569,34.931331],[943,1550,-85.385756,34.931289],[968,1549,-85.385822,34.931247],[993,1547,-85.385888,34.931206],[1018,1545,-85.385963,34.931177],[1043,1546,-85.386043,34.931157],[1068,1543,-85.386123,34.931137],[1093,1539,-85.386203,34.931117],[1118,1541,-85.386283,34.931097],[1143,1541,-85.386363,34.931076],[1168,1543,-85.386443,34.931056],[1191,1537,-85.386498,34.931011],[1216,1534,-85.38654,34.930952],[1226,1530,-85.386513,34.930937],[1251,1533,-85.386433,34.930958],[1276,1535,-85.386353,34.930979],[1301,1531,-85.386273,34.930999],[1326,1532,-85.386194,34.93102],[1349,1532,-85.386117,34.931016],[1374,1528,-85.386044,34.930983],[1399,1525,-85.385971,34.930949],[1424,1523,-85.385899,34.930915],[1449,1520,-85.385826,34.930882],[1470,1514,-85.385814,34.930823],[1495,1508,-85.385825,34.930755],[1516,1506,-85.385883,34.930725],[1541,1505,-85.385966,34.930714],[1566,1502,-85.386048,34.930702],[1591,1493,-85.38613,34.930691],[1616,1492,-85.386213,34.93068],[1641,1492,-85.386296,34.930678],[1666,1493,-85.38638,34.930676],[1691,1493,-85.386463,34.930674],[1716,1492,-85.386547,34.930672],[1741,1491,-85.386631,34.93067],[1766,1490,-85.386714,34.930668],[1791,1491,-85.386798,34.930666],[1816,1490,-85.386881,34.930664],[1841,1486,-85.386965,34.930662],[1866,1482,-85.387043,34.930683],[1891,1485,-85.387119,34.930712],[1916,1490,-85.387195,34.930741],[1940,1491,-85.387269,34.930771],[1965,1494,-85.387316,34.930828],[1990,1499,-85.387363,34.930884],[2015,1499,-85.38741,34.930941],[2040,1503,-85.387457,34.930997],[2065,1498,-85.387505,34.931054],[2090,1496,-85.387552,34.93111],[2115,1498,-85.387599,34.931167],[2140,1496,-85.387646,34.931223],[2165,1496,-85.387693,34.93128],[2190,1496,-85.387741,34.931337],[2215,1493,-85.387788,34.931393],[2240,1490,-85.387827,34.931452],[2265,1494,-85.387842,34.93152],[2290,1492,-85.387858,34.931587],[2315,1496,-85.387873,34.931654],[2340,1496,-85.387888,34.931722],[2365,1501,-85.387903,34.931789],[2390,1504,-85.387919,34.931857],[2415,1505,-85.387939,34.931922],[2440,1505,-85.38798,34.931982],[2465,1507,-85.388021,34.932042],[2490,1506,-85.388063,34.932101],[2515,1509,-85.388104,34.932161],[2540,1516,-85.388145,34.93222],[2565,1514,-85.388187,34.93228],[2590,1514,-85.388228,34.93234],[2615,1518,-85.388269,34.932399],[2640,1522,-85.388311,34.932459],[2665,1522,-85.388352,34.932518],[2690,1525,-85.388393,34.932578],[2715,1528,-85.388434,34.932637],[2740,1526,-85.38848,34.932694],[2765,1530,-85.388541,34.932741],[2790,1533,-85.388602,34.932788],[2815,1533,-85.388663,34.932835],[2840,1535,-85.388724,34.932881],[2865,1533,-85.388785,34.932928],[2866,1533,-85.388789,34.932931]]}