{"trail":"Bella's Run","distance":8003,"gain":324,"loss":324,"min":2093,"max":2190,"profile":[[0,2096,-85.432155,34.84991],[25,2101,-85.432073,34.849922],[50,2102,-85.43199,34.849933],[75,2101,-85.431908,34.849944],[100,2093,-85.431826,34.849955],[125,2094,-85.431743,34.849967],[150,2098,-85.431661,34.849978],[175,2094,-85.431579,34.849989],[200,2098,-85.431496,34.85],[225,2101,-85.431414,34.850012],[250,2097,-85.431331,34.850023],[275,2099,-85.431249,34.850034],[300,2102,-85.431167,34.850045],[325,2101,-85.431084,34.850057],[350,2105,-85.431002,34.850068],[375,2108,-85.43092,34.850079],[400,2107,-85.430837,34.850091],[425,2110,-85.430755,34.850102],[450,2110,-85.430672,34.850113],[471,2109,-85.430602,34.850106],[496,2115,-85.430571,34.850043],[521,2118,-85.430539,34.849979],[546,2120,-85.430508,34.849916],[571,2119,-85.430476,34.849852],[596,2115,-85.430444,34.849789],[620,2115,-85.430421,34.849726],[645,2115,-85.430452,34.849662],[670,2118,-85.430483,34.849598],[695,2120,-85.430514,34.849535],[720,2116,-85.430545,34.849471],[745,2117,-85.430576,34.849407],[769,2119,-85.43063,34.849358],[794,2125,-85.430698,34.849318],[819,2129,-85.430766,34.849279],[844,2126,-85.430834,34.849239],[869,2128,-85.430902,34.849199],[894,2127,-85.43097,34.84916],[919,2127,-85.431038,34.84912],[944,2126,-85.431106,34.84908],[969,2122,-85.431174,34.849041],[994,2120,-85.431242,34.849001],[1019,2117,-85.43131,34.848961],[1044,2116,-85.431378,34.848922],[1068,2119,-85.431415,34.848865],[1093,2115,-85.431433,34.848798],[1118,2121,-85.43145,34.848731],[1143,2121,-85.431468,34.848664],[1168,2122,-85.431486,34.848597],[1193,2127,-85.431503,34.84853],[1218,2128,-85.431521,34.848463],[1243,2133,-85.431539,34.848396],[1268,2133,-85.431556,34.848329],[1293,2132,-85.431574,34.848262],[1318,2133,-85.431612,34.848201],[1343,2134,-85.431652,34.848141],[1368,2135,-85.431693,34.848081],[1393,2133,-85.431733,34.848021],[1418,2132,-85.431773,34.847961],[1443,2130,-85.431814,34.847901],[1468,2130,-85.431854,34.847841],[1493,2128,-85.431895,34.847781],[1518,2126,-85.431935,34.847721],[1543,2127,-85.431975,34.847662],[1568,2127,-85.432016,34.847602],[1593,2126,-85.432064,34.847546],[1618,2127,-85.432116,34.847492],[1643,2124,-85.432167,34.847438],[1668,2123,-85.432218,34.847384],[1693,2123,-85.43227,34.84733],[1718,2123,-85.432321,34.847276],[1743,2122,-85.432372,34.847222],[1768,2124,-85.432423,34.847168],[1793,2124,-85.432475,34.847113],[1818,2131,-85.432526,34.847059],[1843,2131,-85.432577,34.847005],[1868,2131,-85.432629,34.846951],[1893,2132,-85.43268,34.846897],[1918,2131,-85.432731,34.846843],[1943,2135,-85.432783,34.846789],[1968,2133,-85.432834,34.846735],[1993,2135,-85.432885,34.846681],[2018,2132,-85.432937,34.846627],[2043,2133,-85.432988,34.846573],[2068,2135,-85.433039,34.846519],[2093,2135,-85.433091,34.846465],[2118,2133,-85.433142,34.846411],[2143,2134,-85.433193,34.846357],[2168,2131,-85.433245,34.846303],[2193,2135,-85.433296,34.846249],[2218,2132,-85.433347,34.846194],[2243,2129,-85.433399,34.84614],[2268,2130,-85.43345,34.846086],[2293,2133,-85.433507,34.846037],[2318,2131,-85.433567,34.845989],[2343,2132,-85.433627,34.845942],[2368,2134,-85.433687,34.845894],[2393,2134,-85.433747,34.845846],[2418,2137,-85.433807,34.845799],[2443,2135,-85.433867,34.845751],[2468,2135,-85.433927,34.845703],[2493,2137,-85.433987,34.845656],[2518,2134,-85.434047,34.845608],[2543,2134,-85.434107,34.84556],[2567,2135,-85.43418,34.845529],[2592,2136,-85.434259,34.845508],[2617,2139,-85.434338,34.845486],[2641,2141,-85.434418,34.84548],[2666,2142,-85.434498,34.845499],[2691,2144,-85.434578,34.845518],[2716,2144,-85.434659,34.845536],[2741,2145,-85.434739,34.845555],[2766,2144,-85.434819,34.845574],[2791,2145,-85.434899,34.845593],[2816,2142,-85.43498,34.845612],[2840,2137,-85.435045,34.845573],[2865,2129,-85.435108,34.845529],[2890,2126,-85.435172,34.845484],[2915,2128,-85.435235,34.845439],[2937,2131,-85.4353,34.845408],[2962,2137,-85.43537,34.845445],[2987,2142,-85.435441,34.845481],[3012,2146,-85.435512,34.845518],[3037,2148,-85.435582,34.845554],[3062,2150,-85.435653,34.845591],[3087,2153,-85.435724,34.845627],[3112,2153,-85.435794,34.845664],[3137,2154,-85.435865,34.8457],[3162,2145,-85.435941,34.845674],[3187,2134,-85.436016,34.845645],[3212,2135,-85.436092,34.845616],[3236,2137,-85.436169,34.845602],[3261,2145,-85.436248,34.845624],[3286,2148,-85.436327,34.845645],[3308,2142,-85.436374,34.845598],[3333,2133,-85.436415,34.845538],[3358,2133,-85.436456,34.845479],[3383,2136,-85.436497,34.845419],[3408,2141,-85.436539,34.845359],[3433,2143,-85.43658,34.8453],[3458,2141,-85.436623,34.845242],[3483,2139,-85.436697,34.845211],[3508,2142,-85.436772,34.845181],[3533,2144,-85.436847,34.84515],[3557,2147,-85.43692,34.845122],[3582,2149,-85.436967,34.845179],[3607,2153,-85.437013,34.845237],[3631,2155,-85.437068,34.845283],[3656,2154,-85.437149,34.845301],[3681,2152,-85.43723,34.845319],[3706,2155,-85.43731,34.845336],[3728,2156,-85.437374,34.845367],[3753,2159,-85.43739,34.845435],[3778,2164,-85.437406,34.845502],[3803,2163,-85.437423,34.845569],[3828,2163,-85.437439,34.845636],[3852,2159,-85.437457,34.845702],[3877,2156,-85.437541,34.845702],[3902,2155,-85.437624,34.845702],[3927,2156,-85.437708,34.845702],[3947,2159,-85.437765,34.84573],[3972,2163,-85.437786,34.845796],[3997,2165,-85.437807,34.845862],[4022,2167,-85.437828,34.845929],[4047,2168,-85.43785,34.845995],[4067,2167,-85.437894,34.846034],[4092,2164,-85.437978,34.846029],[4117,2164,-85.438061,34.846024],[4142,2165,-85.438144,34.846018],[4167,2167,-85.438228,34.846013],[4192,2172,-85.438311,34.846008],[4217,2178,-85.438394,34.846003],[4242,2181,-85.438477,34.845997],[4267,2185,-85.438561,34.845992],[4292,2189,-85.438644,34.845987],[4308,2190,-85.4387,34.845983],[6233,2124,-85.432434,34.847163],[6258,2122,-85.432382,34.847217],[6283,2123,-85.43233,34.847271],[6308,2123,-85.432279,34.847324],[6333,2127,-85.432227,34.847378],[6358,2124,-85.432175,34.847432],[6383,2127,-85.432123,34.847486],[6408,2126,-85.432071,34.847539],[6433,2127,-85.432021,34.847594],[6458,2125,-85.431981,34.847654],[6483,2126,-85.43194,34.847714],[6508,2128,-85.4319,34.847774],[6533,2130,-85.431859,34.847834],[6558,2130,-85.431819,34.847894],[6583,2132,-85.431779,34.847954],[6608,2133,-85.431738,34.848014],[6633,2133,-85.431698,34.848074],[6658,2134,-85.431657,34.848134],[6683,2133,-85.431617,34.848194],[6708,2134,-85.431577,34.848254],[6733,2132,-85.431559,34.84832],[6758,2133,-85.431541,34.848387],[6783,2128,-85.431523,34.848454],[6808,2127,-85.431506,34.848521],[6833,2122,-85.431488,34.848588],[6858,2121,-85.43147,34.848655],[6883,2121,-85.431453,34.848722],[6908,2115,-85.431435,34.848789],[6933,2119,-85.431417,34.848856],[6957,2116,-85.431387,34.848916],[6982,2116,-85.431319,34.848956],[7007,2120,-85.431251,34.848996],[7032,2122,-85.431183,34.849036],[7057,2126,-85.431115,34.849075],[7082,2127,-85.431047,34.849115],[7107,2129,-85.430979,34.849155],[7132,2128,-85.430911,34.849194],[7157,2126,-85.430843,34.849234],[7182,2126,-85.430774,34.849274],[7207,2125,-85.430706,34.849313],[7232,2124,-85.430638,34.849353],[7256,2117,-85.43058,34.849399],[7281,2121,-85.430549,34.849463],[7306,2120,-85.430518,34.849526],[7331,2117,-85.430487,34.84959],[7356,2115,-85.430456,34.849654],[7381,2115,-85.430425,34.849717],[7405,2115,-85.43044,34.849781],[7430,2119,-85.430472,34.849844],[7455,2122,-85.430504,34.849908],[7480,2118,-85.430535,34.849971],[7505,2115,-85.430567,34.850035],[7530,2109,-85.430598,34.850098],[7549,2110,-85.430662,34.850114],[7574,2110,-85.430744,34.850103],[7599,2107,-85.430827,34.850092],[7624,2108,-85.430909,34.850081],[7649,2105,-85.430991,34.850069],[7674,2101,-85.431074,34.850058],[7699,2102,-85.431156,34.850047],[7724,2099,-85.431238,34.850036],[7749,2097,-85.431321,34.850024],[7774,2102,-85.431403,34.850013],[7799,2100,-85.431486,34.850002],[7824,2096,-85.431568,34.849991],[7849,2098,-85.43165,34.849979],[7874,2094,-85.431733,34.849968],[7899,2093,