{"trail":"Bella's Run","distance":6074,"gain":325,"loss":259,"min":2093,"max":2190,"profile":[[0,2124,-85.432434,34.847163],[25,2122,-85.432382,34.847217],[50,2123,-85.43233,34.847271],[75,2123,-85.432279,34.847324],[100,2127,-85.432227,34.847378],[125,2124,-85.432175,34.847432],[150,2127,-85.432123,34.847486],[175,2126,-85.432071,34.847539],[200,2127,-85.432021,34.847594],[225,2125,-85.431981,34.847654],[250,2126,-85.43194,34.847714],[275,2128,-85.4319,34.847774],[300,2130,-85.431859,34.847834],[325,2130,-85.431819,34.847894],[350,2132,-85.431779,34.847954],[375,2133,-85.431738,34.848014],[400,2133,-85.431698,34.848074],[425,2134,-85.431657,34.848134],[450,2133,-85.431617,34.848194],[475,2134,-85.431577,34.848254],[500,2132,-85.431559,34.84832],[525,2133,-85.431541,34.848387],[550,2128,-85.431523,34.848454],[575,2127,-85.431506,34.848521],[600,2122,-85.431488,34.848588],[625,2121,-85.43147,34.848655],[650,2121,-85.431453,34.848722],[675,2115,-85.431435,34.848789],[700,2119,-85.431417,34.848856],[724,2116,-85.431387,34.848916],[749,2116,-85.431319,34.848956],[774,2120,-85.431251,34.848996],[799,2122,-85.431183,34.849036],[824,2126,-85.431115,34.849075],[849,2127,-85.431047,34.849115],[874,2129,-85.430979,34.849155],[899,2128,-85.430911,34.849194],[924,2126,-85.430843,34.849234],[949,2126,-85.430774,34.849274],[974,2125,-85.430706,34.849313],[999,2124,-85.430638,34.849353],[1023,2117,-85.43058,34.849399],[1048,2121,-85.430549,34.849463],[1073,2120,-85.430518,34.849526],[1098,2117,-85.430487,34.84959],[1123,2115,-85.430456,34.849654],[1148,2115,-85.430425,34.849717],[1171,2115,-85.43044,34.849781],[1196,2119,-85.430472,34.849844],[1221,2122,-85.430504,34.849908],[1246,2118,-85.430535,34.849971],[1271,2115,-85.430567,34.850035],[1296,2109,-85.430598,34.850098],[1316,2110,-85.430662,34.850114],[1341,2110,-85.430744,34.850103],[1366,2107,-85.430827,34.850092],[1391,2108,-85.430909,34.850081],[1416,2105,-85.430991,34.850069],[1441,2101,-85.431074,34.850058],[1466,2102,-85.431156,34.850047],[1491,2099,-85.431238,34.850036],[1516,2097,-85.431321,34.850024],[1541,2102,-85.431403,34.850013],[1566,2100,-85.431486,34.850002],[1591,2096,-85.431568,34.849991],[1616,2098,-85.43165,34.849979],[1641,2094,-85.431733,34.849968],[1666,2093,-85.431815,34.849957],[1691,2094,-85.431897,34.849945],[1716,2102,-85.43198,34.849934],[1741,2101,-85.432062,34.849923],[1766,2096,-85.432145,34.849912],[1785,2101,-85.432083,34.84992],[1810,2102,-85.432001,34.849931],[1835,2101,-85.431919,34.849943],[1860,2093,-85.431836,34.849954],[1885,2093,-85.431754,34.849965],[1910,2096,-85.431672,34.849976],[1935,2094,-85.431589,34.849988],[1960,2098,-85.431507,34.849999],[1985,2101,-85.431424,34.85001],[2010,2097,-85.431342,34.850021],[2035,2099,-85.43126,34.850033],[2060,2102,-85.431177,34.850044],[2085,2101,-85.431095,34.850055],[2110,2105,-85.431013,34.850067],[2135,2108,-85.43093,34.850078],[2160,2105,-85.430848,34.850089],[2185,2109,-85.430765,34.8501],[2210,2110,-85.430683,34.850112],[2233,2109,-85.430607,34.850114],[2258,2115,-85.430575,34.850051],[2283,2116,-85.430543,34.849987],[2308,2120,-85.430512,34.849924],[2333,2119,-85.43048,34.849861],[2358,2115,-85.430448,34.849797],[2383,2115,-85.430417,34.849734],[2408,2115,-85.430448,34.84967],[2433,2118,-85.430479,34.849606],[2458,2120,-85.43051,34.849543],[2483,2116,-85.430541,34.849479],[2508,2117,-85.430572,34.849416],[2532,2119,-85.430621,34.849363],[2557,2125,-85.430689,34.849324],[2582,2126,-85.430757,34.849284],[2607,2129,-85.430825,34.849244],[2632,2128,-85.430893,34.849204],[2657,2127,-85.430961,34.849165],[2682,2127,-85.431029,34.849125],[2707,2125,-85.431097,34.849085],[2732,2122,-85.431165,34.849046],[2757,2120,-85.431233,34.849006],[2782,2117,-85.431302,34.848966],[2807,2120,-85.43137,34.848927],[2830,2119,-85.431413,34.848873],[2855,2115,-85.43143,34.848807],[2880,2121,-85.431448,34.84874],[2905,2121,-85.431466,34.848673],[2930,2122,-85.431483,34.848606],[2955,2127,-85.431501,34.848539],[2980,2127,-85.431519,34.848472],[3005,2133,-85.431536,34.848405],[3030,2133,-85.431554,34.848338],[3055,2132,-85.431572,34.848271],[3080,2133,-85.431607,34.848209],[3105,2134,-85.431647,34.848149],[3130,2135,-85.431687,34.848089],[3155,2133,-85.431728,34.848029],[3180,2132,-85.431768,34.847969],[3205,2133,-85.431809,34.847909],[3230,2130,-85.431849,34.847849],[3255,2128,-85.431889,34.847789],[3280,2129,-85.43193,34.847729],[3305,2127,-85.43197,34.847669],[3330,2127,-85.432011,34.847609],[3355,2129,-85.432058,34.847553],[3380,2127,-85.432109,34.847499],[3405,2124,-85.43216,34.847445],[3430,2123,-85.432212,34.847391],[3455,2123,-85.432263,34.847337],[3480,2123,-85.432314,34.847283],[3505,2122,-85.432366,34.847229],[3530,2124,-85.432417,34.847174],[3555,2124,-85.432468,34.84712],[3580,2127,-85.432519,34.847066],[3605,2131,-85.432571,34.847012],[3630,2132,-85.432622,34.846958],[3655,2132,-85.432673,34.846904],[3680,2133,-85.432725,34.84685],[3705,2131,-85.432776,34.846796],[3730,2135,-85.432827,34.846742],[3755,2135,-85.432879,34.846688],[3780,2132,-85.43293,34.846634],[3805,2133,-85.432981,34.84658],[3830,2131,-85.433033,34.846526],[3855,2135,-85.433084,34.846472],[3880,2133,-85.433135,34.846418],[3905,2134,-85.433187,34.846364],[3930,2131,-85.433238,34.84631],[3955,2132,-85.433289,34.846255],[3980,2132,-85.433341,34.846201],[4005,2132,-85.433392,34.846147],[4030,2130,-85.433443,34.846093],[4055,2130,-85.4335,34.846043],[4080,2131,-85.43356,34.845995],[4105,2132,-85.43362,34.845948],[4130,2136,-85.43368,34.8459],[4155,2134,-85.43374,34.845852],[4180,2135,-85.4338,34.845805],[4205,2137,-85.43386,34.845757],[4230,2135,-85.43392,34.845709],[4255,2137,-85.43398,34.845662],[4280,2137,-85.43404,34.845614],[4305,2134,-85.4341,34.845566],[4329,2135,-85.43417,34.845532],[4354,2138,-85.434249,34.84551],[4379,2139,-85.434328,34.845489],[4403,2140,-85.434407,34.845477],[4428,2142,-85.434488,34.845496],[4453,2144,-85.434568,34.845515],[4478,2144,-85.434648,34.845534],[4503,2145,-85.434729,34.845553],[4528,2144,-85.434809,34.845572],[4553,2145,-85.434889,34.84559],[4578,2142,-85.434969,34.845609],[4601,2140,-85.435037,34.845579],[4626,2129,-85.4351,34.845534],[4651,2126,-85.435163,34.84549],[4676,2128,-85.435227,34.845445],[4701,2131,-85.435291,34.845403],[4726,2137,-85.435361,34.84544],[4751,2142,-85.435432,34.845476],[4776,2146,-85.435502,34.845513],[4801,2148,-85.435573,34.84555],[4826,2151,-85.435644,34.845586],[4851,2153,-85.435714,34.845623],[4876,2153,-85.435785,34.845659],[4901,2154,-85.435856,34.845696],[4924,2145,-85.435931,34.845677],[4949,2137,-85.436007,34.845649],[4974,2135,-85.436082,34.84562],[4998,2134,-85.436159,34.845599],[5023,2145,-85.436238,34.845621],[5048,2148,-85.436317,34.845643],[5069,2142,-85.436369,34.845606],[5094,2136,-85.43641,34.845546],[5119,2133,-85.436451,34.845486],[5144,2136,-85.436492,34.845427],[5169,2142,-85.436533,34.845367],[5194,2143,-85.436574,34.845307],[5219,2141,-85.436615,34.845248],[5243,2139,-85.436688,34.845215],[5268,2139,-85.436763,34.845184],[5293,2144,-85.436837,34.845154],[5318,2147,-85.436912,34.845123],[5342,2149,-85.436961,34.845172],[5367,2153,-85.437007,34.845229],[5391,2155,-85.437058,34.845281],[5416,2154,-85.437139,34.845299],[5441,2152,-85.437219,34.845316],[5466,2155,-85.4373,34.845334],[5489,2153,-85.437372,34.845359],[5514,2159,-85.437388,34.845426],[5539,2164,-85.437404,34.845493],[5564,2163,-85.437421,34.84556],[5589,2163,-85.437437,34.845627],[5614,2162,-85.437454,34.845695],[5637,2156,-85.43753,34.845702],[5662,2155,-85.437614,34.845702],[5687,2156,-85.437697,34.845702],[5708,2159,-85.437762,34.845721],[5733,2161,-85.437783,34.845788],[5758,2163,-85.437804,34.845854],[5783,2167,-85.437826,34.84592],[5808,2168,-85.437847,34.845987],[5829,2169,-85.437884,34.846035],[5854,2166,-85.437967,34.84603],[5879,2163,-85.43805,34.846024],[5904,2164,-85.438134,34.846019],[5929,2167,-85.438217,34.846014],[5954,2172,-85.4383,34.846009],[5979,2178,-85.438383,34.846003],[6004,2181,-85.438467,