{"trail":"Big Red","distance":6589,"gain":474,"loss":316,"min":877,"max":1151,"profile":[[0,877,-85.056775,35.04291],[25,879,-85.056858,35.04291],[50,881,-85.056942,35.04291],[75,881,-85.057001,35.042957],[100,883,-85.057058,35.043007],[125,885,-85.057115,35.043057],[150,885,-85.057172,35.043107],[175,891,-85.057229,35.043157],[200,893,-85.057286,35.043207],[225,892,-85.057344,35.043258],[250,898,-85.057401,35.043308],[275,898,-85.057458,35.043358],[300,900,-85.057515,35.043408],[324,903,-85.057574,35.043456],[349,909,-85.057655,35.043474],[374,910,-85.057735,35.043492],[399,915,-85.057816,35.04351],[424,918,-85.057897,35.043528],[449,924,-85.057978,35.043546],[474,928,-85.058058,35.043564],[499,935,-85.058139,35.043582],[524,939,-85.05822,35.0436],[547,941,-85.058286,35.043631],[572,942,-85.058319,35.043694],[594,941,-85.05837,35.043735],[619,947,-85.058454,35.043735],[643,953,-85.058537,35.043737],[668,956,-85.058607,35.043774],[693,957,-85.058677,35.043812],[718,960,-85.058747,35.04385],[743,963,-85.058817,35.043887],[768,963,-85.058887,35.043925],[793,966,-85.058957,35.043962],[818,966,-85.059027,35.044],[843,969,-85.059097,35.044037],[862,969,-85.059151,35.04406],[887,971,-85.059113,35.043999],[912,975,-85.059076,35.043937],[937,975,-85.059038,35.043876],[962,977,-85.059001,35.043815],[987,980,-85.058964,35.043754],[1011,982,-85.059034,35.043789],[1036,982,-85.059105,35.043825],[1057,988,-85.059174,35.043818],[1082,993,-85.059242,35.043778],[1100,1000,-85.059303,35.043773],[1125,1000,-85.059352,35.043829],[1150,997,-85.059402,35.043884],[1175,998,-85.059451,35.04394],[1196,1005,-85.05949,35.043892],[1218,1013,-85.059534,35.043844],[1243,1021,-85.059615,35.043861],[1268,1024,-85.059696,35.043879],[1293,1030,-85.059777,35.043896],[1318,1031,-85.059858,35.043913],[1343,1035,-85.059939,35.043927],[1368,1041,-85.060021,35.043914],[1393,1052,-85.060104,35.043901],[1418,1055,-85.060186,35.043889],[1443,1065,-85.060268,35.043876],[1468,1068,-85.06035,35.043863],[1491,1067,-85.060421,35.043887],[1516,1066,-85.060485,35.043931],[1526,1068,-85.060493,35.043904],[1551,1073,-85.060469,35.043838],[1576,1075,-85.060445,35.043773],[1601,1078,-85.060369,35.043745],[1626,1080,-85.060292,35.043719],[1651,1080,-85.060215,35.043692],[1676,1076,-85.060138,35.043665],[1701,1078,-85.060061,35.043639],[1726,1077,-85.059983,35.043612],[1751,1074,-85.059906,35.043586],[1776,1071,-85.059829,35.043559],[1801,1063,-85.059752,35.043533],[1826,1064,-85.059675,35.043506],[1851,1061,-85.059597,35.04348],[1876,1058,-85.05952,35.043453],[1901,1051,-85.059443,35.043427],[1926,1049,-85.059366,35.0434],[1951,1050,-85.059289,35.043374],[1976,1047,-85.059211,35.043347],[2001,1040,-85.059134,35.043321],[2023,1043,-85.059105,35.043264],[2048,1048,-85.059093,35.043196],[2072,1051,-85.059135,35.043139],[2097,1053,-85.059182,35.043082],[2122,1054,-85.059229,35.043025],[2147,1055,-85.059275,35.042968],[2172,1053,-85.059322,35.042911],[2197,1051,-85.059369,35.042855],[2222,1054,-85.059416,35.042798],[2247,1051,-85.059463,35.042741],[2272,1052,-85.059509,35.042684],[2297,1051,-85.059556,35.042627],[2322,1053,-85.059603,35.042571],[2347,1058,-85.05965,35.042514],[2372,1064,-85.059697,35.042457],[2395,1073,-85.059766,35.042435],[2420,1082,-85.05985,35.042435],[2440,1082,-85.059854,35.042492],[2465,1079,-85.059842,35.042559],[2490,1080,-85.05983,35.042627],[2515,1083,-85.059818,35.042695],[2540,1086,-85.059805,35.042763],[2565,1086,-85.059793,35.04283],[2590,1089,-85.059781,35.042898],[2608,1091,-85.059829,35.04287],[2633,1096,-85.059889,35.042823],[2658,1097,-85.059949,35.042775],[2683,1100,-85.060009,35.042727],[2708,1107,-85.060069,35.04268],[2733,1109,-85.06013,35.042632],[2758,1113,-85.06019,35.042584],[2783,1114,-85.06025,35.042537],[2808,1116,-85.06031,35.042489],[2833,1123,-85.06037,35.042442],[2852,1126,-85.060419,35.042409],[2877,1124,-85.060394,35.042474],[2902,1125,-85.060369,35.04254],[2927,1122,-85.060344,35.042605],[2952,1125,-85.060319,35.042671],[2970,1128,-85.06038,35.042659],[2995,1136,-85.060457,35.042633],[3020,1141,-85.060534,35.042606],[3045,1144,-85.060611,35.042579],[3070,1145,-85.060688,35.042553],[3083,1146,-85.06072,35.042579],[3108,1148,-85.060714,35.042647],[3133,1149,-85.060709,35.042715],[3158,1149,-85.060703,35.042784],[3179,1151,-85.060758,35.042816],[3204,1151,-85.060839,35.042833],[3229,1150,-85.06092,35.042849],[3253,1148,-85.060989,35.042883],[3278,1143,-85.061046,35.042934],[3303,1139,-85.061103,35.042984],[3328,1130,-85.06116,35.043034],[3353,1126,-85.061217,35.043084],[3375,1121,-85.061281,35.043118],[3400,1121,-85.061364,35.043109],[3425,1122,-85.061447,35.043099],[3450,1118,-85.06153,35.04309],[3475,1114,-85.061613,35.04308],[3500,1109,-85.061696,35.043071],[3525,1112,-85.061779,35.043061],[3550,1111,-85.061862,35.043052],[3575,1110,-85.061944,35.043042],[3600,1108,-85.062027,35.043033],[3625,1108,-85.06211,35.043023],[3650,1103,-85.062192,35.043011],[3675,1100,-85.062265,35.042977],[3700,1097,-85.062338,35.042944],[3725,1097,-85.062411,35.042911],[3750,1098,-85.062485,35.042878],[3775,1098,-85.062558,35.042844],[3799,1094,-85.062628,35.042872],[3824,1087,-85.062698,35.04291],[3849,1081,-85.062767,35.042948],[3874,1075,-85.062837,35.042986],[3899,1067,-85.062906,35.043024],[3920,1060,-85.062976,35.043038],[3945,1064,-85.063045,35.042999],[3970,1070,-85.063113,35.04296],[3995,1071,-85.063182,35.042921],[4019,1067,-85.063255,35.042893],[4044,1064,-85.063339,35.042897],[4069,1062,-85.063422,35.0429],[4094,1061,-85.063506,35.042903],[4119,1059,-85.063589,35.042907],[4143,1056,-85.06367,35.042904],[4168,1060,-85.063734,35.042859],[4193,1064,-85.063797,35.042814],[4218,1065,-85.06386,35.04277],[4243,1066,-85.063923,35.042725],[4268,1070,-85.063985,35.042679],[4293,1072,-85.064012,35.042614],[4318,1076,-85.064038,35.042549],[4343,1078,-85.064065,35.042484],[4368,1079,-85.064091,35.042419],[4393,1083,-85.064118,35.042354],[4418,1085,-85.064144,35.042289],[4443,1084,-85.064171,35.042224],[4468,1083,-85.064197,35.042159],[4493,1081,-85.064224,35.042094],[4518,1077,-85.06425,35.042029],[4534,1073,-85.064222,35.041993],[4559,1068,-85.064139,35.041986],[4584,1062,-85.064055,35.041979],[4607,1061,-85.064016,35.042036],[4632,1062,-85.06398,35.042098],[4657,1063,-85.063945,35.04216],[4682,1061,-85.063909,35.042222],[4707,1062,-85.063873,35.042284],[4732,1065,-85.063838,35.042346],[4757,1064,-85.063802,35.042408],[4782,1063,-85.063767,35.04247],[4807,1063,-85.063731,35.042532],[4831,1064,-85.063684,35.042584],[4856,1062,-85.063608,35.042613],[4881,1061,-85.063532,35.042642],[4906,1063,-85.063456,35.04267],[4929,1066,-85.063382,35.042661],[4954,1068,-85.063309,35.042627],[4979,1068,-85.063236,35.042593],[5004,1071,-85.063163,35.04256],[5029,1073,-85.06309,35.042526],[5053,1075,-85.063008,35.042536],[5078,1081,-85.062926,35.042549],[5100,1083,-85.062852,35.042544],[5125,1079,-85.062795,35.042493],[5150,1077,-85.062738,35.042443],[5175,1073,-85.062681,35.042393],[5200,1072,-85.062624,35.042343],[5220,1069,-85.062561,35.042327],[5245,1071,-85.062489,35.042362],[5270,1073,-85.062418,35.042397],[5295,1077,-85.062346,35.042432],[5320,1082,-85.062274,35.042468],[5345,1082,-85.062192,35.042461],[5370,1083,-85.062109,35.042451],[5395,1084,-85.062027,35.042442],[5420,1080,-85.061944,35.042432],[5445,1081,-85.061861,35.042422],[5470,1081,-85.061778,35.042412],[5495,1082,-85.061695,35.042402],[5520,1076,-85.061612,35.042392],[5543,1078,-85.061536,35.042376],[5568,1068,-85.061511,35.042311],[5593,1062,-85.061486,35.042245],[5618,1061,-85.061461,35.04218],[5643,1058,-85.061436,35.042114],[5667,1063,-85.061373,35.042073],[5692,1066,-85.061302,35.042037],[5717,1065,-85.061231,35.042001],[5742,1066,-85.06116,35.041965],[5767,1070,-85.061077,35.04196],[5792,1074,-85.060994,35.041959],[5817,1078,-85.06091,35.041958],[5842,1083,-85.060826,35.041957],[5867,1087,-85.060742,35.041956],[5892,1089,-85.060659,35.041955],[5917,1092,-85.060575,35.041954],[5942,1094,-85.060491,35.041953],[5967,