{"trail":"Big Bark","distance":6358,"gain":54,"loss":43,"min":3204,"max":3266,"profile":[[0,3200,-121.291592,44.230296],[114,3203,-121.291991,44.230173],[159,3203,-121.292163,44.230173],[229,3204,-121.292421,44.230111],[325,3206,-121.292764,44.230019],[391,3208,-121.29299,44.229941],[460,3210,-121.293193,44.229819],[494,3212,-121.29329,44.229758],[550,3214,-121.293397,44.229626],[611,3216,-121.293558,44.229503],[676,3218,-121.293772,44.229412],[744,3220,-121.294019,44.229358],[776,3220,-121.294137,44.229335],[804,3221,-121.294201,44.229273],[872,3224,-121.294244,44.229089],[930,3225,-121.29433,44.228943],[1000,3227,-121.294438,44.228766],[1089,3229,-121.294545,44.228535],[1157,3231,-121.294695,44.228381],[1208,3232,-121.294717,44.228243],[1279,3234,-121.294759,44.228051],[1319,3235,-121.294792,44.227943],[1376,3237,-121.29491,44.227812],[1432,3238,-121.295038,44.227689],[1489,3239,-121.295135,44.227551],[1554,3240,-121.295157,44.227373],[1604,3242,-121.295156,44.227236],[1700,3246,-121.295199,44.226974],[1751,3249,-121.295274,44.226844],[1829,3253,-121.295371,44.226644],[1894,3257,-121.295457,44.226475],[1944,3260,-121.295543,44.226352],[1988,3261,-121.295693,44.226298],[2061,3262,-121.295962,44.226243],[2163,3260,-121.296348,44.226212],[2223,3260,-121.296573,44.226182],[2292,3262,-121.296755,44.226044],[2346,3263,-121.296894,44.225937],[2408,3264,-121.296937,44.225768],[2456,3266,-121.296948,44.225637],[2496,3266,-121.297034,44.225544],[2567,3267,-121.297184,44.225383],[2633,3268,-121.29727,44.225214],[2699,3268,-121.297324,44.225037],[2787,3268,-121.29742,44.224806],[2863,3267,-121.297506,44.224607],[2945,3266,-121.297538,44.224384],[3021,3265,-121.297549,44.224176],[3094,3265,-121.297549,44.223976],[3155,3264,-121.297538,44.223807],[3207,3264,-121.297667,44.223699],[3288,3264,-121.297892,44.223546],[3347,3264,-121.298096,44.223476],[3447,3264,-121.298472,44.223523],[3495,3264,-121.298654,44.223499],[3574,3264,-121.298944,44.223437],[3644,3263,-121.299115,44.223292],[3712,3262,-121.299244,44.22313],[3799,3261,-121.299362,44.222907],[3889,3260,-121.299512,44.222684],[3991,3258,-121.299845,44.222538],[4061,3256,-121.300027,44.222399],[4102,3255,-121.300102,44.222299],[4160,3254,-121.300038,44.222146],[4228,3252,-121.300049,44.221962],[4303,3250,-121.300199,44.221785],[4416,3248,-121.300178,44.221477],[4515,3246,-121.300231,44.221208],[4556,3246,-121.300274,44.2211],[4627,3244,-121.300392,44.220924],[4704,3242,-121.30051,44.220731],[4763,3241,-121.30066,44.220608],[4808,3240,-121.300714,44.220493],[4869,3238,-121.300832,44.220347],[4929,3237,-121.301004,44.220239],[4973,3237,-121.301154,44.220184],[5015,3235,-121.301282,44.220115],[5090,3234,-121.301497,44.219978],[5141,3232,-121.301658,44.219901],[5191,3232,-121.301765,44.219786],[5240,3230,-121.301862,44.21967],[5296,3230,-121.301969,44.21954],[5417,3230,-121.302001,44.219208],[5470,3230,-121.30198,44.219063],[5559,3228,-121.302141,44.218848],[5638,3226,-121.302323,44.218677],[5679,3226,-121.30243,44.218594],[5785,3222,-121.302795,44.218471],[5845,3219,-121.302924,44.218333],[5921,3216,-121.302999,44.218131],[5980,3215,-121.30301,44.217971],[6031,3215,-121.302967,44.217833],[6075,3214,-121.30286,44.21774],[6122,3211,-121.302903,44.217617],[6187,3210,-121.30287,44.217441],[6236,3209,-121.302817,44.21731],[6274,3208,-121.302767,44.217214],[6318,3207,-121.302828,44.2171],[6358,3204,-121.302967,44.217059]]}