{"trail":"Big Forest","distance":3823,"gain":224,"loss":243,"min":973,"max":1075,"profile":[[0,1075,-85.039608,35.044333],[25,1071,-85.039619,35.044401],[50,1062,-85.039629,35.044469],[75,1053,-85.03964,35.044537],[100,1047,-85.03965,35.044605],[124,1044,-85.039603,35.044658],[149,1043,-85.039546,35.044709],[174,1043,-85.03949,35.044759],[199,1045,-85.039434,35.04481],[224,1046,-85.039378,35.044861],[249,1053,-85.039322,35.044912],[274,1056,-85.039265,35.044962],[299,1056,-85.039209,35.045013],[324,1056,-85.039153,35.045064],[349,1050,-85.039097,35.045115],[374,1046,-85.03904,35.045165],[399,1040,-85.038984,35.045216],[424,1038,-85.038928,35.045267],[449,1034,-85.038872,35.045318],[474,1034,-85.038815,35.045368],[499,1043,-85.038734,35.045382],[524,1045,-85.038652,35.045396],[547,1047,-85.038574,35.04539],[572,1050,-85.038505,35.045352],[597,1053,-85.038435,35.045314],[622,1049,-85.038374,35.045268],[647,1046,-85.03832,35.045216],[672,1044,-85.038266,35.045163],[697,1036,-85.038212,35.045111],[722,1035,-85.038157,35.045059],[747,1034,-85.038103,35.045007],[772,1037,-85.038049,35.044955],[797,1033,-85.037994,35.044903],[822,1036,-85.03794,35.04485],[845,1039,-85.037921,35.044791],[870,1042,-85.037935,35.044723],[895,1044,-85.03795,35.044656],[920,1047,-85.037965,35.044588],[945,1046,-85.037979,35.044521],[970,1042,-85.037994,35.044453],[995,1044,-85.038008,35.044386],[1020,1040,-85.038023,35.044318],[1045,1035,-85.038038,35.044251],[1070,1036,-85.038052,35.044183],[1095,1033,-85.038067,35.044116],[1120,1031,-85.038081,35.044048],[1145,1033,-85.038096,35.043981],[1170,1032,-85.038111,35.043913],[1195,1030,-85.038125,35.043846],[1220,1032,-85.03814,35.043778],[1245,1031,-85.038154,35.043711],[1270,1030,-85.038169,35.043643],[1295,1033,-85.038184,35.043576],[1320,1032,-85.038198,35.043509],[1345,1031,-85.038213,35.043441],[1369,1034,-85.038248,35.043379],[1394,1037,-85.038284,35.043317],[1419,1039,-85.03832,35.043255],[1444,1039,-85.038357,35.043194],[1469,1037,-85.038393,35.043132],[1494,1038,-85.038429,35.04307],[1519,1032,-85.038466,35.043008],[1544,1030,-85.038507,35.04295],[1569,1031,-85.038565,35.0429],[1594,1027,-85.038622,35.04285],[1619,1026,-85.038679,35.0428],[1644,1023,-85.038736,35.04275],[1669,1021,-85.038794,35.0427],[1694,1018,-85.038851,35.04265],[1719,1013,-85.038908,35.0426],[1744,1010,-85.038966,35.04255],[1769,1003,-85.039023,35.0425],[1794,1004,-85.03908,35.04245],[1819,1000,-85.039137,35.0424],[1844,1001,-85.039195,35.04235],[1869,1006,-85.039252,35.0423],[1894,1004,-85.039309,35.04225],[1919,1005,-85.039367,35.0422],[1944,1007,-85.039424,35.04215],[1969,1008,-85.039482,35.042101],[1994,1009,-85.039557,35.04207],[2019,1008,-85.039631,35.04204],[2044,1006,-85.039706,35.042009],[2069,1004,-85.039781,35.041978],[2094,1008,-85.039856,35.041948],[2119,1009,-85.039931,35.041917],[2144,1008,-85.040006,35.041886],[2169,1009,-85.040081,35.041856],[2194,1009,-85.040155,35.041825],[2219,1006,-85.040215,35.041778],[2244,997,-85.040272,35.041727],[2269,993,-85.040329,35.041677],[2294,984,-85.040386,35.041627],[2319,983,-85.040443,35.041577],[2343,978,-85.040419,35.041513],[2368,973,-85.040391,35.041448],[2393,974,-85.040364,35.041383],[2418,974,-85.040336,35.041319],[2443,974,-85.040308,35.041254],[2468,978,-85.040281,35.041189],[2493,978,-85.040253,35.041125],[2518,977,-85.040225,35.04106],[2543,979,-85.040198,35.040995],[2568,980,-85.04017,35.040931],[2593,983,-85.040142,35.040866],[2618,991,-85.040115,35.040801],[2643,992,-85.040087,35.040737],[2668,996,-85.040059,35.040672],[2693,993,-85.040032,35.040607],[2718,989,-85.040004,35.040543],[2742,993,-85.04002,35.04048],[2767,991,-85.040059,35.04042],[2792,994,-85.040097,35.040359],[2817,999,-85.040136,35.040298],[2842,1000,-85.040174,35.040237],[2867,999,-85.040213,35.040176],[2892,996,-85.040252,35.040116],[2917,996,-85.04029,35.040055],[2942,991,-85.040329,35.039994],[2967,985,-85.040367,35.039933],[2992,984,-85.040406,35.039872],[3017,977,-85.040445,35.039811],[3042,975,-85.040483,35.039751],[3067,976,-85.040522,35.03969],[3092,979,-85.04056,35.039629],[3117,982,-85.040599,35.039568],[3142,985,-85.040637,35.039507],[3167,988,-85.040676,35.039447],[3192,993,-85.040715,35.039386],[3217,997,-85.040753,35.039325],[3242,1000,-85.040792,35.039264],[3267,999,-85.04083,35.039203],[3289,1004,-85.04084,35.039141],[3314,1000,-85.04081,35.039077],[3339,1003,-85.04078,35.039014],[3364,1013,-85.040749,35.03895],[3389,1024,-85.040719,35.038886],[3396,1024,-85.040732,35.038872],[3421,1020,-85.040795,35.038917],[3446,1012,-85.040859,35.038962],[3471,1015,-85.040922,35.039007],[3496,1018,-85.040985,35.039052],[3519,1024,-85.041024,35.039106],[3544,1025,-85.041022,35.039174],[3569,1028,-85.041021,35.039243],[3594,1030,-85.041019,35.039311],[3619,1032,-85.041017,35.03938],[3644,1033,-85.041016,35.039448],[3669,1035,-85.041014,35.039517],[3694,1038,-85.041012,35.039585],[3719,1040,-85.04101,35.039654],[3744,1043,-85.041009,35.039722],[3769,1047,-85.041007,35.039791],[3794,1052,-85.041005,35.039859],[3819,1058,-85.041004,35.039928],[3823,1056,-85.041003,35.039941]]}