{"trail":"Biscuits & Gravy","distance":3246,"gain":28,"loss":333,"min":1096,"max":1401,"profile":[[0,1401,-85.314181,35.1393],[25,1397,-85.31413,35.139246],[50,1394,-85.314079,35.139192],[75,1389,-85.314028,35.139137],[100,1386,-85.313977,35.139083],[125,1383,-85.313926,35.139028],[136,1381,-85.313891,35.139037],[161,1382,-85.31387,35.139103],[186,1380,-85.313849,35.139169],[211,1381,-85.313828,35.139236],[236,1379,-85.313808,35.139302],[261,1379,-85.313787,35.139369],[286,1377,-85.313766,35.139435],[311,1378,-85.313745,35.139501],[336,1375,-85.313724,35.139568],[356,1372,-85.313687,35.139613],[381,1369,-85.313604,35.139602],[405,1362,-85.313539,35.139564],[430,1359,-85.313481,35.139514],[455,1353,-85.313423,35.139465],[480,1350,-85.313365,35.139416],[505,1348,-85.313307,35.139366],[530,1343,-85.313248,35.139317],[555,1340,-85.31319,35.139267],[580,1337,-85.313132,35.139218],[605,1330,-85.313074,35.139169],[628,1329,-85.313048,35.13911],[653,1329,-85.313056,35.139042],[678,1328,-85.313064,35.138974],[703,1327,-85.313073,35.138906],[728,1325,-85.313081,35.138837],[753,1326,-85.313089,35.138769],[778,1325,-85.313098,35.138701],[803,1323,-85.313106,35.138633],[817,1322,-85.313062,35.138652],[842,1320,-85.313002,35.138699],[867,1316,-85.312941,35.138747],[892,1315,-85.312881,35.138794],[917,1311,-85.31282,35.138841],[942,1309,-85.31276,35.138889],[967,1305,-85.312699,35.138936],[992,1302,-85.312638,35.138983],[1015,1303,-85.312622,35.139043],[1040,1304,-85.312633,35.139111],[1065,1304,-85.312645,35.139179],[1090,1304,-85.312657,35.139247],[1114,1301,-85.312576,35.139238],[1138,1295,-85.312499,35.139221],[1163,1292,-85.312451,35.139164],[1188,1288,-85.312404,35.139108],[1213,1283,-85.312356,35.139052],[1237,1283,-85.312315,35.138994],[1262,1282,-85.31232,35.138925],[1287,1280,-85.312325,35.138857],[1312,1279,-85.312331,35.138789],[1337,1277,-85.312336,35.13872],[1362,1276,-85.312342,35.138652],[1387,1274,-85.312347,35.138583],[1412,1271,-85.312352,35.138515],[1437,1271,-85.312367,35.13845],[1462,1271,-85.312426,35.138402],[1487,1272,-85.312485,35.138353],[1511,1268,-85.312405,35.138336],[1536,1264,-85.312352,35.138387],[1561,1264,-85.312301,35.138441],[1586,1262,-85.31225,35.138495],[1611,1261,-85.312199,35.13855],[1636,1259,-85.312148,35.138604],[1660,1258,-85.312111,35.138664],[1685,1256,-85.31209,35.13873],[1710,1259,-85.312068,35.138797],[1735,1256,-85.312047,35.138863],[1760,1257,-85.312026,35.138929],[1785,1255,-85.312004,35.138996],[1810,1256,-85.311983,35.139062],[1835,1251,-85.311962,35.139128],[1860,1251,-85.31194,35.139194],[1885,1245,-85.311919,35.139261],[1895,1245,-85.31189,35.139276],[1920,1240,-85.311851,35.139216],[1945,1232,-85.311811,35.139156],[1970,1225,-85.311771,35.139095],[1982,1219,-85.311737,35.139112],[2007,1214,-85.311706,35.139175],[2032,1216,-85.311675,35.139239],[2057,1216,-85.311644,35.139303],[2082,1216,-85.311612,35.139366],[2107,1215,-85.311581,35.13943],[2132,1216,-85.31155,35.139493],[2145,1212,-85.311534,35.139462],[2170,1210,-85.311523,35.139394],[2195,1208,-85.311513,35.139326],[2220,1205,-85.311502,35.139258],[2245,1199,-85.311491,35.13919],[2270,1195,-85.311481,35.139122],[2295,1191,-85.31147,35.139054],[2320,1189,-85.311459,35.138986],[2345,1184,-85.311449,35.138918],[2370,1184,-85.311438,35.13885],[2393,1179,-85.31139,35.1388],[2409,1174,-85.311335,35.138797],[2434,1169,-85.311301,35.13886],[2459,1166,-85.311266,35.138922],[2475,1163,-85.311226,35.138952],[2500,1157,-85.311174,35.138898],[2524,1154,-85.311161,35.138836],[2549,1153,-85.311169,35.138767],[2574,1151,-85.311177,35.138699],[2599,1149,-85.311186,35.138631],[2624,1147,-85.311194,35.138563],[2649,1152,-85.311202,35.138495],[2674,1150,-85.311211,35.138426],[2699,1148,-85.311219,35.138358],[2724,1146,-85.311227,35.13829],[2749,1144,-85.311236,35.138222],[2774,1147,-85.311244,35.138154],[2799,1144,-85.311252,35.138085],[2824,1141,-85.311261,35.138017],[2838,1137,-85.311226,35.138046],[2863,1135,-85.311179,35.138102],[2888,1132,-85.311132,35.138159],[2913,1129,-85.311084,35.138216],[2938,1125,-85.311037,35.138272],[2963,1121,-85.31099,35.138329],[2988,1118,-85.310943,35.138386],[3013,1111,-85.310896,35.138442],[3038,1107,-85.310848,35.138499],[3063,1107,-85.310801,35.138555],[3088,1105,-85.310754,35.138612],[3113,1107,-85.310707,35.138669],[3138,1110,-85.31066,35.138725],[3157,1109,-85.310622,35.138765],[3182,1107,-85.310645,35.138699],[3207,1101,-85.310668,35.138633],[3232,1099,-85.310691,35.138567],[3246,1096,-85.310705,35.138528]]}