{"trail":"Black Bear","distance":952,"gain":17,"loss":79,"min":906,"max":968,"profile":[[0,968,-85.059822,35.05092],[25,960,-85.05974,35.050936],[50,956,-85.059659,35.050952],[75,953,-85.059577,35.050967],[100,953,-85.059496,35.050983],[125,952,-85.059414,35.050999],[150,953,-85.059333,35.051015],[175,953,-85.059251,35.05103],[200,956,-85.05917,35.051046],[224,960,-85.05909,35.051058],[249,959,-85.05905,35.050998],[274,959,-85.05901,35.050938],[299,961,-85.058971,35.050877],[324,960,-85.058931,35.050817],[349,957,-85.058891,35.050757],[374,956,-85.058851,35.050697],[399,952,-85.058809,35.050638],[424,951,-85.058729,35.050619],[449,953,-85.058649,35.050599],[474,951,-85.058569,35.050579],[499,953,-85.058488,35.05056],[524,953,-85.058408,35.05054],[545,953,-85.058378,35.050486],[570,949,-85.05837,35.050418],[595,945,-85.058361,35.05035],[620,941,-85.058353,35.050282],[645,936,-85.058345,35.050214],[666,937,-85.058298,35.050171],[691,936,-85.058218,35.05015],[716,934,-85.058138,35.050129],[741,936,-85.058059,35.050108],[766,931,-85.057979,35.050086],[791,930,-85.057899,35.050065],[816,925,-85.05782,35.050044],[841,920,-85.05774,35.050023],[866,918,-85.057661,35.050002],[891,914,-85.057581,35.049981],[913,912,-85.057535,35.049934],[938,909,-85.057515,35.049867],[952,906,-85.057504,35.049831]]}