{"trail":"Black Rock","distance":21773,"gain":0,"loss":264,"min":4224,"max":4489,"profile":[[0,4492,-121.360195,43.909476],[73,4490,-121.360369,43.909633],[99,4490,-121.360449,43.909673],[127,4490,-121.360552,43.909699],[240,4488,-121.360975,43.909754],[312,4487,-121.361245,43.909745],[369,4485,-121.361457,43.909786],[403,4484,-121.361587,43.909794],[442,4484,-121.361731,43.909778],[476,4484,-121.361859,43.909794],[564,4484,-121.362133,43.909933],[631,4484,-121.362313,43.910064],[741,4484,-121.362707,43.91016],[793,4484,-121.362887,43.91022],[874,4484,-121.363147,43.910339],[922,4484,-121.363318,43.910385],[1003,4484,-121.363624,43.910409],[1109,4484,-121.364022,43.910353],[1190,4484,-121.364328,43.910359],[1259,4484,-121.364589,43.910332],[1328,4484,-121.364851,43.910305],[1354,4484,-121.364948,43.910308],[1419,4482,-121.365176,43.910374],[1538,4478,-121.365622,43.910432],[1599,4477,-121.365846,43.910479],[1729,4473,-121.366338,43.910508],[1822,4470,-121.366674,43.910591],[1897,4469,-121.366955,43.910621],[1922,4468,-121.367046,43.910644],[1973,4466,-121.367207,43.910721],[1997,4466,-121.367297,43.910736],[2075,4466,-121.367584,43.910688],[2135,4466,-121.367771,43.91059],[2167,4467,-121.36788,43.910554],[2221,4466,-121.368085,43.910548],[2258,4465,-121.368213,43.910594],[2320,4464,-121.36839,43.910706],[2384,4464,-121.368596,43.9108],[2472,4464,-121.368852,43.910955],[2508,4464,-121.368948,43.911024],[2589,4464,-121.369132,43.911201],[2610,4464,-121.369202,43.911233],[2632,4464,-121.369284,43.911244],[2685,4464,-121.36948,43.91122],[2775,4464,-121.369809,43.911147],[2890,4458,-121.370239,43.911092],[2915,4456,-121.370334,43.911103],[2995,4449,-121.370603,43.911205],[3027,4448,-121.370725,43.911191],[3063,4446,-121.370844,43.911147],[3091,4444,-121.370951,43.911134],[3174,4442,-121.371267,43.91115],[3234,4442,-121.371473,43.911079],[3276,4440,-121.371584,43.910998],[3398,4433,-121.371775,43.910692],[3430,4430,-121.371869,43.910638],[3529,4423,-121.372234,43.910565],[3632,4425,-121.372534,43.910384],[3673,4425,-121.372619,43.910291],[3780,4426,-121.372656,43.91],[3859,4424,-121.372801,43.90981],[3913,4421,-121.372853,43.909665],[3978,4414,-121.372965,43.909508],[4003,4414,-121.372987,43.90944],[4079,4412,-121.37295,43.909234],[4127,4410,-121.372983,43.909103],[4159,4407,-121.372977,43.909017],[4178,4407,-121.372949,43.908969],[4207,4409,-121.372877,43.908908],[4275,4416,-121.372661,43.908804],[4395,4418,-121.372312,43.908592],[4454,4416,-121.372173,43.908467],[4515,4416,-121.37209,43.908309],[4555,4415,-121.372094,43.9082],[4685,4410,-121.372242,43.90786],[4795,4407,-121.372439,43.907593],[4828,4406,-121.372512,43.907522],[4870,4406,-121.372634,43.907445],[4997,4407,-121.373043,43.907263],[5067,4407,-121.373301,43.907209],[5157,4409,-121.373604,43.907094],[5212,4405,-121.373807,43.907061],[5248,4405,-121.373931,43.907021],[5355,4404,-121.374263,43.906851],[5400,4402,-121.374426,43.90681],[5448,4401,-121.374607,43.906787],[5545,4401,-121.374972,43.906821],[5587,4400,-121.375124,43.906853],[5711,4398,-121.375508,43.907049],[5765,4398,-121.375689,43.907124],[5834,4397,-121.375937,43.907186],[5904,4396,-121.376186,43.907248],[5973,4396,-121.376434,43.90731],[6070,4395,-121.376773,43.907416],[6170,4394,-121.37711,43.907546],[6218,4392,-121.377283,43.907588],[6312,4388,-121.377637,43.907611],[6402,4384,-121.377979,43.907592],[6450,4383,-121.378162,43.907612],[6544,4382,-121.378508,43.907678],[6638,4381,-121.378853,43.907743],[6694,4380,-121.379041,43.907811],[6733,4379,-121.379161,43.907874],[6805,4378,-121.379349,43.908018],[6877,4375,-121.379538,43.908161],[6975,4370,-121.379795,43.908357],[7052,4365,-121.380024,43.908489],[7117,4363,-121.380185,43.908622],[7191,4363,-121.380418,43.908738],[7266,4362,-121.380652,43.908855],[7290,4362,-121.380743,43.908861],[7315,4363,-121.380834,43.908837],[7364,4364,-121.380983,43.908759],[7389,4364,-121.381071,43.908733],[7416,4365,-121.381172,43.908744],[7511,4362,-121.381447,43.908916],[7557,4361,-121.381601,43.908973],[7646,4359,-121.381928,43.909036],[7735,4355,-121.382255,43.909099],[7805,4351,-121.382506,43.909168],[7886,4348,-121.382808,43.909213],[7905,4348,-121.382875,43.90923],[7966,4345,-121.38305,43.909341],[8007,4344,-121.38318,43.909402],[8078,4341,-121.38344,43.909453],[8169,4334,-121.383757,43.909555],[8217,4332,-121.383938,43.909571],[8288,4330,-121.384202,43.909529],[8346,4330,-121.384423,43.909517],[8375,4330,-121.38453,43.9095],[8400,4329,-121.384615,43.909469],[8426,4329,-121.384683,43.909417],[8481,4330,-121.384778,43.909283],[8510,4330,-121.384846,43.909222],[8620,4326,-121.385185,43.909044],[8663,4324,-121.385344,43.909015],[8712,4323,-121.385523,43.909053],[8813,4320,-121.38587,43.909173],[8875,4316,-121.386065,43.909267],[8930,4314,-121.386198,43.909382],[9018,4310,-121.386351,43.909597],[9106,4307,-121.386504,43.909812],[9177,4305,-121.386754,43.909887],[9243,4303,-121.386958,43.90999],[9337,4302,-121.38719,43.910187],[9385,4302,-121.387266,43.910306],[9416,4302,-121.387263,43.910392],[9480,4302,-121.387187,43.910558],[9504,4302,-121.387201,43.910624],[9598,4302,-121.38732,43.910867],[9663,4302,-121.387442,43.911021],[9734,4302,-121.387606,43.911178],[9793,4303,-121.387712,43.911318],[9841,4303,-121.387833,43.911418],[9906,4303,-121.388037,43.911517],[9980,4303,-121.388292,43.911602],[10010,4302,-121.388385,43.911651],[10086,4303,-121.388508,43.911841],[10163,4302,-121.38863,43.912031],[10237,4302,-121.388828,43.912176],[10298,4303,-121.389018,43.912274],[10337,4303,-121.389149,43.912322],[10440,4302,-121.38952,43.912414],[10521,4301,-121.38979,43.912519],[10571,4301,-121.389917,43.912623],[10613,4301,-121.389985,43.912727],[10706,4300,-121.390107,43.912965],[10798,4299,-121.39023,43.913202],[10872,4299,-121.390306,43.913397],[10967,4297,-121.390462,43.913631],[11057,4296,-121.390552,43.91387],[11147,4295,-121.390642,43.914108],[11220,4293,-121.390623,43.914307],[11292,4290,-121.390604,43.914506],[11397,4284,-121.390625,43.914791],[11521,4283,-121.390571,43.915129],[11586,4282,-121.390482,43.915295],[11664,4281,-121.390334,43.915481],[11721,4280,-121.390201,43.915606],[11746,4280,-121.390165,43.91567],[11772,4280,-121.390164,43.91574],[11801,4280,-121.3902,43.915815],[11907,4279,-121.39041,43.916062],[11929,4279,-121.390477,43.916099],[11974,4278,-121.390633,43.916152],[12014,4278,-121.39074,43.916231],[12057,4278,-121.390823,43.91633],[12095,4278,-121.390924,43.916408],[12128,4278,-121.391024,43.916459],[12159,4277,-121.391135,43.916487],[12223,4276,-121.39138,43.916484],[12267,4276,-121.391536,43.916529],[12329,4277,-121.391715,43.916641],[12365,4275,-121.391831,43.91669],[12438,4274,-121.392091,43.91676],[12476,4274,-121.392193,43.916835],[12506,4273,-121.392288,43.916879],[12541,4271,-121.39242,43.916892],[12578,4270,-121.39255,43.916934],[12621,4268,-121.392665,43.917017],[12708,4265,-121.39294,43.917149],[12789,4264,-121.393176,43.917291],[12826,4264,-121.393268,43.91737],[12870,4263,-121.393329,43.917483],[12901,4263,-121.393411,43.917543],[12934,4263,-121.393536,43.917553],[12994,4263,-121.393745,43.917486],[13048,4263,-121.393944,43.917448],[13087,4263,-121.394058,43.917383],[13142,4263,-121.394189,43.917265],[13170,4263,-121.39428,43.917223],[13257,4263,-121.394603,43.917171],[13305,4263,-121.394767,43.917111],[13347,4263,-121.394919,43.91708],[13444,4263,-121.395286,43.917054],[13476,4263,-121.395408,43.917067],[13515,4263,-121.395546,43.917102],[13547,4263,-121.395647,43.917152],[13612,4263,-121.395824,43.917276],[13696,4263,-121.396082,43.917414],[13744,4263,-121.396205,43.91751],[13809,4263,-121.396313,43.917669],[13834,4263,-121.39638,43.91772],[13889,4263,-121.396546,43.917813],[13996,4263,-121.3969,43.917957],[14041,4263,-121.397004,43.918055],[14122,4263,-121.397138,43.918255],[14158,4263,-121.397213,43.918337],[14224,4263,-121.39737,43.918478],[14290,4263,-121.397527,43.918618],[14356,4263,-121.397684,43.918759],[14407,4263,-121.397843,43.918843],[14520,4262,-121.398228,