{"trail":"Blade Runner","distance":2119,"gain":0,"loss":214,"min":6426,"max":6647,"profile":[[0,6652,-121.675539,43.997574],[15,6652,-121.675494,43.9976],[32,6648,-121.67551,43.997645],[48,6648,-121.67555,43.997679],[64,6643,-121.675535,43.99772],[87,6638,-121.675504,43.997781],[121,6632,-121.675481,43.997873],[147,6617,-121.675449,43.99794],[170,6611,-121.67545,43.998002],[209,6609,-121.675573,43.998065],[235,6610,-121.675661,43.998098],[255,6611,-121.675736,43.998106],[280,6603,-121.675826,43.998129],[288,6603,-121.675844,43.998145],[297,6603,-121.675844,43.998169],[310,6595,-121.675848,43.998206],[323,6595,-121.675836,43.998239],[332,6585,-121.675815,43.998261],[344,6585,-121.675779,43.99828],[366,6573,-121.67571,43.998316],[393,6572,-121.675618,43.998346],[430,6570,-121.675478,43.99833],[465,6575,-121.675359,43.998288],[475,6575,-121.675325,43.998305],[488,6568,-121.675329,43.998339],[501,6562,-121.675339,43.998374],[571,6554,-121.675482,43.998537],[604,6552,-121.67556,43.998605],[662,6544,-121.675655,43.998749],[728,6543,-121.675791,43.998904],[800,6539,-121.675905,43.999083],[820,6534,-121.675939,43.999133],[883,6527,-121.676032,43.999289],[907,6522,-121.67609,43.999342],[933,6517,-121.676139,43.999404],[956,6512,-121.676193,43.999453],[987,6509,-121.676212,43.999536],[1007,6503,-121.67615,43.999569],[1037,6498,-121.676157,43.999651],[1097,6490,-121.676298,43.999779],[1157,6481,-121.676493,43.999867],[1212,6480,-121.676691,43.999918],[1231,6480,-121.676729,43.999964],[1257,6477,-121.676741,44.000033],[1281,6476,-121.676778,44.000094],[1296,6473,-121.676806,44.000128],[1316,6475,-121.676878,44.000105],[1338,6476,-121.67696,44.000105],[1359,6476,-121.677004,44.000153],[1371,6475,-121.677043,44.000169],[1409,6475,-121.677185,44.000193],[1450,6473,-121.677297,44.000273],[1508,6466,-121.677417,44.000405],[1530,6462,-121.677392,44.000464],[1550,6458,-121.677341,44.000505],[1576,6458,-121.67725,44.000527],[1599,6458,-121.677161,44.000521],[1650,6459,-121.676969,44.000502],[1678,6459,-121.676865,44.00049],[1686,6459,-121.676833,44.000483],[1697,6459,-121.676796,44.000494],[1707,6459,-121.67677,44.000516],[1716,6457,-121.676755,44.000538],[1725,6457,-121.67675,44.000562],[1734,6457,-121.676754,44.000585],[1851,6441,-121.677097,44.000793],[1956,6432,-121.677391,44.000988],[1973,6429,-121.677406,44.001033],[1984,6429,-121.677395,44.001062],[1995,6429,-121.677366,44.001084],[2007,6429,-121.67732,44.001083],[2019,6429,-121.677275,44.001075],[2031,6429,-121.677233,44.001062],[2043,6429,-121.677191,44.00105],[2070,6427,-121.67709,44.001063],[2095,6423,-121.677038,44.00112],[2119,6418,-121.677007,44.001181]]}