{"trail":"Blue Belly Loop","distance":11473,"gain":105,"loss":90,"min":3112,"max":3228,"profile":[[0,3121,-121.336012,44.275498],[75,3119,-121.335726,44.275475],[114,3118,-121.335579,44.275451],[174,3116,-121.335351,44.27545],[226,3114,-121.335155,44.275473],[262,3112,-121.335017,44.275461],[297,3111,-121.334894,44.275423],[345,3111,-121.334726,44.275375],[376,3107,-121.33463,44.275324],[457,3106,-121.334424,44.275155],[521,3108,-121.334379,44.274984],[590,3114,-121.334353,44.274795],[608,3116,-121.334349,44.274747],[622,3116,-121.334333,44.274709],[654,3119,-121.33428,44.27463],[679,3121,-121.334236,44.274571],[688,3121,-121.334231,44.274545],[699,3124,-121.334246,44.274517],[709,3124,-121.334282,44.274505],[722,3123,-121.334318,44.274528],[781,3125,-121.334516,44.274604],[867,3124,-121.334691,44.274806],[938,3130,-121.334946,44.274866],[981,3132,-121.335088,44.274926],[1046,3137,-121.335338,44.274946],[1106,3138,-121.335551,44.275006],[1184,3141,-121.335849,44.275013],[1216,3145,-121.335965,44.274982],[1245,3148,-121.336054,44.274937],[1270,3151,-121.336086,44.274873],[1287,3151,-121.336062,44.274828],[1312,3153,-121.335991,44.274784],[1357,3153,-121.335826,44.274746],[1424,3153,-121.33559,44.274675],[1510,3157,-121.335346,44.274517],[1581,3158,-121.335148,44.274383],[1652,3160,-121.33495,44.27425],[1756,3156,-121.334615,44.274097],[1849,3160,-121.334341,44.273933],[1929,3159,-121.334112,44.273787],[1997,3159,-121.333883,44.273699],[2051,3157,-121.333777,44.273573],[2115,3159,-121.333685,44.27341],[2197,3164,-121.333754,44.273192],[2288,3166,-121.333861,44.272951],[2362,3167,-121.334028,44.272788],[2413,3170,-121.334165,44.27269],[2467,3172,-121.334356,44.27263],[2565,3170,-121.3346,44.272428],[2639,3173,-121.334843,44.272324],[2723,3170,-121.335072,44.27216],[2804,3166,-121.335262,44.271986],[2880,3167,-121.335476,44.271844],[2934,3170,-121.335605,44.27173],[2966,3169,-121.33562,44.271642],[3021,3172,-121.335575,44.271495],[3079,3175,-121.335415,44.271386],[3138,3178,-121.335278,44.271255],[3241,3176,-121.33492,44.271141],[3305,3178,-121.334699,44.271064],[3399,3179,-121.334394,44.270928],[3466,3178,-121.334165,44.270846],[3533,3178,-121.333945,44.270748],[3645,3177,-121.333556,44.270622],[3677,3180,-121.333449,44.270579],[3757,3179,-121.333145,44.270568],[3792,3181,-121.333038,44.270508],[3897,3186,-121.332779,44.270289],[4011,3192,-121.332532,44.270031],[4027,3192,-121.332497,44.269995],[4098,3192,-121.33239,44.269815],[4173,3189,-121.33223,44.269646],[4209,3192,-121.332238,44.269548],[4247,3191,-121.332253,44.269444],[4296,3191,-121.332398,44.269357],[4346,3195,-121.332505,44.269242],[4361,3194,-121.332556,44.269227],[4404,3198,-121.33271,44.269182],[4489,3198,-121.332908,44.268997],[4567,3201,-121.333145,44.268866],[4631,3205,-121.33335,44.268773],[4692,3210,-121.333548,44.268686],[4751,3211,-121.333746,44.268604],[4804,3211,-121.333807,44.268467],[4863,3207,-121.333754,44.268309],[4928,3206,-121.333624,44.268157],[5007,3207,-121.333358,44.268053],[5068,3210,-121.333206,44.267927],[5129,3211,-121.332992,44.267862],[5161,3213,-121.332931,44.267786],[5186,3215,-121.332962,44.26772],[5224,3219,-121.333099,44.267687],[5288,3218,-121.333335,44.267736],[5315,3216,-121.333419,44.26778],[5371,3218,-121.333632,44.267786],[5444,3220,-121.333906,44.267747],[5548,3219,-121.334272,44.267862],[5676,3221,-121.33476,44.267851],[5758,3224,-121.335003,44.267993],[5829,3226,-121.335201,44.268129],[5875,3227,-121.335377,44.268129],[5948,3229,-121.335643,44.268075],[6005,3230,-121.335811,44.267971],[6068,3231,-121.336039,44.267922],[6176,3230,-121.336413,44.267791],[6258,3228,-121.336634,44.267633],[6306,3227,-121.336778,44.267551],[6382,3226,-121.337068,44.267535],[6412,3226,-121.337182,44.267529],[6495,3226,-121.337273,44.267747],[6571,3226,-121.33751,44.267868],[6626,3226,-121.337693,44.267944],[6723,3226,-121.337952,44.268135],[6801,3225,-121.338226,44.268222],[6894,3225,-121.338485,44.268397],[6969,3226,-121.338607,44.268582],[7047,3226,-121.33879,44.268751],[7126,3226,-121.338919,44.268948],[7225,3226,-121.339193,44.269133],[7273,3225,-121.339376,44.269122],[7313,3225,-121.339506,44.269182],[7389,3224,-121.339795,44.269209],[7468,3224,-121.340077,44.269286],[7563,3221,-121.340397,44.269411],[7670,3223,-121.340641,44.269646],[7769,3224,-121.340854,44.269869],[7831,3225,-121.340983,44.270011],[7903,3221,-121.34125,44.270066],[7950,3221,-121.341395,44.270142],[8032,3223,-121.341562,44.270333],[8085,3221,-121.341753,44.270382],[8164,3220,-121.341974,44.27053],[8203,3219,-121.34205,44.270622],[8250,3217,-121.342218,44.270666],[8311,3214,-121.3424,44.27077],[8394,3216,-121.34253,44.270977],[8447,3212,-121.342705,44.271053],[8506,3208,-121.342903,44.27113],[8553,3207,-121.342987,44.271244],[8594,3206,-121.343117,44.271304],[8713,3189,-121.343452,44.271528],[8743,3184,-121.34349,44.271604],[8766,3188,-121.343444,44.271659],[8804,3192,-121.34333,44.271724],[8871,3198,-121.34317,44.271866],[8950,3203,-121.342926,44.271997],[9007,3202,-121.342797,44.272122],[9050,3201,-121.342698,44.272215],[9102,3198,-121.342606,44.27234],[9189,3194,-121.342484,44.272564],[9265,3196,-121.342286,44.272717],[9319,3192,-121.342309,44.272864],[9354,3193,-121.342271,44.272957],[9469,3185,-121.34237,44.273262],[9580,3181,-121.342241,44.273552],[9609,3181,-121.342157,44.273606],[9652,3183,-121.34202,44.273671],[9738,3180,-121.341806,44.273851],[9788,3183,-121.341623,44.27389],[9831,3185,-121.341471,44.273933],[9876,3185,-121.341311,44.273982],[9929,3186,-121.341136,44.274053],[9983,3186,-121.340945,44.274108],[10078,3181,-121.340747,44.274326],[10158,3175,-121.340572,44.274506],[10228,3172,-121.340336,44.274599],[10321,3173,-121.340008,44.274697],[10395,3168,-121.339749,44.274784],[10461,3166,-121.339506,44.274828],[10572,3159,-121.339132,44.274975],[10611,3156,-121.339064,44.275068],[10639,3153,-121.338965,44.275101],[10689,3152,-121.338774,44.275084],[10758,3153,-121.338511,44.275065],[10827,3150,-121.338249,44.275046],[10957,3139,-121.337754,44.27503],[11027,3137,-121.337487,44.275016],[11096,3142,-121.33722,44.275002],[11142,3141,-121.337068,44.275062],[11156,3138,-121.337039,44.275097],[11180,3138,-121.336954,44.275117],[11239,3136,-121.336733,44.27515],[11281,3137,-121.336574,44.275172],[11361,3128,-121.336354,44.275325],[11414,3124,-121.336187,44.275409],[11441,3122,-121.336124,44.275467],[11473,3121,-121.336012,44.275498]]}