{"trail":"Bluff Road","distance":9259,"gain":533,"loss":134,"min":1281,"max":1732,"profile":[[0,1281,-85.37231,34.931753],[25,1286,-85.372229,34.931736],[50,1292,-85.372148,34.931719],[74,1296,-85.37208,34.931754],[99,1298,-85.372013,34.931796],[124,1302,-85.371947,34.931838],[149,1303,-85.371881,34.93188],[174,1307,-85.371815,34.931922],[199,1311,-85.371749,34.931964],[224,1312,-85.371682,34.932006],[249,1317,-85.371616,34.932047],[274,1319,-85.37155,34.932089],[299,1323,-85.371484,34.932131],[324,1324,-85.371418,34.932173],[349,1327,-85.371344,34.932203],[374,1330,-85.371264,34.932221],[399,1335,-85.371183,34.93224],[424,1339,-85.371103,34.932259],[449,1341,-85.371022,34.932278],[474,1345,-85.370942,34.932297],[499,1352,-85.370862,34.932315],[524,1356,-85.370781,34.932334],[549,1360,-85.370701,34.932353],[574,1365,-85.370621,34.932372],[599,1369,-85.37054,34.932391],[624,1374,-85.37046,34.93241],[649,1375,-85.370379,34.932428],[674,1381,-85.370299,34.932447],[699,1385,-85.370219,34.932466],[724,1390,-85.370138,34.932485],[749,1394,-85.370058,34.932504],[772,1395,-85.37,34.932549],[797,1395,-85.369951,34.932604],[822,1399,-85.369902,34.93266],[847,1400,-85.369852,34.932715],[872,1402,-85.369803,34.93277],[897,1404,-85.369754,34.932826],[922,1405,-85.369705,34.932881],[947,1406,-85.369656,34.932937],[972,1407,-85.369607,34.932992],[997,1412,-85.369557,34.933048],[1021,1413,-85.369501,34.933094],[1046,1419,-85.369421,34.933114],[1071,1425,-85.369341,34.933134],[1093,1429,-85.369272,34.933115],[1118,1436,-85.369213,34.933067],[1143,1441,-85.369154,34.933018],[1167,1446,-85.369127,34.932957],[1192,1447,-85.369115,34.932889],[1217,1449,-85.369104,34.932821],[1242,1451,-85.369093,34.932753],[1267,1456,-85.369081,34.932685],[1292,1457,-85.36907,34.932618],[1317,1459,-85.369083,34.93255],[1342,1458,-85.369097,34.932482],[1367,1460,-85.369112,34.932415],[1392,1463,-85.369126,34.932347],[1417,1462,-85.36914,34.93228],[1442,1463,-85.369154,34.932212],[1467,1466,-85.369169,34.932145],[1492,1467,-85.369183,34.932077],[1517,1470,-85.369197,34.93201],[1542,1475,-85.369212,34.931942],[1567,1478,-85.369226,34.931875],[1592,1483,-85.36924,34.931807],[1617,1489,-85.369254,34.93174],[1641,1490,-85.369279,34.931675],[1666,1491,-85.369319,34.931615],[1691,1491,-85.369358,34.931554],[1716,1492,-85.369398,34.931494],[1741,1492,-85.369437,34.931434],[1766,1492,-85.369477,34.931373],[1791,1492,-85.369517,34.931313],[1816,1493,-85.369556,34.931253],[1841,1492,-85.369596,34.931192],[1866,1492,-85.369636,34.931132],[1891,1493,-85.369675,34.931072],[1916,1492,-85.369715,34.931011],[1941,1491,-85.369754,34.930951],[1966,1491,-85.369794,34.930891],[1991,1490,-85.369834,34.93083],[2016,1490,-85.369873,34.93077],[2041,1489,-85.369913,34.93071],[2066,1489,-85.369953,34.930649],[2091,1488,-85.369992,34.930589],[2116,1488,-85.370032,34.930529],[2141,1488,-85.370072,34.930468],[2166,1487,-85.370111,34.930408],[2191,1486,-85.370151,34.930348],[2216,1486,-85.37019,34.930287],[2241,1485,-85.37023,34.930227],[2266,1484,-85.37027,34.930167],[2291,1483,-85.370309,34.930106],[2316,1482,-85.370349,34.930046],[2341,1481,-85.370389,34.929986],[2366,1480,-85.370428,34.929925],[2391,1480,-85.370468,34.929865],[2416,1479,-85.370507,34.929805],[2441,1479,-85.370547,34.929744],[2466,1478,-85.370587,34.929684],[2491,1477,-85.370621,34.929622],[2516,1476,-85.370644,34.929556],[2541,1475,-85.370667,34.92949],[2566,1473,-85.370689,34.929424],[2591,1474,-85.370712,34.929358],[2616,1473,-85.370735,34.929292],[2641,1475,-85.370757,34.929226],[2666,1475,-85.37078,34.92916],[2691,1477,-85.370803,34.929094],[2716,1477,-85.370825,34.929028],[2741,1478,-85.370848,34.928962],[2766,1478,-85.370871,34.928896],[2791,1478,-85.370894,34.928831],[2816,1479,-85.370916,34.928765],[2841,1480,-85.370939,34.928699],[2866,1480,-85.370962,34.928633],[2891,1482,-85.370984,34.928567],[2916,1483,-85.371007,34.928501],[2941,1484,-85.37103,34.928435],[2966,1485,-85.371052,34.928369],[2991,1486,-85.371075,34.928303],[3015,1488,-85.371117,34.928247],[3040,1490,-85.371179,34.928201],[3065,1493,-85.371241,34.928155],[3090,1495,-85.371303,34.928108],[3115,1496,-85.371364,34.928062],[3140,1498,-85.371426,34.928016],[3165,1500,-85.371488,34.92797],[3190,1500,-85.37155,34.927924],[3215,1502,-85.371574,34.92786],[3240,1503,-85.371591,34.927793],[3265,1505,-85.371608,34.927726],[3290,1507,-85.371626,34.927659],[3315,1508,-85.371643,34.927592],[3340,1509,-85.371661,34.927525],[3365,1510,-85.371678,34.927458],[3390,1510,-85.371695,34.927391],[3415,1510,-85.371713,34.927324],[3440,1510,-85.37173,34.927257],[3465,1509,-85.371748,34.92719],[3490,1511,-85.371765,34.927123],[3514,1511,-85.371802,34.927064],[3539,1513,-85.371857,34.927012],[3564,1515,-85.371911,34.92696],[3589,1517,-85.371966,34.926908],[3614,1520,-85.372021,34.926856],[3639,1521,-85.372075,34.926804],[3664,1521,-85.37213,34.926753],[3689,1522,-85.372185,34.926701],[3714,1523,-85.372239,34.926649],[3739,1523,-85.372294,34.926597],[3764,1523,-85.372349,34.926545],[3789,1522,-85.372403,34.926493],[3814,1522,-85.372458,34.926442],[3839,1523,-85.372479,34.926376],[3864,1524,-85.372499,34.926309],[3889,1525,-85.372519,34.926242],[3914,1526,-85.372539,34.926176],[3939,1528,-85.372558,34.926109],[3964,1529,-85.372578,34.926043],[3989,1531,-85.372598,34.925976],[4014,1532,-85.372618,34.92591],[4039,1533,-85.372638,34.925843],[4064,1534,-85.372658,34.925776],[4089,1537,-85.372677,34.92571],[4114,1539,-85.372697,34.925643],[4139,1542,-85.372717,34.925577],[4164,1545,-85.372737,34.92551],[4189,1546,-85.372757,34.925444],[4214,1548,-85.372777,34.925377],[4239,1550,-85.372796,34.92531],[4264,1551,-85.372816,34.925244],[4289,1553,-85.372836,34.925177],[4314,1556,-85.372856,34.925111],[4339,1558,-85.372876,34.925044],[4364,1561,-85.372896,34.924978],[4389,1563,-85.372915,34.924911],[4414,1566,-85.372935,34.924844],[4439,1568,-85.372955,34.924778],[4464,1571,-85.372975,34.924711],[4489,1572,-85.372995,34.924645],[4514,1572,-85.373015,34.924578],[4539,1573,-85.373034,34.924512],[4564,1574,-85.373054,34.924445],[4589,1575,-85.373074,34.924378],[4614,1577,-85.373094,34.924312],[4639,1578,-85.373114,34.924245],[4664,1581,-85.373134,34.924179],[4689,1583,-85.373162,34.924115],[4714,1585,-85.373208,34.924058],[4739,1588,-85.373254,34.924001],[4764,1589,-85.3733,34.923943],[4789,1591,-85.373346,34.923886],[4814,1594,-85.373392,34.923829],[4839,1594,-85.373438,34.923772],[4864,1596,-85.373484,34.923714],[4889,1597,-85.37353,34.923657],[4914,1597,-85.373575,34.9236],[4939,1597,-85.373621,34.923543],[4963,1597,-85.373652,34.92348],[4988,1598,-85.373673,34.923414],[5013,1598,-85.373694,34.923347],[5038,1599,-85.373714,34.923281],[5063,1598,-85.373735,34.923214],[5088,1599,-85.373755,34.923148],[5113,1599,-85.373776,34.923081],[5138,1599,-85.373797,34.923015],[5163,1597,-85.373817,34.922949],[5188,1596,-85.373838,34.922882],[5213,1595,-85.373859,34.922816],[5238,1596,-85.373879,34.922749],[5263,1598,-85.3739,34.922683],[5288,1601,-85.37392,34.922617],[5313,1604,-85.373941,34.92255],[5338,1606,-85.373962,34.922484],[5363,1607,-85.373982,34.922417],[5388,1609,-85.374003,34.922351],[5413,1610,-85.374024,34.922285],[5438,1610,-85.374044,34.922218],[5463,1610,-85.374065,34.922152],[5488,1611,-85.374085,34.922085],[5513,1612,-85.374106,34.922019],[5538,1613,-85.374127,34.921953],[5563,1614,-85.374147,34.921886],[5588,1616,-85.374168,34.92182],[5613,1617,-85.374188,34.921753],[5638,1619,-85.374209,34.921687],[5663,1619,-85.37423,34.92162],[5688,1620,-85.37425,34.921554],[5713,1621,-85.374271,34.921488],[5738,1623,-85.374292,34.921421],[5763,1624,-85.374312,34.921355],[5788,1624,-85.374333,34.921288],[5813,1625,-85.374353,34.921222],[5838,1626,-85.374374,34.921156],[5863,1626,-85.374395,34.921089],[5888,1627,-85.374415,34.921023],[5913,1627,-85.374436,34.920956],[5938,1627,-85.374457,34.92089],[5963,1628,-85.374477,34.920824],[5988,1629,-85.374498,34.920757],[6013,1631,-85.374518,34.920691],[6038,1632,-85.374539,