{"trail":"Boat Ramp Connector","distance":1575,"gain":48,"loss":50,"min":655,"max":680,"profile":[[0,657,-85.419281,35.057314],[25,657,-85.419257,35.05738],[50,656,-85.419233,35.057446],[75,658,-85.419209,35.057511],[100,657,-85.419185,35.057577],[125,658,-85.419162,35.057643],[150,657,-85.419138,35.057708],[175,657,-85.419114,35.057774],[199,658,-85.419053,35.057817],[224,660,-85.418982,35.057853],[249,662,-85.418911,35.057889],[274,662,-85.41884,35.057925],[299,663,-85.418769,35.057961],[324,664,-85.418698,35.057997],[349,662,-85.418626,35.058034],[374,660,-85.418555,35.05807],[399,659,-85.418484,35.058105],[424,660,-85.418402,35.058118],[449,662,-85.418319,35.058131],[474,662,-85.418237,35.058143],[499,664,-85.418155,35.058156],[524,666,-85.418073,35.058169],[548,665,-85.418,35.058199],[573,663,-85.417935,35.058242],[598,661,-85.417871,35.058286],[623,661,-85.417806,35.058329],[648,662,-85.417741,35.058373],[673,662,-85.417676,35.058416],[698,663,-85.417612,35.05846],[723,663,-85.417547,35.058503],[748,666,-85.417482,35.058546],[773,666,-85.417417,35.05859],[798,667,-85.417353,35.058633],[823,667,-85.417288,35.058677],[848,670,-85.417223,35.05872],[873,670,-85.417158,35.058764],[898,670,-85.417094,35.058807],[923,670,-85.417029,35.058851],[948,672,-85.416964,35.058894],[973,671,-85.416899,35.058937],[998,674,-85.416835,35.058981],[1023,670,-85.41677,35.059024],[1047,668,-85.416699,35.059058],[1072,673,-85.416618,35.059072],[1097,677,-85.416536,35.059087],[1122,676,-85.416454,35.059101],[1147,679,-85.416372,35.059116],[1172,677,-85.41629,35.05913],[1197,680,-85.416208,35.059145],[1222,677,-85.416127,35.059159],[1247,678,-85.416045,35.059174],[1272,679,-85.415963,35.059188],[1296,677,-85.415897,35.059226],[1321,671,-85.415841,35.059276],[1346,668,-85.415784,35.059327],[1371,664,-85.415728,35.059378],[1396,662,-85.415672,35.059428],[1421,660,-85.415615,35.059479],[1446,659,-85.415559,35.05953],[1471,658,-85.415502,35.05958],[1496,657,-85.415446,35.059631],[1521,657,-85.41539,35.059682],[1546,656,-85.415333,35.059732],[1571,655,-85.415277,35.059783],[1575,655,-85.415268,35.059791]]}