{"trail":"Bobcat","distance":2577,"gain":134,"loss":95,"min":975,"max":1047,"profile":[[0,975,-85.062933,35.041311],[25,977,-85.063017,35.041315],[50,980,-85.0631,35.041319],[75,984,-85.063184,35.041323],[100,989,-85.063267,35.041327],[125,993,-85.063351,35.041331],[150,996,-85.063434,35.041335],[175,998,-85.063518,35.041339],[200,999,-85.063601,35.041343],[223,1001,-85.063679,35.041334],[248,1004,-85.06374,35.041287],[273,1010,-85.063801,35.04124],[298,1012,-85.063863,35.041193],[323,1013,-85.063924,35.041147],[348,1015,-85.063985,35.041101],[373,1015,-85.064028,35.04116],[398,1016,-85.064071,35.041218],[423,1017,-85.064114,35.041277],[448,1020,-85.064157,35.041336],[473,1021,-85.0642,35.041395],[497,1023,-85.06424,35.041453],[522,1019,-85.064168,35.041488],[547,1018,-85.064096,35.041523],[572,1016,-85.064024,35.041558],[597,1014,-85.063953,35.041594],[622,1015,-85.063881,35.041629],[647,1014,-85.063809,35.041664],[672,1014,-85.063737,35.041699],[697,1015,-85.063666,35.041735],[722,1013,-85.063597,35.041772],[747,1013,-85.063573,35.041838],[772,1018,-85.06355,35.041903],[797,1018,-85.063526,35.041969],[822,1021,-85.063503,35.042035],[847,1022,-85.06348,35.042101],[872,1026,-85.063456,35.042167],[888,1026,-85.063401,35.042166],[913,1023,-85.06333,35.042131],[938,1021,-85.063259,35.042095],[963,1020,-85.063187,35.042059],[988,1019,-85.063116,35.042024],[1013,1021,-85.063044,35.041988],[1038,1023,-85.062973,35.041952],[1063,1022,-85.062901,35.041917],[1088,1022,-85.06283,35.041881],[1113,1022,-85.062758,35.041845],[1138,1020,-85.062687,35.04181],[1163,1017,-85.062615,35.041774],[1183,1018,-85.06255,35.041768],[1208,1021,-85.062498,35.041822],[1233,1026,-85.062446,35.041876],[1258,1027,-85.062394,35.041929],[1283,1029,-85.062341,35.041983],[1308,1026,-85.062289,35.042036],[1333,1032,-85.062237,35.04209],[1356,1032,-85.06216,35.042102],[1381,1033,-85.062076,35.042102],[1406,1034,-85.061995,35.042085],[1431,1031,-85.061914,35.042069],[1456,1032,-85.061833,35.042052],[1479,1028,-85.061799,35.041995],[1504,1024,-85.061777,35.041929],[1529,1024,-85.061755,35.041863],[1554,1021,-85.061733,35.041797],[1579,1020,-85.061711,35.041731],[1604,1017,-85.061689,35.041665],[1629,1019,-85.06161,35.041646],[1654,1022,-85.061529,35.041629],[1679,1021,-85.061448,35.041611],[1704,1023,-85.061367,35.041594],[1729,1021,-85.061286,35.041577],[1754,1023,-85.061205,35.04156],[1779,1020,-85.061124,35.041543],[1803,1022,-85.061041,35.041543],[1828,1025,-85.060958,35.041547],[1853,1026,-85.060874,35.041552],[1878,1029,-85.060791,35.041556],[1903,1037,-85.060707,35.041561],[1928,1041,-85.060624,35.041565],[1953,1044,-85.06054,35.04157],[1978,1047,-85.060457,35.041574],[2003,1045,-85.060378,35.041552],[2028,1047,-85.060301,35.041526],[2053,1045,-85.060224,35.0415],[2078,1042,-85.060146,35.041474],[2103,1038,-85.060069,35.041448],[2128,1037,-85.059992,35.041421],[2153,1033,-85.059914,35.041395],[2178,1030,-85.059837,35.041369],[2202,1032,-85.059759,35.041383],[2227,1031,-85.05968,35.041406],[2252,1031,-85.059601,35.041429],[2276,1031,-85.059554,35.041483],[2301,1032,-85.059515,35.041543],[2326,1033,-85.059476,35.041604],[2351,1035,-85.059437,35.041664],[2376,1034,-85.059398,35.041725],[2401,1036,-85.059336,35.041771],[2426,1031,-85.059272,35.041814],[2451,1029,-85.059207,35.041858],[2476,1023,-85.059142,35.041901],[2501,1020,-85.059078,35.041945],[2518,1015,-85.059026,35.041963],[2543,1015,-85.059017,35.041895],[2568,1014,-85.059009,35.041827],[2577,1014,-85.059006,35.041803]]}