{"trail":"Boulder Point Trail","distance":6736,"gain":221,"loss":211,"min":950,"max":1023,"profile":[[0,988,-85.110183,35.09212],[25,989,-85.110119,35.092164],[50,991,-85.110055,35.092209],[75,993,-85.109991,35.092253],[100,994,-85.109927,35.092297],[124,995,-85.109893,35.092356],[149,997,-85.109877,35.092423],[174,997,-85.10986,35.09249],[199,997,-85.109844,35.092558],[220,1002,-85.10978,35.092583],[245,1008,-85.109697,35.092592],[270,1015,-85.109614,35.092602],[295,1020,-85.109531,35.092611],[320,1023,-85.109448,35.09262],[345,1023,-85.109365,35.092629],[370,1023,-85.109282,35.092638],[395,1021,-85.109199,35.092647],[420,1019,-85.109116,35.092657],[442,1016,-85.109045,35.092675],[467,1018,-85.109042,35.092743],[492,1018,-85.10904,35.092812],[517,1017,-85.109037,35.09288],[542,1015,-85.109034,35.092949],[567,1013,-85.109031,35.093017],[592,1012,-85.109028,35.093086],[617,1010,-85.109026,35.093154],[635,1007,-85.108985,35.093192],[660,1005,-85.108902,35.093194],[685,1002,-85.108818,35.093196],[710,1000,-85.108734,35.093198],[735,999,-85.108651,35.0932],[760,998,-85.108567,35.093202],[785,999,-85.108483,35.093205],[810,999,-85.108399,35.093207],[835,1000,-85.108316,35.093209],[860,1002,-85.10825,35.093252],[885,1004,-85.108185,35.093294],[910,1006,-85.10812,35.093337],[935,1007,-85.108054,35.09338],[960,1008,-85.107989,35.093423],[985,1009,-85.107923,35.093466],[1010,1009,-85.107858,35.093508],[1035,1008,-85.107793,35.093551],[1060,1009,-85.107713,35.093563],[1085,1011,-85.107629,35.093568],[1110,1012,-85.107545,35.093573],[1135,1012,-85.107462,35.093577],[1160,1009,-85.107378,35.093582],[1185,1009,-85.107295,35.093586],[1210,1009,-85.107211,35.093591],[1234,1009,-85.107129,35.093591],[1259,1012,-85.107059,35.093554],[1284,1013,-85.106988,35.093517],[1309,1012,-85.106918,35.09348],[1334,1012,-85.106848,35.093442],[1359,1010,-85.106777,35.093405],[1384,1008,-85.106696,35.093414],[1409,1006,-85.106614,35.093428],[1434,1004,-85.106532,35.093442],[1459,1003,-85.10645,35.093456],[1484,1002,-85.106368,35.09347],[1509,1002,-85.106286,35.093484],[1534,1002,-85.106204,35.093498],[1557,1002,-85.106127,35.093494],[1582,1000,-85.106058,35.093455],[1607,999,-85.10599,35.093415],[1632,997,-85.105921,35.093376],[1657,995,-85.105853,35.093336],[1682,993,-85.105785,35.093297],[1707,991,-85.105703,35.093281],[1732,990,-85.105621,35.093266],[1757,988,-85.10554,35.093251],[1782,987,-85.105458,35.093235],[1807,985,-85.105376,35.09322],[1832,984,-85.105295,35.093205],[1857,980,-85.105213,35.093189],[1882,977,-85.105132,35.093174],[1907,975,-85.10505,35.093159],[1932,972,-85.104968,35.093144],[1957,969,-85.104887,35.093128],[1982,967,-85.104805,35.093113],[2006,966,-85.104723,35.093108],[2031,966,-85.104641,35.093122],[2056,966,-85.104559,35.093135],[2081,966,-85.104477,35.093149],[2106,965,-85.104395,35.093162],[2131,964,-85.104313,35.093176],[2156,964,-85.10423,35.093189],[2181,964,-85.104148,35.093202],[2187,964,-85.104154,35.093218],[2212,963,-85.104235,35.093234],[2237,964,-85.104316,35.093251],[2262,963,-85.104398,35.093267],[2287,963,-85.104479,35.093284],[2312,961,-85.10456,35.093301],[2337,962,-85.104641,35.093317],[2362,960,-85.104723,35.093334],[2387,962,-85.104804,35.093351],[2412,963,-85.104885,35.093367],[2437,967,-85.104966,35.093384],[2462,973,-85.105048,35.0934],[2487,977,-85.105129,35.093417],[2512,983,-85.10521,35.093434],[2537,987,-85.105291,35.09345],[2562,989,-85.105373,35.093467],[2587,992,-85.105454,35.093484],[2612,996,-85.105535,35.0935],[2637,1000,-85.105616,35.093517],[2662,1001,-85.105698,35.093533],[2687,1002,-85.105779,35.09355],[2711,1003,-85.105848,35.093582],[2736,1003,-85.1059,35.093636],[2761,1002,-85.105951,35.09369],[2786,1001,-85.106003,35.093744],[2811,998,-85.106054,35.093798],[2836,996,-85.106106,35.093852],[2861,992,-85.106158,35.093906],[2886,990,-85.106209,35.09396],[2910,988,-85.106289,35.093977],[2935,989,-85.106371,35.093992],[2960,987,-85.106452,35.094007],[2985,987,-85.106534,35.094022],[3010,986,-85.106616,35.094032],[3035,984,-85.106699,35.094022],[3060,983,-85.106782,35.094012],[3085,981,-85.106865,35.094003],[3110,982,-85.106948,35.093993],[3135,980,-85.107031,35.093983],[3160,979,-85.107114,35.093974],[3185,979,-85.107197,35.093964],[3210,982,-85.107274,35.093937],[3235,985,-85.10735,35.09391],[3260,988,-85.107427,35.093882],[3285,990,-85.107504,35.093855],[3310,990,-85.10758,35.093827],[3335,992,-85.107657,35.0938],[3360,994,-85.107734,35.093772],[3385,996,-85.10781,35.093744],[3410,998,-85.107887,35.093717],[3435,997,-85.107964,35.093689],[3460,998,-85.10804,35.093662],[3484,998,-85.10812,35.09365],[3509,997,-85.108204,35.093656],[3534,997,-85.108287,35.093661],[3559,997,-85.108371,35.093667],[3584,998,-85.108454,35.093673],[3609,999,-85.108538,35.093678],[3634,999,-85.108621,35.093684],[3659,999,-85.108705,35.093689],[3684,1000,-85.108788,35.093695],[3709,1000,-85.108872,35.0937],[3734,1000,-85.108955,35.093706],[3759,1000,-85.109039,35.093712],[3784,999,-85.109122,35.093717],[3808,1000,-85.109176,35.093669],[3833,1000,-85.109226,35.093614],[3858,1001,-85.109277,35.093559],[3883,1001,-85.109327,35.093505],[3908,1001,-85.109377,35.09345],[3933,1000,-85.109443,35.093409],[3958,998,-85.109515,35.093373],[3983,996,-85.109586,35.093337],[4008,994,-85.109657,35.093301],[4033,990,-85.109728,35.093265],[4058,984,-85.109799,35.093229],[4081,981,-85.109876,35.093213],[4106,979,-85.109958,35.093224],[4131,978,-85.110041,35.093234],[4156,976,-85.110124,35.093245],[4181,973,-85.110207,35.093256],[4206,971,-85.110289,35.093266],[4231,968,-85.110372,35.093277],[4256,964,-85.110455,35.093287],[4281,961,-85.110537,35.093293],[4306,959,-85.110617,35.093272],[4331,957,-85.110696,35.09325],[4356,956,-85.110776,35.093228],[4381,955,-85.110855,35.093207],[4406,955,-85.110934,35.093185],[4431,955,-85.111014,35.093163],[4454,954,-85.111091,35.093175],[4479,954,-85.111166,35.093205],[4504,953,-85.111242,35.093234],[4529,952,-85.111318,35.093264],[4554,952,-85.111393,35.093294],[4579,952,-85.111469,35.093323],[4604,951,-85.111544,35.093353],[4629,951,-85.11162,35.093382],[4654,951,-85.111696,35.093412],[4679,950,-85.111771,35.093441],[4704,951,-85.111847,35.093471],[4729,951,-85.111922,35.0935],[4750,950,-85.11199,35.093514],[4775,954,-85.112016,35.093449],[4800,957,-85.112043,35.093384],[4825,959,-85.112069,35.093319],[4849,960,-85.11201,35.093275],[4874,960,-85.111944,35.093233],[4899,961,-85.111878,35.093191],[4924,963,-85.111962,35.093186],[4949,966,-85.112045,35.093181],[4974,969,-85.112129,35.093176],[4987,973,-85.112159,35.093151],[5012,971,-85.11211,35.093095],[5037,973,-85.112062,35.093039],[5062,973,-85.112014,35.092983],[5087,975,-85.111965,35.092927],[5111,976,-85.11192,35.09287],[5136,979,-85.111908,35.092802],[5161,980,-85.111895,35.092734],[5186,981,-85.111883,35.092666],[5211,983,-85.111871,35.092599],[5236,985,-85.111859,35.092531],[5261,985,-85.111846,35.092463],[5283,984,-85.11184,35.092405],[5308,988,-85.111904,35.092449],[5333,989,-85.111968,35.092493],[5358,991,-85.112032,35.092538],[5383,992,-85.112096,35.092582],[5408,995,-85.11216,35.092626],[5433,995,-85.112224,35.09267],[5458,997,-85.112288,35.092715],[5483,997,-85.112352,35.092759],[5507,998,-85.112423,35.09279],[5532,1000,-85.112506,35.092799],[5557,1000,-85.112589,35.092808],[5582,1002,-85.112672,35.092817],[5607,1002,-85.112755,35.092826],[5632,1003,-85.112838,35.092835],[5655,1004,-85.112914,35.092823],[5680,1004,-85.112981,35.092781],[5705,1004,-85.113047,35.092739],[5730,1002,-85.113114,35.092698],[5755,1000,-85.11318,35.092656],[5780,997,-85.113247,35.092614],[5805,992,-85.113277,35.092551],[5830,988,-85.113304,35.092486],[5855,985,-85.113331,35.092422],[5880,981,-85.113359,35.092357],[5905,981,-85.113386,35.092292],[5930,979,-85.113413,35.092227],[5955,980,-85.113441,35.092163],[5980,977,-85.113465,35.092097],[6005,977,-85.11346,35.092029],[6030,978,-85.113455,35.091961],[6055,978,-85.113449,35.091892],[6080,982,-85.113444,35.091824],[6105,983,-85.113438,