{"trail":"Brainard Levee Trail","distance":4388,"gain":157,"loss":238,"min":638,"max":745,"profile":[[0,725,-85.213652,35.059791],[25,722,-85.213683,35.059727],[50,720,-85.213714,35.059664],[75,719,-85.213745,35.0596],[100,718,-85.213776,35.059536],[125,717,-85.213807,35.059473],[145,717,-85.213791,35.05942],[160,717,-85.213751,35.059395],[185,717,-85.213818,35.059436],[210,716,-85.213895,35.059462],[235,716,-85.213973,35.059487],[260,717,-85.214051,35.059513],[285,717,-85.214128,35.059538],[310,718,-85.214206,35.059563],[335,719,-85.214284,35.059588],[360,721,-85.214362,35.059613],[385,724,-85.21444,35.059638],[410,726,-85.214518,35.059663],[435,729,-85.214596,35.059688],[460,730,-85.214674,35.059713],[485,733,-85.214752,35.059738],[510,735,-85.21483,35.059763],[535,738,-85.214908,35.059788],[560,740,-85.214986,35.059813],[585,741,-85.215064,35.059838],[610,742,-85.215141,35.059863],[635,744,-85.215219,35.059888],[660,745,-85.215297,35.059913],[685,744,-85.215375,35.059939],[710,744,-85.215453,35.059964],[735,742,-85.215531,35.059989],[760,740,-85.215609,35.060014],[784,736,-85.215652,35.060068],[809,730,-85.215685,35.060131],[832,729,-85.215644,35.060185],[857,729,-85.215589,35.060236],[882,729,-85.215534,35.060288],[907,729,-85.215479,35.06034],[932,726,-85.215424,35.060391],[957,725,-85.215368,35.060443],[982,724,-85.215313,35.060494],[1007,723,-85.215258,35.060546],[1032,722,-85.215203,35.060597],[1057,723,-85.215148,35.060649],[1082,723,-85.215092,35.0607],[1107,720,-85.215037,35.060752],[1132,721,-85.214982,35.060803],[1157,721,-85.214927,35.060855],[1182,721,-85.214872,35.060907],[1207,718,-85.214817,35.060958],[1232,721,-85.214761,35.06101],[1257,717,-85.214706,35.061061],[1282,716,-85.214651,35.061113],[1307,711,-85.214596,35.061164],[1332,716,-85.214541,35.061216],[1357,713,-85.214486,35.061267],[1382,714,-85.21443,35.061319],[1407,720,-85.214375,35.06137],[1432,718,-85.21432,35.061422],[1457,719,-85.214265,35.061474],[1482,715,-85.21421,35.061525],[1507,719,-85.214155,35.061577],[1532,714,-85.214099,35.061628],[1557,714,-85.214044,35.06168],[1582,712,-85.213989,35.061731],[1607,712,-85.213934,35.061783],[1632,706,-85.213879,35.061834],[1657,706,-85.213824,35.061886],[1682,705,-85.213768,35.061937],[1707,705,-85.213712,35.061988],[1732,708,-85.213643,35.062027],[1757,707,-85.213574,35.062065],[1782,708,-85.213504,35.062103],[1807,708,-85.213435,35.062141],[1832,699,-85.213365,35.06218],[1857,697,-85.213296,35.062218],[1882,694,-85.213226,35.062256],[1907,692,-85.213157,35.062294],[1932,689,-85.213087,35.062333],[1957,687,-85.213018,35.062371],[1982,686,-85.212948,35.062409],[2007,686,-85.212879,35.062447],[2032,685,-85.21281,35.062486],[2057,687,-85.21274,35.062524],[2082,687,-85.212671,35.062562],[2107,692,-85.212601,35.0626],[2131,690,-85.212563,35.062661],[2156,688,-85.212526,35.062723],[2181,686,-85.212488,35.062784],[2206,683,-85.212451,35.062845],[2231,682,-85.212414,35.062907],[2256,679,-85.212376,35.062968],[2281,677,-85.212339,35.063029],[2306,677,-85.212301,35.063091],[2331,675,-85.212252,35.063143],[2356,677,-85.212183,35.063183],[2381,676,-85.212115,35.063222],[2406,676,-85.212046,35.063262],[2431,672,-85.211978,35.063301],[2456,664,-85.211911,35.063342],[2481,660,-85.211866,35.0634],[2506,655,-85.211821,35.063458],[2531,654,-85.211776,35.063515],[2556,656,-85.211731,35.063573],[2581,660,-85.211686,35.063631],[2606,664,-85.211641,35.063689],[2630,672,-85.211611,35.063751],[2655,675,-85.211607,35.063819],[2680,677,-85.211602,35.063887],[2705,678,-85.211597,35.063956],[2730,678,-85.211593,35.064024],[2755,682,-85.211588,35.064093],[2780,680,-85.211583,35.064161],[2805,677,-85.211579,35.06423],[2830,674,-85.211574,35.064298],[2855,672,-85.211569,35.064366],[2880,670,-85.211565,35.064435],[2905,669,-85.21156,35.064503],[2930,668,-85.211555,35.064572],[2955,666,-85.21155,35.06464],[2980,673,-85.211546,35.064709],[3005,671,-85.211541,35.064777],[3030,669,-85.211536,35.064845],[3055,665,-85.211532,35.064914],[3080,660,-85.211527,35.064982],[3105,655,-85.211522,35.065051],[3130,651,-85.211518,35.065119],[3155,648,-85.211513,35.065187],[3180,646,-85.211508,35.065256],[3205,650,-85.211504,35.065324],[3230,649,-85.211499,35.065393],[3255,647,-85.211494,35.065461],[3280,646,-85.21149,35.06553],[3305,644,-85.211485,35.065598],[3329,648,-85.211436,35.065652],[3354,651,-85.211383,35.065705],[3379,659,-85.21133,35.065759],[3403,658,-85.211293,35.065816],[3428,656,-85.211298,35.065884],[3453,655,-85.211303,35.065952],[3478,654,-85.211308,35.066021],[3503,654,-85.211313,35.066089],[3528,655,-85.211318,35.066158],[3553,656,-85.211323,35.066226],[3578,659,-85.211328,35.066294],[3603,663,-85.211333,35.066363],[3628,658,-85.211361,35.066427],[3653,654,-85.211394,35.06649],[3678,651,-85.211428,35.066552],[3703,656,-85.211461,35.066615],[3728,654,-85.211495,35.066678],[3753,649,-85.211528,35.066741],[3778,648,-85.211562,35.066804],[3803,646,-85.211595,35.066866],[3828,650,-85.211629,35.066929],[3853,650,-85.211662,35.066992],[3878,647,-85.211696,35.067055],[3903,647,-85.211729,35.067118],[3928,650,-85.211763,35.067181],[3953,646,-85.211796,35.067243],[3978,642,-85.21183,35.067306],[3994,640,-85.211816,35.067349],[4019,645,-85.211734,35.067365],[4044,647,-85.211652,35.06738],[4069,651,-85.211571,35.067396],[4094,647,-85.211653,35.067391],[4119,642,-85.211737,35.067386],[4144,639,-85.21182,35.067381],[4166,638,-85.211892,35.067399],[4191,638,-85.211945,35.067452],[4216,639,-85.211998,35.067505],[4241,640,-85.212051,35.067558],[4266,641,-85.212104,35.067611],[4291,641,-85.212157,35.067664],[4316,640,-85.212211,35.067717],[4341,642,-85.212264,35.06777],[4366,642,-85.212317,35.067823],[4388,644,-85.212364,35.06787]]}