{"trail":"Brainard Levee Trail","distance":7336,"gain":238,"loss":238,"min":638,"max":745,"profile":[[0,717,-85.213823,35.059439],[25,716,-85.213901,35.059465],[50,716,-85.213979,35.05949],[75,717,-85.214057,35.059515],[100,717,-85.214135,35.05954],[125,719,-85.214213,35.059565],[150,719,-85.214291,35.05959],[175,721,-85.214369,35.059615],[200,724,-85.214447,35.05964],[225,726,-85.214525,35.059665],[250,729,-85.214603,35.05969],[275,730,-85.21468,35.059715],[300,733,-85.214758,35.05974],[325,735,-85.214836,35.059765],[350,738,-85.214914,35.05979],[375,740,-85.214992,35.059815],[400,741,-85.21507,35.05984],[425,742,-85.215148,35.059865],[450,744,-85.215226,35.059891],[475,745,-85.215304,35.059916],[500,744,-85.215382,35.059941],[525,743,-85.21546,35.059966],[550,742,-85.215538,35.059991],[575,740,-85.215616,35.060016],[599,734,-85.215654,35.060074],[624,730,-85.215687,35.060137],[648,729,-85.21564,35.060189],[673,729,-85.215584,35.060241],[698,729,-85.215529,35.060292],[723,729,-85.215474,35.060344],[748,726,-85.215419,35.060395],[773,727,-85.215364,35.060447],[798,724,-85.215309,35.060499],[823,723,-85.215253,35.06055],[848,719,-85.215198,35.060602],[873,723,-85.215143,35.060653],[898,720,-85.215088,35.060705],[923,720,-85.215033,35.060756],[948,724,-85.214978,35.060808],[973,721,-85.214922,35.060859],[998,721,-85.214867,35.060911],[1023,718,-85.214812,35.060962],[1048,721,-85.214757,35.061014],[1073,717,-85.214702,35.061065],[1098,716,-85.214646,35.061117],[1123,716,-85.214591,35.061169],[1148,716,-85.214536,35.06122],[1173,713,-85.214481,35.061272],[1198,714,-85.214426,35.061323],[1223,717,-85.214371,35.061375],[1248,718,-85.214315,35.061426],[1273,715,-85.21426,35.061478],[1298,719,-85.214205,35.061529],[1323,719,-85.21415,35.061581],[1348,714,-85.214095,35.061632],[1373,714,-85.21404,35.061684],[1398,712,-85.213984,35.061736],[1423,712,-85.213929,35.061787],[1448,706,-85.213874,35.061839],[1473,710,-85.213819,35.06189],[1498,705,-85.213764,35.061942],[1523,705,-85.213707,35.061991],[1548,708,-85.213637,35.06203],[1573,707,-85.213568,35.062068],[1598,708,-85.213498,35.062106],[1623,702,-85.213429,35.062145],[1648,699,-85.213359,35.062183],[1673,697,-85.21329,35.062221],[1698,695,-85.21322,35.062259],[1723,692,-85.213151,35.062298],[1748,689,-85.213082,35.062336],[1773,687,-85.213012,35.062374],[1798,686,-85.212943,35.062412],[1823,686,-85.212873,35.062451],[1848,685,-85.212804,35.062489],[1873,687,-85.212734,35.062527],[1898,687,-85.212665,35.062565],[1923,689,-85.212598,35.062605],[1948,690,-85.21256,35.062667],[1973,688,-85.212523,35.062728],[1998,686,-85.212485,35.062789],[2023,684,-85.212448,35.06285],[2048,682,-85.21241,35.062912],[2073,679,-85.212373,35.062973],[2098,677,-85.212335,35.063034],[2123,674,-85.212298,35.063096],[2147,675,-85.212246,35.063147],[2172,677,-85.212178,35.063186],[2197,676,-85.212109,35.063226],[2222,676,-85.212041,35.063265],[2247,668,-85.211972,35.063305],[2272,664,-85.211907,35.063347],[2297,660,-85.211862,35.063405],[2322,655,-85.211817,35.063462],[2347,654,-85.211772,35.06352],[2372,656,-85.211727,35.063578],[2397,660,-85.211683,35.063636],[2422,666,-85.211638,35.063694],[2446,672,-85.211611,35.063756],[2471,675,-85.211606,35.063825],[2496,677,-85.211602,35.063893],[2521,678,-85.211597,35.063962],[2546,678,-85.211592,35.06403],[2571,682,-85.211588,35.064098],[2596,680,-85.211583,35.064167],[2621,677,-85.211578,35.064235],[2646,674,-85.211574,35.064304],[2671,672,-85.211569,35.064372],[2696,670,-85.211564,35.064441],[2721,669,-85.211559,35.064509],[2746,668,-85.211555,35.064577],[2771,666,-85.21155,35.064646],[2796,672,-85.211545,35.064714],[2821,670,-85.211541,35.064783],[2846,667,-85.211536,35.064851],[2871,662,-85.211531,35.06492],[2896,660,-85.211527,35.064988],[2921,655,-85.211522,35.065056],[2946,651,-85.211517,35.065125],[2971,648,-85.211513,35.065193],[2996,646,-85.211508,35.065262],[3021,650,-85.211503,35.06533],[3046,649,-85.211499,35.065398],[3071,647,-85.211494,35.065467],[3096,646,-85.211489,35.065535],[3121,644,-85.211484,35.065604],[3146,648,-85.211432,35.065657],[3171,651,-85.211379,35.06571],[3196,658,-85.211326,35.065763],[3219,658,-85.211293,35.065821],[3244,656,-85.211298,35.06589],[3269,655,-85.211303,35.065958],[3294,654,-85.211308,35.066027],[3319,654,-85.211313,35.066095],[3344,655,-85.211318,35.066163],[3369,656,-85.211323,35.066232],[3394,659,-85.211329,35.0663],[3419,663,-85.211334,35.066369],[3444,660,-85.211364,35.066432],[3469,654,-85.211397,35.066495],[3494,651,-85.211431,35.066558],[3519,650,-85.211464,35.066621],[3544,654,-85.211498,35.066683],[3569,651,-85.211531,35.066746],[3594,648,-85.211564,35.066809],[3619,646,-85.211598,35.066872],[3644,650,-85.211631,35.066935],[3669,650,-85.211665,35.066997],[3694,647,-85.211698,35.06706],[3719,647,-85.211732,35.067123],[3744,645,-85.211765,35.067186],[3769,646,-85.211799,35.067249],[3794,641,-85.211832,35.067311],[3810,640,-85.211809,35.067351],[3835,645,-85.211727,35.067366],[3860,647,-85.211646,35.067382],[3881,651,-85.211577,35.067395],[3906,647,-85.21166,35.06739],[3931,642,-85.211744,35.067386],[3956,639,-85.211827,35.067381],[3978,638,-85.211896,35.067404],[4003,638,-85.211949,35.067457],[4028,639,-85.212002,35.06751],[4053,640,-85.212056,35.067562],[4078,640,-85.212109,35.067615],[4103,641,-85.212162,35.067668],[4128,640,-85.212215,35.067721],[4153,642,-85.212268,35.067774],[4178,639,-85.212321,35.067827],[4199,644,-85.212364,35.06787],[7171,725,-85.213652,35.059791],[7196,722,-85.213683,35.059727],[7221,720,-85.213714,35.059664],[7246,719,-85.213745,35.0596],[7271,718,-85.213776,35.059536],[7296,717,-85.213807,35.059473],[7316,717,-85.213791,35.05942],[7336,717,-85.213737,35.059387]]}