{"trail":"Bread & Butter","distance":2237,"gain":8,"loss":290,"min":812,"max":1094,"profile":[[0,1094,-85.310769,35.138002],[25,1092,-85.310743,35.137937],[50,1086,-85.310716,35.137872],[75,1084,-85.31069,35.137807],[100,1079,-85.310663,35.137742],[120,1074,-85.310633,35.137694],[145,1073,-85.310579,35.137746],[170,1072,-85.310524,35.137798],[195,1071,-85.31047,35.13785],[220,1067,-85.310416,35.137903],[245,1065,-85.310362,35.137955],[270,1063,-85.310308,35.138007],[295,1058,-85.310254,35.13806],[320,1054,-85.3102,35.138112],[340,1051,-85.310136,35.138131],[365,1043,-85.310059,35.138103],[390,1035,-85.309983,35.138075],[414,1034,-85.309969,35.138011],[439,1033,-85.309962,35.137942],[464,1032,-85.309955,35.137874],[489,1026,-85.309948,35.137806],[514,1023,-85.309941,35.137738],[539,1022,-85.309934,35.137669],[564,1018,-85.309927,35.137601],[589,1014,-85.30992,35.137533],[614,1010,-85.309913,35.137464],[638,1005,-85.30993,35.137399],[663,1001,-85.309961,35.137335],[688,996,-85.309991,35.137271],[713,995,-85.310022,35.137207],[738,998,-85.310052,35.137144],[750,993,-85.310013,35.137152],[775,987,-85.309945,35.137192],[800,986,-85.309876,35.137232],[825,983,-85.309808,35.137272],[850,984,-85.30974,35.137311],[875,982,-85.309671,35.137351],[900,984,-85.309603,35.137391],[925,983,-85.309535,35.13743],[950,979,-85.309466,35.13747],[975,977,-85.309398,35.13751],[1000,972,-85.30933,35.137549],[1025,967,-85.309262,35.137589],[1042,966,-85.309242,35.137546],[1067,964,-85.309237,35.137478],[1092,961,-85.309232,35.137409],[1117,956,-85.309227,35.137341],[1141,950,-85.309238,35.137274],[1166,944,-85.309271,35.137211],[1191,940,-85.309304,35.137149],[1216,934,-85.309337,35.137086],[1241,931,-85.30937,35.137023],[1266,930,-85.309403,35.13696],[1291,928,-85.309436,35.136897],[1316,928,-85.309469,35.136834],[1325,928,-85.309439,35.136832],[1350,923,-85.30937,35.13687],[1375,919,-85.3093,35.136908],[1400,918,-85.30923,35.136946],[1425,915,-85.309161,35.136984],[1450,911,-85.309077,35.136978],[1475,908,-85.308994,35.136972],[1500,901,-85.30891,35.136966],[1525,897,-85.308827,35.13696],[1550,893,-85.308743,35.136954],[1575,889,-85.30866,35.136948],[1600,885,-85.308576,35.136942],[1625,881,-85.308493,35.136936],[1650,875,-85.308409,35.13693],[1675,869,-85.308326,35.136924],[1700,864,-85.308242,35.136918],[1721,860,-85.308178,35.13694],[1746,859,-85.308141,35.137001],[1771,858,-85.308103,35.137062],[1796,860,-85.308066,35.137124],[1821,857,-85.308028,35.137185],[1836,853,-85.30799,35.137214],[1861,850,-85.307949,35.137154],[1886,847,-85.307908,35.137094],[1911,845,-85.307867,35.137035],[1936,843,-85.307826,35.136975],[1961,842,-85.307785,35.136915],[1986,839,-85.307744,35.136855],[2011,836,-85.307703,35.136795],[2036,832,-85.307662,35.136736],[2061,828,-85.307621,35.136676],[2086,825,-85.30758,35.136616],[2111,821,-85.307539,35.136556],[2132,817,-85.307523,35.136501],[2157,816,-85.307591,35.136461],[2182,816,-85.30766,35.136422],[2207,815,-85.307728,35.136382],[2232,812,-85.307796,35.136342],[2237,812,-85.307808,35.136335]]}