{"trail":"Bull Snake","distance":2699,"gain":105,"loss":10,"min":3321,"max":3481,"profile":[[0,3362,-121.312077,44.262547],[56,3363,-121.312074,44.262395],[99,3365,-121.312047,44.262279],[139,3367,-121.311966,44.262183],[169,3370,-121.311945,44.262102],[186,3370,-121.311909,44.262066],[230,3374,-121.311748,44.262026],[296,3377,-121.311495,44.262021],[363,3380,-121.311241,44.262016],[481,3384,-121.310787,44.262006],[602,3389,-121.310323,44.262016],[680,3393,-121.310026,44.262005],[758,3398,-121.309729,44.261993],[829,3401,-121.309459,44.262009],[899,3403,-121.30919,44.262024],[977,3407,-121.308891,44.26202],[1055,3419,-121.308593,44.262016],[1134,3427,-121.308293,44.262012],[1212,3437,-121.307994,44.262008],[1330,3446,-121.307544,44.26198],[1401,3448,-121.307273,44.261967],[1472,3449,-121.307002,44.261954],[1569,3449,-121.306628,44.261942],[1611,3451,-121.306477,44.261904],[1659,3449,-121.306303,44.26187],[1707,3453,-121.306169,44.261776],[1751,3457,-121.306082,44.261673],[1777,3459,-121.306082,44.261602],[1796,3459,-121.306112,44.261556],[1827,3462,-121.306199,44.261498],[1843,3464,-121.306238,44.261462],[1857,3464,-121.306261,44.261429],[1875,3467,-121.306236,44.261383],[1893,3468,-121.306181,44.261354],[1931,3465,-121.306044,44.261315],[1957,3466,-121.305957,44.261283],[1970,3466,-121.305926,44.261254],[1982,3467,-121.305917,44.261223],[1993,3467,-121.305933,44.261193],[2005,3469,-121.30596,44.261168],[2027,3471,-121.306044,44.261157],[2058,3475,-121.306163,44.261158],[2088,3476,-121.306268,44.261127],[2104,3481,-121.306319,44.261101],[2124,3483,-121.306345,44.26105],[2144,3485,-121.30633,44.260997],[2157,3484,-121.30629,44.260975],[2182,3482,-121.306194,44.260966],[2211,3480,-121.306085,44.260957],[2235,3478,-121.305997,44.260941],[2263,3478,-121.305902,44.260903],[2283,3478,-121.305871,44.260854],[2283,3339,-121.31193,44.265521],[2314,3338,-121.312019,44.265577],[2342,3338,-121.312094,44.26563],[2372,3336,-121.312203,44.26566],[2438,3330,-121.312457,44.265656],[2472,3329,-121.312577,44.265688],[2506,3325,-121.312707,44.26569],[2538,3325,-121.312816,44.265732],[2595,3322,-121.313031,44.265758],[2619,3321,-121.313118,44.265741],[2667,3320,-121.313303,44.265737],[2676,3320,-121.313333,44.265749],[2699,3319,-121.31342,44.265759]]}