{"trail":"Bullwinkle","distance":1586,"gain":25,"loss":262,"min":844,"max":1081,"profile":[[0,1081,-85.310125,35.139967],[25,1078,-85.310091,35.139905],[50,1073,-85.310058,35.139842],[75,1068,-85.310024,35.139779],[100,1064,-85.30999,35.139717],[125,1065,-85.309956,35.139654],[150,1062,-85.309922,35.139591],[175,1059,-85.309888,35.139528],[200,1055,-85.309854,35.139466],[225,1051,-85.309821,35.139403],[250,1051,-85.309787,35.13934],[275,1047,-85.309753,35.139278],[300,1042,-85.309719,35.139215],[325,1046,-85.309742,35.13915],[350,1045,-85.309768,35.139085],[375,1048,-85.309794,35.139019],[400,1046,-85.309819,35.138954],[425,1047,-85.309845,35.138889],[450,1047,-85.309871,35.138824],[475,1045,-85.309896,35.138758],[499,1040,-85.3099,35.138693],[524,1035,-85.309875,35.138628],[549,1027,-85.309851,35.138562],[574,1025,-85.309826,35.138497],[598,1015,-85.309768,35.138448],[623,1008,-85.309707,35.138401],[648,997,-85.309647,35.138353],[673,991,-85.309587,35.138305],[698,987,-85.309527,35.138258],[723,979,-85.309466,35.13821],[748,976,-85.309406,35.138163],[773,972,-85.309346,35.138115],[798,970,-85.309285,35.138067],[823,968,-85.309225,35.13802],[842,963,-85.309163,35.13803],[867,958,-85.309099,35.138075],[892,949,-85.309036,35.138119],[917,943,-85.308972,35.138164],[942,934,-85.308908,35.138208],[965,932,-85.308857,35.138163],[990,930,-85.308806,35.138108],[1004,927,-85.308763,35.138094],[1029,924,-85.308734,35.138158],[1051,918,-85.308696,35.13821],[1076,911,-85.308614,35.138197],[1099,909,-85.308577,35.13814],[1124,911,-85.308549,35.138076],[1149,909,-85.30852,35.138011],[1174,907,-85.308492,35.137947],[1199,908,-85.308463,35.137883],[1224,906,-85.308434,35.137818],[1249,902,-85.308367,35.137781],[1274,894,-85.308293,35.137749],[1299,884,-85.308219,35.137716],[1321,878,-85.308156,35.137682],[1346,885,-85.308215,35.137634],[1371,891,-85.308274,35.137585],[1395,890,-85.308252,35.137523],[1420,884,-85.308221,35.13746],[1445,876,-85.308186,35.137398],[1470,869,-85.308131,35.137346],[1495,863,-85.308075,35.137295],[1520,853,-85.30802,35.137244],[1545,849,-85.307964,35.137192],[1570,847,-85.307909,35.137141],[1586,844,-85.307872,35.137107]]}