{"trail":"Caprock Cut Through","distance":807,"gain":29,"loss":36,"min":1951,"max":1976,"profile":[[0,1958,-85.439472,34.842637],[25,1962,-85.439548,34.842666],[50,1965,-85.439624,34.842695],[75,1964,-85.4397,34.842723],[100,1967,-85.439775,34.842752],[125,1970,-85.439851,34.842781],[150,1970,-85.439927,34.84281],[175,1969,-85.440003,34.842838],[199,1970,-85.440063,34.842883],[224,1973,-85.440115,34.842937],[249,1969,-85.440167,34.84299],[274,1969,-85.440219,34.843044],[299,1968,-85.440271,34.843098],[324,1969,-85.440323,34.843151],[349,1968,-85.440375,34.843205],[374,1969,-85.440427,34.843259],[399,1969,-85.440479,34.843312],[424,1971,-85.440531,34.843366],[449,1971,-85.440583,34.843419],[474,1969,-85.440635,34.843473],[499,1968,-85.440687,34.843527],[524,1971,-85.440707,34.843592],[549,1971,-85.440721,34.84366],[574,1974,-85.440734,34.843727],[599,1976,-85.440748,34.843795],[624,1970,-85.440762,34.843862],[649,1969,-85.440775,34.84393],[672,1964,-85.440823,34.843979],[697,1957,-85.440895,34.844014],[722,1956,-85.440966,34.844049],[747,1954,-85.441038,34.844085],[772,1952,-85.441109,34.84412],[797,1952,-85.441181,34.844155],[807,1951,-85.44121,34.844169]]}