{"trail":"Caprock","distance":5864,"gain":234,"loss":419,"min":1895,"max":2091,"profile":[[0,2091,-85.444493,34.846476],[25,2090,-85.444411,34.846466],[50,2081,-85.444328,34.846456],[75,2081,-85.444246,34.846445],[95,2078,-85.444212,34.846399],[120,2075,-85.444209,34.84633],[145,2075,-85.444205,34.846262],[170,2075,-85.444202,34.846193],[195,2076,-85.444198,34.846125],[220,2074,-85.444195,34.846056],[243,2075,-85.44417,34.845994],[268,2077,-85.444118,34.845941],[293,2075,-85.444066,34.845887],[318,2078,-85.444015,34.845833],[343,2075,-85.443963,34.845779],[368,2075,-85.443911,34.845726],[393,2070,-85.443853,34.84568],[418,2073,-85.443772,34.845664],[443,2072,-85.443691,34.845647],[468,2075,-85.44361,34.84563],[493,2076,-85.443529,34.845614],[518,2068,-85.443448,34.845597],[543,2063,-85.443367,34.84558],[568,2054,-85.443286,34.845564],[593,2055,-85.443205,34.845547],[618,2051,-85.443124,34.845531],[642,2052,-85.443041,34.845526],[667,2052,-85.442957,34.845528],[692,2054,-85.442874,34.845529],[717,2066,-85.44279,34.845531],[742,2071,-85.442707,34.845532],[767,2070,-85.442623,34.845534],[792,2066,-85.44254,34.845535],[817,2061,-85.442457,34.845537],[842,2059,-85.442373,34.845538],[867,2056,-85.44229,34.84554],[892,2054,-85.442206,34.845541],[917,2054,-85.442123,34.845543],[942,2048,-85.442056,34.845505],[967,2041,-85.441992,34.845461],[992,2034,-85.441928,34.845417],[1017,2032,-85.441863,34.845373],[1041,2043,-85.441783,34.845367],[1066,2051,-85.441699,34.845367],[1091,2057,-85.441616,34.845367],[1116,2059,-85.441532,34.845367],[1141,2060,-85.441449,34.845367],[1164,2050,-85.441374,34.845355],[1189,2032,-85.441333,34.845295],[1214,2023,-85.441293,34.845235],[1239,2016,-85.441252,34.845175],[1264,2013,-85.441212,34.845115],[1289,2012,-85.441171,34.845055],[1314,2007,-85.441131,34.844996],[1339,2005,-85.44109,34.844936],[1364,2009,-85.441049,34.844876],[1389,2010,-85.441009,34.844816],[1414,2009,-85.440968,34.844756],[1438,2011,-85.440908,34.844712],[1463,2021,-85.440836,34.844677],[1488,2024,-85.440764,34.844643],[1513,2030,-85.440692,34.844609],[1538,2033,-85.440619,34.844574],[1563,2032,-85.440547,34.84454],[1588,2033,-85.440475,34.844505],[1613,2032,-85.440403,34.844471],[1638,2029,-85.440331,34.844436],[1661,2031,-85.440276,34.84439],[1686,2020,-85.440248,34.844325],[1711,2013,-85.44022,34.844261],[1736,2017,-85.440192,34.844196],[1748,2014,-85.440226,34.844183],[1773,2006,-85.440304,34.844207],[1798,1999,-85.440383,34.844231],[1823,1992,-85.440461,34.844255],[1848,1997,-85.440539,34.844279],[1873,1994,-85.440617,34.844303],[1898,1997,-85.440696,34.844327],[1923,1997,-85.440774,34.84435],[1948,1991,-85.440852,34.844374],[1973,1991,-85.44093,34.844398],[1998,1994,-85.440966,34.84446],[2023,1994,-85.441001,34.844522],[2048,1991,-85.441035,34.844585],[2073,1990,-85.44107,34.844647],[2098,1990,-85.441105,34.844709],[2123,1993,-85.44114,34.844771],[2146,1990,-85.441184,34.844825],[2171,1986,-85.441264,34.844844],[2196,1982,-85.441344,34.844863],[2221,1982,-85.441424,34.844883],[2246,1977,-85.441504,34.844902],[2271,1973,-85.441585,34.844921],[2296,1967,-85.441665,34.84494],[2321,1967,-85.441747,34.844942],[2346,1969,-85.441831,34.844939],[2371,1974,-85.441914,34.844935],[2396,1977,-85.441998,34.844932],[2421,1979,-85.442081,34.844929],[2446,1980,-85.442164,34.844926],[2471,1981,-85.442248,34.844923],[2496,1984,-85.442331,34.84492],[2521,1986,-85.442415,34.844916],[2546,1988,-85.442498,34.844913],[2571,1989,-85.442582,34.84491],[2594,1988,-85.44265,34.844942],[2619,1994,-85.442713,34.844987],[2644,1996,-85.442775,34.845032],[2669,1994,-85.442838,34.845078],[2694,1997,-85.4429,34.845123],[2719,1994,-85.442963,34.845168],[2743,1995,-85.443043,34.84516],[2768,1992,-85.443124,34.845146],[2793,1991,-85.443206,34.845131],[2818,1988,-85.443287,34.845116],[2843,1994,-85.443369,34.845102],[2868,2000,-85.44345,34.845087],[2893,1996,-85.443532,34.845072],[2918,1998,-85.443614,34.845058],[2941,1999,-85.443687,34.845071],[2966,2002,-85.443751,34.845115],[2991,2004,-85.443815,34.845159],[3016,2003,-85.443879,34.845202],[3037,2002,-85.443949,34.845213],[3062,2004,-85.444025,34.845185],[3087,2006,-85.444101,34.845157],[3112,2004,-85.444177,34.845129],[3137,2001,-85.444254,34.845101],[3162,1997,-85.44433,34.845072],[3182,1995,-85.444302,34.845022],[3207,1990,-85.444252,34.844968],[3232,1987,-85.444202,34.844913],[3257,1982,-85.444151,34.844858],[3282,1976,-85.444101,34.844803],[3306,1975,-85.444029,34.844779],[3331,1973,-85.443946,34.844769],[3356,1968,-85.443864,34.84476],[3381,1965,-85.443781,34.84475],[3406,1964,-85.443698,34.84474],[3430,1963,-85.443617,34.844739],[3455,1964,-85.44354,34.844765],[3480,1966,-85.443463,34.844792],[3505,1968,-85.443386,34.844818],[3529,1961,-85.443312,34.844792],[3554,1955,-85.443239,34.844759],[3579,1952,-85.443165,34.844727],[3604,1949,-85.443092,34.844694],[3629,1950,-85.443018,34.844661],[3654,1954,-85.442945,34.844629],[3679,1954,-85.442871,34.844596],[3704,1956,-85.44279,34.844584],[3729,1958,-85.442707,34.844574],[3754,1959,-85.442624,34.844565],[3779,1957,-85.442542,34.844555],[3804,1957,-85.442459,34.844546],[3829,1957,-85.442376,34.844536],[3854,1956,-85.442294,34.844527],[3879,1954,-85.442211,34.844517],[3904,1952,-85.442128,34.844508],[3929,1946,-85.442046,34.844498],[3954,1943,-85.441963,34.844489],[3979,1937,-85.44188,34.844479],[4004,1940,-85.441798,34.84447],[4029,1944,-85.441725,34.844437],[4054,1944,-85.441653,34.844402],[4079,1942,-85.441581,34.844367],[4104,1945,-85.441509,34.844332],[4129,1948,-85.441437,34.844297],[4154,1948,-85.441366,34.844263],[4179,1950,-85.441294,34.844228],[4204,1951,-85.441222,34.844193],[4227,1948,-85.441203,34.84413],[4252,1945,-85.441194,34.844062],[4277,1945,-85.441185,34.843994],[4302,1943,-85.441176,34.843925],[4327,1941,-85.441167,34.843857],[4352,1940,-85.441158,34.843789],[4377,1940,-85.441149,34.843721],[4402,1942,-85.441122,34.843657],[4427,1944,-85.441083,34.843597],[4452,1946,-85.441044,34.843536],[4477,1947,-85.441005,34.843476],[4502,1949,-85.440966,34.843415],[4527,1950,-85.440927,34.843355],[4552,1952,-85.440888,34.843294],[4577,1950,-85.440849,34.843234],[4602,1949,-85.44081,34.843173],[4627,1948,-85.440771,34.843112],[4652,1948,-85.440719,34.843059],[4677,1951,-85.440662,34.843009],[4702,1950,-85.440606,34.842959],[4727,1950,-85.440549,34.842908],[4752,1950,-85.440492,34.842858],[4777,1950,-85.440435,34.842808],[4802,1948,-85.440378,34.842758],[4827,1948,-85.440322,34.842707],[4852,1947,-85.440265,34.842657],[4877,1943,-85.440208,34.842607],[4902,1942,-85.440151,34.842557],[4927,1938,-85.440095,34.842506],[4952,1936,-85.440038,34.842456],[4977,1933,-85.439981,34.842406],[4997,1931,-85.439959,34.842353],[5022,1927,-85.440002,34.842294],[5047,1925,-85.440045,34.842235],[5072,1924,-85.440087,34.842176],[5097,1923,-85.44013,34.842117],[5122,1923,-85.440173,34.842058],[5147,1923,-85.440215,34.841999],[5172,1925,-85.440258,34.84194],[5197,1925,-85.440301,34.841881],[5222,1925,-85.440343,34.841822],[5247,1924,-85.440386,34.841764],[5272,1923,-85.440433,34.841708],[5297,1922,-85.440492,34.841659],[5322,1921,-85.440551,34.841611],[5347,1921,-85.44061,34.841562],[5372,1921,-85.440669,34.841514],[5397,1919,-85.440729,34.841465],[5422,1918,-85.440788,34.841417],[5447,1914,-85.440847,34.841368],[5469,1915,-85.440852,34.841309],[5494,1918,-85.440828,34.841243],[5519,1918,-85.440804,34.841177],[5544,1918,-85.440781,34.841111],[5569,1916,-85.440757,34.841046],[5594,1911,-85.440734,34.84098],[5619,1909,-85.44071,34.840914],[5644,1904,-85.440687,34.840848],[5669,1902,-85.440663,34.840783],[5694,1902,-85.440625,34.840723],[5719,1901,-85.440576,34.840668],[5744,1901,-85.440526,34.840613],[5769,1898,-85.440476,34.840557],[5794,1896,-85.440427,34.840502],[5819,1895,-85.440377,34.840447],[5844,1900,-85.440327,34.840392],[5864,1906,-85.440288,34.840348]]}