{"trail":"Castle Rock","distance":22090,"gain":1621,"loss":45,"min":2207,"max":3796,"profile":[[0,2218,-122.228642,44.129006],[87,2218,-122.228421,44.129186],[175,2220,-122.2282,44.129365],[297,2220,-122.227879,44.129608],[370,2221,-122.227656,44.129729],[443,2227,-122.227433,44.12985],[518,2230,-122.227233,44.129994],[592,2236,-122.227033,44.130138],[666,2247,-122.226833,44.130282],[736,2244,-122.226594,44.13037],[807,2248,-122.226355,44.130459],[889,2248,-122.226049,44.130517],[972,2239,-122.225743,44.130574],[1048,2236,-122.225465,44.130628],[1123,2233,-122.225186,44.130682],[1219,2221,-122.224899,44.130842],[1314,2230,-122.224612,44.131002],[1381,2218,-122.224494,44.131167],[1449,2221,-122.224376,44.131332],[1526,2230,-122.22422,44.131512],[1604,2236,-122.224065,44.131692],[1681,2240,-122.223909,44.131872],[1748,2229,-122.223761,44.132022],[1815,2234,-122.223614,44.132172],[1882,2241,-122.223466,44.132322],[1949,2238,-122.223319,44.132472],[2015,2231,-122.223169,44.132617],[2080,2229,-122.223018,44.132761],[2146,2243,-122.222868,44.132906],[2212,2253,-122.222718,44.13305],[2282,2256,-122.222614,44.133227],[2352,2253,-122.222511,44.133404],[2422,2245,-122.222407,44.133581],[2522,2263,-122.222149,44.133781],[2595,2263,-122.222003,44.133953],[2669,2264,-122.221856,44.134125],[2742,2263,-122.22171,44.134297],[2824,2262,-122.221599,44.134508],[2906,2257,-122.221488,44.134718],[2989,2249,-122.221377,44.134929],[3075,2257,-122.22127,44.135152],[3161,2240,-122.221162,44.135375],[3247,2220,-122.221055,44.135599],[3340,2218,-122.220894,44.135826],[3433,2206,-122.220733,44.136053],[3504,2210,-122.220533,44.136185],[3575,2210,-122.220333,44.136317],[3647,2222,-122.220132,44.13645],[3718,2205,-122.219932,44.136582],[3789,2198,-122.219732,44.136714],[3860,2199,-122.219532,44.136846],[3941,2198,-122.219274,44.136965],[4021,2197,-122.219017,44.137085],[4099,2225,-122.21872,44.13709],[4176,2266,-122.218423,44.137095],[4254,2284,-122.218126,44.1371],[4357,2261,-122.217804,44.137262],[4443,2290,-122.217482,44.137316],[4517,2249,-122.217327,44.137485],[4591,2228,-122.217171,44.137655],[4716,2226,-122.216731,44.137785],[4785,2223,-122.216474,44.13782],[4853,2237,-122.216216,44.137855],[4922,2238,-122.215959,44.137889],[4991,2257,-122.215701,44.137924],[5065,2254,-122.215457,44.138028],[5139,2252,-122.215213,44.138132],[5213,2257,-122.214969,44.138236],[5288,2247,-122.214725,44.13834],[5372,2271,-122.214403,44.138348],[5456,2287,-122.214081,44.138355],[5575,2317,-122.213641,44.138278],[5688,2323,-122.213212,44.138309],[5763,2334,-122.212929,44.138269],[5839,2340,-122.212646,44.138229],[5915,2339,-122.212363,44.138189],[5990,2348,-122.212079,44.138149],[6066,2356,-122.211796,44.138109],[6140,2359,-122.211512,44.138113],[6215,2359,-122.211227,44.138117],[6281,2352,-122.210981,44.138155],[6347,2345,-122.210734,44.138194],[6413,2344,-122.210487,44.138232],[6523,2316,-122.210487,44.138532],[6607,2287,-122.210323,44.13873],[6691,2299,-122.210158,44.138928],[6775,2323,-122.209994,44.139125],[6853,2342,-122.209777,44.139273],[6931,2366,-122.20956,44.139421],[7009,2375,-122.209343,44.139569],[7088,2390,-122.209127,44.139717],[7166,2382,-122.20891,44.139864],[7244,2394,-122.208703,44.140018],[7322,2383,-122.208495,44.140172],[7400,2388,-122.208288,44.140326],[7486,2392,-122.207987,44.140421],[7572,2412,-122.207687,44.140516],[7658,2409,-122.207386,44.140611],[7746,2396,-122.207167,44.140792],[7833,2383,-122.206947,44.140973],[7910,2381,-122.206692,44.141075],[7986,2387,-122.206437,44.141177],[8062,2390,-122.206182,44.141279],[8139,2394,-122.205927,44.141381],[8221,2402,-122.205727,44.141556],[8304,2398,-122.205527,44.14173],[8386,2396,-122.205327,44.141905],[8454,2402,-122.205112,44.142007],[8521,2406,-122.204897,44.142109],[8588,2405,-122.204683,44.142211],[8656,2401,-122.204468,44.142313],[8737,2409,-122.204187,44.142409],[8819,2408,-122.203905,44.142505],[8901,2414,-122.203623,44.142601],[8982,2415,-122.203342,44.142698],[9053,2413,-122.203176,44.142852],[9124,2410,-122.203011,44.143006],[9195,2416,-122.202846,44.14316],[9266,2421,-122.202681,44.143314],[9337,2438,-122.202516,44.143468],[9410,2457,-122.202255,44.14354],[9483,2473,-122.201993,44.143611],[9557,2489,-122.201732,44.143683],[9652,2486,-122.201588,44.143922],[9747,2478,-122.201443,44.144161],[9818,2479,-122.201232,44.144286],[9890,2480,-122.201021,44.144412],[9962,2488,-122.20081,44.144538],[10034,2499,-122.200552,44.144607],[10106,2510,-122.200295,44.144676],[10178,2521,-122.200037,44.144746],[10269,2539,-122.199689,44.144757],[10361,2554,-122.19934,44.144769],[10468,2571,-122.198964,44.144884],[10543,2576,-122.198737,44.145009],[10617,2579,-122.198509,44.145134],[10692,2577,-122.198282,44.145258],[10767,2577,-122.198055,44.145383],[10842,2574,-122.197827,44.145508],[10909,2569,-122.197638,44.145628],[10975,2564,-122.197448,44.145749],[11041,2562,-122.197259,44.14587],[11125,2567,-122.196969,44.145966],[11208,2564,-122.196679,44.146062],[11323,2577,-122.19625,44.146124],[11433,2596,-122.195831,44.146101],[11527,2605,-122.195499,44.146197],[11621,2627,-122.195166,44.146293],[11709,2613,-122.194952,44.146482],[11798,2601,-122.194737,44.14667],[11908,2579,-122.194487,44.146913],[11986,2568,-122.194302,44.14708],[12064,2560,-122.194116,44.147247],[12142,2557,-122.193931,44.147415],[12271,2560,-122.193601,44.147678],[12319,2565,-122.193519,44.147795],[12365,2573,-122.193554,44.147919],[12416,2578,-122.193665,44.148033],[12482,2588,-122.193879,44.148129],[12591,2591,-122.194281,44.14821],[12693,2594,-122.194657,44.148275],[12773,2591,-122.194963,44.14826],[12853,2589,-122.195268,44.148245],[12933,2590,-122.195574,44.148229],[13061,2594,-122.196062,44.148218],[13153,2633,-122.196411,44.148233],[13244,2646,-122.19676,44.148249],[13323,2652,-122.19706,44.148272],[13402,2677,-122.19736,44.148295],[13500,2708,-122.197717,44.148377],[13598,2726,-122.198074,44.14846],[13721,2736,-122.198535,44.148522],[13790,2742,-122.198798,44.148518],[13872,2751,-122.199104,44.148476],[13930,2737,-122.199259,44.14836],[13955,2728,-122.199351,44.148341],[13980,2752,-122.199345,44.14841],[14047,2762,-122.1992,44.14856],[14114,2770,-122.199056,44.14871],[14180,2774,-122.199283,44.148632],[14246,2780,-122.19951,44.148554],[14311,2785,-122.199737,44.148476],[14397,2786,-122.200053,44.148422],[14471,2804,-122.200337,44.148409],[14557,2804,-122.200665,44.148388],[14683,2816,-122.201125,44.148292],[14754,2815,-122.201392,44.148252],[14825,2814,-122.201659,44.148212],[14897,2823,-122.201926,44.148171],[14979,2842,-122.202239,44.148177],[15061,2857,-122.202553,44.148183],[15162,2872,-122.202934,44.148145],[15247,2887,-122.203258,44.148111],[15333,2882,-122.203581,44.148078],[15419,2891,-122.203905,44.148044],[15485,2900,-122.204157,44.148041],[15551,2909,-122.204409,44.148037],[15617,2909,-122.204661,44.148033],[15683,2921,-122.204914,44.148029],[15750,2936,-122.205166,44.147998],[15791,2936,-122.205316,44.147964],[15837,2952,-122.205246,44.148079],[15940,2974,-122.204914,44.148233],[16010,2976,-122.204685,44.148328],[16079,2995,-122.204456,44.148423],[16148,2997,-122.204227,44.148518],[16251,3010,-122.203846,44.148591],[16309,3017,-122.204055,44.148637],[16400,3031,-122.204404,44.148637],[16431,3057,-122.20442,44.148722],[16479,3062,-122.204592,44.148768],[16556,3079,-122.204887,44.14877],[16633,3089,-122.205182,44.148772],[16701,3109,-122.205436,44.148801],[16768,3119,-122.205691,44.14883],[16833,3128,-122.205933,44.148799],[16902,3125,-122.206158,44.148697],[16972,3158,-122.206383,44.148595],[17043,3167,-122.206279,44.148774],[17114,3168,-122.206174,44.148953],[17228,3197,-122.206518,44.148761],[17327,3222,-122.206453,44.14903],[17400,3221,-122.20633,44.149207],[17438,3227,-122.206255,44.149296],[17464,3216,-122.206249,44.149369],[17501,3244,-122.206389,44.149353],[17548,3261,-122.20655,44.149296],[17667,3285,-122.206791,44.149018],[17767,3293,-122.206839,44.149288],[17880,3333,-122.206974,44.148991],[17966,3372,-122.207118,44.148781],[18063,