{"trail":"Catch & Release","distance":24095,"gain":178,"loss":168,"min":4003,"max":4164,"profile":[[0,4059,-121.424524,43.979824],[33,4059,-121.424398,43.979824],[78,4059,-121.424231,43.979803],[143,4062,-121.424006,43.979726],[234,4071,-121.423755,43.979553],[365,4078,-121.423597,43.979213],[395,4079,-121.423583,43.979133],[431,4081,-121.423601,43.979035],[475,4083,-121.423583,43.978914],[539,4084,-121.423634,43.978743],[583,4085,-121.423646,43.978623],[609,4085,-121.423663,43.978553],[668,4082,-121.423658,43.97839],[791,4073,-121.423568,43.978059],[837,4070,-121.423573,43.977933],[886,4064,-121.423603,43.977801],[941,4063,-121.423727,43.977677],[1008,4065,-121.423755,43.977496],[1054,4068,-121.423879,43.977407],[1090,4071,-121.423962,43.977328],[1140,4074,-121.423926,43.977194],[1234,4083,-121.424041,43.976951],[1270,4084,-121.424074,43.976853],[1340,4083,-121.424016,43.976668],[1429,4082,-121.423803,43.976478],[1490,4084,-121.423709,43.976324],[1565,4089,-121.423598,43.976135],[1643,4089,-121.423432,43.975957],[1699,4097,-121.423349,43.975816],[1751,4098,-121.423284,43.975681],[1832,4101,-121.423243,43.975461],[1913,4100,-121.423202,43.975242],[1988,4105,-121.423243,43.975038],[2063,4104,-121.423284,43.974834],[2103,4111,-121.423334,43.974732],[2144,4117,-121.423395,43.974628],[2178,4115,-121.42341,43.974534],[2223,4114,-121.423389,43.974413],[2267,4108,-121.423367,43.974293],[2364,4120,-121.423491,43.974042],[2417,4124,-121.423448,43.973901],[2461,4123,-121.423371,43.973794],[2500,4126,-121.423357,43.973688],[2580,4128,-121.423335,43.973469],[2660,4130,-121.423313,43.973249],[2701,4132,-121.423306,43.973139],[2748,4132,-121.423221,43.973024],[2796,4132,-121.423192,43.972894],[2855,4134,-121.423187,43.972733],[2932,4137,-121.423237,43.972524],[2957,4137,-121.42326,43.972458],[3048,4140,-121.423394,43.972228],[3114,4139,-121.423466,43.972054],[3158,4139,-121.423444,43.971934],[3230,4138,-121.423454,43.971739],[3281,4137,-121.423392,43.971606],[3368,4133,-121.423344,43.971369],[3397,4132,-121.42331,43.971294],[3422,4129,-121.423298,43.971225],[3470,4129,-121.423359,43.9711],[3492,4128,-121.423382,43.971043],[3552,4130,-121.42348,43.970895],[3604,4131,-121.423595,43.970778],[3654,4133,-121.423755,43.970706],[3691,4134,-121.423829,43.970619],[3729,4133,-121.423824,43.970515],[3760,4133,-121.423876,43.97044],[3799,4134,-121.423945,43.970344],[3850,4134,-121.424032,43.970218],[3876,4134,-121.424094,43.970162],[3981,4133,-121.424394,43.969974],[4033,4132,-121.42455,43.969887],[4078,4131,-121.424655,43.969789],[4113,4129,-121.424713,43.969702],[4161,4126,-121.424732,43.969571],[4263,4123,-121.424733,43.969293],[4314,4124,-121.424765,43.969153],[4393,4127,-121.424869,43.968951],[4471,4133,-121.424974,43.96875],[4550,4137,-121.425078,43.968548],[4629,4138,-121.425183,43.968346],[4706,4139,-121.42523,43.968136],[4800,4140,-121.425345,43.967892],[4924,4142,-121.425588,43.967602],[5002,4145,-121.425802,43.967453],[5080,4146,-121.426015,43.967303],[5198,4147,-121.426273,43.96704],[5281,4151,-121.426516,43.966895],[5364,4155,-121.42676,43.96675],[5416,4156,-121.426874,43.966633],[5507,4158,-121.427032,43.966411],[5595,4160,-121.427207,43.966205],[5656,4160,-121.427311,43.966053],[5766,4157,-121.427393,43.965759],[5770,4157,-121.427398,43.965748],[5872,4155,-121.427388,43.96547],[5963,4152,-121.427421,43.965221],[6076,4151,-121.427585,43.964935],[6127,4153,-121.42769,43.964815],[6177,4154,-121.427819,43.964717],[6202,4154,-121.427898,43.964676],[6231,4153,-121.428001,43.964648],[6334,4152,-121.428389,43.964689],[6408,4149,-121.428666,43.96472],[6440,4146,-121.428781,43.964753],[6498,4146,-121.42895,43.964855],[6526,4139,-121.429057,43.964862],[6549,4137,-121.429106,43.964809],[6574,4134,-121.429087,43.964742],[6608,4135,-121.42899,43.964683],[6654,4134,-121.42888,43.964585],[6691,4131,-121.428819,43.964494],[6757,4127,-121.428693,43.964336],[6824,4124,-121.428567,43.964178],[6890,4121,-121.428441,43.96402],[6984,4115,-121.428316,43.96378],[7077,4115,-121.428192,43.96354],[7100,4112,-121.428225,43.963481],[7125,4109,-121.428285,43.96343],[7148,4106,-121.42837,43.96341],[7202,4105,-121.428528,43.963504],[7274,4103,-121.428737,43.963631],[7332,4101,-121.428935,43.963704],[7384,4100,-121.429124,43.963747],[7426,4100,-121.429282,43.963753],[7451,4100,-121.429375,43.963732],[7474,4100,-121.429443,43.963695],[7502,4101,-121.429495,43.963628],[7531,4102,-121.429504,43.963548],[7599,4102,-121.42946,43.963363],[7668,4103,-121.429415,43.963178],[7700,4104,-121.42942,43.963089],[7782,4106,-121.429484,43.962871],[7826,4107,-121.429567,43.962764],[7862,4111,-121.429674,43.962704],[7976,4118,-121.430071,43.962576],[8064,4122,-121.430355,43.962449],[8152,4125,-121.430639,43.962321],[8227,4125,-121.430855,43.962188],[8269,4123,-121.430936,43.962088],[8305,4122,-121.430983,43.961995],[8427,4119,-121.431141,43.961679],[8495,4118,-121.431256,43.961515],[8562,4119,-121.431372,43.96135],[8629,4119,-121.431487,43.961186],[8706,4120,-121.431596,43.960989],[8791,4124,-121.431797,43.960808],[8824,4126,-121.431844,43.960724],[8894,4131,-121.431993,43.960565],[8964,4135,-121.432141,43.960406],[9034,4140,-121.43229,43.960247],[9104,4143,-121.432439,43.960088],[9174,4145,-121.432587,43.959929],[9244,4147,-121.432736,43.95977],[9297,4151,-121.43289,43.959672],[9372,4155,-121.43311,43.959544],[9418,4156,-121.43325,43.959467],[9456,4159,-121.433385,43.959428],[9482,4161,-121.433482,43.95942],[9567,4164,-121.433793,43.959355],[9652,4164,-121.434104,43.959289],[9700,4163,-121.434273,43.959236],[9795,4162,-121.43458,43.959103],[9867,4158,-121.434806,43.958988],[9949,4153,-121.434933,43.958783],[10063,4152,-121.43506,43.958485],[10122,4155,-121.435171,43.958345],[10157,4156,-121.43526,43.958271],[10240,4154,-121.435515,43.958138],[10323,4151,-121.435769,43.958004],[10405,4145,-121.436024,43.957871],[10487,4140,-121.43626,43.957724],[10569,4146,-121.436495,43.957578],[10608,4147,-121.436587,43.957493],[10663,4143,-121.436677,43.957357],[10793,4149,-121.436743,43.957004],[10826,4154,-121.436792,43.95692],[10903,4159,-121.436905,43.956725],[10955,4157,-121.436934,43.956585],[11017,4153,-121.436936,43.956414],[11141,4154,-121.437045,43.956086],[11209,4156,-121.437142,43.955913],[11277,4158,-121.437238,43.95574],[11345,4156,-121.437335,43.955567],[11386,4157,-121.437415,43.955468],[11425,4160,-121.437525,43.955397],[11454,4162,-121.437623,43.955359],[11521,4170,-121.43786,43.955295],[11587,4170,-121.438096,43.95523],[11679,4167,-121.438399,43.955107],[11770,4167,-121.438702,43.954984],[11806,4164,-121.43883,43.95495],[11861,4166,-121.439037,43.954925],[11956,4165,-121.439397,43.954936],[12039,4162,-121.439711,43.954975],[12123,4153,-121.440025,43.955013],[12207,4148,-121.440339,43.955052],[12269,4153,-121.440575,43.955049],[12314,4154,-121.440744,43.955025],[12406,4163,-121.441079,43.954953],[12497,4164,-121.441413,43.95488],[12552,4166,-121.441621,43.954865],[12608,4169,-121.441829,43.954891],[12701,4155,-121.442184,43.954893],[12794,4149,-121.44254,43.954895],[12925,4145,-121.443035,43.954927],[13016,4141,-121.443376,43.954972],[13062,4136,-121.443545,43.954941],[13100,4132,-121.443661,43.954879],[13126,4132,-121.443742,43.954836],[13230,4120,-121.443886,43.954569],[13289,4117,-121.444011,43.954435],[13325,4116,-121.4441,43.954361],[13359,4115,-121.44421,43.954311],[13406,4117,-121.444383,43.954281],[13432,4117,-121.444469,43.954245],[13455,4120,-121.444481,43.954184],[13511,4125,-121.444352,43.954061],[13540,4124,-121.44428,43.954001],[13625,4115,-121.444058,43.95383],[13687,4115,-121.443907,43.9537],[13709,4115,-121.44387,43.953646],[13782,4116,-121.443883,43.953446],[13845,4116,-121.443871,43.953273],[13907,4119,-121.443909,43.953105],[13907,4059,-121.424403,43.98011],[13974,4068,-121.424307,43.980279],[14060,4069,-121.424056,43.980432],[14102,4069,-121.423921,43.98049],[14161,4068,-121.42379,43.980623],[14222,4069,-121.423645,43.980753],[14296,4067,-121.423408,43.980862],[14385,4067,-121.423196,