{"trail":"Chainbreak","distance":4235,"gain":0,"loss":603,"min":3316,"max":3920,"profile":[[0,3930,-121.299649,44.254405],[15,3925,-121.299604,44.254381],[45,3921,-121.299512,44.254329],[81,3917,-121.299441,44.254246],[118,3913,-121.299337,44.254178],[165,3912,-121.299218,44.25408],[196,3914,-121.299214,44.253996],[210,3911,-121.299178,44.253965],[243,3907,-121.299072,44.253918],[297,3906,-121.298947,44.253799],[342,3897,-121.298843,44.253703],[365,3899,-121.298819,44.253642],[408,3895,-121.298692,44.253563],[511,3883,-121.298576,44.253296],[521,3883,-121.298543,44.253281],[533,3876,-121.298496,44.253281],[539,3876,-121.298481,44.253269],[590,3873,-121.298422,44.253136],[619,3869,-121.298432,44.253056],[634,3869,-121.298446,44.253017],[646,3867,-121.298464,44.252986],[656,3867,-121.298484,44.252964],[669,3864,-121.298482,44.252929],[683,3864,-121.298425,44.252929],[701,3859,-121.298379,44.252964],[732,3861,-121.298333,44.253043],[752,3856,-121.298325,44.253096],[762,3856,-121.298317,44.253124],[777,3856,-121.298261,44.25312],[812,3846,-121.298166,44.253051],[855,3842,-121.298163,44.252935],[879,3831,-121.298115,44.252878],[909,3827,-121.298104,44.252795],[924,3820,-121.298066,44.252767],[938,3820,-121.298014,44.25278],[1006,3810,-121.297827,44.252909],[1047,3807,-121.297794,44.253019],[1072,3809,-121.297791,44.253087],[1096,3801,-121.297714,44.253122],[1117,3801,-121.297647,44.253087],[1176,3785,-121.297642,44.252927],[1194,3785,-121.297581,44.252905],[1215,3779,-121.297529,44.252949],[1259,3774,-121.297424,44.253045],[1291,3769,-121.297378,44.253126],[1309,3771,-121.297373,44.253176],[1322,3772,-121.297347,44.253207],[1335,3765,-121.297298,44.253205],[1386,3761,-121.297235,44.253072],[1439,3755,-121.297233,44.252928],[1482,3750,-121.297244,44.252809],[1518,3747,-121.297273,44.252712],[1530,3744,-121.297273,44.252681],[1547,3736,-121.297208,44.252693],[1572,3740,-121.297131,44.252734],[1586,3732,-121.297078,44.25273],[1604,3720,-121.297037,44.252691],[1620,3720,-121.297041,44.252647],[1650,3713,-121.297031,44.252565],[1661,3713,-121.297018,44.252536],[1672,3713,-121.296977,44.252543],[1739,3707,-121.296828,44.25269],[1782,3705,-121.296718,44.252778],[1815,3700,-121.296687,44.252867],[1842,3703,-121.296633,44.252929],[1856,3693,-121.296582,44.252942],[1883,3683,-121.296518,44.252885],[1921,3678,-121.296469,44.252786],[1974,3666,-121.296384,44.252655],[2028,3650,-121.29633,44.252512],[2066,3654,-121.296366,44.252411],[2083,3651,-121.296392,44.252368],[2097,3651,-121.296364,44.252335],[2112,3643,-121.29631,44.25235],[2130,3635,-121.296269,44.252389],[2177,3634,-121.296117,44.252457],[2224,3622,-121.295997,44.252553],[2259,3619,-121.295881,44.252602],[2304,3618,-121.295799,44.252712],[2321,3618,-121.295758,44.252747],[2331,3611,-121.295722,44.252753],[2346,3611,-121.295686,44.252721],[2381,3599,-121.295655,44.252628],[2393,3599,-121.295614,44.252611],[2408,3592,-121.29556,44.252624],[2439,3585,-121.295439,44.252629],[2449,3579,-121.295409,44.252614],[2492,3574,-121.295347,44.252507],[2523,3572,-121.29533,44.252421],[2556,3570,-121.29536,44.252334],[2575,3568,-121.295372,44.252283],[2586,3565,-121.29535,44.252257],[2598,3559,-121.295306,44.252248],[2615,3559,-121.295245,44.252265],[2624,3553,-121.29521,44.252258],[2633,3553,-121.295192,44.25224],[2648,3550,-121.29518,44.252198],[2657,3544,-121.295149,44.252187],[2697,3542,-121.29503,44.252254],[2735,3539,-121.29492,44.252322],[2790,3526,-121.294711,44.252339],[2828,3520,-121.294571,44.25237],[2843,3517,-121.294535,44.252402],[2871,3520,-121.294515,44.252478],[2885,3514,-121.294468,44.252494],[2931,3506,-121.294297,44.252526],[2946,3506,-121.294239,44.252524],[2962,3498,-121.294212,44.252485],[3007,3492,-121.29421,44.252362],[3072,3489,-121.294249,44.252186],[3111,3477,-121.29421,44.252083],[3154,3480,-121.294261,44.251969],[3174,3477,-121.294235,44.25192],[3188,3471,-121.294184,44.251903],[3204,3466,-121.294123,44.251908],[3235,3469,-121.29405,44.251974],[3268,3466,-121.293971,44.252046],[3289,3461,-121.293898,44.252064],[3304,3455,-121.293839,44.252058],[3321,3449,-121.29378,44.252041],[3343,3444,-121.293697,44.252026],[3369,3436,-121.293606,44.251996],[3407,3429,-121.293551,44.2519],[3421,3425,-121.29351,44.251874],[3458,3420,-121.293373,44.251855],[3470,3410,-121.293334,44.251836],[3500,3406,-121.293275,44.251767],[3516,3402,-121.293224,44.251743],[3535,3398,-121.293154,44.251731],[3561,3395,-121.293056,44.25175],[3584,3392,-121.292969,44.251751],[3600,3389,-121.292941,44.251714],[3615,3389,-121.292942,44.25167],[3648,3383,-121.292867,44.2516],[3672,3376,-121.29279,44.251563],[3699,3369,-121.292707,44.251519],[3715,3369,-121.292681,44.251478],[3740,3363,-121.292599,44.251442],[3778,3357,-121.292456,44.251428],[3842,3345,-121.292213,44.2514],[3886,3344,-121.292057,44.251444],[3907,3347,-121.291992,44.251476],[3968,3341,-121.291759,44.251473],[4005,3332,-121.29162,44.251449],[4047,3327,-121.291522,44.251357],[4072,3325,-121.291518,44.251289],[4089,3322,-121.291481,44.25125],[4111,3317,-121.291417,44.251212],[4147,3315,-121.291434,44.251115],[4178,3314,-121.291515,44.251052],[4207,3314,-121.291562,44.250979],[4235,3310,-121.291598,44.250909]]}