{"trail":"Chain Reaction","distance":4797,"gain":83,"loss":80,"min":4238,"max":4336,"profile":[[0,4328,-121.459576,43.907205],[32,4327,-121.459579,43.907118],[65,4324,-121.459581,43.907026],[84,4324,-121.459541,43.906985],[100,4319,-121.459486,43.906964],[110,4319,-121.45946,43.906983],[135,4323,-121.459451,43.907051],[159,4320,-121.459383,43.907097],[187,4317,-121.459288,43.907061],[208,4311,-121.459211,43.907045],[238,4313,-121.459101,43.907063],[279,4311,-121.458951,43.907088],[342,4318,-121.458755,43.907191],[445,4310,-121.458377,43.907264],[485,4305,-121.458227,43.907259],[525,4306,-121.458093,43.907311],[547,4307,-121.458047,43.907364],[580,4304,-121.457928,43.907392],[643,4305,-121.457793,43.907534],[705,4302,-121.457562,43.907572],[742,4297,-121.457472,43.907496],[825,4282,-121.457177,43.907408],[864,4281,-121.457041,43.90737],[909,4281,-121.456893,43.907307],[960,4273,-121.456737,43.907223],[1014,4276,-121.456543,43.907178],[1108,4274,-121.456184,43.907169],[1168,4277,-121.455962,43.907132],[1290,4280,-121.455497,43.907147],[1320,4288,-121.455392,43.907177],[1341,4288,-121.455312,43.907178],[1384,4279,-121.455172,43.90712],[1442,4268,-121.454965,43.907063],[1474,4266,-121.454843,43.907055],[1511,4264,-121.45472,43.907105],[1552,4274,-121.454608,43.907182],[1614,4272,-121.454397,43.907258],[1737,4247,-121.453941,43.907329],[1800,4248,-121.453754,43.907437],[1876,4244,-121.453488,43.907524],[1953,4243,-121.453223,43.907611],[2024,4242,-121.453012,43.907735],[2055,4242,-121.452933,43.907797],[2103,4239,-121.452772,43.90786],[2127,4235,-121.452684,43.907876],[2151,4232,-121.4526,43.907903],[2196,4235,-121.452488,43.907995],[2216,4237,-121.45249,43.908049],[2226,4234,-121.452453,43.908059],[2249,4237,-121.452415,43.908116],[2300,4245,-121.452508,43.908239],[2414,4260,-121.452761,43.908493],[2445,4263,-121.452851,43.908549],[2511,4269,-121.453005,43.90869],[2532,4267,-121.453058,43.908733],[2547,4273,-121.4531,43.90876],[2557,4273,-121.453126,43.908737],[2594,4275,-121.453093,43.908639],[2627,4277,-121.453093,43.90855],[2692,4272,-121.452981,43.908392],[2726,4271,-121.452937,43.908303],[2750,4270,-121.452966,43.908239],[2760,4270,-121.452994,43.908223],[2770,4275,-121.453023,43.908241],[2788,4277,-121.453023,43.908292],[2803,4277,-121.45306,43.908322],[2857,4285,-121.45321,43.908422],[2882,4290,-121.453298,43.908447],[2897,4290,-121.453327,43.908409],[2922,4291,-121.453318,43.908341],[2946,4291,-121.453265,43.908287],[2979,4284,-121.453243,43.9082],[3012,4285,-121.453272,43.908111],[3030,4281,-121.453331,43.908087],[3051,4286,-121.45341,43.908074],[3083,4299,-121.45352,43.908109],[3094,4299,-121.453551,43.908132],[3150,4303,-121.453593,43.908281],[3183,4307,-121.453626,43.908369],[3219,4307,-121.453644,43.908466],[3237,4306,-121.45362,43.908514],[3250,4306,-121.453637,43.908547],[3259,4306,-121.453661,43.908564],[3270,4310,-121.453697,43.90855],[3281,4310,-121.453688,43.90852],[3302,4310,-121.453714,43.908468],[3323,4311,-121.453763,43.908422],[3341,4311,-121.453771,43.908371],[3364,4311,-121.453736,43.908316],[3418,4308,-121.453697,43.908168],[3444,4305,-121.453699,43.908098],[3468,4304,-121.453776,43.90806],[3480,4304,-121.45382,43.908066],[3524,4305,-121.453976,43.908022],[3558,4303,-121.45406,43.907951],[3603,4303,-121.454216,43.907902],[3620,4303,-121.454275,43.907882],[3658,4301,-121.45435,43.907795],[3700,4306,-121.454487,43.907733],[3720,4304,-121.454518,43.907683],[3738,4310,-121.454555,43.907641],[3769,4308,-121.454626,43.907575],[3803,4312,-121.454654,43.907483],[3825,4308,-121.454696,43.907432],[3848,4313,-121.454782,43.907421],[3881,4320,-121.454907,43.90744],[3910,4315,-121.455006,43.907408],[3954,4322,-121.455172,43.90743],[3975,4323,-121.455251,43.907421],[4025,4322,-121.455438,43.907442],[4063,4325,-121.455557,43.907502],[4099,4324,-121.455691,43.907488],[4186,4321,-121.456019,43.907526],[4208,4324,-121.456072,43.907572],[4292,4319,-121.456391,43.907546],[4307,4316,-121.456444,43.907561],[4355,4314,-121.456616,43.907608],[4379,4311,-121.456706,43.90761],[4449,4307,-121.456944,43.907697],[4465,4308,-121.456957,43.90774],[4491,4312,-121.456948,43.90781],[4505,4312,-121.456975,43.907843],[4585,4323,-121.457254,43.90793],[4620,4323,-121.457382,43.907905],[4635,4328,-121.457439,43.907911],[4659,4325,-121.457518,43.907879],[4675,4326,-121.45758,43.907878],[4693,4327,-121.457639,43.907902],[4719,4333,-121.457697,43.907959],[4738,4339,-121.457747,43.907998],[4759,4343,-121.457804,43.908038],[4797,4344,-121.457921,43.908097]]}