{"trail":"Chalkeye","distance":7078,"gain":183,"loss":219,"min":1747,"max":1852,"profile":[[0,1852,-85.418959,34.865845],[25,1851,-85.418911,34.865901],[50,1851,-85.418863,34.865958],[75,1851,-85.418815,34.866014],[100,1851,-85.418768,34.86607],[125,1850,-85.41872,34.866126],[150,1848,-85.418672,34.866182],[175,1847,-85.418624,34.866239],[200,1845,-85.418577,34.866295],[225,1844,-85.418529,34.866351],[250,1844,-85.418481,34.866407],[275,1843,-85.418433,34.866464],[300,1843,-85.418386,34.86652],[325,1844,-85.418338,34.866576],[350,1844,-85.41829,34.866632],[375,1845,-85.418242,34.866688],[400,1845,-85.418195,34.866745],[425,1846,-85.418147,34.866801],[450,1846,-85.418099,34.866857],[475,1846,-85.418051,34.866913],[500,1846,-85.418004,34.86697],[525,1846,-85.417964,34.867029],[550,1845,-85.417941,34.867095],[575,1845,-85.417918,34.867161],[600,1845,-85.417895,34.867227],[625,1846,-85.417872,34.867293],[650,1846,-85.417849,34.867358],[675,1846,-85.417826,34.867424],[700,1846,-85.417803,34.86749],[725,1846,-85.41778,34.867556],[750,1846,-85.417757,34.867622],[775,1846,-85.417735,34.867688],[800,1846,-85.417712,34.867754],[825,1845,-85.417689,34.86782],[850,1844,-85.417666,34.867886],[875,1843,-85.417643,34.867951],[899,1842,-85.417638,34.868017],[924,1841,-85.417664,34.868082],[949,1839,-85.417691,34.868147],[974,1838,-85.417717,34.868212],[999,1837,-85.417744,34.868277],[1024,1836,-85.41777,34.868342],[1049,1836,-85.417797,34.868407],[1074,1836,-85.417823,34.868472],[1099,1835,-85.417849,34.868537],[1124,1836,-85.417876,34.868602],[1149,1836,-85.417902,34.868667],[1174,1837,-85.417929,34.868732],[1199,1837,-85.417955,34.868797],[1223,1836,-85.417994,34.868856],[1248,1834,-85.418053,34.868904],[1273,1832,-85.418112,34.868953],[1298,1830,-85.418171,34.869001],[1323,1829,-85.41823,34.86905],[1348,1828,-85.418289,34.869098],[1373,1827,-85.418348,34.869147],[1397,1826,-85.41835,34.869212],[1422,1826,-85.418341,34.86928],[1447,1825,-85.418332,34.869348],[1472,1826,-85.418323,34.869416],[1497,1827,-85.418314,34.869484],[1522,1828,-85.418306,34.869552],[1547,1827,-85.418297,34.86962],[1572,1826,-85.418288,34.869688],[1597,1825,-85.418279,34.869757],[1621,1824,-85.418281,34.869823],[1646,1823,-85.418316,34.869886],[1671,1822,-85.41835,34.869948],[1696,1821,-85.418384,34.870011],[1721,1820,-85.418419,34.870073],[1746,1818,-85.418453,34.870136],[1771,1817,-85.418487,34.870198],[1796,1817,-85.418522,34.87026],[1821,1816,-85.418556,34.870323],[1846,1817,-85.41859,34.870385],[1871,1817,-85.418625,34.870448],[1896,1817,-85.418659,34.87051],[1921,1817,-85.418693,34.870573],[1946,1815,-85.418728,34.870635],[1971,1812,-85.418762,34.870698],[1996,1810,-85.418802,34.870758],[2021,1810,-85.418843,34.870818],[2046,1812,-85.418883,34.870878],[2071,1816,-85.418924,34.870938],[2096,1818,-85.418964,34.870998],[2120,1822,-85.419025,34.871041],[2145,1822,-85.419098,34.871074],[2170,1822,-85.419171,34.871107],[2195,1822,-85.419244,34.87114],[2220,1823,-85.419317,34.871173],[2245,1823,-85.419391,34.871206],[2265,1826,-85.419379,34.871259],[2290,1828,-85.419339,34.871319],[2313,1831,-85.419294,34.871371],[2338,1831,-85.419216,34.871348],[2363,1832,-85.419137,34.871325],[2388,1832,-85.419058,34.871302],[2412,1832,-85.41898,34.871292],[2437,1832,-85.418902,34.871317],[2462,1832,-85.418824,34.871341],[2487,1831,-85.418746,34.871366],[2506,1830,-85.418743,34.871418],[2531,1832,-85.418773,34.871482],[2556,1833,-85.418802,34.871547],[2581,1834,-85.418831,34.871611],[2606,1834,-85.418861,34.871675],[2631,1834,-85.41889,34.871739],[2656,1834,-85.418919,34.871803],[2681,1834,-85.418949,34.871867],[2706,1833,-85.418978,34.871932],[2730,1834,-85.418944,34.871992],[2755,1834,-85.418906,34.872053],[2780,1835,-85.418867,34.872114],[2805,1835,-85.418828,34.872175],[2830,1835,-85.418789,34.872235],[2855,1834,-85.418751,34.872296],[2880,1832,-85.418686,34.872338],[2905,1830,-85.418617,34.872376],[2929,1828,-85.418534,34.872368],[2954,1824,-85.418451,34.872359],[2979,1820,-85.418369,34.87235],[3004,1819,-85.418286,34.872341],[3029,1815,-85.418203,34.872332],[3054,1813,-85.41812,34.872322],[3079,1814,-85.418037,34.872313],[3104,1818,-85.417955,34.872304],[3129,1820,-85.417872,34.872295],[3154,1821,-85.417789,34.872286],[3179,1820,-85.417706,34.872277],[3203,1818,-85.417629,34.872284],[3228,1810,-85.417562,34.872325],[3253,1798,-85.417495,34.872366],[3271,1799,-85.417525,34.872411],[3296,1799,-85.417587,34.872457],[3321,1796,-85.417649,34.872503],[3345,1795,-85.417717,34.872534],[3370,1800,-85.4178,34.87253],[3395,1800,-85.417884,34.872526],[3420,1793,-85.417967,34.872522],[3445,1784,-85.418051,34.872518],[3470,1790,-85.418134,34.872514],[3495,1794,-85.418217,34.87251],[3520,1800,-85.418301,34.872506],[3545,1806,-85.418384,34.872502],[3569,1807,-85.41846,34.872521],[3594,1806,-85.418529,34.872559],[3619,1809,-85.418598,34.872597],[3644,1813,-85.418668,34.872636],[3669,1813,-85.418737,34.872674],[3694,1815,-85.418806,34.872712],[3719,1816,-85.418875,34.87275],[3744,1814,-85.418945,34.872789],[3769,1815,-85.419014,34.872827],[3794,1814,-85.419083,34.872865],[3819,1814,-85.419152,34.872904],[3844,1812,-85.419222,34.872942],[3869,1811,-85.419291,34.87298],[3894,1811,-85.41936,34.873018],[3918,1811,-85.419433,34.873049],[3943,1812,-85.419516,34.873059],[3968,1814,-85.419599,34.873069],[3993,1814,-85.419681,34.873079],[4018,1812,-85.419764,34.873089],[4042,1810,-85.419843,34.873093],[4067,1809,-85.419892,34.873037],[4092,1808,-85.419941,34.872982],[4117,1803,-85.41999,34.872926],[4142,1801,-85.420038,34.872871],[4167,1798,-85.420087,34.872815],[4192,1796,-85.420136,34.872759],[4217,1797,-85.420185,34.872704],[4238,1799,-85.420237,34.872666],[4263,1799,-85.420305,34.872705],[4288,1798,-85.420374,34.872745],[4313,1798,-85.420442,34.872784],[4338,1799,-85.42051,34.872824],[4363,1798,-85.420578,34.872863],[4387,1796,-85.420626,34.872918],[4412,1794,-85.42067,34.872977],[4437,1793,-85.420714,34.873035],[4462,1791,-85.420758,34.873093],[4487,1788,-85.420802,34.873151],[4512,1787,-85.420846,34.87321],[4537,1785,-85.420902,34.873259],[4562,1784,-85.42097,34.873298],[4587,1784,-85.421039,34.873337],[4612,1784,-85.421107,34.873377],[4637,1783,-85.421175,34.873416],[4662,1783,-85.421244,34.873456],[4687,1782,-85.421312,34.873495],[4712,1781,-85.42138,34.873534],[4737,1779,-85.421449,34.873574],[4762,1777,-85.421517,34.873613],[4787,1776,-85.421586,34.873653],[4812,1774,-85.421654,34.873692],[4837,1771,-85.421691,34.873752],[4862,1769,-85.421723,34.873815],[4887,1767,-85.421756,34.873879],[4912,1763,-85.421788,34.873942],[4937,1760,-85.42182,34.874005],[4959,1758,-85.42188,34.874044],[4984,1758,-85.421959,34.874066],[5009,1754,-85.422038,34.874087],[5030,1754,-85.422106,34.874082],[5055,1756,-85.422149,34.874024],[5080,1755,-85.422193,34.873966],[5105,1754,-85.422237,34.873907],[5130,1752,-85.42228,34.873849],[5155,1749,-85.422324,34.87379],[5180,1750,-85.422342,34.873724],[5205,1747,-85.422357,34.873656],[5230,1747,-85.422373,34.873589],[5255,1747,-85.422388,34.873522],[5280,1747,-85.422403,34.873454],[5305,1748,-85.422419,34.873387],[5330,1750,-85.422434,34.873319],[5355,1749,-85.42245,34.873252],[5380,1751,-85.422465,34.873185],[5405,1753,-85.422481,34.873117],[5430,1757,-85.422496,34.87305],[5455,1762,-85.422512,34.872983],[5480,1764,-85.422527,34.872915],[5505,1768,-85.422542,34.872848],[5530,1771,-85.422558,34.872781],[5555,1769,-85.422573,34.872713],[5580,1771,-85.422589,34.872646],[5605,1772,-85.422604,34.872579],[5630,1770,-85.42262,34.872511],[5655,1772,-85.422635,34.872444],[5680,1770,-85.422651,34.872377],[5705,1772,-85.422666,34.872309],[5729,1776,-85.422648,34.872245],[5754,1776,-85.422616,34.872182],[5779,1778,-85.422584,34.872119],[5804,1780,-85.422551,34.872055],[5829,1781,-85.422519,34.871992],[5854,1780,-85.422486,34.871929],[5879,1780,-85.422454,34.871866],[5904,1780,-85.422422,34.871803],[5929,1780,-85.422389,34.87174],[5954,1780,-85.422357,34.871676],[5978,1782,-85.422322,34.871615],[6003,1783,