{"trail":"Cherokee Trail","distance":7528,"gain":276,"loss":411,"min":780,"max":1034,"profile":[[0,916,-85.314331,35.075474],[25,915,-85.314263,35.075514],[50,913,-85.314195,35.075554],[75,917,-85.314127,35.075594],[100,924,-85.314059,35.075633],[125,927,-85.31399,35.075673],[150,929,-85.313922,35.075713],[174,933,-85.313848,35.075739],[199,937,-85.313765,35.075744],[224,940,-85.313681,35.075748],[249,941,-85.313597,35.075753],[274,940,-85.313514,35.075758],[299,940,-85.31343,35.075762],[324,939,-85.313347,35.075767],[349,938,-85.313263,35.075771],[374,941,-85.31318,35.075776],[399,941,-85.313096,35.07578],[424,940,-85.313013,35.075785],[449,939,-85.312929,35.075789],[474,938,-85.312846,35.075794],[499,936,-85.312762,35.075799],[524,934,-85.312678,35.075803],[549,930,-85.312595,35.075808],[574,939,-85.312531,35.075852],[599,941,-85.312468,35.075897],[624,944,-85.312405,35.075942],[649,950,-85.312342,35.075987],[674,955,-85.312278,35.076032],[699,955,-85.312215,35.076077],[724,956,-85.312152,35.076122],[748,959,-85.312096,35.07617],[773,963,-85.312077,35.076237],[798,966,-85.312057,35.076303],[823,966,-85.312037,35.07637],[848,967,-85.312018,35.076437],[873,967,-85.311998,35.076503],[898,968,-85.311978,35.07657],[923,967,-85.311959,35.076636],[948,968,-85.311956,35.076704],[973,969,-85.311969,35.076771],[998,971,-85.311982,35.076839],[1023,972,-85.311995,35.076907],[1048,973,-85.312007,35.076974],[1073,981,-85.31202,35.077042],[1098,983,-85.312033,35.07711],[1123,984,-85.312046,35.077178],[1148,988,-85.312059,35.077245],[1173,988,-85.312072,35.077313],[1198,987,-85.312085,35.077381],[1223,986,-85.312098,35.077448],[1248,986,-85.312097,35.077517],[1273,985,-85.312094,35.077585],[1298,985,-85.312091,35.077654],[1323,985,-85.312088,35.077722],[1348,985,-85.312085,35.077791],[1373,985,-85.312082,35.077859],[1398,985,-85.312079,35.077928],[1423,984,-85.312076,35.077996],[1448,981,-85.312073,35.078065],[1473,976,-85.31207,35.078133],[1498,972,-85.312067,35.078202],[1523,971,-85.312064,35.07827],[1548,972,-85.312061,35.078339],[1573,973,-85.312058,35.078407],[1596,973,-85.312083,35.078468],[1621,973,-85.312137,35.07852],[1640,974,-85.312198,35.078528],[1665,976,-85.312267,35.078489],[1690,977,-85.312335,35.07845],[1715,979,-85.312404,35.078411],[1737,985,-85.312441,35.078359],[1762,991,-85.312438,35.078291],[1787,997,-85.312435,35.078222],[1812,1000,-85.312432,35.078154],[1837,1002,-85.312429,35.078085],[1862,1004,-85.312426,35.078017],[1887,1005,-85.312423,35.077948],[1912,1006,-85.31242,35.07788],[1937,1006,-85.312417,35.077811],[1962,1006,-85.312414,35.077743],[1987,1006,-85.31241,35.077674],[2012,1006,-85.312407,35.077606],[2037,1006,-85.312404,35.077537],[2062,1007,-85.312401,35.077469],[2086,1008,-85.312426,35.077407],[2111,1011,-85.312471,35.077348],[2136,1013,-85.312515,35.07729],[2161,1017,-85.31256,35.077232],[2186,1022,-85.312604,35.077174],[2211,1024,-85.312649,35.077116],[2236,1028,-85.312693,35.077058],[2261,1031,-85.312738,35.077],[2286,1032,-85.312782,35.076942],[2311,1033,-85.312827,35.076884],[2336,1034,-85.312872,35.076826],[2361,1031,-85.312916,35.076768],[2386,1030,-85.312961,35.07671],[2410,1031,-85.312997,35.076649],[2435,1030,-85.313028,35.076585],[2460,1029,-85.31306,35.076522],[2485,1027,-85.313091,35.076458],[2510,1027,-85.313122,35.076394],[2535,1023,-85.313149,35.076331],[2560,1023,-85.313116,35.076268],[2583,1018,-85.313078,35.076214],[2608,1025,-85.312996,35.07623],[2633,1024,-85.312915,35.076247],[2658,1023,-85.312834,35.076263],[2683,1023,-85.312753,35.07628],[2708,1019,-85.312671,35.076297],[2732,1020,-85.312611,35.076341],[2757,1019,-85.312554,35.076392],[2782,1021,-85.312498,35.076443],[2807,1013,-85.312442,35.076494],[2832,1016,-85.312423,35.076561],[2857,1017,-85.312404,35.076627],[2882,1012,-85.312384,35.076694],[2907,1012,-85.312365,35.076761],[2932,1010,-85.312345,35.076827],[2957,1010,-85.312339,35.076895],[2982,1010,-85.312346,35.076963],[3007,1010,-85.312353,35.077031],[3032,1013,-85.31236,35.077099],[3057,1012,-85.312368,35.077168],[3082,1010,-85.312375,35.077236],[3107,1009,-85.312382,35.077304],[3132,1008,-85.312389,35.077373],[3157,1007,-85.312396,35.077441],[3170,1006,-85.3124,35.077476],[4617,867,-85.313666,35.073648],[4642,866,-85.313714,35.073591],[4667,865,-85.313761,35.073535],[4692,861,-85.313809,35.073479],[4717,859,-85.313857,35.073422],[4741,856,-85.313936,35.073405],[4766,858,-85.314018,35.073391],[4791,857,-85.3141,35.073376],[4816,860,-85.314182,35.073361],[4841,860,-85.314263,35.073346],[4866,864,-85.314345,35.073331],[4891,868,-85.314427,35.073316],[4916,865,-85.314487,35.073271],[4941,865,-85.314544,35.073221],[4966,865,-85.314601,35.07317],[4991,865,-85.314658,35.07312],[5016,865,-85.314715,35.07307],[5041,871,-85.314772,35.073019],[5066,874,-85.314829,35.072969],[5091,876,-85.314885,35.072919],[5116,884,-85.314942,35.072869],[5138,887,-85.314971,35.072811],[5163,892,-85.314962,35.072743],[5188,898,-85.314946,35.072677],[5213,895,-85.314882,35.072633],[5238,896,-85.314818,35.072588],[5263,893,-85.314755,35.072544],[5288,896,-85.314691,35.0725],[5313,893,-85.314627,35.072456],[5338,892,-85.314563,35.072411],[5363,889,-85.314499,35.072367],[5388,892,-85.314435,35.072323],[5412,890,-85.314385,35.072271],[5437,889,-85.314357,35.072206],[5462,887,-85.31433,35.072141],[5487,890,-85.314302,35.072077],[5512,889,-85.314275,35.072012],[5537,892,-85.314247,35.071947],[5562,895,-85.314215,35.071885],[5587,889,-85.314153,35.071839],[5612,892,-85.314091,35.071793],[5637,883,-85.31403,35.071746],[5662,880,-85.313968,35.0717],[5687,878,-85.313906,35.071654],[5712,872,-85.313844,35.071608],[5737,869,-85.313782,35.071562],[5758,865,-85.31374,35.071515],[5783,866,-85.313802,35.071469],[5808,868,-85.313864,35.071423],[5833,864,-85.313926,35.071377],[5857,862,-85.313994,35.07134],[5882,863,-85.314074,35.071319],[5907,859,-85.314153,35.071298],[5932,856,-85.314233,35.071277],[5957,856,-85.314313,35.071255],[5982,852,-85.314392,35.071234],[6007,853,-85.314472,35.071213],[6032,849,-85.314552,35.071192],[6057,844,-85.314631,35.071171],[6082,844,-85.314712,35.071155],[6107,843,-85.314795,35.07116],[6132,843,-85.314879,35.071165],[6157,843,-85.314962,35.07117],[6182,847,-85.315046,35.071175],[6207,847,-85.315129,35.07118],[6232,847,-85.315213,35.071185],[6255,845,-85.315285,35.071204],[6280,847,-85.315325,35.071265],[6305,848,-85.315364,35.071325],[6330,850,-85.315404,35.071386],[6355,848,-85.315443,35.071446],[6380,846,-85.315483,35.071507],[6405,845,-85.315522,35.071567],[6430,842,-85.315562,35.071627],[6454,840,-85.315597,35.071689],[6479,844,-85.315597,35.071757],[6504,848,-85.315597,35.071826],[6529,851,-85.315597,35.071894],[6554,853,-85.315597,35.071963],[6579,855,-85.315597,35.072031],[6603,855,-85.315609,35.072096],[6628,847,-85.315664,35.072148],[6653,844,-85.315719,35.072199],[6676,839,-85.315789,35.072226],[6701,828,-85.315872,35.072228],[6726,822,-85.315956,35.07223],[6751,821,-85.31604,35.072232],[6776,823,-85.316124,35.072233],[6801,824,-85.316207,35.072235],[6826,825,-85.316291,35.072237],[6851,824,-85.316375,35.072239],[6876,822,-85.316458,35.072241],[6901,820,-85.316542,35.072242],[6926,820,-85.31662,35.072264],[6951,817,-85.316697,35.072292],[6976,818,-85.316773,35.07232],[7001,818,-85.31685,35.072348],[7026,819,-85.316926,35.072376],[7051,820,-85.317003,35.072404],[7076,816,-85.317079,35.072432],[7101,819,-85.317155,35.072459],[7126,819,-85.317232,35.072487],[7151,819,-85.317308,35.072515],[7176,815,-85.317385,35.072543],[7201,812,-85.317461,35.072571],[7226,809,-85.317538,35.072599],[7251,807,-85.317614,35.072627],[7276,805,-85.317691,35.072655],[7301,800,-85.317767,35.072681],[7326,798,-85.317849,35.072668],[7351,794,-85.317932,35.072655],[7376,788,-85.318014,35.072641],[7401,787,-85.318096,35.072628],[7426,787,-85.318178,35.072614],[7451,782,-85.31826,35.072601],[7476,781,-85.318342,35.072587],[7501,780,-85.318424,35.072574],[7526,781,-85.318506,35.07256],[7528,781,-85.318515,35.072559]]}