{"trail":"Cherokee Trail","distance":6769,"gain":420,"loss":195,"min":780,"max":1032,"profile":[[0,781,-85.318515,35.072559],[25,780,-85.318433,35.072572],[50,781,-85.318351,35.072586],[75,782,-85.318269,35.072599],[100,787,-85.318187,35.072613],[125,787,-85.318105,35.072626],[150,788,-85.318023,35.07264],[175,792,-85.317941,35.072653],[200,796,-85.317858,35.072666],[225,800,-85.317776,35.07268],[249,805,-85.317699,35.072658],[274,807,-85.317623,35.07263],[299,809,-85.317546,35.072602],[324,809,-85.31747,35.072574],[349,815,-85.317393,35.072546],[374,819,-85.317317,35.072518],[399,819,-85.31724,35.07249],[424,817,-85.317164,35.072463],[449,816,-85.317087,35.072435],[474,820,-85.317011,35.072407],[499,819,-85.316934,35.072379],[524,818,-85.316858,35.072351],[549,817,-85.316782,35.072323],[574,817,-85.316705,35.072295],[599,820,-85.316629,35.072267],[624,820,-85.316551,35.072243],[649,822,-85.316467,35.072241],[674,824,-85.316384,35.072239],[699,825,-85.3163,35.072237],[724,824,-85.316216,35.072235],[749,823,-85.316133,35.072234],[774,822,-85.316049,35.072232],[799,822,-85.315965,35.07223],[824,825,-85.315882,35.072228],[849,833,-85.315798,35.072226],[872,844,-85.315725,35.072205],[897,847,-85.31567,35.072153],[922,855,-85.315615,35.072102],[946,855,-85.315597,35.072039],[971,853,-85.315597,35.07197],[996,851,-85.315597,35.071902],[1021,848,-85.315597,35.071833],[1046,844,-85.315597,35.071765],[1071,840,-85.315597,35.071696],[1095,843,-85.315566,35.071634],[1120,845,-85.315527,35.071574],[1145,846,-85.315487,35.071513],[1170,846,-85.315448,35.071453],[1195,848,-85.315408,35.071392],[1220,848,-85.315369,35.071332],[1245,847,-85.315329,35.071272],[1270,847,-85.31529,35.071211],[1292,847,-85.315222,35.071186],[1317,847,-85.315139,35.071181],[1342,847,-85.315055,35.071176],[1367,843,-85.314972,35.071171],[1392,843,-85.314888,35.071166],[1417,843,-85.314805,35.071161],[1442,843,-85.314721,35.071156],[1467,844,-85.31464,35.071169],[1492,849,-85.314561,35.07119],[1517,853,-85.314481,35.071211],[1542,852,-85.314401,35.071232],[1567,856,-85.314322,35.071253],[1592,856,-85.314242,35.071274],[1617,860,-85.314162,35.071295],[1642,863,-85.314083,35.071316],[1667,862,-85.314003,35.071338],[1691,864,-85.313933,35.071372],[1716,868,-85.313871,35.071418],[1741,866,-85.313809,35.071464],[1766,865,-85.313747,35.07151],[1785,868,-85.313775,35.071557],[1810,872,-85.313837,35.071603],[1835,874,-85.313899,35.071649],[1860,882,-85.313961,35.071695],[1885,883,-85.314023,35.071741],[1910,892,-85.314085,35.071788],[1935,893,-85.314146,35.071834],[1960,895,-85.314208,35.07188],[1985,891,-85.314244,35.07194],[2010,889,-85.314272,35.072005],[2035,890,-85.314299,35.07207],[2060,887,-85.314327,35.072134],[2085,889,-85.314354,35.072199],[2110,890,-85.314382,35.072264],[2134,892,-85.314428,35.072318],[2159,892,-85.314492,35.072362],[2184,892,-85.314556,35.072407],[2209,893,-85.31462,35.072451],[2234,896,-85.314684,35.072495],[2259,896,-85.314748,35.072539],[2284,896,-85.314811,35.072584],[2309,895,-85.314875,35.072628],[2334,898,-85.314939,35.072672],[2358,892,-85.314961,35.072735],[2383,887,-85.31497,35.072803],[2405,884,-85.314949,35.072863],[2430,881,-85.314892,35.072913],[2455,874,-85.314835,35.072964],[2480,871,-85.314778,35.073014],[2505,867,-85.314721,35.073064],[2530,865,-85.314664,35.073115],[2555,865,-85.314607,35.073165],[2580,867,-85.31455,35.073215],[2605,865,-85.314493,35.073265],[2630,868,-85.314436,35.073315],[2655,864,-85.314354,35.073329],[2680,860,-85.314272,35.073344],[2705,860,-85.314191,35.073359],[2730,857,-85.314109,35.073374],[2755,858,-85.314027,35.073389],[2780,857,-85.313945,35.073404],[2805,855,-85.313864,35.073419],[2830,861,-85.313814,35.073473],[2855,865,-85.313766,35.073529],[2880,866,-85.313719,35.073585],[2905,867,-85.313671,35.073642],[2929,871,-85.313687,35.073706],[2954,877,-85.313711,35.073772],[2979,885,-85.313735,35.073838],[3004,890,-85.313759,35.073903],[3029,898,-85.313783,35.073969],[3054,898,-85.313807,35.074035],[3079,900,-85.313831,35.0741],[3104,899,-85.313855,35.074166],[3129,904,-85.313879,35.074232],[3154,908,-85.313902,35.074297],[3179,908,-85.313926,35.074363],[3204,911,-85.31395,35.074429],[3229,910,-85.313974,35.074494],[3254,912,-85.313998,35.07456],[3279,910,-85.314022,35.074626],[3304,911,-85.314046,35.074691],[3329,907,-85.31407,35.074757],[3354,909,-85.314094,35.074823],[3379,910,-85.314118,35.074888],[3404,907,-85.314142,35.074954],[3429,908,-85.314166,35.07502],[3454,905,-85.314189,35.075085],[3479,910,-85.314213,35.075151],[3504,906,-85.314237,35.075217],[3529,907,-85.314261,35.075282],[3554,904,-85.314285,35.075348],[3579,911,-85.314309,35.075414],[3603,916,-85.314326,35.075477],[3628,915,-85.314257,35.075517],[3653,913,-85.314189,35.075557],[3678,917,-85.314121,35.075597],[3703,924,-85.314053,35.075637],[3728,926,-85.313985,35.075677],[3753,929,-85.313917,35.075716],[3777,933,-85.313841,35.07574],[3802,937,-85.313758,35.075744],[3827,940,-85.313674,35.075749],[3852,941,-85.313591,35.075753],[3877,940,-85.313507,35.075758],[3902,939,-85.313424,35.075762],[3927,938,-85.31334,35.075767],[3952,937,-85.313257,35.075772],[3977,941,-85.313173,35.075776],[4002,941,-85.313089,35.075781],[4027,940,-85.313006,35.075785],[4052,939,-85.312922,35.07579],[4077,938,-85.312839,35.075794],[4102,936,-85.312755,35.075799],[4127,934,-85.312672,35.075803],[4151,936,-85.312589,35.07581],[4176,937,-85.312526,35.075855],[4201,941,-85.312463,35.0759],[4226,942,-85.3124,35.075945],[4251,950,-85.312337,35.07599],[4276,955,-85.312273,35.076035],[4301,955,-85.31221,35.07608],[4326,960,-85.312147,35.076125],[4351,959,-85.312095,35.076175],[4376,963,-85.312075,35.076242],[4401,964,-85.312055,35.076309],[4426,966,-85.312036,35.076375],[4451,968,-85.312016,35.076442],[4476,967,-85.311996,35.076509],[4501,968,-85.311977,35.076575],[4526,967,-85.311957,35.076642],[4550,968,-85.311957,35.076709],[4575,969,-85.31197,35.076777],[4600,971,-85.311983,35.076845],[4625,972,-85.311996,35.076912],[4650,973,-85.312008,35.07698],[4675,981,-85.312021,35.077048],[4700,983,-85.312034,35.077115],[4725,984,-85.312047,35.077183],[4750,988,-85.31206,35.077251],[4775,987,-85.312073,35.077319],[4800,987,-85.312086,35.077386],[4825,986,-85.312099,35.077454],[4850,986,-85.312097,35.077522],[4875,985,-85.312094,35.077591],[4900,985,-85.312091,35.077659],[4925,985,-85.312088,35.077728],[4950,985,-85.312085,35.077796],[4975,985,-85.312082,35.077865],[5000,985,-85.312079,35.077933],[5025,984,-85.312076,35.078002],[5050,981,-85.312073,35.07807],[5075,976,-85.31207,35.078139],[5100,972,-85.312067,35.078207],[5125,971,-85.312064,35.078276],[5150,972,-85.312061,35.078344],[5175,973,-85.312058,35.078413],[5199,973,-85.312087,35.078472],[5224,973,-85.312141,35.078525],[5242,974,-85.312203,35.078525],[5267,976,-85.312272,35.078486],[5292,977,-85.312341,35.078447],[5317,979,-85.31241,35.078408],[5339,985,-85.312441,35.078354],[5364,991,-85.312438,35.078285],[5389,997,-85.312435,35.078217],[5414,1000,-85.312432,35.078148],[5439,1002,-85.312429,35.07808],[5464,1004,-85.312426,35.078011],[5489,1005,-85.312423,35.077943],[5514,1006,-85.312419,35.077874],[5539,1006,-85.312416,35.077806],[5564,1006,-85.312413,35.077737],[5589,1006,-85.31241,35.077669],[5614,1006,-85.312407,35.0776],[5639,1006,-85.312404,35.077532],[5664,1007,-85.312401,35.077463],[5688,1008,-85.31243,35.077402],[5713,1011,-85.312474,35.077344],[5738,1013,-85.312519,35.077286],[5763,1017,-85.312563,35.077228],[5788,1022,-85.312608,35.07717],[5813,1024,-85.312653,35.077112],[5838,1028,-85.312697,35.077054],[5863,1031,-85.312742,35.076996],[5888,1032,-85.312786,35.076938],[5913,1031,-85.312831,35.076879],[5938,1032,-85.312875,35.076821],[5963,1031,-85.31292,35.076763],[5988,1030,-85.312964,35.076705],[6013,1031,-85.313,35.076644],[6038,1030,-85.313031,35.07658],[6063,1029,-85.313062,35.076516],[6088,1027,-85.313093,35.076453],[6113,1027,-85.313124,35.076389],[6137,1023,-85.313146,35.076326],[6162,1022,-85.313113,35.076263],[6184,