{"trail":"Chief Richard Taylor Natural trail","distance":3095,"gain":6,"loss":9,"min":736,"max":740,"profile":[[0,740,-85.104175,34.908299],[25,739,-85.104245,34.908336],[50,740,-85.104315,34.908373],[75,740,-85.104386,34.90841],[100,739,-85.104456,34.908447],[125,739,-85.104527,34.908484],[150,739,-85.104597,34.908521],[175,739,-85.104667,34.908558],[200,740,-85.104738,34.908595],[225,740,-85.104808,34.908632],[250,739,-85.104878,34.908669],[275,739,-85.104949,34.908706],[300,739,-85.105019,34.908743],[325,739,-85.10509,34.90878],[350,739,-85.10516,34.908817],[375,739,-85.10523,34.908854],[400,739,-85.105306,34.908882],[425,739,-85.105383,34.908909],[450,739,-85.10546,34.908935],[475,739,-85.105538,34.908961],[500,739,-85.105615,34.908987],[525,739,-85.105692,34.909013],[550,739,-85.105769,34.909039],[575,739,-85.105847,34.909066],[600,739,-85.105924,34.909092],[625,739,-85.106001,34.909118],[650,739,-85.106078,34.909144],[675,739,-85.106156,34.90917],[700,739,-85.106233,34.909196],[725,739,-85.10631,34.909222],[750,739,-85.106387,34.909249],[775,739,-85.106464,34.909275],[800,739,-85.106542,34.909301],[825,739,-85.106619,34.909327],[850,739,-85.106696,34.909353],[875,739,-85.106773,34.909379],[900,739,-85.106851,34.909406],[925,739,-85.106928,34.909432],[950,739,-85.107005,34.909458],[975,739,-85.107082,34.909484],[1000,739,-85.10716,34.90951],[1025,739,-85.107238,34.909533],[1050,739,-85.10732,34.909544],[1075,739,-85.107403,34.909555],[1100,739,-85.107485,34.909566],[1125,738,-85.107568,34.909576],[1150,738,-85.107651,34.909587],[1175,738,-85.107733,34.909598],[1200,737,-85.107816,34.909609],[1225,737,-85.107898,34.90962],[1250,737,-85.107981,34.90963],[1275,737,-85.108063,34.909641],[1300,736,-85.108146,34.909652],[1325,737,-85.108228,34.909663],[1350,737,-85.108311,34.909673],[1375,737,-85.108393,34.909684],[1400,737,-85.108476,34.909695],[1425,737,-85.108558,34.909706],[1450,737,-85.108641,34.909716],[1475,737,-85.108723,34.909727],[1500,737,-85.108806,34.909738],[1525,737,-85.108888,34.909749],[1550,737,-85.108971,34.909759],[1575,737,-85.109053,34.90977],[1600,738,-85.109136,34.909777],[1625,738,-85.10922,34.909776],[1650,738,-85.109303,34.909775],[1675,739,-85.109387,34.909773],[1700,739,-85.109471,34.909772],[1725,739,-85.109554,34.909771],[1750,738,-85.109638,34.90977],[1775,738,-85.109721,34.909768],[1800,738,-85.109805,34.909767],[1825,737,-85.109888,34.909766],[1850,737,-85.109972,34.909765],[1875,737,-85.110055,34.909763],[1900,737,-85.110139,34.909762],[1925,737,-85.110223,34.909761],[1948,737,-85.110298,34.909779],[1973,737,-85.110363,34.909822],[1998,737,-85.110428,34.909866],[2023,737,-85.110493,34.909909],[2048,737,-85.110558,34.909952],[2073,737,-85.110622,34.909995],[2098,737,-85.110687,34.910038],[2123,737,-85.110752,34.910081],[2148,737,-85.110817,34.910124],[2173,737,-85.110882,34.910167],[2198,737,-85.110947,34.910211],[2223,737,-85.111012,34.910254],[2248,737,-85.111077,34.910297],[2273,737,-85.111142,34.91034],[2298,737,-85.111207,34.910383],[2323,737,-85.111272,34.910426],[2348,737,-85.111337,34.910469],[2373,737,-85.111402,34.910512],[2398,737,-85.111467,34.910555],[2423,737,-85.111532,34.910599],[2448,737,-85.111597,34.910642],[2473,737,-85.111671,34.910672],[2498,737,-85.11175,34.910694],[2523,737,-85.111828,34.910717],[2548,737,-85.111907,34.910739],[2573,737,-85.111986,34.910762],[2598,737,-85.112065,34.910784],[2623,737,-85.112144,34.910806],[2648,737,-85.112223,34.910829],[2673,737,-85.112302,34.910851],[2698,737,-85.112381,34.910874],[2723,738,-85.11246,34.910896],[2748,738,-85.112539,34.910919],[2773,738,-85.112618,34.910941],[2797,738,-85.112697,34.910951],[2822,738,-85.112778,34.910933],[2847,738,-85.112859,34.910915],[2872,737,-85.11294,34.910897],[2897,737,-85.11302,34.91088],[2922,737,-85.113101,34.910862],[2947,737,-85.113182,34.910844],[2969,737,-85.113255,34.910852],[2994,737,-85.113318,34.910897],[3019,737,-85.113381,34.910942],[3044,737,-85.113444,34.910987],[3069,737,-85.113507,34.911032],[3094,737,-85.11357,34.911077],[3095,737,-85.113573,34.91108]]}