{"trail":"Chief Richard Taylor Nature Trail","distance":6735,"gain":65,"loss":65,"min":737,"max":760,"profile":[[0,737,-85.113573,34.91108],[25,737,-85.113622,34.911136],[50,737,-85.11367,34.911191],[75,737,-85.113718,34.911247],[100,737,-85.113767,34.911303],[125,737,-85.113815,34.911359],[150,737,-85.113864,34.911415],[175,737,-85.113912,34.911471],[200,737,-85.113961,34.911527],[225,737,-85.114009,34.911582],[250,737,-85.114057,34.911638],[275,737,-85.114106,34.911694],[300,737,-85.114154,34.91175],[325,737,-85.114203,34.911806],[350,737,-85.114251,34.911862],[375,737,-85.1143,34.911917],[400,737,-85.114348,34.911973],[425,737,-85.114396,34.912029],[450,737,-85.114445,34.912085],[475,737,-85.114493,34.912141],[500,737,-85.114542,34.912197],[525,737,-85.11459,34.912253],[550,737,-85.114639,34.912308],[575,737,-85.114687,34.912364],[600,737,-85.114735,34.91242],[625,737,-85.114784,34.912476],[650,737,-85.114832,34.912532],[675,737,-85.114881,34.912588],[700,737,-85.114929,34.912643],[725,737,-85.114968,34.912704],[750,737,-85.115002,34.912766],[775,737,-85.115036,34.912829],[800,737,-85.115069,34.912892],[825,737,-85.115103,34.912955],[850,737,-85.115137,34.913017],[875,737,-85.11517,34.91308],[900,737,-85.115204,34.913143],[925,737,-85.115238,34.913205],[950,737,-85.115267,34.913269],[975,737,-85.11526,34.913337],[1000,737,-85.115252,34.913405],[1025,737,-85.115244,34.913473],[1050,737,-85.115236,34.913541],[1075,737,-85.115228,34.91361],[1097,737,-85.115176,34.913654],[1122,737,-85.115103,34.913688],[1142,737,-85.115042,34.913669],[1167,738,-85.114989,34.913616],[1192,738,-85.114936,34.913564],[1217,738,-85.114882,34.913511],[1242,738,-85.114829,34.913458],[1267,738,-85.114776,34.913405],[1292,738,-85.114722,34.913353],[1317,739,-85.114669,34.9133],[1342,739,-85.114616,34.913247],[1367,739,-85.114562,34.913194],[1392,740,-85.114509,34.913142],[1417,740,-85.114456,34.913089],[1442,740,-85.114402,34.913036],[1467,740,-85.114349,34.912983],[1491,740,-85.11427,34.912962],[1516,741,-85.11419,34.912942],[1538,741,-85.114117,34.912941],[1563,742,-85.114063,34.912993],[1588,744,-85.114008,34.913045],[1613,746,-85.113954,34.913097],[1638,748,-85.113899,34.913149],[1663,750,-85.113845,34.913201],[1688,752,-85.113791,34.913253],[1713,753,-85.113736,34.913305],[1738,755,-85.113682,34.913357],[1763,757,-85.113627,34.913409],[1769,758,-85.113616,34.91342],[2231,760,-85.112114,34.913121],[2256,759,-85.112145,34.913057],[2281,758,-85.112175,34.912993],[2306,757,-85.112206,34.91293],[2331,757,-85.112236,34.912866],[2356,756,-85.112267,34.912802],[2381,755,-85.112298,34.912738],[2406,754,-85.112328,34.912675],[2431,754,-85.112359,34.912611],[2456,752,-85.11239,34.912547],[2481,751,-85.112443,34.912495],[2506,750,-85.1125,34.912445],[2531,749,-85.112556,34.912394],[2556,749,-85.112613,34.912344],[2579,748,-85.112626,34.91228],[2604,748,-85.112623,34.912212],[2629,747,-85.112619,34.912143],[2654,747,-85.112615,34.912075],[2679,746,-85.112612,34.912006],[2704,746,-85.112608,34.911938],[2729,745,-85.112605,34.911869],[2754,744,-85.112601,34.911801],[2779,744,-85.112597,34.911733],[2804,743,-85.112594,34.911664],[2829,742,-85.11259,34.911596],[2854,742,-85.112586,34.911527],[2878,742,-85.112651,34.91149],[2903,741,-85.112725,34.911458],[2928,741,-85.112798,34.911425],[2953,740,-85.112872,34.911392],[2978,740,-85.112945,34.91136],[3003,740,-85.113019,34.911327],[3028,739,-85.113092,34.911294],[3053,739,-85.113165,34.911261],[3078,738,-85.113239,34.911229],[3103,738,-85.113312,34.911196],[3128,737,-85.113386,34.911163],[3153,737,-85.113459,34.911131],[3178,737,-85.113532,34.911098],[3192,737,-85.113573,34.91108],[4250,756,-85.110848,34.912927],[4275,754,-85.11093,34.912941],[4300,754,-85.111012,34.912954],[4325,753,-85.111094,34.912967],[4350,753,-85.111176,34.912981],[4375,754,-85.111258,34.912994],[4400,754,-85.11134,34.913007],[4425,754,-85.111422,34.913021],[4450,755,-85.111504,34.913034],[4475,756,-85.111586,34.913047],[4500,756,-85.111668,34.913061],[4525,757,-85.11175,34.913074],[4550,758,-85.111832,34.913087],[4575,759,-85.111914,34.913101],[4600,760,-85.111996,34.913114],[4625,760,-85.112078,34.913127],[4650,760,-85.11216,34.913141],[4675,759,-85.112241,34.913154],[4700,759,-85.112323,34.913167],[4725,759,-85.112405,34.913181],[4750,758,-85.112487,34.913194],[4775,759,-85.112569,34.913207],[4800,759,-85.112651,34.913221],[4825,759,-85.112733,34.913234],[4850,760,-85.112815,34.913247],[4875,760,-85.112897,34.913261],[4900,759,-85.112979,34.913274],[4925,760,-85.113061,34.913287],[4950,759,-85.113143,34.913301],[4975,759,-85.113225,34.913314],[5000,759,-85.113307,34.913327],[5025,758,-85.113389,34.913341],[5049,758,-85.113469,34.91336],[5074,758,-85.113543,34.91339],[5099,757,-85.113618,34.913421],[5124,757,-85.113693,34.913452],[5149,757,-85.113767,34.913483],[5174,757,-85.113842,34.913514],[5199,756,-85.113916,34.913545],[5224,757,-85.113991,34.913576],[5249,756,-85.114066,34.913606],[5274,756,-85.11414,34.913637],[5299,757,-85.114215,34.913668],[5324,755,-85.11429,34.913699],[5349,755,-85.114364,34.91373],[5374,755,-85.114439,34.913761],[5399,755,-85.114513,34.913791],[5424,754,-85.114588,34.913822],[5449,753,-85.114663,34.913853],[5474,752,-85.114737,34.913884],[5499,752,-85.114812,34.913915],[5524,748,-85.114887,34.913946],[5549,745,-85.114961,34.913976],[5574,741,-85.115036,34.914007],[5599,740,-85.115111,34.914038],[5624,741,-85.115185,34.914069],[5649,741,-85.11526,34.9141],[5674,740,-85.115334,34.914131],[5699,741,-85.115409,34.914161],[5724,739,-85.115484,34.914192],[5749,740,-85.115558,34.914223],[5774,740,-85.115633,34.914254],[5799,740,-85.115708,34.914285],[5824,738,-85.115782,34.914316],[5849,737,-85.115857,34.914346],[5874,738,-85.115931,34.914377],[5899,738,-85.116006,34.914408],[5924,738,-85.116081,34.914439],[5949,739,-85.116155,34.91447],[5972,740,-85.116229,34.914485],[5997,739,-85.1163,34.914448],[6022,739,-85.11637,34.914411],[6047,738,-85.116441,34.914374],[6072,739,-85.116511,34.914337],[6097,740,-85.116582,34.914301],[6122,739,-85.116652,34.914264],[6147,739,-85.116723,34.914227],[6172,740,-85.116793,34.91419],[6197,740,-85.116864,34.914153],[6222,740,-85.116931,34.914114],[6247,740,-85.116988,34.914064],[6272,739,-85.117045,34.914014],[6297,740,-85.117102,34.913964],[6322,740,-85.117159,34.913914],[6347,739,-85.117216,34.913863],[6372,739,-85.117273,34.913813],[6397,738,-85.11733,34.913763],[6422,738,-85.117387,34.913713],[6447,738,-85.117444,34.913663],[6472,738,-85.117501,34.913613],[6497,738,-85.117558,34.913563],[6522,738,-85.117615,34.913513],[6547,738,-85.117672,34.913462],[6572,737,-85.117729,34.913412],[6597,738,-85.117786,34.913362],[6622,737,-85.117843,34.913312],[6647,737,-85.1179,34.913262],[6672,737,-85.117957,34.913212],[6697,737,-85.118014,34.913162],[6722,737,-85.118071,34.913112],[6735,737,-85.118101,34.913086]]}