{"trail":"Chief Richard Taylor Nature Trail","distance":5572,"gain":67,"loss":46,"min":737,"max":760,"profile":[[0,737,-85.118101,34.913086],[25,737,-85.118044,34.913136],[50,737,-85.117987,34.913186],[75,737,-85.11793,34.913236],[100,738,-85.117873,34.913286],[125,737,-85.117816,34.913336],[150,738,-85.117759,34.913386],[175,738,-85.117702,34.913437],[200,737,-85.117645,34.913487],[225,738,-85.117588,34.913537],[250,738,-85.117531,34.913587],[275,738,-85.117474,34.913637],[300,738,-85.117417,34.913687],[325,739,-85.11736,34.913737],[350,739,-85.117303,34.913787],[375,739,-85.117246,34.913838],[400,739,-85.117189,34.913888],[425,739,-85.117132,34.913938],[450,740,-85.117075,34.913988],[475,740,-85.117018,34.914038],[500,740,-85.116961,34.914088],[525,741,-85.1169,34.914134],[550,740,-85.11683,34.914171],[575,740,-85.116759,34.914208],[600,740,-85.116689,34.914245],[625,739,-85.116618,34.914282],[650,739,-85.116548,34.914318],[675,739,-85.116477,34.914355],[700,738,-85.116407,34.914392],[725,739,-85.116336,34.914429],[750,739,-85.116266,34.914466],[772,740,-85.116194,34.914486],[797,739,-85.116119,34.914455],[822,738,-85.116045,34.914424],[847,737,-85.11597,34.914393],[872,737,-85.115895,34.914362],[897,737,-85.115821,34.914332],[922,739,-85.115746,34.914301],[947,741,-85.115672,34.91427],[972,740,-85.115597,34.914239],[997,740,-85.115522,34.914208],[1022,740,-85.115448,34.914177],[1047,740,-85.115373,34.914147],[1072,740,-85.115298,34.914116],[1097,741,-85.115224,34.914085],[1122,740,-85.115149,34.914054],[1147,742,-85.115075,34.914023],[1172,743,-85.115,34.913992],[1197,748,-85.114925,34.913962],[1222,750,-85.114851,34.913931],[1247,750,-85.114776,34.9139],[1272,752,-85.114701,34.913869],[1297,753,-85.114627,34.913838],[1322,755,-85.114552,34.913807],[1347,755,-85.114477,34.913776],[1372,755,-85.114403,34.913746],[1397,756,-85.114328,34.913715],[1422,756,-85.114254,34.913684],[1447,756,-85.114179,34.913653],[1472,756,-85.114104,34.913622],[1497,756,-85.11403,34.913591],[1522,756,-85.113955,34.913561],[1547,757,-85.11388,34.91353],[1572,757,-85.113806,34.913499],[1597,757,-85.113731,34.913468],[1622,757,-85.113657,34.913437],[1647,757,-85.113582,34.913406],[1672,757,-85.113507,34.913376],[1697,757,-85.113432,34.913348],[1722,758,-85.11335,34.913334],[1747,759,-85.113268,34.913321],[1772,759,-85.113186,34.913308],[1797,759,-85.113104,34.913294],[1822,760,-85.113022,34.913281],[1847,759,-85.11294,34.913268],[1872,760,-85.112858,34.913254],[1897,759,-85.112776,34.913241],[1922,759,-85.112694,34.913228],[1947,760,-85.112612,34.913214],[1972,758,-85.11253,34.913201],[1997,759,-85.112448,34.913188],[2022,759,-85.112366,34.913174],[2047,759,-85.112284,34.913161],[2072,759,-85.112202,34.913148],[2097,760,-85.11212,34.913134],[2122,760,-85.112038,34.913121],[2147,760,-85.111956,34.913108],[2172,758,-85.111874,34.913094],[2197,758,-85.111792,34.913081],[2222,757,-85.11171,34.913068],[2247,756,-85.111628,34.913054],[2272,755,-85.111546,34.913041],[2297,754,-85.111464,34.913028],[2322,754,-85.111382,34.913014],[2347,754,-85.1113,34.913001],[2372,753,-85.111218,34.912988],[2397,753,-85.111136,34.912974],[2422,753,-85.111054,34.912961],[2447,754,-85.110972,34.912948],[2472,755,-85.11089,34.912934],[2473,755,-85.110888,34.912933],[2498,754,-85.11097,34.912946],[2523,753,-85.111052,34.912958],[2548,753,-85.111134,34.912971],[2573,753,-85.111216,34.912984],[2598,754,-85.111298,34.912996],[2623,754,-85.111381,34.913009],[2648,754,-85.111463,34.913021],[2673,755,-85.111545,34.913034],[2698,756,-85.111627,34.913046],[2723,757,-85.111709,34.913059],[2748,758,-85.111791,34.913072],[2773,758,-85.111873,34.913084],[2798,759,-85.111956,34.913097],[2823,760,-85.112038,34.913109],[2847,760,-85.112116,34.913116],[2872,759,-85.112147,34.913052],[2897,758,-85.112177,34.912989],[2922,757,-85.112208,34.912925],[2947,757,-85.112239,34.912861],[2972,756,-85.112269,34.912797],[2997,755,-85.1123,34.912734],[3022,754,-85.112331,34.91267],[3047,753,-85.112361,34.912606],[3072,752,-85.112392,34.912542],[3097,751,-85.112447,34.912491],[3122,750,-85.112504,34.912441],[3147,749,-85.11256,34.91239],[3172,749,-85.112617,34.91234],[3196,748,-85.112626,34.912275],[3221,748,-85.112622,34.912207],[3246,747,-85.112619,34.912138],[3271,747,-85.112615,34.91207],[3296,746,-85.112612,34.912001],[3321,746,-85.112608,34.911933],[3346,745,-85.112604,34.911864],[3371,744,-85.112601,34.911796],[3396,743,-85.112597,34.911728],[3421,743,-85.112593,34.911659],[3446,742,-85.11259,34.911591],[3471,742,-85.112586,34.911522],[3495,742,-85.112657,34.911488],[3520,741,-85.11273,34.911455],[3545,741,-85.112804,34.911423],[3570,740,-85.112877,34.91139],[3595,740,-85.11295,34.911357],[3620,740,-85.113024,34.911325],[3645,739,-85.113097,34.911292],[3670,739,-85.113171,34.911259],[3695,738,-85.113244,34.911226],[3720,738,-85.113318,34.911194],[3745,737,-85.113391,34.911161],[3770,737,-85.113464,34.911128],[3795,737,-85.113538,34.911095],[3814,737,-85.113598,34.911109],[3839,737,-85.113647,34.911165],[3864,737,-85.113695,34.91122],[3889,737,-85.113744,34.911276],[3914,737,-85.113792,34.911332],[3939,737,-85.11384,34.911388],[3964,737,-85.113889,34.911444],[3989,737,-85.113937,34.9115],[4014,737,-85.113986,34.911556],[4039,737,-85.114034,34.911611],[4064,737,-85.114083,34.911667],[4089,737,-85.114131,34.911723],[4114,737,-85.114179,34.911779],[4139,737,-85.114228,34.911835],[4164,737,-85.114276,34.911891],[4189,737,-85.114325,34.911946],[4214,737,-85.114373,34.912002],[4239,737,-85.114422,34.912058],[4264,737,-85.11447,34.912114],[4289,737,-85.114518,34.91217],[4314,737,-85.114567,34.912226],[4339,737,-85.114615,34.912282],[4364,737,-85.114664,34.912337],[4389,737,-85.114712,34.912393],[4414,737,-85.114761,34.912449],[4439,737,-85.114809,34.912505],[4464,737,-85.114857,34.912561],[4489,737,-85.114906,34.912617],[4514,737,-85.114952,34.912674],[4539,737,-85.114986,34.912736],[4564,737,-85.115019,34.912799],[4589,737,-85.115053,34.912862],[4614,737,-85.115087,34.912924],[4639,737,-85.115121,34.912987],[4664,737,-85.115154,34.91305],[4689,737,-85.115188,34.913112],[4714,737,-85.115222,34.913175],[4739,737,-85.115255,34.913238],[4763,737,-85.115263,34.913304],[4788,737,-85.115255,34.913372],[4813,737,-85.115247,34.91344],[4838,737,-85.11524,34.913509],[4863,737,-85.115232,34.913577],[4886,737,-85.11521,34.913638],[4911,737,-85.115138,34.913672],[4934,737,-85.115068,34.913694],[4959,738,-85.115015,34.913642],[4984,738,-85.114961,34.913589],[5009,738,-85.114908,34.913536],[5034,738,-85.114855,34.913483],[5059,738,-85.114801,34.913431],[5084,738,-85.114748,34.913378],[5109,738,-85.114695,34.913325],[5134,739,-85.114641,34.913272],[5159,739,-85.114588,34.91322],[5184,739,-85.114534,34.913167],[5209,740,-85.114481,34.913114],[5234,740,-85.114428,34.913061],[5259,740,-85.114374,34.913009],[5282,740,-85.114309,34.912971],[5307,740,-85.114229,34.912951],[5332,741,-85.114149,34.912932],[5355,741,-85.114089,34.912968],[5380,743,-85.114034,34.91302],[5405,745,-85.11398,34.913072],[5430,747,-85.113926,34.913124],[5455,750,-85.113871,34.913176],[5480,751,-85.113817,34.913228],[5505,753,-85.113762,34.91328],[5530,754,-85.113708,34.913332],[5555,756,-85.113654,34.913384],[5572,758,-85.113616,34.91342]]}