{"trail":"Choo Choo Connector","distance":588,"gain":28,"loss":40,"min":881,"max":909,"profile":[[0,893,-85.314739,35.072541],[25,896,-85.314683,35.07249],[50,893,-85.314628,35.072439],[75,894,-85.314573,35.072387],[100,894,-85.314517,35.072336],[125,896,-85.314462,35.072284],[149,892,-85.314414,35.07223],[174,896,-85.314397,35.072163],[199,898,-85.31438,35.072096],[224,897,-85.314363,35.072029],[249,902,-85.314346,35.071962],[274,903,-85.31433,35.071894],[299,907,-85.314313,35.071827],[324,909,-85.314296,35.07176],[349,907,-85.314279,35.071693],[374,905,-85.314262,35.071626],[399,900,-85.314245,35.071559],[424,897,-85.314324,35.071537],[449,894,-85.314404,35.071516],[474,897,-85.314483,35.071495],[499,892,-85.314563,35.071474],[524,893,-85.314643,35.071453],[549,888,-85.314723,35.071432],[574,881,-85.314802,35.071411],[588,881,-85.314846,35.0714]]}