{"trail":"Choo Choo","distance":1262,"gain":45,"loss":68,"min":888,"max":924,"profile":[[0,912,-85.315189,35.07212],[25,911,-85.315179,35.072052],[50,910,-85.315168,35.071984],[75,908,-85.315157,35.071916],[100,910,-85.315146,35.071848],[125,907,-85.315135,35.07178],[150,904,-85.315122,35.071713],[175,902,-85.315077,35.071655],[200,902,-85.315031,35.071598],[225,898,-85.314986,35.07154],[250,892,-85.31494,35.071483],[275,888,-85.314895,35.071425],[298,889,-85.31482,35.071435],[323,894,-85.31474,35.071456],[348,893,-85.31466,35.071477],[373,898,-85.31458,35.071497],[398,897,-85.3145,35.071518],[420,905,-85.314469,35.071574],[445,909,-85.314452,35.071641],[469,912,-85.314445,35.071707],[494,913,-85.314486,35.071767],[519,915,-85.314528,35.071826],[544,917,-85.31457,35.071885],[569,919,-85.314612,35.071945],[594,920,-85.314654,35.072004],[619,922,-85.314696,35.072063],[644,922,-85.314738,35.072123],[669,924,-85.31478,35.072182],[694,924,-85.314822,35.072241],[719,920,-85.314863,35.072301],[744,919,-85.314905,35.07236],[769,914,-85.314947,35.072419],[794,910,-85.314989,35.072479],[815,912,-85.315048,35.072451],[840,912,-85.31511,35.072404],[865,912,-85.315172,35.072358],[889,911,-85.315232,35.072312],[914,910,-85.315217,35.072244],[939,910,-85.315202,35.072177],[957,909,-85.315191,35.07213],[982,910,-85.315204,35.072198],[1007,911,-85.315217,35.072266],[1032,911,-85.31523,35.072334],[1057,908,-85.31526,35.072397],[1082,905,-85.315295,35.072459],[1107,901,-85.31533,35.072521],[1129,899,-85.315353,35.072581],[1154,899,-85.315281,35.072616],[1179,900,-85.31521,35.072652],[1204,900,-85.315139,35.072688],[1229,897,-85.315067,35.072724],[1254,891,-85.314996,35.072759],[1262,889,-85.314975,35.07277]]}