{"trail":"Christmas Top","distance":3747,"gain":468,"loss":91,"min":871,"max":1248,"profile":[[0,871,-85.056624,35.04305],[25,873,-85.056676,35.042996],[50,875,-85.056727,35.042942],[74,879,-85.056772,35.042887],[99,880,-85.056738,35.042825],[124,884,-85.056704,35.042762],[149,890,-85.056669,35.0427],[174,894,-85.056635,35.042637],[199,900,-85.056601,35.042575],[224,903,-85.056567,35.042512],[249,907,-85.056532,35.04245],[274,911,-85.056498,35.042387],[299,915,-85.056522,35.042323],[324,921,-85.056549,35.042258],[349,923,-85.056577,35.042193],[374,926,-85.056605,35.042129],[395,928,-85.05665,35.042084],[420,933,-85.056734,35.042084],[445,938,-85.056818,35.042084],[470,942,-85.056901,35.042084],[495,945,-85.056985,35.042084],[520,948,-85.057069,35.042084],[545,949,-85.057152,35.042084],[570,950,-85.057236,35.042084],[595,952,-85.05732,35.042084],[620,953,-85.057404,35.042084],[645,955,-85.057487,35.042084],[670,957,-85.057571,35.042084],[695,961,-85.057655,35.042084],[720,962,-85.057738,35.042084],[745,966,-85.057822,35.042084],[770,968,-85.057906,35.042084],[795,970,-85.057989,35.042084],[820,971,-85.058073,35.042084],[845,973,-85.058157,35.042084],[870,976,-85.058241,35.042084],[895,980,-85.058324,35.042084],[920,983,-85.058408,35.042084],[945,987,-85.058492,35.042084],[970,990,-85.058575,35.042084],[995,994,-85.058659,35.042084],[1020,999,-85.058743,35.042084],[1045,1003,-85.058826,35.042085],[1070,1007,-85.05891,35.042088],[1095,1011,-85.058994,35.042091],[1120,1016,-85.059077,35.042095],[1145,1022,-85.059161,35.042098],[1170,1028,-85.059244,35.042102],[1195,1031,-85.059328,35.042105],[1220,1039,-85.059412,35.042109],[1245,1047,-85.059495,35.042112],[1270,1054,-85.059579,35.042115],[1295,1061,-85.059662,35.042119],[1319,1069,-85.059718,35.042167],[1344,1072,-85.059771,35.04222],[1369,1077,-85.059824,35.042273],[1394,1081,-85.059877,35.042326],[1419,1088,-85.05993,35.042379],[1444,1093,-85.059982,35.042433],[1469,1098,-85.060035,35.042486],[1494,1103,-85.060088,35.042539],[1519,1108,-85.060141,35.042592],[1544,1115,-85.060194,35.042645],[1569,1120,-85.060246,35.042699],[1594,1127,-85.060299,35.042752],[1619,1132,-85.060352,35.042805],[1644,1139,-85.060405,35.042858],[1669,1142,-85.060457,35.042911],[1694,1145,-85.060511,35.042962],[1719,1148,-85.060595,35.042959],[1744,1150,-85.060679,35.042956],[1769,1150,-85.060762,35.042953],[1794,1148,-85.060846,35.042949],[1819,1145,-85.060929,35.042946],[1844,1143,-85.061013,35.042943],[1869,1142,-85.061097,35.04294],[1894,1142,-85.06118,35.042936],[1919,1139,-85.061264,35.042933],[1944,1136,-85.061347,35.04293],[1968,1135,-85.06143,35.042923],[1993,1131,-85.061512,35.042906],[2018,1130,-85.061593,35.04289],[2043,1128,-85.061674,35.042873],[2068,1126,-85.061755,35.042857],[2093,1126,-85.061836,35.04284],[2118,1126,-85.061918,35.042823],[2143,1125,-85.061999,35.042807],[2168,1123,-85.06208,35.04279],[2193,1118,-85.062161,35.042773],[2218,1116,-85.062242,35.042757],[2243,1111,-85.062324,35.04274],[2268,1108,-85.062405,35.042724],[2293,1106,-85.062486,35.042707],[2318,1103,-85.062568,35.042702],[2343,1099,-85.062652,35.042708],[2368,1095,-85.062735,35.042714],[2393,1092,-85.062819,35.042719],[2418,1089,-85.062902,35.042725],[2443,1086,-85.062985,35.042731],[2468,1083,-85.063069,35.042737],[2493,1079,-85.063152,35.042743],[2518,1074,-85.063236,35.042748],[2543,1073,-85.063319,35.042754],[2568,1070,-85.063402,35.04276],[2593,1067,-85.063486,35.042766],[2616,1066,-85.063558,35.042748],[2641,1065,-85.063614,35.042697],[2666,1066,-85.063671,35.042647],[2691,1066,-85.063728,35.042596],[2716,1067,-85.063784,35.042546],[2741,1069,-85.063841,35.042496],[2766,1071,-85.063898,35.042445],[2791,1074,-85.063954,35.042395],[2816,1080,-85.064011,35.042344],[2841,1083,-85.064068,35.042294],[2866,1084,-85.064124,35.042243],[2891,1085,-85.064181,35.042193],[2916,1083,-85.064237,35.042142],[2940,1084,-85.064307,35.04211],[2965,1084,-85.064388,35.042092],[2990,1084,-85.064469,35.042075],[3015,1084,-85.06455,35.042057],[3040,1083,-85.064631,35.04204],[3052,1084,-85.064659,35.042065],[3077,1085,-85.064635,35.04213],[3102,1082,-85.064611,35.042196],[3123,1082,-85.064672,35.042225],[3148,1085,-85.064752,35.042247],[3173,1089,-85.064831,35.042268],[3198,1095,-85.064911,35.04229],[3223,1098,-85.06499,35.042312],[3248,1104,-85.06507,35.042333],[3273,1113,-85.065149,35.042355],[3298,1121,-85.065228,35.042377],[3323,1128,-85.065308,35.042398],[3348,1135,-85.065384,35.042373],[3373,1139,-85.065459,35.042343],[3398,1148,-85.065534,35.042314],[3423,1157,-85.06561,35.042284],[3448,1165,-85.065685,35.042254],[3473,1170,-85.065761,35.042225],[3498,1178,-85.065836,35.042195],[3521,1187,-85.065911,35.042179],[3546,1199,-85.065985,35.042211],[3571,1206,-85.066059,35.042244],[3596,1217,-85.066133,35.042276],[3621,1227,-85.066207,35.042308],[3646,1235,-85.066281,35.04234],[3671,1239,-85.066355,35.042372],[3696,1244,-85.066428,35.042404],[3721,1247,-85.066502,35.042436],[3746,1248,-85.066576,35.042469],[3747,1248,-85.066581,35.042471]]}