{"trail":"Christmas Top","distance":6071,"gain":337,"loss":467,"min":871,"max":1248,"profile":[[0,1001,-85.058813,35.042084],[25,1005,-85.058897,35.042088],[50,1009,-85.05898,35.042091],[75,1013,-85.059064,35.042094],[100,1019,-85.059147,35.042098],[125,1025,-85.059231,35.042101],[150,1031,-85.059315,35.042105],[175,1039,-85.059398,35.042108],[200,1047,-85.059482,35.042111],[225,1054,-85.059565,35.042115],[250,1061,-85.059649,35.042118],[273,1066,-85.05971,35.042158],[298,1072,-85.059763,35.042211],[323,1077,-85.059816,35.042265],[348,1081,-85.059868,35.042318],[373,1085,-85.059921,35.042371],[398,1093,-85.059974,35.042424],[423,1098,-85.060027,35.042477],[448,1103,-85.06008,35.04253],[473,1108,-85.060132,35.042584],[498,1112,-85.060185,35.042637],[523,1120,-85.060238,35.04269],[548,1125,-85.060291,35.042743],[573,1132,-85.060343,35.042796],[598,1136,-85.060396,35.04285],[623,1142,-85.060449,35.042903],[648,1145,-85.060502,35.042956],[672,1148,-85.060582,35.04296],[697,1150,-85.060665,35.042956],[722,1150,-85.060749,35.042953],[747,1148,-85.060832,35.04295],[772,1145,-85.060916,35.042947],[797,1144,-85.061,35.042943],[822,1143,-85.061083,35.04294],[847,1142,-85.061167,35.042937],[872,1141,-85.06125,35.042934],[897,1138,-85.061334,35.04293],[922,1135,-85.061417,35.042926],[947,1131,-85.061499,35.042909],[972,1128,-85.06158,35.042892],[997,1128,-85.061661,35.042876],[1022,1127,-85.061742,35.042859],[1047,1126,-85.061823,35.042843],[1072,1126,-85.061905,35.042826],[1097,1126,-85.061986,35.042809],[1122,1124,-85.062067,35.042793],[1147,1120,-85.062148,35.042776],[1172,1116,-85.062229,35.04276],[1197,1111,-85.062311,35.042743],[1222,1108,-85.062392,35.042726],[1247,1106,-85.062473,35.04271],[1272,1103,-85.062555,35.042701],[1297,1099,-85.062638,35.042707],[1322,1095,-85.062722,35.042713],[1347,1092,-85.062805,35.042718],[1372,1090,-85.062889,35.042724],[1397,1087,-85.062972,35.04273],[1422,1084,-85.063055,35.042736],[1447,1081,-85.063139,35.042742],[1472,1077,-85.063222,35.042748],[1497,1073,-85.063306,35.042753],[1522,1070,-85.063389,35.042759],[1547,1067,-85.063472,35.042765],[1570,1066,-85.063549,35.042756],[1595,1065,-85.063605,35.042705],[1620,1065,-85.063662,35.042655],[1645,1066,-85.063719,35.042604],[1670,1067,-85.063775,35.042554],[1695,1067,-85.063832,35.042504],[1720,1071,-85.063889,35.042453],[1745,1074,-85.063945,35.042403],[1770,1078,-85.064002,35.042352],[1795,1083,-85.064058,35.042302],[1820,1084,-85.064115,35.042251],[1845,1084,-85.064172,35.042201],[1870,1083,-85.064228,35.04215],[1894,1082,-85.064294,35.042113],[1919,1084,-85.064375,35.042095],[1944,1084,-85.064456,35.042078],[1969,1084,-85.064537,35.04206],[1994,1083,-85.064618,35.042043],[2008,1084,-85.064663,35.042054],[2033,1085,-85.064639,35.04212],[2058,1084,-85.064615,35.042185],[2077,1083,-85.06466,35.042222],[2102,1085,-85.064739,35.042243],[2127,1087,-85.064819,35.042265],[2152,1092,-85.064898,35.042287],[2177,1098,-85.064977,35.042308],[2202,1104,-85.065057,35.04233],[2227,1113,-85.065136,35.042352],[2252,1121,-85.065216,35.042373],[2277,1128,-85.065295,35.042395],[2300,1132,-85.065371,35.042378],[2325,1139,-85.065447,35.042348],[2350,1148,-85.065522,35.042318],[2375,1157,-85.065598,35.042289],[2400,1161,-85.065673,35.042259],[2425,1170,-85.065749,35.042229],[2450,1178,-85.065824,35.0422],[2475,1187,-85.065899,35.042174],[2500,1194,-85.065973,35.042206],[2525,1206,-85.066047,35.042238],[2550,1217,-85.066121,35.042271],[2575,1227,-85.066195,35.042303],[2600,1232,-85.066269,35.042335],[2625,1239,-85.066343,35.042367],[2650,1244,-85.066417,35.042399],[2675,1246,-85.066491,35.042431],[2700,1248,-85.066565,35.042464],[2705,1248,-85.066581,35.042471],[5030,1001,-85.058813,35.042084],[5055,999,-85.058729,35.042084],[5080,994,-85.058646,35.042084],[5105,990,-85.058562,35.042084],[5130,987,-85.058478,35.042084],[5155,983,-85.058395,35.042084],[5180,980,-85.058311,35.042084],[5205,976,-85.058227,35.042084],[5230,973,-85.058143,35.042084],[5255,971,-85.05806,35.042084],[5280,970,-85.057976,35.042084],[5305,968,-85.057892,35.042084],[5330,966,-85.057809,35.042084],[5355,962,-85.057725,35.042084],[5380,959,-85.057641,35.042084],[5405,956,-85.057558,35.042084],[5430,954,-85.057474,35.042084],[5455,953,-85.05739,35.042084],[5480,951,-85.057306,35.042084],[5505,950,-85.057223,35.042084],[5530,948,-85.057139,35.042084],[5555,948,-85.057055,35.042084],[5580,945,-85.056972,35.042084],[5605,942,-85.056888,35.042084],[5630,938,-85.056804,35.042084],[5655,933,-85.056721,35.042084],[5680,928,-85.056637,35.042084],[5702,926,-85.056601,35.042139],[5727,923,-85.056573,35.042204],[5752,919,-85.056545,35.042268],[5777,913,-85.056517,35.042333],[5801,911,-85.056504,35.042397],[5826,907,-85.056538,35.04246],[5851,903,-85.056572,35.042522],[5876,897,-85.056606,35.042585],[5901,891,-85.05664,35.042647],[5926,890,-85.056675,35.04271],[5951,884,-85.056709,35.042772],[5976,880,-85.056743,35.042835],[6000,877,-85.05677,35.042897],[6025,875,-85.056719,35.042951],[6050,872,-85.056668,35.043005],[6071,871,-85.056624,35.04305]]}