{"trail":"Chunky","distance":8165,"gain":396,"loss":292,"min":1718,"max":1842,"profile":[[0,1729,-85.38379,35.050657],[25,1732,-85.383737,35.05071],[50,1737,-85.383685,35.050764],[75,1738,-85.383633,35.050817],[94,1737,-85.383571,35.050802],[119,1733,-85.383506,35.050758],[144,1733,-85.383441,35.050715],[169,1737,-85.383376,35.050672],[194,1739,-85.383311,35.050629],[219,1742,-85.383246,35.050586],[244,1743,-85.383181,35.050543],[268,1750,-85.383103,35.050547],[293,1758,-85.383022,35.050565],[318,1762,-85.382941,35.050582],[343,1767,-85.38286,35.050599],[368,1772,-85.382779,35.050616],[393,1775,-85.382698,35.050633],[418,1779,-85.382617,35.05065],[443,1782,-85.382536,35.050667],[461,1783,-85.382488,35.050636],[486,1784,-85.382463,35.050571],[511,1784,-85.382439,35.050505],[536,1784,-85.382415,35.050439],[561,1783,-85.38239,35.050374],[586,1782,-85.382366,35.050308],[596,1782,-85.382336,35.050296],[621,1785,-85.382299,35.050358],[646,1789,-85.382261,35.050419],[662,1790,-85.382206,35.050425],[687,1792,-85.382136,35.050387],[712,1792,-85.382067,35.050349],[737,1794,-85.381997,35.050311],[762,1793,-85.381972,35.050248],[787,1793,-85.381954,35.050181],[812,1793,-85.381936,35.050114],[837,1796,-85.381918,35.050047],[862,1799,-85.381901,35.04998],[887,1802,-85.381883,35.049913],[912,1806,-85.381865,35.049846],[937,1808,-85.381847,35.049779],[962,1812,-85.38183,35.049712],[987,1815,-85.381812,35.049645],[1012,1818,-85.381794,35.049578],[1037,1821,-85.381776,35.049511],[1060,1823,-85.381711,35.049477],[1085,1826,-85.381633,35.049452],[1110,1829,-85.381555,35.049426],[1135,1832,-85.381478,35.049401],[1158,1835,-85.381398,35.049404],[1183,1838,-85.381317,35.049422],[1208,1839,-85.381237,35.04944],[1227,1840,-85.381211,35.049395],[1252,1841,-85.381205,35.049327],[1277,1840,-85.381199,35.049258],[1302,1840,-85.381194,35.04919],[1325,1838,-85.381251,35.049144],[1350,1837,-85.381317,35.049102],[1375,1834,-85.381382,35.04906],[1400,1832,-85.381448,35.049017],[1424,1828,-85.381519,35.04899],[1449,1825,-85.381603,35.048998],[1474,1823,-85.381686,35.049006],[1499,1822,-85.381756,35.049042],[1524,1821,-85.381827,35.049079],[1549,1818,-85.381897,35.049116],[1574,1814,-85.381968,35.049153],[1598,1814,-85.382006,35.049211],[1623,1812,-85.382033,35.049276],[1648,1810,-85.382059,35.049341],[1673,1811,-85.382086,35.049406],[1698,1809,-85.382112,35.049471],[1723,1807,-85.382139,35.049536],[1746,1807,-85.382178,35.04959],[1771,1803,-85.382258,35.049611],[1796,1801,-85.382338,35.049631],[1821,1798,-85.382417,35.049651],[1846,1794,-85.382497,35.049672],[1871,1790,-85.382577,35.049692],[1896,1786,-85.382657,35.049713],[1921,1785,-85.382737,35.049733],[1946,1782,-85.382817,35.049754],[1970,1779,-85.38289,35.049785],[1995,1775,-85.38296,35.049823],[2020,1772,-85.38303,35.049861],[2045,1768,-85.383099,35.049899],[2070,1764,-85.383169,35.049937],[2095,1762,-85.383239,35.049976],[2120,1759,-85.383308,35.050014],[2145,1755,-85.383378,35.050052],[2170,1749,-85.383447,35.05009],[2195,1744,-85.383517,35.050128],[2220,1739,-85.383587,35.050166],[2245,1733,-85.383656,35.050204],[2270,1726,-85.383726,35.050242],[2295,1723,-85.383796,35.05028],[2320,1719,-85.383865,35.050318],[2342,1719,-85.383906,35.05027],[2367,1718,-85.383942,35.050208],[2392,1720,-85.383978,35.050146],[2417,1722,-85.384014,35.050084],[2442,1724,-85.384049,35.050022],[2465,1725,-85.38406,35.049958],[2490,1728,-85.384042,35.049891],[2515,1733,-85.384024,35.049824],[2540,1736,-85.384006,35.049757],[2565,1740,-85.383987,35.04969],[2590,1744,-85.383969,35.049624],[2615,1747,-85.383951,35.049557],[2637,1750,-85.38391,35.049507],[2662,1756,-85.38383,35.049485],[2687,1758,-85.383751,35.049464],[2712,1760,-85.383671,35.04948],[2737,1758,-85.38359,35.0495],[2762,1758,-85.38351,35.049519],[2787,1757,-85.38343,35.049538],[2812,1758,-85.383349,35.049557],[2837,1760,-85.383269,35.049576],[2855,1762,-85.383218,35.04955],[2880,1764,-85.383193,35.049485],[2905,1765,-85.383168,35.049419],[2930,1770,-85.383143,35.049354],[2955,1773,-85.383118,35.049289],[2980,1775,-85.383093,35.049223],[3005,1778,-85.383068,35.049158],[3030,1781,-85.383043,35.049092],[3055,1783,-85.383018,35.049027],[3079,1782,-85.382938,35.049021],[3104,1781,-85.382854,35.04902],[3129,1780,-85.382771,35.049018],[3154,1780,-85.382687,35.049016],[3179,1781,-85.382603,35.049014],[3204,1785,-85.38252,35.049012],[3229,1790,-85.382436,35.04901],[3254,1792,-85.382352,35.049008],[3279,1795,-85.382269,35.049007],[3302,1797,-85.382199,35.048982],[3327,1798,-85.382145,35.048929],[3352,1800,-85.382091,35.048877],[3377,1801,-85.382037,35.048824],[3402,1801,-85.381983,35.048772],[3427,1802,-85.381929,35.048719],[3452,1805,-85.381876,35.048667],[3477,1809,-85.381822,35.048614],[3500,1813,-85.381766,35.048569],[3525,1814,-85.381691,35.048599],[3550,1816,-85.381615,35.048628],[3575,1817,-85.38154,35.048658],[3600,1819,-85.381464,35.048688],[3625,1822,-85.381389,35.048717],[3650,1826,-85.381313,35.048747],[3675,1829,-85.381238,35.048777],[3700,1834,-85.381178,35.048825],[3725,1837,-85.381119,35.048873],[3749,1839,-85.381115,35.048937],[3774,1840,-85.381125,35.049005],[3799,1841,-85.381135,35.049073],[3824,1841,-85.381145,35.049141],[3849,1841,-85.381155,35.049209],[3874,1841,-85.381165,35.049277],[3899,1842,-85.381175,35.049345],[3924,1841,-85.381185,35.049413],[3949,1839,-85.381195,35.049482],[3974,1838,-85.381205,35.04955],[3999,1836,-85.381215,35.049618],[4024,1835,-85.381225,35.049686],[4049,1833,-85.381235,35.049754],[4073,1831,-85.381207,35.049817],[4098,1833,-85.381174,35.04988],[4123,1833,-85.381141,35.049943],[4148,1833,-85.381108,35.050006],[4173,1834,-85.381075,35.050069],[4198,1836,-85.381044,35.050132],[4223,1835,-85.38107,35.050197],[4248,1835,-85.381097,35.050262],[4273,1833,-85.381123,35.050327],[4298,1833,-85.38115,35.050392],[4323,1831,-85.381176,35.050457],[4348,1830,-85.381203,35.050522],[4373,1829,-85.38121,35.050589],[4398,1828,-85.3812,35.050657],[4423,1829,-85.381191,35.050725],[4448,1827,-85.381182,35.050793],[4473,1826,-85.381173,35.050861],[4498,1823,-85.381163,35.05093],[4523,1821,-85.381154,35.050998],[4541,1819,-85.381199,35.051033],[4566,1815,-85.381281,35.051045],[4591,1813,-85.381363,35.051058],[4616,1808,-85.381446,35.05107],[4641,1802,-85.381528,35.051083],[4666,1800,-85.38161,35.051095],[4691,1799,-85.381693,35.051108],[4716,1797,-85.381775,35.05112],[4741,1795,-85.381857,35.051132],[4766,1791,-85.38194,35.051145],[4787,1788,-85.381976,35.051195],[4812,1788,-85.381991,35.051262],[4837,1790,-85.382006,35.05133],[4862,1788,-85.382056,35.051383],[4887,1790,-85.382113,35.051432],[4912,1790,-85.38217,35.051482],[4937,1790,-85.382228,35.051532],[4962,1791,-85.382285,35.051582],[4987,1791,-85.382343,35.051632],[5008,1791,-85.382411,35.05165],[5033,1789,-85.382493,35.051633],[5058,1788,-85.382574,35.051616],[5083,1786,-85.382655,35.051599],[5108,1786,-85.382736,35.051582],[5133,1784,-85.382817,35.051565],[5158,1783,-85.382898,35.051548],[5183,1781,-85.382979,35.051531],[5208,1781,-85.38306,35.051514],[5233,1778,-85.383138,35.051491],[5258,1776,-85.383201,35.051446],[5283,1773,-85.383265,35.051402],[5308,1768,-85.383328,35.051357],[5333,1765,-85.383392,35.051312],[5358,1763,-85.383455,35.051268],[5383,1761,-85.383519,35.051223],[5408,1757,-85.383584,35.051181],[5433,1757,-85.383661,35.051154],[5458,1755,-85.383738,35.051127],[5483,1753,-85.383815,35.0511],[5508,1752,-85.383892,35.051074],[5533,1752,-85.383969,35.051047],[5558,1751,-85.384046,35.05102],[5583,1749,-85.384123,35.050993],[5608,1747,-85.384201,35.050967],[5633,1747,-85.384278,35.05094],[5656,1744,-85.384268,35.050876],[5681,1742,-85.384251,35.050808],[5703,1738,-85.384215,35.050756],[5728,1738,-85.384134,35.050737],[5753,1735,-85.384054,35.050719],[5778,1735,-85.383973,35.0507],[5803,1731,-85.383893,35.050681],[5828,1730,-85.383812,35.050662],[5851,1722,-85.383767,35.050611],[5876,1719,-85.383736,35.050548],[5901,1718,-85.383705,35.050484],[5926,1719,-85.383757,35.050432],[5951,1718,-85.383812,