{"trail":"Chunky","distance":7869,"gain":303,"loss":417,"min":1718,"max":1842,"profile":[[0,1833,-85.380914,35.048127],[25,1838,-85.380973,35.048176],[50,1841,-85.381033,35.048224],[75,1839,-85.381092,35.048273],[100,1836,-85.381151,35.048321],[125,1833,-85.38121,35.04837],[148,1825,-85.381236,35.048429],[173,1821,-85.381236,35.048498],[198,1821,-85.381236,35.048566],[223,1824,-85.381236,35.048635],[248,1827,-85.381236,35.048703],[273,1831,-85.381236,35.048772],[298,1834,-85.381229,35.04884],[323,1836,-85.381222,35.048908],[348,1837,-85.381215,35.048977],[373,1839,-85.381208,35.049045],[398,1839,-85.3812,35.049113],[423,1840,-85.381193,35.049181],[448,1838,-85.381259,35.049139],[473,1836,-85.381325,35.049096],[498,1834,-85.381391,35.049054],[523,1830,-85.381457,35.049012],[546,1828,-85.38153,35.048991],[571,1825,-85.381613,35.048999],[596,1824,-85.381695,35.04901],[621,1822,-85.381766,35.049047],[646,1821,-85.381836,35.049084],[671,1818,-85.381906,35.049121],[696,1814,-85.381977,35.049158],[720,1812,-85.38201,35.049219],[745,1812,-85.382036,35.049284],[770,1810,-85.382063,35.049349],[795,1811,-85.382089,35.049414],[820,1809,-85.382116,35.049479],[845,1807,-85.382142,35.049544],[868,1805,-85.382188,35.049593],[893,1802,-85.382268,35.049613],[918,1801,-85.382348,35.049634],[943,1798,-85.382428,35.049654],[968,1793,-85.382508,35.049675],[993,1790,-85.382588,35.049695],[1018,1786,-85.382668,35.049715],[1043,1784,-85.382747,35.049736],[1068,1781,-85.382827,35.049756],[1092,1779,-85.382899,35.04979],[1117,1775,-85.382969,35.049828],[1142,1770,-85.383039,35.049866],[1167,1768,-85.383108,35.049904],[1192,1764,-85.383178,35.049942],[1217,1762,-85.383248,35.04998],[1242,1759,-85.383317,35.050018],[1267,1753,-85.383387,35.050056],[1292,1749,-85.383457,35.050094],[1317,1743,-85.383526,35.050132],[1342,1739,-85.383596,35.050171],[1367,1733,-85.383665,35.050209],[1392,1726,-85.383735,35.050247],[1417,1723,-85.383805,35.050285],[1442,1719,-85.383874,35.050323],[1467,1719,-85.383911,35.050262],[1492,1718,-85.383947,35.0502],[1517,1720,-85.383982,35.050138],[1542,1722,-85.384018,35.050076],[1567,1724,-85.384054,35.050014],[1591,1727,-85.384058,35.049949],[1616,1730,-85.384039,35.049882],[1641,1733,-85.384021,35.049816],[1666,1736,-85.384003,35.049749],[1691,1740,-85.383985,35.049682],[1716,1744,-85.383967,35.049615],[1741,1747,-85.383949,35.049548],[1762,1750,-85.383899,35.049504],[1787,1756,-85.38382,35.049482],[1812,1758,-85.383741,35.049464],[1837,1760,-85.38366,35.049483],[1862,1758,-85.38358,35.049502],[1887,1758,-85.383499,35.049521],[1912,1758,-85.383419,35.049541],[1937,1759,-85.383339,35.04956],[1962,1760,-85.383258,35.049579],[1981,1762,-85.383215,35.049542],[2006,1764,-85.38319,35.049476],[2031,1768,-85.383165,35.049411],[2056,1770,-85.38314,35.049345],[2081,1774,-85.383115,35.04928],[2106,1777,-85.38309,35.049215],[2131,1778,-85.383065,35.049149],[2156,1781,-85.38304,35.049084],[2180,1783,-85.383011,35.049023],[2205,1782,-85.382927,35.049021],[2230,1781,-85.382844,35.049019],[2255,1780,-85.38276,35.049017],[2280,1780,-85.382676,35.049016],[2305,1781,-85.382593,35.049014],[2330,1785,-85.382509,35.049012],[2355,1790,-85.382425,35.04901],[2380,1793,-85.382342,35.049008],[2405,1797,-85.382258,35.049006],[2428,1797,-85.382192,35.048975],[2453,1798,-85.382138,35.048922],[2478,1800,-85.382084,35.04887],[2503,1801,-85.38203,35.048818],[2528,1801,-85.381976,35.048765],[2553,1803,-85.381922,35.048713],[2578,1805,-85.381869,35.04866],[2603,1809,-85.381815,35.048608],[2624,1813,-85.381756,35.048573],[2649,1814,-85.381681,35.048602],[2674,1816,-85.381605,35.048632],[2699,1818,-85.38153,35.048662],[2724,1821,-85.381454,35.048691],[2749,1822,-85.381379,35.048721],[2774,1826,-85.381303,35.048751],[2799,1831,-85.38123,35.048782],[2824,1835,-85.381171,35.048831],[2849,1837,-85.381111,35.048879],[2873,1839,-85.381117,35.048946],[2898,1840,-85.381127,35.049014],[2923,1841,-85.381137,35.049082],[2948,1842,-85.381147,35.04915],[2973,1841,-85.381157,35.049218],[2998,1841,-85.381166,35.049286],[3023,1842,-85.381176,35.049354],[3048,1841,-85.381186,35.049422],[3073,1839,-85.381196,35.04949],[3098,1838,-85.381206,35.049558],[3123,1836,-85.381216,35.049626],[3148,1835,-85.381226,35.049694],[3173,1833,-85.381235,35.049762],[3198,1831,-85.381202,35.049825],[3223,1832,-85.381169,35.049888],[3248,1833,-85.381136,35.049951],[3273,1835,-85.381103,35.050014],[3298,1834,-85.38107,35.050077],[3323,1836,-85.381047,35.050141],[3348,1835,-85.381074,35.050206],[3373,1835,-85.3811,35.050271],[3398,1833,-85.381127,35.050336],[3423,1832,-85.381153,35.050401],[3448,1831,-85.38118,35.050466],[3473,1830,-85.381206,35.050531],[3497,1829,-85.381208,35.050598],[3522,1828,-85.381199,35.050666],[3547,1828,-85.38119,35.050734],[3572,1827,-85.381181,35.050802],[3597,1824,-85.381171,35.05087],[3622,1822,-85.381162,35.050938],[3647,1821,-85.381153,35.051006],[3667,1819,-85.381209,35.051035],[3692,1815,-85.381292,35.051047],[3717,1810,-85.381374,35.051059],[3742,1805,-85.381456,35.051072],[3767,1801,-85.381539,35.051084],[3792,1800,-85.381621,35.051097],[3817,1799,-85.381703,35.051109],[3842,1797,-85.381786,35.051122],[3867,1795,-85.381868,35.051134],[3892,1791,-85.38195,35.051146],[3914,1788,-85.381978,35.051204],[3939,1788,-85.381993,35.051271],[3964,1790,-85.382008,35.051338],[3989,1788,-85.382063,35.051389],[4014,1790,-85.38212,35.051439],[4039,1790,-85.382178,35.051489],[4064,1791,-85.382235,35.051539],[4089,1791,-85.382293,35.051588],[4114,1791,-85.38235,35.051638],[4136,1791,-85.382422,35.051648],[4161,1789,-85.382503,35.051631],[4186,1788,-85.382584,35.051614],[4211,1786,-85.382665,35.051597],[4236,1785,-85.382746,35.05158],[4261,1784,-85.382827,35.051563],[4286,1783,-85.382908,35.051545],[4311,1781,-85.38299,35.051528],[4336,1781,-85.383071,35.051511],[4360,1778,-85.383146,35.051485],[4385,1776,-85.383209,35.05144],[4410,1773,-85.383273,35.051396],[4435,1768,-85.383336,35.051351],[4460,1765,-85.3834,35.051307],[4485,1763,-85.383464,35.051262],[4510,1759,-85.383527,35.051217],[4535,1757,-85.383594,35.051177],[4560,1757,-85.383671,35.05115],[4585,1755,-85.383748,35.051124],[4610,1753,-85.383825,35.051097],[4635,1752,-85.383902,35.05107],[4660,1752,-85.383979,35.051043],[4685,1751,-85.384056,35.051017],[4710,1749,-85.384133,35.05099],[4735,1747,-85.384211,35.050963],[4759,1746,-85.384282,35.050934],[4784,1743,-85.384266,35.050867],[4809,1742,-85.384249,35.0508],[4830,1738,-85.384204,35.050754],[4855,1738,-85.384124,35.050735],[4880,1735,-85.384043,35.050716],[4905,1735,-85.383963,35.050697],[4930,1731,-85.383882,35.050679],[4955,1729,-85.383802,35.05066],[4978,1732,-85.383745,35.050702],[5003,1734,-85.383693,35.050756],[5028,1739,-85.383641,35.050809],[5046,1737,-85.383581,35.050808],[5071,1734,-85.383516,35.050765],[5096,1733,-85.383451,35.050722],[5121,1734,-85.383386,35.050679],[5146,1739,-85.383321,35.050636],[5171,1740,-85.383256,35.050593],[5196,1743,-85.383191,35.05055],[5218,1750,-85.383116,35.050545],[5243,1758,-85.383035,35.050562],[5268,1760,-85.382953,35.050579],[5293,1765,-85.382872,35.050596],[5318,1769,-85.382791,35.050613],[5343,1775,-85.38271,35.05063],[5368,1779,-85.382629,35.050648],[5393,1782,-85.382548,35.050665],[5412,1783,-85.382492,35.050646],[5437,1784,-85.382467,35.050581],[5462,1784,-85.382443,35.050515],[5487,1784,-85.382418,35.050449],[5512,1784,-85.382394,35.050384],[5537,1782,-85.38237,35.050318],[5551,1782,-85.382342,35.050287],[5576,1785,-85.382304,35.050348],[5601,1786,-85.382267,35.050409],[5618,1790,-85.382217,35.050431],[5643,1790,-85.382147,35.050393],[5668,1792,-85.382077,35.050355],[5693,1794,-85.382008,35.050317],[5716,1793,-85.381975,35.050258],[5741,1793,-85.381957,35.050191],[5766,1793,-85.381939,35.050124],[5791,1796,-85.381921,35.050057],[5816,1797,-85.381903,35.04999],[5841,1800,-85.381886,35.049923],[5866,1804,-85.381868,35.049857],[5891,1808,-85.38185,35.04979],[5916,1812,-85.381832,35.049723],[5941,1815,-85.381815,35.049656],[5966,1818,-85.381797,