{"trail":"Clear Lake","distance":11884,"gain":21,"loss":57,"min":3043,"max":3083,"profile":[[0,3072,-122.000414,44.380985],[59,3084,-122.000548,44.380855],[93,3083,-122.000591,44.380766],[194,3083,-122.000572,44.38049],[269,3083,-122.000606,44.380285],[352,3086,-122.000741,44.380079],[461,3088,-122.000857,44.379793],[578,3078,-122.000857,44.379471],[647,3073,-122.000882,44.379285],[717,3063,-122.000867,44.379092],[802,3051,-122.000903,44.37886],[872,3058,-122.000975,44.378676],[924,3055,-122.001002,44.378536],[963,3053,-122.001007,44.378427],[1040,3045,-122.000966,44.37822],[1077,3042,-122.000997,44.378119],[1148,3051,-122.001156,44.377962],[1200,3053,-122.001251,44.377838],[1306,3061,-122.001414,44.37757],[1390,3061,-122.001505,44.377349],[1441,3060,-122.001628,44.377242],[1498,3069,-122.001819,44.377167],[1542,3073,-122.001987,44.377157],[1588,3073,-122.00216,44.377187],[1626,3069,-122.002281,44.377243],[1750,3062,-122.002615,44.377486],[1793,3061,-122.002699,44.377588],[1883,3062,-122.002778,44.377827],[1963,3059,-122.002898,44.378029],[2017,3055,-122.002957,44.378172],[2070,3056,-122.002971,44.378318],[2138,3051,-122.00302,44.378501],[2206,3053,-122.003069,44.378683],[2280,3057,-122.003059,44.378884],[2353,3063,-122.003048,44.379086],[2420,3066,-122.00302,44.379267],[2486,3074,-122.002992,44.379448],[2552,3078,-122.002964,44.379628],[2619,3079,-122.002936,44.379809],[2685,3084,-122.002908,44.37999],[2770,3086,-122.002798,44.380208],[2797,3085,-122.002809,44.380282],[2881,3081,-122.002904,44.380502],[2950,3065,-122.003016,44.380674],[3019,3058,-122.003128,44.380845],[3064,3059,-122.003153,44.380967],[3115,3059,-122.003162,44.381107],[3204,3054,-122.003148,44.381352],[3294,3048,-122.003133,44.381597],[3388,3057,-122.003171,44.381853],[3481,3055,-122.003146,44.382108],[3530,3048,-122.003198,44.382238],[3558,3047,-122.003276,44.382289],[3615,3047,-122.003489,44.382324],[3673,3050,-122.003666,44.38242],[3701,3051,-122.003766,44.382448],[3755,3052,-122.003973,44.382447],[3755,3056,-122.004249,44.382401],[3797,3062,-122.004314,44.382293],[3844,3063,-122.004317,44.382165],[3973,3065,-122.004184,44.381825],[4069,3063,-122.004148,44.381563],[4165,3057,-122.004112,44.3813],[4232,3058,-122.004066,44.381121],[4298,3049,-122.004019,44.380942],[4365,3049,-122.003973,44.380762],[4431,3037,-122.003926,44.380583],[4516,3033,-122.003946,44.380351],[4588,3035,-122.003998,44.380159],[4637,3042,-122.004081,44.380037],[4714,3046,-122.004177,44.379838],[4766,3053,-122.004215,44.379699],[4884,3049,-122.00423,44.379374],[4968,3054,-122.004299,44.379149],[5037,3052,-122.00433,44.378963],[5105,3049,-122.004362,44.378776],[5174,3057,-122.004393,44.37859],[5302,3048,-122.004345,44.37824],[5353,3058,-122.004376,44.378103],[5426,3057,-122.004383,44.377903],[5499,3059,-122.004391,44.377703],[5589,3052,-122.004323,44.377459],[5680,3050,-122.004254,44.377214],[5807,3056,-122.004121,44.376881],[5888,3052,-122.004007,44.376675],[5969,3055,-122.003892,44.376468],[6041,3052,-122.003756,44.376295],[6113,3058,-122.003621,44.376123],[6148,3056,-122.003548,44.376043],[6179,3054,-122.003462,44.375983],[6252,3049,-122.00324,44.375863],[6315,3049,-122.003016,44.375798],[6358,3051,-122.002871,44.375739],[6428,3053,-122.002618,44.375678],[6498,3054,-122.002365,44.375617],[6596,3052,-122.001994,44.375575],[6689,3058,-122.001647,44.375515],[6778,3048,-122.001307,44.375484],[6868,3056,-122.000967,44.375452],[6895,3055,-122.00088,44.37541],[6924,3056,-122.000812,44.375346],[6924,3041,-121.99842,44.373637],[6955,3044,-121.998482,44.373566],[6986,3045,-121.998521,44.373486],[7089,3045,-121.998501,44.373203],[7173,3049,-121.998555,44.372976],[7257,3047,-121.998609,44.372749],[7319,3046,-121.99861,44.37258],[7377,3046,-121.998568,44.372422],[7416,3043,-121.998514,44.372323],[7513,3042,-121.998276,44.372118],[7561,3046,-121.998174,44.372009],[7691,3057,-121.997958,44.371688],[7739,3056,-121.997903,44.371562],[7818,3063,-121.997853,44.371349],[7897,3058,-121.997804,44.371137],[7945,3060,-121.997805,44.371003],[8000,3067,-121.997868,44.37086],[8117,3058,-121.998183,44.370631],[8140,3057,-121.998215,44.370574],[8140,3053,-121.998216,44.370449],[8172,3053,-121.998158,44.370369],[8244,3054,-121.998028,44.370198],[8315,3051,-121.997897,44.370027],[8386,3059,-121.997767,44.369856],[8450,3051,-121.997584,44.369737],[8521,3051,-121.997417,44.369585],[8575,3053,-121.997328,44.369451],[8699,3057,-121.997201,44.369122],[8807,3054,-121.997041,44.368849],[8928,3055,-121.996983,44.368521],[8997,3057,-121.996918,44.368338],[9066,3053,-121.996853,44.368155],[9135,3050,-121.996787,44.367971],[9204,3048,-121.996722,44.367788],[9298,3053,-121.996693,44.367531],[9392,3056,-121.996664,44.367275],[9459,3059,-121.996661,44.36709],[9526,3061,-121.996658,44.366905],[9594,3062,-121.996655,44.36672],[9661,3061,-121.996652,44.366536],[9729,3055,-121.996649,44.366351],[9796,3056,-121.996646,44.366166],[9878,3061,-121.996621,44.365941],[9961,3064,-121.996596,44.365717],[10043,3063,-121.996571,44.365492],[10172,3063,-121.99648,44.365143],[10239,3063,-121.996415,44.364966],[10306,3064,-121.996349,44.364788],[10373,3059,-121.996284,44.364611],[10443,3059,-121.996182,44.364433],[10513,3061,-121.99608,44.364255],[10584,3066,-121.995977,44.364077],[10654,3060,-121.995875,44.363899],[10750,3061,-121.99576,44.363649],[10866,3064,-121.995642,44.363341],[10948,3062,-121.995582,44.36312],[11008,3059,-121.995504,44.362967],[11080,3067,-121.99545,44.362774],[11151,3064,-121.995397,44.362581],[11223,3062,-121.995343,44.362388],[11295,3062,-121.995259,44.3622],[11367,3065,-121.995176,44.362011],[11439,3065,-121.995092,44.361823],[11522,3063,-121.994994,44.361609],[11604,3057,-121.994897,44.361394],[11707,3045,-121.994734,44.361138],[11783,3039,-121.994661,44.360934],[11840,3030,-121.994576,44.36079],[11884,3022,-121.994441,44.360721]]}