{"trail":"Clear Eyes","distance":304,"gain":0,"loss":57,"min":1396,"max":1453,"profile":[[0,1453,-85.315683,35.137616],[25,1448,-85.315687,35.137547],[50,1443,-85.315691,35.137479],[75,1438,-85.315695,35.137411],[100,1433,-85.3157,35.137342],[125,1427,-85.315704,35.137274],[145,1427,-85.315644,35.137298],[170,1424,-85.315574,35.137336],[194,1424,-85.315503,35.137369],[219,1418,-85.315421,35.137353],[244,1410,-85.31534,35.137337],[269,1405,-85.315258,35.137322],[294,1398,-85.315177,35.137306],[304,1396,-85.315146,35.1373]]}