{"trail":"Cline Butte XC Trail","distance":13573,"gain":217,"loss":318,"min":3334,"max":3666,"profile":[[0,3553,-121.317655,44.254327],[31,3552,-121.317773,44.254338],[59,3552,-121.317806,44.254412],[107,3549,-121.317753,44.254536],[188,3542,-121.317665,44.254749],[256,3538,-121.317544,44.254916],[325,3534,-121.317424,44.255082],[393,3525,-121.317303,44.255249],[507,3513,-121.317048,44.255501],[574,3509,-121.316879,44.25564],[626,3503,-121.316731,44.255737],[709,3501,-121.316481,44.255876],[792,3502,-121.316231,44.256014],[827,3494,-121.316142,44.256087],[899,3492,-121.315995,44.256254],[971,3480,-121.315848,44.25642],[1043,3473,-121.315701,44.256587],[1130,3465,-121.315497,44.256777],[1218,3461,-121.315293,44.256967],[1242,3458,-121.315246,44.257025],[1312,3457,-121.315113,44.25719],[1360,3457,-121.314994,44.257292],[1449,3456,-121.314752,44.257464],[1538,3458,-121.31451,44.257636],[1616,3465,-121.31428,44.257771],[1694,3465,-121.31405,44.257906],[1772,3467,-121.313819,44.258042],[1849,3472,-121.313589,44.258177],[1927,3472,-121.313359,44.258312],[1997,3475,-121.313164,44.258445],[2068,3473,-121.31297,44.258577],[2138,3471,-121.312775,44.25871],[2193,3473,-121.312589,44.258779],[2279,3475,-121.312283,44.258868],[2323,3480,-121.312118,44.258897],[2411,3486,-121.311782,44.258909],[2462,3491,-121.311614,44.258981],[2576,3490,-121.311354,44.25923],[2646,3489,-121.311164,44.259366],[2716,3487,-121.310975,44.259502],[2770,3485,-121.310838,44.259615],[2849,3482,-121.310641,44.259778],[2943,3484,-121.310381,44.259956],[3055,3480,-121.310162,44.260221],[3081,3476,-121.310093,44.260269],[3116,3482,-121.309975,44.260317],[3142,3481,-121.309881,44.260337],[3216,3492,-121.309601,44.26037],[3290,3498,-121.30932,44.260404],[3360,3500,-121.309081,44.260491],[3431,3497,-121.308841,44.260578],[3514,3504,-121.308525,44.260607],[3583,3493,-121.30829,44.260692],[3651,3487,-121.308055,44.260776],[3728,3488,-121.307766,44.260812],[3804,3483,-121.307491,44.260885],[3921,3491,-121.307049,44.260927],[4000,3492,-121.306748,44.260925],[4112,3491,-121.306327,44.260865],[4213,3480,-121.305938,44.260864],[4231,3478,-121.305871,44.260854],[4249,3478,-121.305806,44.260844],[4338,3479,-121.305493,44.260743],[4370,3479,-121.305373,44.260743],[4410,3477,-121.305244,44.260805],[4500,3474,-121.305068,44.261016],[4523,3476,-121.30499,44.261047],[4598,3484,-121.304703,44.261047],[4680,3495,-121.3044,44.260987],[4749,3499,-121.30414,44.261001],[4808,3502,-121.303924,44.26105],[4889,3517,-121.303611,44.261051],[4918,3520,-121.303505,44.261069],[4993,3533,-121.30325,44.261163],[5068,3547,-121.302996,44.261257],[5136,3561,-121.302783,44.261364],[5253,3563,-121.302473,44.261596],[5275,3563,-121.302401,44.26163],[5383,3574,-121.302019,44.261744],[5490,3584,-121.301689,44.261916],[5528,3590,-121.30155,44.261944],[5564,3598,-121.301413,44.261947],[5596,3604,-121.301297,44.261912],[5619,3606,-121.301279,44.261851],[5712,3615,-121.301317,44.261598],[5805,3624,-121.301356,44.261344],[5876,3635,-121.301355,44.26115],[5946,3645,-121.301355,44.260957],[5972,3648,-121.301345,44.260887],[5996,3656,-121.301305,44.260828],[6034,3663,-121.301186,44.260767],[6099,3671,-121.300963,44.260689],[6223,3680,-121.300574,44.260496],[6245,3681,-121.300494,44.260475],[6287,3683,-121.300335,44.260461],[6342,3678,-121.300124,44.260464],[6440,3656,-121.299761,44.26053],[6505,3646,-121.29951,44.260525],[6576,3652,-121.299249,44.26047],[6670,3656,-121.298896,44.260434],[6763,3654,-121.298544,44.260397],[6786,3658,-121.298456,44.260408],[6811,3662,-121.298362,44.260427],[6837,3657,-121.298279,44.260464],[6949,3644,-121.298034,44.260715],[6978,3643,-121.297948,44.260767],[7033,3645,-121.297766,44.260841],[7122,3656,-121.29745,44.260934],[7217,3647,-121.297142,44.26107],[7311,3647,-121.296834,44.261206],[7352,3652,-121.296681,44.261233],[7378,3653,-121.296581,44.261236],[7417,3648,-121.296438,44.261215],[7463,3638,-121.296272,44.261167],[7540,3638,-121.296025,44.261055],[7623,3630,-121.29573,44.260965],[7707,3640,-121.295435,44.260876],[7791,3631,-121.29514,44.260786],[7900,3622,-121.29473,44.260729],[7967,3616,-121.294485,44.260671],[8031,3607,-121.294274,44.260585],[8099,3611,-121.294103,44.260444],[8121,3611,-121.294068,44.260389],[8213,3623,-121.293993,44.260142],[8255,3631,-121.293966,44.26003],[8324,3639,-121.293968,44.259841],[8393,3642,-121.293969,44.259652],[8447,3637,-121.294016,44.259507],[8511,3636,-121.294126,44.259351],[8550,3633,-121.294212,44.259263],[8585,3641,-121.294305,44.259193],[8712,3649,-121.294702,44.258993],[8762,3657,-121.294862,44.258915],[8797,3662,-121.294931,44.258834],[8813,3662,-121.294967,44.2588],[8831,3663,-121.294937,44.258755],[8848,3654,-121.294871,44.258752],[8869,3647,-121.294805,44.258722],[8971,3637,-121.294499,44.258549],[9036,3648,-121.294282,44.258459],[9102,3653,-121.294064,44.258369],[9212,3658,-121.293778,44.258149],[9251,3658,-121.293659,44.258083],[9347,3649,-121.293331,44.257963],[9404,3645,-121.293149,44.257876],[9475,3644,-121.292992,44.257718],[9546,3634,-121.292835,44.25756],[9623,3632,-121.292759,44.257356],[9667,3623,-121.292716,44.25724],[9705,3621,-121.292715,44.257136],[9777,3619,-121.292818,44.256953],[9849,3614,-121.292921,44.25677],[9976,3606,-121.293136,44.256456],[9976,3535,-121.291318,44.257282],[10027,3533,-121.291341,44.257143],[10102,3525,-121.291336,44.256939],[10176,3516,-121.29133,44.256736],[10250,3504,-121.291325,44.256532],[10289,3493,-121.291354,44.256429],[10334,3489,-121.291418,44.256313],[10424,3477,-121.291482,44.25607],[10492,3467,-121.291507,44.255886],[10560,3460,-121.291578,44.255707],[10592,3456,-121.291585,44.255618],[10657,3443,-121.29156,44.255441],[10696,3435,-121.291586,44.255337],[10798,3424,-121.291714,44.255073],[10845,3420,-121.291756,44.254945],[10873,3417,-121.291799,44.254877],[10920,3414,-121.291921,44.254781],[10960,3412,-121.291966,44.254675],[11009,3408,-121.291975,44.254542],[11060,3411,-121.292012,44.254405],[11139,3409,-121.292024,44.254189],[11218,3404,-121.292037,44.253973],[11297,3399,-121.292049,44.253757],[11407,3396,-121.292003,44.253456],[11480,3392,-121.291973,44.253258],[11552,3388,-121.291943,44.253061],[11625,3385,-121.291912,44.252863],[11697,3378,-121.291882,44.252665],[11811,3372,-121.291888,44.252353],[11886,3372,-121.291945,44.252153],[12002,3368,-121.29207,44.251847],[12037,3363,-121.29213,44.251761],[12111,3362,-121.292293,44.251594],[12185,3357,-121.292456,44.251428],[12241,3354,-121.292552,44.251291],[12295,3350,-121.292644,44.251158],[12390,3349,-121.292783,44.250919],[12484,3341,-121.292921,44.25068],[12568,3336,-121.293045,44.250467],[12653,3331,-121.293168,44.250254],[12769,3327,-121.293295,44.249947],[12850,3325,-121.293327,44.249728],[12905,3328,-121.293376,44.249581],[12970,3331,-121.293454,44.249412],[13013,3331,-121.293506,44.249299],[13138,3336,-121.293722,44.248993],[13228,3341,-121.29392,44.248793],[13317,3342,-121.294117,44.248592],[13428,3344,-121.294279,44.248313],[13496,3347,-121.294426,44.248157],[13573,3348,-121.294562,44.247972]]}