{"trail":"CLOSED Road","distance":1103,"gain":46,"loss":9,"min":797,"max":842,"profile":[[0,805,-85.271566,34.930345],[25,805,-85.271483,34.930338],[50,804,-85.2714,34.93033],[75,803,-85.271317,34.930322],[100,802,-85.271234,34.930315],[125,800,-85.271151,34.930307],[150,799,-85.271068,34.930299],[175,798,-85.270984,34.930292],[200,797,-85.270901,34.930284],[225,797,-85.270818,34.930276],[250,797,-85.270735,34.930269],[275,798,-85.270652,34.930261],[300,798,-85.270569,34.930253],[325,798,-85.270486,34.930246],[350,799,-85.270403,34.930238],[375,799,-85.27032,34.93023],[400,799,-85.270237,34.930223],[425,800,-85.270154,34.930215],[450,800,-85.270071,34.930207],[475,801,-85.269993,34.930185],[500,801,-85.269918,34.930155],[525,801,-85.269843,34.930125],[550,800,-85.269768,34.930095],[575,800,-85.269693,34.930064],[600,800,-85.269617,34.930034],[625,800,-85.269542,34.930004],[650,802,-85.269467,34.929974],[675,803,-85.269392,34.929944],[700,804,-85.269317,34.929914],[725,805,-85.269242,34.929884],[750,807,-85.269167,34.929854],[775,809,-85.269095,34.929819],[800,812,-85.26903,34.929776],[825,815,-85.268965,34.929733],[850,817,-85.2689,34.92969],[875,820,-85.268835,34.929647],[900,825,-85.26877,34.929604],[925,828,-85.268705,34.929561],[950,830,-85.26864,34.929518],[975,833,-85.268575,34.929475],[1000,835,-85.268509,34.929432],[1025,840,-85.268444,34.929389],[1050,841,-85.268379,34.929346],[1075,842,-85.268314,34.929303],[1100,842,-85.268249,34.92926],[1103,842,-85.26824,34.929255]]}