{"trail":"Cobra DH","distance":3156,"gain":21,"loss":95,"min":2637,"max":2728,"profile":[[0,2725,-121.077163,44.630373],[29,2723,-121.077272,44.630381],[56,2717,-121.077371,44.630358],[78,2716,-121.077455,44.630369],[115,2711,-121.077575,44.630425],[155,2702,-121.077721,44.630459],[213,2692,-121.077836,44.630596],[270,2688,-121.077951,44.63073],[306,2690,-121.077992,44.630822],[338,2691,-121.077998,44.630912],[447,2700,-121.077846,44.63119],[498,2705,-121.077794,44.631324],[538,2708,-121.077726,44.631424],[563,2710,-121.077632,44.63142],[595,2712,-121.077533,44.631368],[627,2715,-121.077424,44.631327],[650,2715,-121.077341,44.631353],[666,2716,-121.077282,44.631348],[698,2718,-121.077176,44.631302],[731,2718,-121.077048,44.631306],[765,2719,-121.076916,44.631311],[818,2719,-121.076716,44.631311],[856,2720,-121.076566,44.631311],[894,2723,-121.076435,44.631269],[927,2726,-121.076332,44.631214],[940,2728,-121.076281,44.631218],[968,2729,-121.076201,44.631267],[988,2729,-121.076181,44.631321],[1028,2729,-121.076165,44.63143],[1060,2727,-121.076209,44.631513],[1094,2728,-121.076283,44.631588],[1144,2726,-121.076358,44.631714],[1172,2727,-121.076356,44.631791],[1216,2727,-121.07634,44.63191],[1250,2727,-121.076307,44.632002],[1265,2728,-121.076335,44.632036],[1284,2725,-121.076399,44.632064],[1298,2725,-121.076451,44.632056],[1316,2723,-121.07651,44.632033],[1345,2722,-121.076525,44.631952],[1359,2718,-121.076561,44.631923],[1387,2714,-121.076662,44.631949],[1421,2711,-121.076723,44.632029],[1449,2712,-121.076785,44.632095],[1465,2707,-121.076839,44.632112],[1478,2707,-121.07687,44.632084],[1497,2706,-121.076886,44.632031],[1534,2705,-121.076842,44.631936],[1565,2704,-121.076826,44.631852],[1587,2704,-121.076829,44.631791],[1597,2704,-121.076847,44.631767],[1611,2701,-121.076898,44.631778],[1625,2701,-121.076932,44.631809],[1668,2700,-121.076963,44.631925],[1708,2695,-121.077032,44.632024],[1726,2689,-121.077084,44.632055],[1739,2689,-121.077135,44.632056],[1754,2684,-121.077179,44.632029],[1789,2688,-121.077202,44.631936],[1802,2688,-121.077217,44.631901],[1818,2692,-121.077225,44.631859],[1826,2695,-121.077253,44.631848],[1840,2695,-121.0773,44.631866],[1865,2693,-121.077364,44.631919],[1908,2690,-121.077482,44.632],[1951,2687,-121.077614,44.632073],[2013,2678,-121.07783,44.632144],[2053,2681,-121.077982,44.632159],[2092,2677,-121.078115,44.63221],[2113,2676,-121.07819,44.632227],[2129,2676,-121.078252,44.632227],[2142,2675,-121.078283,44.632197],[2175,2677,-121.078267,44.632108],[2186,2682,-121.078244,44.632082],[2228,2688,-121.078138,44.631996],[2253,2693,-121.078082,44.631941],[2285,2694,-121.078077,44.631853],[2326,2686,-121.078108,44.631743],[2347,2685,-121.078108,44.631685],[2395,2691,-121.078064,44.631557],[2436,2689,-121.078043,44.631445],[2470,2688,-121.078015,44.631355],[2503,2695,-121.077987,44.631265],[2535,2687,-121.078018,44.631181],[2582,2686,-121.078054,44.631055],[2622,2684,-121.078072,44.630947],[2659,2683,-121.078061,44.630846],[2677,2683,-121.078074,44.630795],[2686,2675,-121.078095,44.630778],[2699,2675,-121.078144,44.630791],[2722,2668,-121.078211,44.630833],[2742,2669,-121.078239,44.630883],[2768,2670,-121.078262,44.630954],[2780,2663,-121.07829,44.630978],[2801,2657,-121.078373,44.630982],[2827,2651,-121.07845,44.630938],[2868,2644,-121.078535,44.630843],[2918,2643,-121.078563,44.630707],[2944,2642,-121.078591,44.630639],[2980,2637,-121.078681,44.630562],[3037,2634,-121.078844,44.630458],[3098,2635,-121.079024,44.63035],[3133,2638,-121.079142,44.630306],[3144,2636,-121.079183,44.630312],[3156,2638,-121.079217,44.630336]]}