{"trail":"Collegedale Greenway","distance":12378,"gain":134,"loss":128,"min":759,"max":791,"profile":[[0,773,-85.071301,35.053274],[25,773,-85.071276,35.05334],[50,773,-85.071251,35.053405],[75,773,-85.071226,35.05347],[100,772,-85.071201,35.053536],[125,773,-85.071176,35.053601],[150,773,-85.071151,35.053666],[175,772,-85.071126,35.053732],[200,773,-85.071101,35.053797],[225,773,-85.071076,35.053863],[250,774,-85.071051,35.053928],[275,773,-85.071026,35.053993],[300,772,-85.071001,35.054059],[325,773,-85.070976,35.054124],[350,773,-85.070946,35.054188],[375,773,-85.070904,35.054247],[400,772,-85.070862,35.054307],[425,772,-85.070821,35.054366],[450,771,-85.070779,35.054426],[475,771,-85.070737,35.054485],[500,771,-85.070696,35.054544],[525,770,-85.070654,35.054604],[550,770,-85.070612,35.054663],[575,770,-85.070571,35.054723],[600,770,-85.070529,35.054782],[625,770,-85.070487,35.054842],[650,770,-85.070446,35.054901],[675,770,-85.070404,35.05496],[700,770,-85.070362,35.05502],[725,769,-85.070321,35.055079],[750,769,-85.070279,35.055139],[775,769,-85.070237,35.055198],[800,769,-85.070203,35.05526],[825,769,-85.070186,35.055327],[850,769,-85.07017,35.055394],[875,769,-85.070154,35.055461],[900,769,-85.070137,35.055529],[925,769,-85.070121,35.055596],[950,768,-85.070105,35.055663],[975,768,-85.070088,35.05573],[1000,768,-85.070072,35.055798],[1025,768,-85.070056,35.055865],[1050,768,-85.070039,35.055932],[1075,768,-85.070023,35.055999],[1100,768,-85.070007,35.056066],[1125,768,-85.06999,35.056134],[1150,768,-85.069974,35.056201],[1175,768,-85.069958,35.056268],[1200,768,-85.069942,35.056335],[1225,767,-85.069925,35.056402],[1250,767,-85.069909,35.05647],[1275,767,-85.069893,35.056537],[1300,767,-85.069876,35.056604],[1325,767,-85.06986,35.056671],[1350,767,-85.069844,35.056739],[1375,767,-85.069827,35.056806],[1400,767,-85.069811,35.056873],[1425,767,-85.069795,35.05694],[1450,767,-85.069778,35.057007],[1475,767,-85.069762,35.057075],[1500,766,-85.069746,35.057142],[1525,767,-85.069729,35.057209],[1550,766,-85.069713,35.057276],[1575,766,-85.069697,35.057343],[1600,766,-85.06968,35.057411],[1625,766,-85.069664,35.057478],[1650,766,-85.069648,35.057545],[1675,766,-85.069631,35.057612],[1700,766,-85.069615,35.057679],[1725,766,-85.069599,35.057747],[1750,766,-85.069582,35.057814],[1775,766,-85.069566,35.057881],[1800,765,-85.06955,35.057948],[1825,765,-85.069533,35.058016],[1850,765,-85.069517,35.058083],[1875,765,-85.069501,35.05815],[1900,765,-85.069507,35.058218],[1925,765,-85.069517,35.058286],[1950,765,-85.069526,35.058354],[1975,765,-85.069535,35.058422],[2000,765,-85.069544,35.05849],[2025,765,-85.069553,35.058559],[2050,765,-85.069563,35.058627],[2075,765,-85.069572,35.058695],[2100,765,-85.069581,35.058763],[2125,765,-85.06959,35.058831],[2150,764,-85.0696,35.058899],[2173,764,-85.069623,35.058962],[2198,765,-85.069682,35.05901],[2223,765,-85.069742,35.059058],[2248,765,-85.069801,35.059107],[2273,765,-85.06986,35.059155],[2298,765,-85.069919,35.059204],[2323,765,-85.069978,35.059252],[2348,765,-85.070038,35.059301],[2373,765,-85.070097,35.059349],[2398,766,-85.070152,35.0594],[2423,766,-85.070192,35.05946],[2448,766,-85.070233,35.05952],[2473,766,-85.070273,35.05958],[2498,765,-85.070314,35.05964],[2523,765,-85.070354,35.0597],[2548,765,-85.070394,35.05976],[2573,766,-85.070435,35.05982],[2598,766,-85.070475,35.05988],[2621,765,-85.070463,35.059943],[2646,765,-85.070431,35.060006],[2671,765,-85.0704,35.06007],[2696,765,-85.070368,35.060133],[2721,764,-85.070337,35.060197],[2746,764,-85.070305,35.06026],[2771,764,-85.070274,35.060324],[2796,763,-85.070242,35.060387],[2821,763,-85.070211,35.060451],[2846,763,-85.070204,35.060519],[2871,762,-85.0702,35.060587],[2896,762,-85.070196,35.060656],[2921,762,-85.070193,35.060724],[2946,762,-85.070189,35.060792],[2971,761,-85.070185,35.060861],[2996,761,-85.070182,35.060929],[3021,761,-85.070178,35.060998],[3046,761,-85.070174,35.061066],[3071,761,-85.07017,35.061135],[3096,761,-85.070167,35.061203],[3121,761,-85.070163,35.061272],[3146,761,-85.070159,35.06134],[3171,761,-85.070156,35.061409],[3196,761,-85.070152,35.061477],[3221,761,-85.070148,35.061546],[3246,761,-85.070144,35.061614],[3271,761,-85.070141,35.061682],[3296,761,-85.070137,35.061751],[3321,761,-85.070133,35.061819],[3346,761,-85.070129,35.061888],[3371,761,-85.070126,35.061956],[3396,761,-85.070122,35.062025],[3421,761,-85.070096,35.062089],[3446,760,-85.070065,35.062153],[3471,760,-85.070033,35.062216],[3496,760,-85.070002,35.06228],[3521,760,-85.06997,35.062343],[3546,760,-85.069939,35.062407],[3571,760,-85.069907,35.06247],[3596,760,-85.069876,35.062534],[3621,760,-85.069844,35.062597],[3646,760,-85.069774,35.062632],[3671,760,-85.0697,35.062666],[3691,760,-85.069633,35.062673],[3716,760,-85.069577,35.062622],[3741,760,-85.069522,35.062571],[3766,760,-85.069466,35.062519],[3791,760,-85.069411,35.062468],[3816,760,-85.069356,35.062416],[3840,760,-85.069287,35.062385],[3865,760,-85.069204,35.062375],[3890,760,-85.069121,35.062364],[3914,760,-85.069039,35.062359],[3939,760,-85.068965,35.062389],[3964,760,-85.06889,35.06242],[3989,760,-85.068815,35.062451],[4011,760,-85.068743,35.062435],[4036,760,-85.068673,35.062397],[4061,760,-85.068603,35.06236],[4086,760,-85.068533,35.062322],[4111,760,-85.068463,35.062285],[4136,760,-85.068393,35.062247],[4161,760,-85.068323,35.06221],[4186,760,-85.068253,35.062172],[4211,760,-85.068183,35.062134],[4236,760,-85.068103,35.062119],[4261,760,-85.06802,35.062109],[4286,760,-85.067937,35.062099],[4311,760,-85.067854,35.062089],[4336,760,-85.067771,35.062079],[4361,760,-85.067688,35.06207],[4386,760,-85.067606,35.06206],[4411,760,-85.067523,35.06205],[4436,760,-85.06744,35.06204],[4461,760,-85.067357,35.06203],[4486,760,-85.067274,35.06202],[4511,760,-85.067191,35.06201],[4536,760,-85.067109,35.062001],[4561,760,-85.067026,35.061991],[4586,760,-85.066943,35.061981],[4611,760,-85.06686,35.061971],[4636,760,-85.066777,35.061961],[4661,759,-85.066694,35.061951],[4686,759,-85.066611,35.061941],[4711,759,-85.066529,35.061932],[4736,759,-85.066446,35.061922],[4761,759,-85.066363,35.061912],[4786,759,-85.06628,35.061902],[4811,760,-85.066197,35.061892],[4836,760,-85.066114,35.061882],[4861,760,-85.066032,35.061872],[4886,760,-85.065949,35.061862],[4911,760,-85.065866,35.061853],[4935,760,-85.06579,35.061831],[4960,760,-85.065731,35.061782],[4985,760,-85.065672,35.061734],[5010,760,-85.065613,35.061686],[5035,760,-85.065553,35.061637],[5060,760,-85.065494,35.061589],[5085,760,-85.065435,35.06154],[5108,760,-85.065422,35.061476],[5133,760,-85.065422,35.061408],[5157,760,-85.065465,35.061354],[5182,760,-85.065525,35.061305],[5207,760,-85.065584,35.061257],[5232,760,-85.065643,35.061208],[5257,760,-85.065702,35.06116],[5280,760,-85.065768,35.061129],[5305,760,-85.065851,35.061139],[5330,760,-85.065934,35.061149],[5355,760,-85.066017,35.061159],[5380,760,-85.066099,35.061169],[5404,760,-85.06618,35.061184],[5429,760,-85.066239,35.061232],[5454,760,-85.066298,35.061281],[5479,760,-85.066357,35.061329],[5503,760,-85.066408,35.06138],[5528,760,-85.066396,35.061448],[5553,760,-85.066384,35.061516],[5578,760,-85.066373,35.061584],[5603,760,-85.066361,35.061651],[5628,760,-85.06635,35.061719],[5653,760,-85.066338,35.061787],[5678,760,-85.066326,35.061855],[5703,759,-85.066315,35.061923],[5728,759,-85.066303,35.061991],[5753,760,-85.066292,35.062059],[5778,760,-85.06628,35.062126],[5803,762,-85.066268,35.062194],[5826,766,-85.066245,35.062255],[5851,768,-85.066168,35.062282],[5874,773,-85.066093,35.062293],[5899,772,-85.066025,35.062253],[5924,768,-85.065958,35.062213],[5949,766,-85.06589,35.062172],[5974,764,-85.065822,35.062132],[5999,761,-85.065754,35.062092],[6024,761,-85.065687,35.062051],[6049,760,-85.065619,35.062011],[6074,760,-85.065551,35.061971],[6099,760,-85.065483,35.061931],[6124,760,-85.065416,35.06189],[6149,760,-85.065348,35.06185],[6174,760,-85.06528,35.06181],[6199,760,-85.065212,35.061769],[6224,760,