{"trail":"Cone Run","distance":7770,"gain":11,"loss":426,"min":6613,"max":7037,"profile":[[0,7039,-121.672495,43.990202],[81,7041,-121.67223,43.990089],[145,7039,-121.672086,43.989948],[236,7037,-121.671883,43.989744],[296,7033,-121.671859,43.989582],[317,7033,-121.671798,43.989545],[343,7025,-121.671705,43.989572],[372,7017,-121.671659,43.989644],[424,7021,-121.67171,43.989783],[459,7008,-121.67167,43.989874],[540,7005,-121.671764,43.990084],[609,6991,-121.671763,43.990275],[638,6991,-121.671839,43.990332],[667,6996,-121.67195,43.990333],[722,6990,-121.672117,43.990425],[804,6975,-121.672201,43.990641],[886,6977,-121.672285,43.990858],[968,6979,-121.672369,43.991074],[1039,6975,-121.672406,43.991266],[1110,6960,-121.672443,43.991458],[1177,6963,-121.672572,43.991617],[1244,6958,-121.672701,43.991776],[1296,6960,-121.672733,43.991917],[1396,6956,-121.672794,43.992188],[1427,6959,-121.672874,43.992251],[1454,6952,-121.672797,43.992297],[1499,6942,-121.672711,43.992403],[1612,6936,-121.672813,43.992705],[1693,6928,-121.672843,43.992925],[1721,6925,-121.672881,43.992998],[1740,6926,-121.672947,43.993017],[1822,6933,-121.673256,43.993059],[1905,6922,-121.673566,43.993102],[1950,6918,-121.673736,43.993125],[1979,6920,-121.6738,43.99319],[2001,6918,-121.67382,43.993248],[2040,6911,-121.673752,43.993344],[2071,6909,-121.673684,43.993411],[2100,6900,-121.6736,43.993462],[2137,6891,-121.673503,43.993536],[2153,6885,-121.673489,43.993581],[2190,6893,-121.673541,43.993674],[2208,6895,-121.673537,43.993722],[2228,6890,-121.673492,43.993768],[2264,6886,-121.673363,43.993804],[2290,6888,-121.673328,43.99387],[2396,6894,-121.673327,43.99416],[2429,6892,-121.673351,43.994248],[2452,6889,-121.673376,43.99431],[2503,6888,-121.6735,43.994416],[2589,6864,-121.673726,43.994586],[2650,6843,-121.673921,43.994678],[2749,6843,-121.67419,43.99487],[2812,6844,-121.674385,43.994968],[2857,6839,-121.67453,43.995034],[2904,6835,-121.674694,43.995084],[2936,6839,-121.674818,43.995099],[2944,6836,-121.674842,43.995111],[2973,6839,-121.674934,43.995152],[3041,6839,-121.675103,43.995294],[3073,6841,-121.67516,43.995373],[3096,6838,-121.675153,43.995435],[3121,6834,-121.67518,43.995501],[3134,6830,-121.675198,43.995533],[3143,6830,-121.675181,43.995557],[3151,6830,-121.675156,43.995567],[3170,6826,-121.675139,43.995618],[3194,6822,-121.675154,43.995682],[3218,6820,-121.67523,43.995721],[3228,6820,-121.675263,43.99573],[3268,6820,-121.675407,43.995767],[3313,6810,-121.675574,43.995801],[3348,6809,-121.675708,43.995807],[3378,6806,-121.675818,43.995785],[3404,6814,-121.675901,43.99575],[3423,6812,-121.675963,43.995721],[3453,6824,-121.676028,43.995654],[3486,6820,-121.676145,43.995619],[3531,6814,-121.676315,43.995637],[3559,6807,-121.676358,43.995708],[3583,6802,-121.676396,43.995767],[3634,6796,-121.67649,43.995889],[3688,6812,-121.676598,43.996014],[3713,6814,-121.676632,43.99608],[3742,6823,-121.676732,43.996114],[3765,6822,-121.676721,43.996176],[3802,6816,-121.676702,43.996276],[3835,6811,-121.676685,43.996364],[3859,6802,-121.676626,43.996415],[3886,6799,-121.676691,43.996472],[3925,6801,-121.676827,43.996519],[3947,6796,-121.676872,43.996568],[3975,6782,-121.676875,43.996646],[4001,6775,-121.676856,43.996714],[4022,6775,-121.676897,43.996764],[4084,6782,-121.677126,43.996717],[4105,6792,-121.677189,43.996682],[4137,6788,-121.677302,43.996716],[4156,6790,-121.677369,43.996732],[4194,6792,-121.677511,43.996754],[4237,6785,-121.677656,43.996808],[4277,6776,-121.677807,43.996825],[4331,6769,-121.678013,43.996827],[4354,6771,-121.678097,43.996807],[4368,6774,-121.678149,43.996817],[4387,6765,-121.678197,43.996857],[4413,6760,-121.678246,43.996918],[4425,6760,-121.678261,43.996948],[4436,6750,-121.678281,43.996975],[4459,6742,-121.67834,43.997021],[4534,6749,-121.678618,43.997076],[4606,6762,-121.678856,43.997173],[4659,6765,-121.679037,43.997234],[4701,6766,-121.679179,43.997287],[4728,6769,-121.679278,43.997313],[4739,6769,-121.679314,43.997304],[4773,6773,-121.679438,43.997269],[4805,6774,-121.679556,43.997282],[4836,6775,-121.679673,43.997269],[4955,6787,-121.680107,43.997172],[4992,6783,-121.680245,43.997189],[5028,6777,-121.680369,43.997235],[5090,6775,-121.680554,43.997338],[5126,6774,-121.680652,43.997408],[5176,6768,-121.68077,43.997515],[5220,6767,-121.68082,43.997631],[5267,6758,-121.680896,43.997746],[5308,6750,-121.680974,43.997846],[5341,6747,-121.681059,43.99791],[5352,6747,-121.681088,43.997933],[5395,6748,-121.681246,43.997968],[5439,6750,-121.681401,43.998014],[5465,6754,-121.681484,43.998053],[5525,6742,-121.681608,43.998188],[5553,6740,-121.68167,43.998251],[5579,6740,-121.681738,43.998305],[5595,6737,-121.681775,43.998339],[5633,6742,-121.681918,43.998345],[5663,6745,-121.682034,43.998337],[5728,6746,-121.682276,43.998379],[5762,6749,-121.682401,43.9984],[5803,6747,-121.682547,43.998441],[5852,6743,-121.682646,43.998556],[5935,6728,-121.682848,43.998729],[6003,6722,-121.683079,43.998814],[6071,6725,-121.68331,43.998899],[6117,6725,-121.683455,43.998967],[6158,6710,-121.683525,43.99907],[6288,6685,-121.683661,43.999411],[6404,6673,-121.683747,43.999724],[6445,6672,-121.683822,43.999822],[6498,6661,-121.683858,43.999966],[6570,6655,-121.683922,44.000157],[6642,6651,-121.683986,44.000348],[6703,6654,-121.684058,44.000509],[6746,6645,-121.684124,44.000616],[6808,6656,-121.684245,44.000762],[6855,6645,-121.6843,44.000884],[6941,6644,-121.684476,44.001083],[6987,6640,-121.684527,44.001205],[7038,6635,-121.684653,44.001308],[7068,6638,-121.684694,44.001385],[7116,6634,-121.684821,44.00148],[7193,6648,-121.68504,44.001621],[7270,6657,-121.685259,44.001763],[7347,6644,-121.685477,44.001905],[7469,6638,-121.685855,44.002098],[7600,6615,-121.68628,44.002285],[7616,6619,-121.686319,44.002321],[7632,6604,-121.686326,44.002363],[7701,6594,-121.686302,44.002551],[7770,6604,-121.686296,44.00274]]}