{"trail":"Copperhead Trail","distance":1161,"gain":25,"loss":155,"min":1038,"max":1168,"profile":[[0,1168,-85.060894,35.05417],[25,1166,-85.060856,35.054231],[50,1164,-85.060818,35.054292],[75,1163,-85.06078,35.054353],[100,1161,-85.060742,35.054414],[125,1162,-85.060704,35.054475],[150,1160,-85.060666,35.054536],[175,1157,-85.060628,35.054597],[200,1154,-85.06059,35.054658],[225,1151,-85.060552,35.054719],[250,1146,-85.060514,35.054781],[275,1145,-85.060476,35.054842],[300,1145,-85.060438,35.054903],[325,1144,-85.0604,35.054964],[350,1145,-85.060362,35.055025],[374,1143,-85.060336,35.055088],[399,1144,-85.060334,35.055157],[424,1146,-85.060332,35.055225],[449,1147,-85.060329,35.055294],[474,1150,-85.060327,35.055362],[499,1154,-85.060325,35.055431],[524,1158,-85.060323,35.055499],[549,1160,-85.060321,35.055568],[574,1161,-85.060319,35.055636],[599,1154,-85.060317,35.055705],[623,1144,-85.060295,35.055766],[648,1141,-85.060232,35.055811],[673,1145,-85.060169,35.055856],[697,1146,-85.060096,35.055887],[722,1144,-85.060017,35.05591],[747,1140,-85.059938,35.055932],[772,1134,-85.059858,35.055954],[797,1125,-85.059779,35.055977],[822,1117,-85.0597,35.055999],[847,1112,-85.059621,35.056021],[872,1105,-85.059542,35.056044],[893,1103,-85.059489,35.056006],[918,1098,-85.059446,35.055948],[943,1091,-85.059402,35.055889],[968,1083,-85.059359,35.05583],[993,1073,-85.059315,35.055772],[1018,1064,-85.059272,35.055713],[1043,1056,-85.059228,35.055655],[1068,1048,-85.059185,35.055596],[1092,1045,-85.059159,35.055534],[1117,1042,-85.059166,35.055466],[1142,1039,-85.059173,35.055398],[1161,1038,-85.059178,35.055347]]}