{"trail":"Coyote","distance":5357,"gain":260,"loss":268,"min":974,"max":1041,"profile":[[0,991,-85.061216,35.048391],[25,992,-85.061135,35.048407],[50,993,-85.061054,35.048424],[75,996,-85.060973,35.048441],[100,996,-85.060892,35.048457],[125,999,-85.06081,35.048474],[150,996,-85.060729,35.04849],[175,997,-85.060648,35.048507],[200,994,-85.060567,35.048524],[225,996,-85.060485,35.04854],[249,993,-85.060412,35.048569],[274,994,-85.060345,35.048611],[299,994,-85.060279,35.048653],[324,994,-85.060212,35.048695],[349,997,-85.060141,35.048727],[374,1000,-85.060058,35.048735],[399,1006,-85.059975,35.048742],[424,1011,-85.059892,35.04875],[449,1015,-85.059809,35.048758],[474,1017,-85.059726,35.048766],[499,1022,-85.059642,35.048774],[520,1025,-85.05959,35.048814],[545,1030,-85.059561,35.048878],[570,1035,-85.059532,35.048943],[595,1033,-85.059503,35.049007],[620,1034,-85.059474,35.049071],[645,1029,-85.059445,35.049135],[670,1020,-85.059416,35.0492],[692,1016,-85.059376,35.049251],[717,1017,-85.059293,35.04925],[742,1017,-85.059209,35.049249],[767,1015,-85.059125,35.049247],[792,1013,-85.059041,35.049246],[817,1010,-85.058958,35.049245],[842,1005,-85.058874,35.049243],[867,1001,-85.05879,35.049242],[892,997,-85.058707,35.049241],[917,993,-85.058623,35.049239],[942,989,-85.058539,35.049238],[967,984,-85.058456,35.049236],[992,979,-85.058372,35.049235],[1017,974,-85.05829,35.04923],[1042,977,-85.05822,35.049192],[1067,978,-85.05815,35.049155],[1092,978,-85.05808,35.049117],[1117,980,-85.05801,35.04908],[1142,980,-85.05794,35.049042],[1167,985,-85.057869,35.049005],[1192,982,-85.057799,35.048967],[1214,982,-85.057747,35.048926],[1239,987,-85.057789,35.048867],[1264,992,-85.057832,35.048808],[1289,995,-85.057874,35.048749],[1314,996,-85.057917,35.04869],[1338,994,-85.057963,35.048635],[1363,996,-85.058042,35.048613],[1388,998,-85.058121,35.048591],[1413,997,-85.058201,35.04857],[1438,995,-85.05828,35.048548],[1463,998,-85.05836,35.048526],[1488,996,-85.058439,35.048505],[1513,998,-85.058519,35.048483],[1538,996,-85.058598,35.048461],[1563,995,-85.058677,35.04844],[1581,997,-85.058717,35.048402],[1606,998,-85.058689,35.048337],[1631,997,-85.05866,35.048273],[1656,997,-85.058632,35.048208],[1679,997,-85.058575,35.048168],[1704,995,-85.058496,35.048146],[1729,994,-85.058417,35.048124],[1754,992,-85.058337,35.048103],[1779,994,-85.058258,35.048081],[1804,992,-85.058178,35.048059],[1828,998,-85.058133,35.048004],[1853,1003,-85.058092,35.047944],[1878,1005,-85.058051,35.047885],[1903,1009,-85.05801,35.047825],[1927,1014,-85.057961,35.047774],[1952,1009,-85.057879,35.04776],[1977,1004,-85.057797,35.047747],[2002,1003,-85.057715,35.047734],[2027,999,-85.057633,35.047721],[2052,997,-85.057551,35.047708],[2077,999,-85.057469,35.047695],[2102,997,-85.057386,35.047681],[2127,1000,-85.057304,35.047668],[2152,999,-85.057222,35.047655],[2177,999,-85.05714,35.047642],[2202,1001,-85.057058,35.047629],[2227,999,-85.056976,35.047615],[2252,997,-85.056894,35.047602],[2277,998,-85.056811,35.047589],[2302,995,-85.056729,35.047576],[2327,995,-85.056647,35.047563],[2352,991,-85.056565,35.04755],[2377,988,-85.056483,35.047536],[2402,989,-85.056401,35.047523],[2427,988,-85.056319,35.04751],[2452,987,-85.056236,35.047497],[2477,990,-85.056154,35.047484],[2502,989,-85.056072,35.047471],[2527,991,-85.05599,35.047457],[2552,989,-85.055908,35.047444],[2576,988,-85.055848,35.047399],[2601,990,-85.055792,35.047348],[2626,988,-85.055736,35.047297],[2645,988,-85.055724,35.047246],[2670,989,-85.05578,35.047196],[2695,990,-85.055836,35.047145],[2720,987,-85.055892,35.047094],[2745,990,-85.055973,35.04708],[2770,988,-85.056055,35.047069],[2795,990,-85.056138,35.047058],[2820,992,-85.056221,35.047046],[2845,990,-85.056303,35.047035],[2870,992,-85.056386,35.047024],[2895,995,-85.056468,35.047013],[2919,994,-85.056549,35.046998],[2944,992,-85.056623,35.046965],[2969,993,-85.056696,35.046932],[2994,997,-85.05677,35.046899],[3019,996,-85.056843,35.046866],[3044,993,-85.056916,35.046833],[3069,991,-85.05699,35.0468],[3094,991,-85.057063,35.046767],[3119,991,-85.057137,35.046734],[3143,998,-85.057204,35.046699],[3168,994,-85.057204,35.04663],[3193,992,-85.057204,35.046561],[3218,992,-85.057204,35.046493],[3243,994,-85.057204,35.046424],[3268,993,-85.057165,35.046364],[3293,993,-85.057126,35.046303],[3318,997,-85.057087,35.046243],[3343,1003,-85.057047,35.046182],[3368,1007,-85.057008,35.046122],[3393,1011,-85.056969,35.046061],[3418,1014,-85.05693,35.046001],[3443,1015,-85.05689,35.04594],[3468,1014,-85.056851,35.04588],[3492,1020,-85.056855,35.045815],[3517,1024,-85.056878,35.045749],[3536,1027,-85.056931,35.045778],[3561,1027,-85.05699,35.045826],[3586,1031,-85.057071,35.045808],[3611,1033,-85.057152,35.04579],[3636,1033,-85.057233,35.045773],[3661,1034,-85.057314,35.045756],[3686,1034,-85.057397,35.045767],[3711,1038,-85.057479,35.045778],[3736,1038,-85.057562,35.045789],[3761,1038,-85.057644,35.045801],[3786,1041,-85.057727,35.045812],[3811,1040,-85.05781,35.045823],[3836,1039,-85.057892,35.045834],[3861,1041,-85.057975,35.045845],[3886,1039,-85.058057,35.045856],[3911,1036,-85.05814,35.045867],[3936,1034,-85.058223,35.045878],[3961,1035,-85.058305,35.045889],[3986,1031,-85.058388,35.0459],[4011,1028,-85.05847,35.045912],[4036,1030,-85.058553,35.045923],[4061,1026,-85.058636,35.045934],[4086,1022,-85.058718,35.045945],[4110,1019,-85.058788,35.045977],[4135,1021,-85.058851,35.046023],[4160,1017,-85.058914,35.046068],[4185,1015,-85.058977,35.046113],[4210,1008,-85.05904,35.046158],[4235,1007,-85.0591,35.046205],[4260,1005,-85.059143,35.046264],[4285,1007,-85.059187,35.046323],[4310,1011,-85.05923,35.046381],[4335,1011,-85.059273,35.04644],[4360,1011,-85.059317,35.046499],[4385,1010,-85.05936,35.046557],[4410,1006,-85.059403,35.046616],[4435,1007,-85.059447,35.046675],[4460,1010,-85.05949,35.046733],[4485,1007,-85.059533,35.046792],[4510,1005,-85.059577,35.04685],[4533,1006,-85.059575,35.046916],[4558,1004,-85.059561,35.046984],[4583,1001,-85.059547,35.047051],[4608,1006,-85.059533,35.047119],[4632,1013,-85.05953,35.047183],[4657,1010,-85.059601,35.047218],[4682,1006,-85.059673,35.047253],[4707,1007,-85.059745,35.047289],[4732,1005,-85.059817,35.047324],[4755,1003,-85.059894,35.047324],[4780,1000,-85.059974,35.047304],[4805,998,-85.060054,35.047284],[4829,1005,-85.060127,35.047257],[4854,1001,-85.060161,35.047195],[4879,999,-85.060195,35.047132],[4904,999,-85.060229,35.04707],[4929,996,-85.060263,35.047007],[4954,998,-85.060298,35.046945],[4979,1000,-85.060332,35.046882],[5004,1002,-85.060366,35.046819],[5029,1000,-85.0604,35.046757],[5054,1002,-85.060434,35.046694],[5079,1003,-85.060468,35.046632],[5104,1004,-85.060502,35.046569],[5129,1003,-85.060536,35.046506],[5154,1002,-85.060571,35.046444],[5179,1000,-85.060605,35.046381],[5204,996,-85.060639,35.046319],[5220,993,-85.060688,35.046299],[5245,995,-85.060757,35.046338],[5270,996,-85.060826,35.046377],[5295,992,-85.060895,35.046415],[5320,987,-85.060964,35.046454],[5345,985,-85.061033,35.046493],[5357,983,-85.061066,35.046511]]}