{"trail":"Coyote Loop","distance":36411,"gain":281,"loss":943,"min":4343,"max":5502,"profile":[[0,5246,-121.214965,43.86974],[110,5243,-121.214756,43.870001],[170,5242,-121.214674,43.870156],[209,5242,-121.214601,43.870248],[275,5242,-121.214446,43.87039],[341,5241,-121.21429,43.870533],[432,5241,-121.214033,43.870698],[506,5241,-121.213847,43.870852],[580,5241,-121.213662,43.871005],[629,5241,-121.213576,43.871122],[700,5241,-121.213517,43.871313],[743,5242,-121.213518,43.87143],[836,5243,-121.213474,43.871683],[907,5244,-121.213486,43.871879],[979,5246,-121.213553,43.872069],[1050,5250,-121.213619,43.872259],[1122,5253,-121.213685,43.872448],[1193,5254,-121.213752,43.872638],[1238,5255,-121.213779,43.872759],[1319,5256,-121.213766,43.872981],[1347,5256,-121.213727,43.873052],[1398,5257,-121.213596,43.873158],[1484,5259,-121.21333,43.873295],[1612,5260,-121.213087,43.873598],[1688,5261,-121.212974,43.87379],[1762,5260,-121.212958,43.873993],[1803,5260,-121.212917,43.8741],[1869,5260,-121.212807,43.874264],[1971,5258,-121.212684,43.874527],[2019,5258,-121.212562,43.874626],[2051,5258,-121.212461,43.874675],[2092,5258,-121.212311,43.874706],[2148,5258,-121.212099,43.874708],[2230,5260,-121.211793,43.874748],[2311,5260,-121.211487,43.874789],[2353,5260,-121.211342,43.874832],[2397,5262,-121.211199,43.874898],[2438,5263,-121.21111,43.874988],[2538,5260,-121.21096,43.875242],[2643,5260,-121.210764,43.875492],[2744,5259,-121.210623,43.875749],[2837,5256,-121.210425,43.875962],[2907,5253,-121.210327,43.876138],[2997,5255,-121.210226,43.876376],[3051,5254,-121.210197,43.876522],[3178,5247,-121.210225,43.876869],[3252,5244,-121.210177,43.877069],[3360,5243,-121.21006,43.877353],[3398,5241,-121.210037,43.877456],[3467,5245,-121.210035,43.877645],[3536,5245,-121.210033,43.877834],[3626,5242,-121.209977,43.878077],[3658,5239,-121.209941,43.87816],[3734,5238,-121.209792,43.87834],[3769,5237,-121.209746,43.878429],[3827,5236,-121.209727,43.878587],[3919,5237,-121.209651,43.878833],[3947,5236,-121.209669,43.87891],[4037,5233,-121.209866,43.879113],[4050,5233,-121.209885,43.879145],[4059,5233,-121.209899,43.879168],[4137,5233,-121.209921,43.87938],[4194,5232,-121.209969,43.879534],[4220,5231,-121.209976,43.879603],[4295,5224,-121.209942,43.879809],[4371,5221,-121.209908,43.880014],[4420,5217,-121.209911,43.880149],[4455,5216,-121.209891,43.880243],[4487,5214,-121.209838,43.880322],[4597,5212,-121.209593,43.880567],[4645,5211,-121.209444,43.880644],[4703,5208,-121.209247,43.880713],[4814,5201,-121.208848,43.880812],[4883,5191,-121.208631,43.880921],[4953,5185,-121.208415,43.881031],[5013,5180,-121.208213,43.881112],[5087,5175,-121.207948,43.881176],[5186,5172,-121.207603,43.881283],[5237,5171,-121.207432,43.881352],[5341,5170,-121.207112,43.881517],[5385,5168,-121.206955,43.881562],[5462,5164,-121.206665,43.881594],[5539,5161,-121.206376,43.881626],[5616,5157,-121.206086,43.881658],[5664,5153,-121.20593,43.881723],[5738,5151,-121.205758,43.881884],[5808,5148,-121.20562,43.882049],[5878,5142,-121.205482,43.882214],[5973,5138,-121.205368,43.882459],[6067,5136,-121.205255,43.882705],[6159,5135,-121.205116,43.882936],[6233,5134,-121.204969,43.883108],[6291,5131,-121.20483,43.883233],[6343,5130,-121.20468,43.883325],[6440,5130,-121.204369,43.883467],[6536,5122,-121.204059,43.883609],[6582,5121,-121.203931,43.883692],[6633,5120,-121.203812,43.883805],[6665,5120,-121.203757,43.883883],[6754,5118,-121.203654,43.884114],[6859,5116,-121.20359,43.884399],[6934,5116,-121.203598,43.884605],[7002,5116,-121.203635,43.88479],[7084,5115,-121.203635,43.885015],[7166,5114,-121.203635,43.885239],[7248,5109,-121.203635,43.885464],[7313,5107,-121.203607,43.885641],[7420,5104,-121.203638,43.885932],[7529,5089,-121.203685,43.88623],[7610,5085,-121.203746,43.886447],[7691,5083,-121.203807,43.886664],[7772,5084,-121.203869,43.886881],[7852,5084,-121.20393,43.887098],[7969,5091,-121.204112,43.887389],[8020,5088,-121.204114,43.887529],[8096,5082,-121.204064,43.887735],[8122,5081,-121.204081,43.887804],[8147,5081,-121.204122,43.887867],[8209,5077,-121.20426,43.888005],[8295,5073,-121.204393,43.88822],[8337,5072,-121.204414,43.888333],[8373,5068,-121.204407,43.888432],[8499,5063,-121.204262,43.888762],[8539,5060,-121.204261,43.888871],[8561,5062,-121.204294,43.888926],[8635,5062,-121.204474,43.889083],[8664,5061,-121.204527,43.889153],[8734,5062,-121.204621,43.889333],[8804,5055,-121.204714,43.889513],[8875,5049,-121.204808,43.889693],[8949,5048,-121.204921,43.889881],[9024,5043,-121.205033,43.890069],[9092,5042,-121.205166,43.890228],[9159,5041,-121.205298,43.890387],[9227,5040,-121.205431,43.890546],[9295,5041,-121.205564,43.890705],[9372,5042,-121.205734,43.890879],[9450,5042,-121.205903,43.891054],[9545,5041,-121.206061,43.891289],[9626,5040,-121.206147,43.891502],[9707,5035,-121.206233,43.891715],[9788,5033,-121.206319,43.891928],[9830,5029,-121.206344,43.89204],[9895,5024,-121.206344,43.892219],[9973,5014,-121.20642,43.892426],[10051,5011,-121.206495,43.892633],[10144,5010,-121.206556,43.892885],[10260,5011,-121.206603,43.8932],[10326,5014,-121.206602,43.89338],[10391,5015,-121.2066,43.89356],[10461,5007,-121.206641,43.893749],[10536,5001,-121.206642,43.893955],[10612,4995,-121.206643,43.894162],[10687,4992,-121.206644,43.894368],[10744,4989,-121.20661,43.894524],[10795,4984,-121.206544,43.894654],[10849,4982,-121.206451,43.894786],[10936,4983,-121.206255,43.894978],[10983,4984,-121.206185,43.895097],[11064,4978,-121.206118,43.895314],[11145,4974,-121.206051,43.895531],[11232,4968,-121.205938,43.895753],[11321,4963,-121.205896,43.895997],[11359,4962,-121.205849,43.896096],[11461,4955,-121.205789,43.896371],[11515,4953,-121.205693,43.896501],[11629,4949,-121.205572,43.896803],[11705,4944,-121.205391,43.896963],[11761,4937,-121.20532,43.89711],[11829,4930,-121.205299,43.897294],[11869,4927,-121.205242,43.897397],[11994,4912,-121.204981,43.897684],[12051,4904,-121.204881,43.897821],[12125,4894,-121.2048,43.898015],[12199,4886,-121.204718,43.89821],[12230,4882,-121.204662,43.898284],[12288,4874,-121.204469,43.898364],[12323,4871,-121.204376,43.898432],[12362,4867,-121.204312,43.898527],[12403,4864,-121.204281,43.898638],[12469,4859,-121.204313,43.898816],[12534,4854,-121.204346,43.898995],[12561,4853,-121.204331,43.899066],[12579,4852,-121.204288,43.899106],[12605,4849,-121.204205,43.899143],[12704,4846,-121.203846,43.899225],[12824,4842,-121.20343,43.899359],[12862,4842,-121.203291,43.899388],[12945,4840,-121.202975,43.899413],[12970,4835,-121.202885,43.899435],[13000,4832,-121.202801,43.899492],[13076,4825,-121.202735,43.899695],[13152,4816,-121.202669,43.899897],[13272,4813,-121.202637,43.900224],[13324,4813,-121.202589,43.900363],[13324,4813,-121.202589,43.900363],[13379,4813,-121.202495,43.900499],[13459,4813,-121.202385,43.900702],[13538,4813,-121.202275,43.900905],[13637,4813,-121.202103,43.901144],[13682,4812,-121.202014,43.90125],[13756,4809,-121.201828,43.901403],[13830,4803,-121.201642,43.901555],[13901,4803,-121.201567,43.901742],[13972,4803,-121.201492,43.901929],[14020,4803,-121.201459,43.902058],[14082,4802,-121.20146,43.902229],[14168,4802,-121.201395,43.90246],[14267,4801,-121.201247,43.902708],[14332,4798,-121.201126,43.902865],[14398,4796,-121.201005,43.903023],[14476,4789,-121.200911,43.903225],[14554,4783,-121.200817,43.903427],[14586,4782,-121.200749,43.9035],[14651,4778,-121.200576,43.903627],[14758,4769,-121.200216,43.903769],[14797,4767,-121.200096,43.903831],[14845,4765,-121.200025,43.903952],[14906,4763,-121.199927,43.904103],[14955,4764,-121.200042,43.904207],[15022,4764,-121.200196,43.904356],[15116,4768,-121.200432,43.904549],[15210,4768,-121.200667,43.904741],[15244,4769,-121.200783,43.904786],[15273,4771,-121.200891,43.904797],[15328,4777,-121.201097,43.904771],[15353,4779,-121.201191,43.904774],[15384,4781,-121.201299,43.904812],[15487,4782,-121.201572,43.905015],[15548,4784,-121.201773,43.905096],[15589,4784,-121.201897,43.905165],[15670,4786,-121.202097,