{"trail":"Crabtree Farm Trail Connection","distance":7756,"gain":110,"loss":103,"min":638,"max":668,"profile":[[0,659,-85.300663,35.008628],[25,659,-85.300746,35.008623],[50,659,-85.30083,35.008619],[75,659,-85.300913,35.008614],[100,659,-85.300996,35.00861],[125,659,-85.30108,35.008606],[150,657,-85.301163,35.008601],[175,655,-85.301247,35.008597],[200,652,-85.30133,35.008594],[225,651,-85.3014,35.008631],[250,649,-85.301471,35.008668],[275,648,-85.301541,35.008705],[300,645,-85.301612,35.008742],[324,644,-85.301646,35.008801],[349,644,-85.301669,35.008867],[374,644,-85.301693,35.008933],[399,643,-85.301716,35.008998],[424,643,-85.301739,35.009064],[449,642,-85.301763,35.00913],[474,643,-85.301786,35.009196],[499,642,-85.301809,35.009262],[524,643,-85.301833,35.009327],[549,642,-85.301856,35.009393],[574,643,-85.301879,35.009459],[599,643,-85.301903,35.009525],[624,644,-85.301926,35.009591],[649,643,-85.301949,35.009657],[674,644,-85.301973,35.009722],[699,645,-85.301996,35.009788],[722,645,-85.302006,35.009853],[747,647,-85.301963,35.009912],[772,649,-85.301921,35.009971],[797,651,-85.301878,35.01003],[822,654,-85.301836,35.010089],[847,657,-85.301793,35.010148],[872,658,-85.301751,35.010207],[897,659,-85.301709,35.010266],[922,659,-85.301666,35.010325],[947,659,-85.301624,35.010384],[972,658,-85.301586,35.010444],[997,658,-85.301594,35.010512],[1022,657,-85.301603,35.01058],[1047,657,-85.301611,35.010649],[1072,656,-85.301619,35.010717],[1097,656,-85.301628,35.010785],[1122,655,-85.301668,35.010845],[1147,654,-85.30171,35.010904],[1172,653,-85.301752,35.010963],[1197,652,-85.301794,35.011022],[1222,651,-85.301836,35.011082],[1247,650,-85.301878,35.011141],[1272,650,-85.301921,35.0112],[1296,650,-85.301917,35.011266],[1321,650,-85.301903,35.011333],[1346,649,-85.301888,35.011401],[1371,649,-85.301874,35.011468],[1396,649,-85.30186,35.011536],[1421,649,-85.301845,35.011603],[1445,651,-85.301797,35.011657],[1470,651,-85.301741,35.011709],[1495,650,-85.301685,35.01176],[1520,650,-85.301629,35.011811],[1545,648,-85.301574,35.011862],[1570,647,-85.301518,35.011913],[1594,645,-85.301455,35.011954],[1619,644,-85.301373,35.011969],[1644,644,-85.301292,35.011984],[1669,644,-85.30121,35.011999],[1694,644,-85.301128,35.012015],[1719,644,-85.301047,35.01203],[1744,644,-85.300965,35.012045],[1769,644,-85.300884,35.012061],[1794,644,-85.300802,35.012076],[1819,644,-85.300721,35.012091],[1844,645,-85.300639,35.012106],[1869,644,-85.300557,35.012122],[1894,644,-85.300476,35.012137],[1919,643,-85.300394,35.012152],[1944,644,-85.300313,35.012167],[1969,643,-85.300231,35.012183],[1994,643,-85.30015,35.012198],[2019,643,-85.300068,35.012213],[2044,643,-85.299986,35.012229],[2069,645,-85.299911,35.012204],[2094,646,-85.299836,35.012173],[2119,648,-85.299761,35.012143],[2144,650,-85.299686,35.012112],[2169,652,-85.299611,35.012081],[2194,654,-85.299537,35.012051],[2219,656,-85.299462,35.01202],[2244,658,-85.299387,35.011989],[2269,660,-85.299312,35.011959],[2292,661,-85.299269,35.011905],[2317,663,-85.299239,35.011841],[2342,665,-85.29921,35.011776],[2367,667,-85.299181,35.011712],[2384,668,-85.29916,35.011668],[3692,645,-85.301607,35.008698],[3717,643,-85.30169,35.008705],[3742,640,-85.301773,35.008712],[3767,639,-85.301856,35.008718],[3792,639,-85.30194,35.008725],[3817,639,-85.302023,35.008732],[3841,639,-85.302103,35.008714],[3866,639,-85.302182,35.008692],[3891,640,-85.302261,35.00867],[3916,640,-85.30234,35.008648],[3941,640,-85.30242,35.008626],[3966,640,-85.302499,35.008604],[3991,639,-85.302578,35.008582],[4016,639,-85.302657,35.00856],[4041,638,-85.302736,35.008538],[4066,638,-85.302816,35.008516],[4091,638,-85.302895,35.008494],[4116,638,-85.302974,35.008472],[4141,639,-85.303053,35.00845],[4166,639,-85.303134,35.008437],[4191,638,-85.303217,35.008445],[4216,638,-85.3033,35.008453],[4241,638,-85.303383,35.008462],[4266,638,-85.303466,35.00847],[4291,638,-85.303549,35.008478],[4316,639,-85.303632,35.008487],[4341,639,-85.303715,35.008495],[4366,639,-85.303798,35.008503],[4391,639,-85.303881,35.008511],[4416,639,-85.303964,35.00852],[4440,639,-85.304042,35.008543],[4465,639,-85.304118,35.008572],[4490,639,-85.304194,35.008601],[4515,639,-85.30427,35.00863],[4540,639,-85.304336,35.008669],[4565,639,-85.304391,35.008721],[4590,639,-85.304446,35.008772],[4615,639,-85.304501,35.008824],[4640,638,-85.304556,35.008875],[4665,638,-85.304611,35.008927],[4690,638,-85.304666,35.008979],[4715,638,-85.304721,35.00903],[4740,638,-85.304777,35.009082],[4765,638,-85.304832,35.009133],[4790,638,-85.304887,35.009185],[4814,638,-85.304953,35.009225],[4839,639,-85.305027,35.009256],[4864,639,-85.305102,35.009287],[4889,639,-85.305177,35.009318],[4914,639,-85.305252,35.009348],[4939,639,-85.305326,35.009379],[4964,639,-85.305401,35.00941],[4989,639,-85.305476,35.009441],[5014,639,-85.30555,35.009472],[5039,639,-85.305625,35.009503],[5064,639,-85.3057,35.009534],[5089,640,-85.305774,35.009565],[5114,640,-85.305849,35.009595],[5139,640,-85.305924,35.009626],[5164,640,-85.305998,35.009657],[5189,640,-85.306073,35.009688],[5214,640,-85.306148,35.009719],[5239,640,-85.306222,35.00975],[5264,640,-85.306297,35.009781],[5289,640,-85.306372,35.009812],[5314,640,-85.306447,35.009843],[5339,640,-85.306521,35.009873],[5364,640,-85.306596,35.009904],[5389,640,-85.306671,35.009935],[5414,640,-85.306745,35.009966],[5439,640,-85.30682,35.009997],[5464,640,-85.306895,35.010028],[5489,640,-85.306969,35.010059],[5514,640,-85.307044,35.01009],[5539,640,-85.307119,35.010121],[5564,640,-85.307174,35.010071],[5589,640,-85.307229,35.01002],[5614,640,-85.307283,35.009968],[5639,640,-85.307338,35.009916],[5664,640,-85.307393,35.009864],[5689,640,-85.307448,35.009812],[5714,640,-85.307502,35.00976],[5738,640,-85.307567,35.00972],[5763,640,-85.307643,35.00969],[5788,641,-85.307718,35.00966],[5813,642,-85.307793,35.00963],[5838,644,-85.307869,35.0096],[5863,645,-85.307944,35.00957],[5888,646,-85.308019,35.00954],[5913,648,-85.308094,35.00951],[5938,651,-85.30817,35.00948],[5963,653,-85.308241,35.009447],[5988,652,-85.308279,35.009386],[6013,653,-85.308318,35.009325],[6038,654,-85.308356,35.009265],[6063,654,-85.308395,35.009204],[6088,656,-85.308433,35.009143],[6113,657,-85.308471,35.009082],[6138,658,-85.30851,35.009021],[6163,660,-85.308548,35.00896],[6184,660,-85.30858,35.008909],[6805,640,-85.307121,35.010122],[6830,640,-85.307197,35.010151],[6855,640,-85.307273,35.01018],[6880,640,-85.307348,35.010209],[6905,640,-85.307424,35.010239],[6930,640,-85.307499,35.010268],[6955,639,-85.307575,35.010297],[6980,639,-85.307651,35.010327],[7005,639,-85.307726,35.010356],[7030,639,-85.307802,35.010385],[7055,639,-85.307878,35.010415],[7080,640,-85.307953,35.010444],[7105,645,-85.308029,35.010473],[7130,650,-85.308105,35.010502],[7155,658,-85.30818,35.010532],[7180,664,-85.308256,35.010561],[7205,668,-85.308331,35.01059],[7230,668,-85.308407,35.01062],[7255,668,-85.308483,35.010649],[7280,667,-85.308558,35.010678],[7305,665,-85.308634,35.010708],[7330,664,-85.30871,35.010737],[7355,663,-85.308767,35.010786],[7380,662,-85.308825,35.010836],[7405,661,-85.308883,35.010885],[7430,662,-85.308941,35.010935],[7455,662,-85.308999,35.010984],[7480,663,-85.309057,35.011034],[7505,663,-85.309115,35.011083],[7530,665,-85.309173,35.011133],[7555,664,-85.309231,35.011182],[7580,665,-85.309288,35.011232],[7605,665,-85.309346,35.011281],[7630,665,-85.309404,35.011331],[7655,665,-85.309462,35.01138],[7680,665,-85.30952,35.01143],[7705,665,-85.309578,35.011479],[7730,666,-85.309636,35.011529],[7755,666,-85.309694,35.011578],[7756,666,-85.309696,35.01158]]}