{"trail":"Crabtree Farms / East Lake Connector","distance":8642,"gain":85,"loss":48,"min":651,"max":702,"profile":[[0,665,-85.300019,35.009542],[25,664,-85.299949,35.009504],[50,664,-85.29988,35.009466],[75,665,-85.29981,35.009428],[100,665,-85.29974,35.00939],[125,665,-85.299671,35.009352],[150,665,-85.299601,35.009313],[175,665,-85.299531,35.009275],[200,666,-85.299462,35.009237],[225,666,-85.299392,35.009199],[250,667,-85.299323,35.009161],[275,667,-85.299245,35.009137],[300,668,-85.299166,35.009115],[325,670,-85.299087,35.009093],[350,672,-85.299007,35.009071],[375,672,-85.298928,35.009049],[400,676,-85.298849,35.009026],[425,679,-85.29877,35.009004],[450,682,-85.298691,35.008982],[475,683,-85.298611,35.00896],[500,684,-85.298532,35.008938],[525,684,-85.298453,35.008916],[550,685,-85.298374,35.008894],[575,685,-85.298294,35.008872],[600,686,-85.298215,35.00885],[623,686,-85.298159,35.008809],[648,685,-85.298127,35.008745],[673,684,-85.298096,35.008681],[698,682,-85.298065,35.008618],[723,681,-85.298033,35.008554],[748,680,-85.298002,35.008491],[773,679,-85.29797,35.008427],[798,678,-85.297939,35.008364],[823,677,-85.297908,35.0083],[848,677,-85.297876,35.008237],[873,678,-85.297845,35.008173],[898,677,-85.297814,35.00811],[923,676,-85.297782,35.008046],[947,675,-85.297742,35.007987],[972,675,-85.297691,35.007932],[997,674,-85.29764,35.007878],[1022,674,-85.297589,35.007824],[1047,672,-85.297538,35.007769],[1072,672,-85.297488,35.007715],[1097,670,-85.297497,35.007647],[1122,669,-85.297508,35.007579],[1147,668,-85.297519,35.007511],[1172,667,-85.29753,35.007443],[1197,666,-85.297541,35.007375],[1222,666,-85.297549,35.007308],[1247,666,-85.297473,35.007279],[1272,666,-85.297398,35.007249],[1297,666,-85.297323,35.007219],[1322,666,-85.297248,35.007189],[1347,666,-85.297172,35.007159],[1372,666,-85.297097,35.007129],[1397,666,-85.297022,35.007099],[1422,666,-85.296947,35.007069],[1447,666,-85.296871,35.007039],[1472,665,-85.296796,35.00701],[1497,665,-85.296712,35.007004],[1522,665,-85.296629,35.006998],[1547,665,-85.296546,35.006992],[1572,665,-85.296462,35.006986],[1597,665,-85.296379,35.00698],[1622,664,-85.296296,35.006974],[1647,663,-85.296212,35.006968],[1672,663,-85.296129,35.006962],[1691,663,-85.296066,35.006978],[1716,664,-85.296049,35.007045],[1741,664,-85.296033,35.007113],[1766,665,-85.296016,35.00718],[1791,666,-85.296,35.007247],[1816,667,-85.295984,35.007314],[1841,667,-85.295967,35.007381],[1866,667,-85.295926,35.00744],[1891,667,-85.295877,35.007495],[1916,667,-85.295828,35.007551],[1941,666,-85.295779,35.007607],[1966,666,-85.29573,35.007662],[1991,667,-85.295682,35.007718],[2016,666,-85.295633,35.007773],[2041,666,-85.295584,35.007829],[2066,665,-85.295515,35.007867],[2091,664,-85.295443,35.007901],[2116,664,-85.29537,35.007936],[2141,663,-85.295298,35.00797],[2166,662,-85.295226,35.008005],[2191,662,-85.295153,35.008039],[2216,661,-85.295081,35.008074],[2241,660,-85.295002,35.008095],[2266,660,-85.294921,35.00811],[2291,659,-85.294839,35.008126],[2316,659,-85.294758,35.008142],[2341,659,-85.294677,35.008158],[2366,658,-85.294595,35.008174],[2391,658,-85.294514,35.00819],[2416,658,-85.294432,35.008206],[2441,657,-85.294351,35.008221],[2466,657,-85.29427,35.008237],[2491,657,-85.294188,35.008253],[2515,656,-85.294105,35.008257],[2540,656,-85.294022,35.008254],[2565,656,-85.293938,35.008251],[2590,656,-85.293855,35.008248],[2615,655,-85.293771,35.008245],[2640,655,-85.293687,35.008243],[2665,655,-85.293604,35.00824],[2690,655,-85.29352,35.008237],[2715,654,-85.293437,35.008234],[2740,654,-85.293353,35.008231],[2765,654,-85.29327,35.008228],[2790,653,-85.293186,35.008226],[2815,653,-85.293102,35.008223],[2840,653,-85.293019,35.00822],[2865,653,-85.292935,35.008217],[2890,653,-85.292852,35.008214],[2915,652,-85.292768,35.008211],[2940,652,-85.292684,35.008209],[2965,652,-85.292601,35.008206],[2990,652,-85.292517,35.008203],[3015,651,-85.292434,35.0082],[3040,651,-85.29235,35.008197],[3065,651,-85.292266,35.008194],[3090,651,-85.292183,35.008192],[3115,651,-85.292099,35.008189],[3140,651,-85.292016,35.008186],[3165,651,-85.291932,35.008183],[3190,651,-85.291848,35.00818],[3215,651,-85.291765,35.008177],[3240,651,-85.291681,35.008175],[3265,651,-85.291598,35.008172],[3290,651,-85.291515,35.008163],[3315,651,-85.291433,35.008149],[3340,651,-85.291351,35.008136],[3365,651,-85.291269,35.008123],[3390,652,-85.291187,35.008109],[3415,652,-85.291105,35.008096],[3440,652,-85.291023,35.008083],[3465,652,-85.29094,35.008069],[3490,652,-85.290858,35.008056],[3515,652,-85.290776,35.008043],[3540,653,-85.290694,35.008029],[3565,653,-85.290612,35.008016],[3590,653,-85.29053,35.008003],[3615,653,-85.290448,35.007989],[3640,654,-85.290366,35.007976],[3665,654,-85.290284,35.007963],[3690,654,-85.290202,35.007949],[3715,654,-85.29012,35.007936],[3740,655,-85.290038,35.007923],[3765,655,-85.289956,35.007909],[3790,655,-85.289874,35.007896],[3815,656,-85.289792,35.007883],[3840,656,-85.28971,35.007869],[3865,656,-85.289627,35.007856],[3890,656,-85.289545,35.007842],[3915,656,-85.289463,35.007829],[3940,657,-85.289381,35.007816],[3965,657,-85.289299,35.007802],[3990,657,-85.289217,35.007789],[4015,657,-85.289135,35.007776],[4040,658,-85.289053,35.007762],[4065,658,-85.288971,35.007749],[4090,658,-85.288889,35.007736],[4115,659,-85.288807,35.007722],[4140,659,-85.288726,35.007706],[4165,659,-85.288646,35.007685],[4190,659,-85.288567,35.007664],[4215,660,-85.288487,35.007643],[4240,660,-85.288407,35.007621],[4265,660,-85.288328,35.0076],[4290,660,-85.288248,35.007579],[4315,661,-85.288169,35.007558],[4340,661,-85.288089,35.007537],[4365,661,-85.28801,35.007515],[4390,661,-85.28793,35.007494],[4415,662,-85.287851,35.007473],[4440,662,-85.287776,35.007442],[4465,662,-85.287704,35.007408],[4490,663,-85.287631,35.007374],[4515,663,-85.287559,35.007339],[4540,663,-85.287486,35.007305],[4565,663,-85.287414,35.007271],[4590,664,-85.287341,35.007237],[4615,664,-85.287269,35.007203],[4640,665,-85.287196,35.007168],[4665,665,-85.287124,35.007134],[4690,665,-85.287078,35.007077],[4715,666,-85.287034,35.007019],[4740,666,-85.286989,35.006961],[4765,666,-85.286944,35.006903],[4790,667,-85.286899,35.006845],[4815,667,-85.286854,35.006788],[4839,667,-85.286827,35.006727],[4864,667,-85.286842,35.00666],[4889,667,-85.286857,35.006592],[4914,666,-85.286872,35.006525],[4939,666,-85.286887,35.006457],[4964,666,-85.286902,35.00639],[4988,666,-85.286931,35.006327],[5013,665,-85.286971,35.006267],[5038,665,-85.287012,35.006207],[5063,665,-85.287052,35.006147],[5088,664,-85.287092,35.006086],[5113,664,-85.287133,35.006026],[5138,664,-85.287173,35.005966],[5163,663,-85.287213,35.005906],[5188,663,-85.287254,35.005846],[5213,663,-85.287294,35.005786],[5238,663,-85.287334,35.005726],[5263,662,-85.287375,35.005666],[5288,662,-85.287415,35.005606],[5313,662,-85.287456,35.005546],[5338,662,-85.287496,35.005486],[5363,661,-85.287536,35.005426],[5388,661,-85.287577,35.005366],[5413,661,-85.287617,35.005306],[5438,661,-85.287657,35.005246],[5463,661,-85.287698,35.005186],[5487,661,-85.287722,35.005123],[5512,661,-85.287716,35.005055],[5537,661,-85.287711,35.004986],[5562,661,-85.287706,35.004918],[5587,661,-85.28769,35.004853],[5612,661,-85.287642,35.004797],[5637,661,-85.287594,35.004741],[5662,662,-85.287545,35.004685],[5687,662,-85.287497,35.004629],[5712,662,-85.287449,35.004573],[5736,662,-85.287375,35.004542],[5761,662,-85.287299,35.004513],[5786,663,-85.287223,35.004485],[5811,663,-85.287147,35.004456],[5836,663,-85.287071,35.004428],[5861,664,-85.286995,35.004399],[5886,664,-85.286919,35.004371],[5911,664,-85.286842,35.004343],[5936,664,-85.286766,35.004314],[5961,665,-85.28669,35.004286],[5986,665,-85.286614,35.004257],[6011,666,-85.286538,35.004229],[6036,666,-85.286462,35.0042],[6061,667,-85.286382,35.004181],[6086,667,-85.286301,35.004162],[6111,667,-85.286221,35.004143],[6136,667,-85.28614,35.004124],[6161,667,-85.28606,35.004106],[6186,667,-85.28598,35.004087],[6211,667,