{"trail":"Crabtree Farm Trail Connection","distance":6719,"gain":105,"loss":103,"min":638,"max":668,"profile":[[0,666,-85.309696,35.01158],[25,666,-85.309638,35.011531],[50,665,-85.30958,35.011481],[75,665,-85.309523,35.011432],[100,665,-85.309465,35.011382],[125,665,-85.309407,35.011333],[150,665,-85.309349,35.011283],[175,665,-85.309291,35.011234],[200,664,-85.309233,35.011184],[225,665,-85.309175,35.011135],[250,663,-85.309117,35.011085],[275,663,-85.309059,35.011036],[300,662,-85.309002,35.010987],[325,662,-85.308944,35.010937],[350,661,-85.308886,35.010888],[375,662,-85.308828,35.010838],[400,663,-85.30877,35.010789],[425,664,-85.308712,35.010739],[450,665,-85.308637,35.010709],[475,667,-85.308562,35.01068],[500,668,-85.308486,35.01065],[525,668,-85.30841,35.010621],[550,668,-85.308335,35.010592],[575,664,-85.308259,35.010562],[600,658,-85.308183,35.010533],[625,650,-85.308108,35.010504],[650,645,-85.308032,35.010474],[675,640,-85.307957,35.010445],[700,639,-85.307881,35.010416],[725,639,-85.307805,35.010387],[750,639,-85.30773,35.010357],[775,639,-85.307654,35.010328],[800,639,-85.307578,35.010299],[825,640,-85.307503,35.010269],[850,640,-85.307427,35.01024],[875,640,-85.307352,35.010211],[900,640,-85.307276,35.010181],[925,640,-85.3072,35.010152],[950,640,-85.307125,35.010123],[973,640,-85.307177,35.010075],[998,640,-85.307236,35.010026],[1023,640,-85.307295,35.009977],[1048,640,-85.307354,35.009928],[1073,640,-85.307412,35.00988],[1098,640,-85.307471,35.009831],[1123,640,-85.30753,35.009782],[1148,640,-85.307589,35.009733],[1173,640,-85.307647,35.009684],[1198,641,-85.307706,35.009636],[1223,642,-85.307765,35.009587],[1248,644,-85.307823,35.009538],[1273,645,-85.307882,35.009489],[1298,646,-85.307941,35.00944],[1323,647,-85.308,35.009392],[1348,648,-85.308058,35.009343],[1373,649,-85.308117,35.009294],[1398,650,-85.308176,35.009245],[1423,651,-85.308235,35.009196],[1448,652,-85.308293,35.009148],[1473,653,-85.308352,35.009099],[1498,656,-85.308411,35.00905],[1523,657,-85.308469,35.009001],[1548,659,-85.308528,35.008952],[1568,660,-85.308576,35.008916],[1593,660,-85.308538,35.008977],[1618,658,-85.308499,35.009037],[1643,657,-85.308461,35.009098],[1668,655,-85.308423,35.009159],[1693,654,-85.308384,35.00922],[1718,654,-85.308346,35.009281],[1743,653,-85.308308,35.009342],[1768,653,-85.308269,35.009403],[1792,652,-85.308225,35.009459],[1817,649,-85.308149,35.009488],[1842,648,-85.308074,35.009518],[1867,646,-85.307999,35.009548],[1892,644,-85.307924,35.009578],[1917,643,-85.307848,35.009608],[1942,642,-85.307773,35.009638],[1967,641,-85.307698,35.009668],[1992,640,-85.307622,35.009698],[2017,640,-85.307547,35.009728],[2042,640,-85.307488,35.009774],[2067,640,-85.307433,35.009826],[2092,640,-85.307378,35.009878],[2117,640,-85.307323,35.00993],[2142,640,-85.307269,35.009982],[2167,640,-85.307214,35.010034],[2192,640,-85.307159,35.010085],[2213,640,-85.307099,35.010112],[2238,640,-85.307024,35.010081],[2263,640,-85.306949,35.01005],[2288,640,-85.306875,35.01002],[2313,640,-85.3068,35.009989],[2338,640,-85.306725,35.009958],[2363,640,-85.306651,35.009927],[2388,640,-85.306576,35.009896],[2413,640,-85.306501,35.009865],[2438,640,-85.306426,35.009834],[2463,640,-85.306352,35.009803],[2488,640,-85.306277,35.009772],[2513,640,-85.306202,35.009742],[2538,640,-85.306128,35.009711],[2563,640,-85.306053,35.00968],[2588,640,-85.305978,35.009649],[2613,640,-85.305904,35.009618],[2638,640,-85.305829,35.009587],[2663,640,-85.305754,35.009556],[2688,639,-85.30568,35.009525],[2713,639,-85.305605,35.009495],[2738,639,-85.30553,35.009464],[2763,639,-85.305455,35.009433],[2788,639,-85.305381,35.009402],[2813,639,-85.305306,35.009371],[2838,639,-85.305231,35.00934],[2863,639,-85.305157,35.009309],[2888,639,-85.305082,35.009278],[2913,639,-85.305007,35.009247],[2938,638,-85.304933,35.009217],[2962,638,-85.304872,35.009171],[2987,638,-85.304817,35.009119],[3012,638,-85.304762,35.009068],[3037,638,-85.304707,35.009016],[3062,638,-85.304652,35.008965],[3087,638,-85.304596,35.008913],[3112,638,-85.304541,35.008862],[3137,639,-85.304486,35.00881],[3162,639,-85.304431,35.008758],[3187,639,-85.304376,35.008707],[3212,639,-85.304321,35.008655],[3237,640,-85.304249,35.008622],[3262,639,-85.304173,35.008593],[3287,639,-85.304098,35.008564],[3312,639,-85.304022,35.008535],[3337,639,-85.303942,35.008518],[3362,639,-85.303859,35.008509],[3387,639,-85.303776,35.008501],[3412,639,-85.303693,35.008493],[3437,639,-85.30361,35.008484],[3462,638,-85.303527,35.008476],[3487,638,-85.303444,35.008468],[3512,638,-85.30336,35.008459],[3537,638,-85.303277,35.008451],[3562,638,-85.303194,35.008443],[3587,639,-85.303111,35.008435],[3612,638,-85.303032,35.008456],[3637,638,-85.302953,35.008478],[3662,638,-85.302874,35.0085],[3687,638,-85.302794,35.008522],[3712,638,-85.302715,35.008544],[3737,639,-85.302636,35.008566],[3762,639,-85.302557,35.008588],[3787,640,-85.302477,35.00861],[3812,640,-85.302398,35.008632],[3837,640,-85.302319,35.008654],[3862,640,-85.30224,35.008676],[3887,639,-85.302161,35.008698],[3912,639,-85.302081,35.00872],[3936,639,-85.302001,35.00873],[3961,639,-85.301917,35.008723],[3986,640,-85.301834,35.008717],[4011,641,-85.301751,35.00871],[4036,644,-85.301667,35.008703],[4061,646,-85.301584,35.008696],[4086,647,-85.301501,35.00869],[4111,650,-85.301418,35.008684],[4136,653,-85.301334,35.008678],[4161,656,-85.301251,35.008671],[4186,658,-85.301168,35.008665],[4211,659,-85.301084,35.008659],[4236,660,-85.301001,35.008653],[4261,660,-85.300918,35.008647],[4286,660,-85.300834,35.00864],[4311,659,-85.300751,35.008634],[4336,659,-85.300668,35.008628],[4358,659,-85.300741,35.008624],[4383,659,-85.300824,35.008619],[4408,659,-85.300908,35.008615],[4433,659,-85.300991,35.00861],[4458,659,-85.301075,35.008606],[4483,657,-85.301158,35.008601],[4508,656,-85.301242,35.008597],[4533,653,-85.301325,35.008593],[4558,651,-85.301396,35.008629],[4583,649,-85.301466,35.008666],[4608,648,-85.301537,35.008703],[4633,645,-85.301607,35.00874],[4656,644,-85.301645,35.008797],[4681,644,-85.301668,35.008863],[4706,644,-85.301691,35.008929],[4731,643,-85.301714,35.008994],[4756,643,-85.301738,35.00906],[4781,642,-85.301761,35.009126],[4806,643,-85.301784,35.009192],[4831,642,-85.301808,35.009258],[4856,643,-85.301831,35.009323],[4881,642,-85.301854,35.009389],[4906,643,-85.301878,35.009455],[4931,643,-85.301901,35.009521],[4956,644,-85.301924,35.009587],[4981,643,-85.301948,35.009652],[5006,645,-85.301971,35.009718],[5031,644,-85.301994,35.009784],[5055,645,-85.302008,35.009849],[5080,647,-85.301966,35.009908],[5105,649,-85.301923,35.009967],[5130,651,-85.301881,35.010026],[5155,654,-85.301839,35.010085],[5180,657,-85.301796,35.010144],[5205,658,-85.301754,35.010203],[5230,659,-85.301711,35.010262],[5255,659,-85.301669,35.010321],[5280,659,-85.301626,35.010381],[5305,658,-85.301585,35.01044],[5330,658,-85.301594,35.010508],[5355,657,-85.301602,35.010576],[5380,657,-85.30161,35.010644],[5405,656,-85.301619,35.010713],[5430,656,-85.301627,35.010781],[5455,655,-85.301665,35.010841],[5480,654,-85.301707,35.0109],[5505,653,-85.301749,35.01096],[5530,652,-85.301791,35.011019],[5555,651,-85.301834,35.011078],[5580,650,-85.301876,35.011137],[5605,650,-85.301918,35.011196],[5629,650,-85.301918,35.011262],[5654,650,-85.301903,35.011329],[5679,649,-85.301889,35.011397],[5704,649,-85.301875,35.011464],[5729,649,-85.30186,35.011532],[5754,649,-85.301846,35.011599],[5778,650,-85.3018,35.011654],[5803,651,-85.301744,35.011705],[5828,650,-85.301689,35.011756],[5853,650,-85.301633,35.011807],[5878,650,-85.301577,35.011859],[5903,647,-85.301521,35.01191],[5927,645,-85.30146,35.011953],[5952,644,-85.301378,35.011968],[5977,644,-85.301297,35.011983],[6002,644,-85.301215,35.011999],[6027,644,-85.301133,35.012014],[6052,644,-85.301052,35.012029],[6077,644,-85.30097,35.012044],[6102,644,-85.300889,35.01206],[6127,644,-85.300807,35.012075],[6152,644,-85.300726,35.01209],[6177,644,-85.300644,35.012105],[6202,644,-85.300563,