{"trail":"Crashing Creek","distance":2174,"gain":8,"loss":49,"min":820,"max":868,"profile":[[0,868,-85.0383,35.021878],[25,865,-85.03824,35.02183],[50,864,-85.038181,35.021781],[74,862,-85.038103,35.021763],[99,861,-85.038021,35.02175],[124,859,-85.037938,35.021737],[149,857,-85.037856,35.021725],[174,855,-85.037774,35.021712],[199,852,-85.037692,35.0217],[224,850,-85.037609,35.021687],[249,849,-85.037527,35.021675],[274,847,-85.037445,35.021662],[299,845,-85.037363,35.02165],[324,844,-85.03728,35.021637],[349,842,-85.037197,35.021633],[374,841,-85.037114,35.021635],[399,841,-85.03703,35.021636],[424,840,-85.036946,35.021638],[449,840,-85.036863,35.021639],[474,839,-85.036779,35.021641],[499,839,-85.036695,35.021642],[524,839,-85.036612,35.021643],[549,839,-85.036528,35.021645],[574,839,-85.036444,35.021646],[599,839,-85.036361,35.021648],[624,839,-85.036277,35.021649],[649,839,-85.036193,35.021651],[674,838,-85.03611,35.021652],[699,838,-85.036026,35.021654],[724,837,-85.035942,35.021655],[749,836,-85.035859,35.021657],[774,834,-85.035775,35.021658],[799,833,-85.035691,35.02166],[824,831,-85.035608,35.021661],[849,830,-85.035524,35.021663],[874,829,-85.03544,35.021664],[899,827,-85.035357,35.021666],[924,826,-85.035273,35.021667],[949,825,-85.035189,35.021668],[974,824,-85.035106,35.02167],[999,824,-85.035022,35.021671],[1024,824,-85.034938,35.021673],[1049,823,-85.034855,35.021674],[1074,823,-85.034771,35.021676],[1099,823,-85.034687,35.021677],[1124,822,-85.034604,35.021679],[1149,821,-85.03452,35.02168],[1174,821,-85.034436,35.021682],[1199,820,-85.034353,35.021683],[1224,820,-85.034269,35.021685],[1249,820,-85.034189,35.021668],[1274,820,-85.034111,35.021643],[1299,820,-85.034034,35.021618],[1324,821,-85.033956,35.021593],[1349,821,-85.033878,35.021568],[1374,821,-85.0338,35.021543],[1399,821,-85.033722,35.021518],[1424,821,-85.033644,35.021493],[1449,821,-85.033566,35.021468],[1474,821,-85.033488,35.021443],[1499,821,-85.03341,35.021418],[1524,821,-85.033332,35.021394],[1549,821,-85.033254,35.021369],[1574,821,-85.033176,35.021344],[1599,820,-85.033098,35.021319],[1624,820,-85.03302,35.021294],[1649,820,-85.032942,35.021269],[1674,820,-85.032864,35.021244],[1699,820,-85.032786,35.021219],[1724,820,-85.032708,35.021194],[1749,821,-85.03263,35.021169],[1774,821,-85.032552,35.021144],[1799,821,-85.032475,35.021119],[1824,821,-85.032401,35.021086],[1849,821,-85.032328,35.021054],[1874,822,-85.032254,35.021021],[1899,822,-85.03218,35.020989],[1924,823,-85.032107,35.020956],[1949,823,-85.032033,35.020924],[1974,823,-85.031959,35.020891],[1999,823,-85.031886,35.020859],[2024,823,-85.031812,35.020826],[2049,824,-85.031738,35.020794],[2074,824,-85.031665,35.020761],[2099,825,-85.031591,35.020729],[2124,825,-85.031517,35.020696],[2149,826,-85.031444,35.020664],[2174,827,-85.03137,35.020631],[2174,827,-85.031369,35.020631]]}