{"trail":"Cravens Terrace Road","distance":6370,"gain":473,"loss":438,"min":985,"max":1447,"profile":[[0,1412,-85.342612,35.016975],[25,1413,-85.342538,35.016944],[50,1412,-85.342464,35.016912],[75,1412,-85.34239,35.01688],[100,1413,-85.342316,35.016848],[125,1412,-85.342242,35.016816],[150,1410,-85.342168,35.016784],[175,1410,-85.342094,35.016753],[200,1410,-85.342019,35.016721],[225,1409,-85.341945,35.016689],[250,1407,-85.341871,35.016657],[275,1406,-85.341797,35.016625],[300,1402,-85.341723,35.016593],[325,1399,-85.341649,35.016562],[350,1397,-85.341575,35.01653],[375,1398,-85.341501,35.016498],[400,1396,-85.341427,35.016466],[425,1394,-85.341353,35.016434],[450,1390,-85.341277,35.016405],[475,1387,-85.341198,35.016382],[500,1381,-85.34112,35.016358],[525,1377,-85.341041,35.016335],[550,1375,-85.340963,35.016311],[575,1374,-85.340884,35.016288],[600,1372,-85.340805,35.016264],[625,1371,-85.340727,35.016241],[650,1367,-85.340648,35.016217],[675,1362,-85.34057,35.016194],[700,1358,-85.340491,35.01617],[725,1355,-85.340412,35.016147],[750,1351,-85.340334,35.016123],[775,1351,-85.340255,35.0161],[800,1349,-85.340177,35.016076],[825,1344,-85.340098,35.016053],[850,1339,-85.340019,35.016029],[875,1334,-85.339944,35.016002],[900,1331,-85.339893,35.015948],[925,1327,-85.339841,35.015894],[950,1323,-85.339789,35.01584],[975,1321,-85.339738,35.015786],[1000,1316,-85.339686,35.015732],[1025,1314,-85.339634,35.015678],[1050,1312,-85.339583,35.015624],[1075,1311,-85.339531,35.015571],[1100,1309,-85.339479,35.015517],[1125,1308,-85.339412,35.015476],[1150,1304,-85.339344,35.015436],[1175,1302,-85.339276,35.015395],[1200,1297,-85.339209,35.015355],[1225,1295,-85.339141,35.015315],[1250,1291,-85.339074,35.015274],[1275,1288,-85.339006,35.015234],[1300,1286,-85.338939,35.015193],[1325,1279,-85.338871,35.015153],[1350,1276,-85.338803,35.015113],[1374,1272,-85.338736,35.015072],[1399,1271,-85.338668,35.015032],[1424,1269,-85.338601,35.014991],[1449,1268,-85.338533,35.014951],[1474,1267,-85.338466,35.01491],[1499,1263,-85.338398,35.01487],[1524,1259,-85.33833,35.01483],[1550,1253,-85.338263,35.014789],[1575,1252,-85.338195,35.014749],[1600,1248,-85.338128,35.014708],[1625,1241,-85.33806,35.014668],[1650,1238,-85.337993,35.014628],[1675,1234,-85.337925,35.014587],[1700,1232,-85.337857,35.014547],[1725,1225,-85.33779,35.014506],[1750,1221,-85.337722,35.014466],[1775,1217,-85.337655,35.014425],[1800,1212,-85.337587,35.014385],[1824,1208,-85.337508,35.014366],[1849,1205,-85.337426,35.014355],[1874,1200,-85.337343,35.014344],[1899,1196,-85.337261,35.014332],[1924,1192,-85.337178,35.014321],[1949,1185,-85.337096,35.01431],[1974,1179,-85.337013,35.014299],[1999,1173,-85.336931,35.014287],[2024,1169,-85.336848,35.014276],[2035,1165,-85.336816,35.014291],[2060,1169,-85.336864,35.014347],[2085,1169,-85.336912,35.014403],[2110,1171,-85.33696,35.014459],[2135,1169,-85.337008,35.014515],[2160,1165,-85.337056,35.014571],[2184,1164,-85.337094,35.014629],[2209,1146,-85.337068,35.014694],[2234,1139,-85.337042,35.014759],[2259,1134,-85.337015,35.014824],[2284,1130,-85.336989,35.014889],[2309,1130,-85.336962,35.014954],[2334,1127,-85.336936,35.015019],[2358,1125,-85.336931,35.015086],[2383,1123,-85.33694,35.015154],[2408,1121,-85.336949,35.015222],[2433,1117,-85.336957,35.01529],[2458,1115,-85.336966,35.015358],[2483,1114,-85.336974,35.015426],[2508,1111,-85.336983,35.015495],[2532,1108,-85.336981,35.01556],[2557,1104,-85.336922,35.015608],[2577,1098,-85.336859,35.015627],[2602,1098,-85.336789,35.015589],[2621,1092,-85.336725,35.015594],[2646,1087,-85.336666,35.015642],[2667,1080,-85.336603,35.015664],[2692,1077,-85.336531,35.015629],[2717,1073,-85.336459,35.015593],[2741,1073,-85.336399,35.015549],[2766,1073,-85.336363,35.015488],[2791,1073,-85.336326,35.015426],[2816,1072,-85.33629,35.015364],[2841,1070,-85.336253,35.015303],[2866,1068,-85.336217,35.015241],[2891,1067,-85.33618,35.015179],[2916,1062,-85.336144,35.015118],[2941,1055,-85.336107,35.015056],[2957,1053,-85.336056,35.015046],[2982,1048,-85.33599,35.015087],[3007,1045,-85.335924,35.015129],[3032,1036,-85.335857,35.015171],[3053,1033,-85.335791,35.015188],[3078,1026,-85.335726,35.015145],[3103,1022,-85.335661,35.015102],[3127,1016,-85.335595,35.01506],[3152,1012,-85.335541,35.015112],[3177,1004,-85.335486,35.015164],[3199,1000,-85.335415,35.015171],[3224,994,-85.335334,35.015153],[3249,989,-85.335254,35.015135],[3256,985,-85.335231,35.01513],[4398,1289,-85.33905,35.015271],[4423,1292,-85.339119,35.01531],[4448,1297,-85.339187,35.015349],[4473,1299,-85.339256,35.015389],[4498,1304,-85.339324,35.015428],[4523,1306,-85.339393,35.015467],[4548,1309,-85.339462,35.015507],[4573,1310,-85.339518,35.015557],[4598,1313,-85.339569,35.015611],[4623,1314,-85.339621,35.015664],[4648,1316,-85.339673,35.015718],[4673,1318,-85.339724,35.015772],[4698,1321,-85.339776,35.015826],[4723,1327,-85.339828,35.01588],[4748,1331,-85.33988,35.015934],[4773,1334,-85.339931,35.015988],[4797,1339,-85.339999,35.016023],[4822,1342,-85.340078,35.016047],[4847,1346,-85.340156,35.01607],[4872,1350,-85.340235,35.016094],[4897,1351,-85.340314,35.016117],[4922,1355,-85.340392,35.016141],[4947,1358,-85.340471,35.016164],[4972,1359,-85.340549,35.016188],[4997,1365,-85.340628,35.016211],[5022,1369,-85.340707,35.016235],[5047,1372,-85.340785,35.016258],[5072,1374,-85.340864,35.016282],[5097,1375,-85.340942,35.016305],[5122,1375,-85.341021,35.016329],[5147,1379,-85.3411,35.016352],[5172,1384,-85.341178,35.016376],[5197,1390,-85.341257,35.016399],[5222,1396,-85.341334,35.016426],[5247,1396,-85.341408,35.016458],[5272,1397,-85.341482,35.01649],[5297,1397,-85.341556,35.016522],[5322,1399,-85.34163,35.016553],[5347,1400,-85.341704,35.016585],[5372,1404,-85.341778,35.016617],[5397,1407,-85.341852,35.016649],[5422,1409,-85.341926,35.016681],[5447,1409,-85.342001,35.016713],[5472,1411,-85.342075,35.016744],[5497,1412,-85.342149,35.016776],[5522,1411,-85.342223,35.016808],[5547,1412,-85.342297,35.01684],[5572,1412,-85.342371,35.016872],[5597,1412,-85.342445,35.016904],[5622,1412,-85.342519,35.016935],[5647,1412,-85.342593,35.016967],[5672,1413,-85.342671,35.01699],[5697,1413,-85.342747,35.017019],[5722,1413,-85.342822,35.017048],[5747,1412,-85.342898,35.017077],[5770,1412,-85.342975,35.017094],[5795,1413,-85.343055,35.017074],[5820,1413,-85.343135,35.017054],[5845,1414,-85.343203,35.017018],[5870,1414,-85.34326,35.016968],[5895,1416,-85.343318,35.016918],[5920,1416,-85.343376,35.016869],[5945,1417,-85.343433,35.016819],[5970,1420,-85.343491,35.016769],[5995,1422,-85.343549,35.01672],[6020,1425,-85.343606,35.01667],[6045,1427,-85.343664,35.01662],[6070,1429,-85.343722,35.016571],[6095,1430,-85.343779,35.016521],[6120,1431,-85.343837,35.016471],[6145,1434,-85.343895,35.016422],[6170,1436,-85.343952,35.016372],[6195,1440,-85.34401,35.016322],[6220,1442,-85.344068,35.016273],[6245,1442,-85.344125,35.016223],[6270,1445,-85.344183,35.016173],[6295,1445,-85.344241,35.016124],[6320,1446,-85.344298,35.016074],[6345,1446,-85.344356,35.016024],[6370,1447,-85.344414,35.015975],[6370,1447,-85.344415,35.015974]]}