{"trail":"Cravens Terrace Road","distance":6467,"gain":133,"loss":595,"min":985,"max":1447,"profile":[[0,1447,-85.344415,35.015974],[25,1446,-85.344357,35.016023],[50,1446,-85.344299,35.016073],[75,1445,-85.344242,35.016123],[100,1445,-85.344184,35.016172],[125,1442,-85.344126,35.016222],[150,1442,-85.344069,35.016272],[175,1440,-85.344011,35.016321],[200,1436,-85.343953,35.016371],[225,1434,-85.343896,35.016421],[250,1431,-85.343838,35.01647],[275,1430,-85.34378,35.01652],[300,1429,-85.343723,35.01657],[325,1427,-85.343665,35.016619],[350,1425,-85.343608,35.016669],[375,1422,-85.34355,35.016719],[400,1420,-85.343492,35.016768],[425,1417,-85.343435,35.016818],[450,1416,-85.343377,35.016868],[475,1416,-85.343319,35.016917],[500,1414,-85.343262,35.016967],[525,1414,-85.343204,35.017017],[549,1413,-85.343137,35.017054],[574,1413,-85.343057,35.017074],[599,1412,-85.342977,35.017093],[623,1412,-85.3429,35.017077],[648,1413,-85.342824,35.017048],[673,1413,-85.342748,35.017019],[698,1413,-85.342672,35.01699],[723,1412,-85.342598,35.016959],[748,1412,-85.342526,35.016924],[773,1412,-85.342453,35.01689],[798,1412,-85.342381,35.016855],[823,1412,-85.342309,35.016821],[848,1412,-85.342236,35.016786],[873,1412,-85.342164,35.016752],[898,1411,-85.342092,35.016718],[923,1412,-85.342019,35.016683],[948,1411,-85.341947,35.016649],[973,1408,-85.341875,35.016614],[998,1407,-85.341802,35.01658],[1023,1403,-85.34173,35.016546],[1048,1400,-85.341657,35.016511],[1073,1400,-85.341585,35.016477],[1098,1399,-85.341513,35.016442],[1123,1399,-85.34144,35.016408],[1148,1400,-85.341368,35.016373],[1173,1396,-85.341296,35.016339],[1198,1390,-85.341223,35.016305],[1223,1384,-85.341151,35.01627],[1248,1384,-85.341079,35.016236],[1273,1382,-85.341006,35.016201],[1298,1381,-85.340934,35.016167],[1323,1383,-85.340862,35.016132],[1348,1382,-85.340789,35.016098],[1373,1380,-85.340717,35.016064],[1398,1380,-85.340645,35.016029],[1423,1376,-85.340572,35.015995],[1448,1372,-85.3405,35.01596],[1473,1371,-85.340427,35.015926],[1498,1367,-85.340355,35.015892],[1523,1363,-85.340283,35.015857],[1548,1361,-85.34021,35.015823],[1573,1355,-85.340138,35.015788],[1598,1347,-85.340066,35.015754],[1623,1338,-85.339993,35.015719],[1648,1334,-85.339921,35.015685],[1673,1328,-85.339849,35.015651],[1698,1322,-85.339776,35.015616],[1723,1319,-85.339704,35.015582],[1748,1315,-85.339632,35.015547],[1773,1313,-85.339559,35.015513],[1798,1312,-85.339487,35.015479],[1823,1309,-85.339414,35.015444],[1848,1305,-85.339342,35.01541],[1873,1302,-85.33927,35.015375],[1898,1297,-85.339197,35.015341],[1923,1292,-85.339125,35.015306],[1948,1291,-85.339053,35.015272],[1971,1292,-85.339117,35.015309],[1996,1297,-85.339185,35.015348],[2021,1299,-85.339254,35.015387],[2046,1304,-85.339322,35.015427],[2071,1306,-85.339391,35.015466],[2096,1309,-85.339459,35.015505],[2121,1310,-85.339516,35.015555],[2146,1313,-85.339568,35.015609],[2171,1314,-85.339619,35.015663],[2196,1316,-85.339671,35.015717],[2221,1318,-85.339723,35.01577],[2246,1321,-85.339774,35.015824],[2271,1327,-85.339826,35.015878],[2296,1331,-85.339878,35.015932],[2321,1334,-85.339929,35.015986],[2345,1339,-85.339997,35.016022],[2370,1342,-85.340075,35.016046],[2395,1346,-85.340154,35.016069],[2420,1350,-85.340232,35.016093],[2445,1351,-85.340311,35.016116],[2470,1355,-85.34039,35.01614],[2495,1358,-85.340468,35.016163],[2520,1359,-85.340547,35.016187],[2545,1365,-85.340625,35.01621],[2570,1369,-85.340704,35.016234],[2595,1372,-85.340783,35.016257],[2620,1374,-85.340861,35.016281],[2645,1375,-85.34094,35.016304],[2670,1375,-85.341018,35.016328],[2695,1379,-85.341097,35.016351],[2720,1384,-85.341176,35.016375],[2745,1390,-85.341254,35.016398],[2770,1396,-85.341331,35.016425],[2795,1396,-85.341405,35.016457],[2820,1397,-85.341479,35.016489],[2845,1397,-85.341553,35.016521],[2870,1399,-85.341628,35.016552],[2895,1400,-85.341702,35.016584],[2920,1404,-85.341776,35.016616],[2945,1407,-85.34185,35.016648],[2970,1408,-85.341924,35.01668],[2995,1410,-85.341998,35.016712],[3020,1411,-85.342072,35.016743],[3045,1412,-85.342146,35.016775],[3070,1411,-85.34222,35.016807],[3095,1412,-85.342294,35.016839],[3120,1412,-85.342369,35.016871],[3145,1412,-85.342443,35.016903],[3170,1412,-85.342517,35.016934],[3195,1412,-85.342591,35.016966],[3206,1413,-85.34256,35.016953],[3231,1413,-85.342486,35.016921],[3256,1411,-85.342411,35.016889],[3281,1411,-85.342337,35.016857],[3306,1411,-85.342263,35.016826],[3331,1411,-85.342189,35.016794],[3356,1411,-85.342115,35.016762],[3381,1410,-85.342041,35.01673],[3406,1409,-85.341967,35.016698],[3431,1409,-85.341893,35.016666],[3456,1406,-85.341819,35.016635],[3481,1402,-85.341745,35.016603],[3506,1401,-85.34167,35.016571],[3531,1397,-85.341596,35.016539],[3556,1396,-85.341522,35.016507],[3581,1396,-85.341448,35.016475],[3606,1396,-85.341374,35.016444],[3631,1393,-85.3413,35.016412],[3656,1387,-85.341221,35.016389],[3681,1380,-85.341143,35.016365],[3706,1377,-85.341064,35.016342],[3731,1376,-85.340985,35.016318],[3756,1374,-85.340907,35.016295],[3781,1373,-85.340828,35.016271],[3806,1371,-85.34075,35.016248],[3831,1367,-85.340671,35.016224],[3856,1362,-85.340592,35.016201],[3881,1360,-85.340514,35.016177],[3906,1356,-85.340435,35.016154],[3931,1353,-85.340357,35.01613],[3956,1351,-85.340278,35.016107],[3981,1348,-85.340199,35.016083],[4006,1344,-85.340121,35.01606],[4031,1342,-85.340042,35.016036],[4056,1337,-85.339964,35.016013],[4080,1331,-85.339908,35.015963],[4105,1328,-85.339856,35.015909],[4130,1323,-85.339804,35.015856],[4155,1321,-85.339753,35.015802],[4180,1318,-85.339701,35.015748],[4205,1314,-85.339649,35.015694],[4230,1312,-85.339598,35.01564],[4255,1311,-85.339546,35.015586],[4280,1310,-85.339494,35.015532],[4305,1308,-85.339431,35.015488],[4330,1306,-85.339364,35.015448],[4355,1302,-85.339296,35.015407],[4380,1300,-85.339228,35.015367],[4405,1295,-85.339161,35.015326],[4430,1294,-85.339093,35.015286],[4455,1290,-85.339026,35.015245],[4480,1285,-85.338958,35.015205],[4505,1282,-85.338891,35.015165],[4530,1276,-85.338823,35.015124],[4555,1274,-85.338755,35.015084],[4580,1271,-85.338688,35.015043],[4605,1269,-85.33862,35.015003],[4630,1268,-85.338553,35.014963],[4655,1266,-85.338485,35.014922],[4680,1266,-85.338418,35.014882],[4705,1259,-85.33835,35.014841],[4730,1256,-85.338282,35.014801],[4755,1252,-85.338215,35.01476],[4780,1248,-85.338147,35.01472],[4805,1245,-85.33808,35.01468],[4830,1238,-85.338012,35.014639],[4855,1237,-85.337945,35.014599],[4880,1232,-85.337877,35.014558],[4905,1229,-85.337809,35.014518],[4930,1221,-85.337742,35.014478],[4955,1214,-85.337674,35.014437],[4980,1213,-85.337607,35.014397],[5004,1208,-85.337532,35.014369],[5029,1202,-85.33745,35.014358],[5054,1200,-85.337367,35.014347],[5079,1196,-85.337285,35.014336],[5104,1190,-85.337202,35.014324],[5129,1188,-85.33712,35.014313],[5154,1182,-85.337037,35.014302],[5179,1176,-85.336955,35.014291],[5204,1172,-85.336872,35.014279],[5225,1167,-85.336802,35.014274],[5250,1166,-85.33685,35.01433],[5275,1168,-85.336898,35.014387],[5300,1167,-85.336946,35.014443],[5325,1169,-85.336994,35.014499],[5350,1169,-85.337042,35.014555],[5375,1164,-85.33709,35.014611],[5399,1146,-85.337076,35.014675],[5424,1141,-85.337049,35.01474],[5449,1134,-85.337023,35.014805],[5474,1133,-85.336996,35.01487],[5499,1130,-85.33697,35.014935],[5524,1127,-85.336943,35.015],[5548,1125,-85.336929,35.015066],[5573,1123,-85.336938,35.015134],[5598,1119,-85.336946,35.015202],[5623,1119,-85.336955,35.01527],[5648,1116,-85.336963,35.015339],[5673,1115,-85.336972,35.015407],[5698,1113,-85.336981,35.015475],[5723,1110,-85.336989,35.015543],[5747,1104,-85.336939,35.015594],[5771,1100,-85.336879,35.015638],[5796,1098,-85.33681,35.0156],[5818,1097,-85.336742,35.01558],[5843,1087,-85.336683,35.015628],[5867,1083,-85.336623,35.015674],[5892,1077,-85.336552,35.015639],[5917,1076,-85.33648,35.015603],[5942,1073,-85.33641,35.015567],[5967,1073,-85.336373,35.015506],[5992,1073,-85.336337,35.015444],[6017,1071,