{"trail":"Crooked Arm","distance":6053,"gain":42,"loss":245,"min":4632,"max":4885,"profile":[[0,4886,-121.068191,43.928706],[48,4887,-121.068199,43.928574],[97,4887,-121.068152,43.928444],[131,4885,-121.068132,43.928353],[161,4884,-121.068246,43.928339],[191,4879,-121.068352,43.92831],[219,4877,-121.068439,43.928266],[248,4870,-121.068492,43.928194],[296,4864,-121.068406,43.928079],[335,4857,-121.068312,43.927997],[365,4852,-121.068412,43.927954],[403,4847,-121.068552,43.927973],[439,4848,-121.068619,43.92806],[468,4834,-121.068686,43.927997],[516,4827,-121.068626,43.927873],[540,4827,-121.068566,43.927824],[562,4821,-121.068646,43.927805],[639,4810,-121.068519,43.927613],[685,4805,-121.068452,43.927498],[728,4798,-121.068392,43.927388],[765,4784,-121.068399,43.927287],[838,4769,-121.068666,43.927339],[898,4756,-121.068893,43.927359],[931,4745,-121.069019,43.927359],[955,4739,-121.069073,43.927306],[986,4732,-121.069073,43.927219],[1013,4717,-121.069166,43.927191],[1043,4713,-121.069279,43.927181],[1078,4708,-121.069406,43.927152],[1105,4704,-121.069353,43.92709],[1130,4701,-121.069413,43.927037],[1159,4690,-121.069519,43.927013],[1197,4687,-121.069579,43.926917],[1221,4684,-121.069666,43.926898],[1268,4674,-121.069799,43.926811],[1322,4669,-121.069846,43.926667],[1363,4663,-121.069966,43.926595],[1407,4658,-121.070053,43.926494],[1472,4652,-121.07016,43.926331],[1532,4648,-121.070266,43.926187],[1574,4644,-121.070386,43.92611],[1624,4642,-121.070506,43.926004],[1676,4639,-121.070646,43.925903],[1730,4637,-121.070846,43.925865],[1779,4636,-121.071027,43.925894],[1816,4635,-121.071153,43.925937],[1844,4635,-121.07126,43.925942],[1891,4633,-121.07144,43.925942],[1919,4633,-121.071547,43.925947],[1970,4631,-121.07174,43.925932],[1983,4631,-121.071776,43.925908],[2027,4631,-121.0719,43.925826],[2059,4631,-121.071907,43.92574],[2137,4630,-121.072167,43.925639],[2188,4630,-121.07232,43.925553],[2234,4631,-121.072394,43.925437],[2301,4633,-121.072474,43.925264],[2346,4634,-121.07254,43.925149],[2399,4635,-121.07256,43.925005],[2478,4639,-121.07256,43.924789],[2554,4642,-121.072527,43.924582],[2621,4644,-121.07244,43.92441],[2691,4647,-121.07244,43.924217],[2792,4647,-121.072354,43.923948],[2887,4645,-121.072274,43.923694],[2964,4645,-121.072187,43.923492],[3041,4646,-121.0721,43.92329],[3165,4650,-121.0719,43.922983],[3261,4652,-121.0717,43.922762],[3353,4651,-121.071467,43.922575],[3450,4654,-121.071233,43.922368],[3530,4654,-121.071053,43.92219],[3634,4652,-121.070853,43.921945],[3732,4652,-121.070633,43.921729],[3816,4652,-121.070473,43.921528],[3870,4650,-121.070326,43.921427],[3919,4651,-121.070226,43.921311],[3966,4651,-121.070146,43.921196],[4069,4651,-121.070013,43.920932],[4148,4651,-121.06984,43.920754],[4243,4653,-121.069659,43.920528],[4318,4657,-121.069519,43.920351],[4387,4659,-121.069339,43.920211],[4438,4657,-121.069219,43.920101],[4483,4659,-121.069159,43.919986],[4523,4659,-121.069052,43.919909],[4557,4662,-121.068999,43.919822],[4601,4663,-121.068948,43.919709],[4628,4664,-121.069026,43.919659],[4684,4666,-121.069239,43.919659],[4766,4667,-121.069446,43.919827],[4842,4667,-121.069676,43.919954],[4919,4669,-121.069906,43.920082],[5012,4669,-121.07018,43.920245],[5108,4672,-121.0705,43.92037],[5172,4675,-121.07074,43.920408],[5234,4678,-121.070973,43.920428],[5303,4680,-121.071227,43.920471],[5400,4681,-121.071553,43.920596],[5468,4683,-121.071773,43.920696],[5599,4685,-121.072233,43.920831],[5726,4685,-121.07266,43.920994],[5799,4685,-121.072934,43.921038],[5865,4686,-121.073174,43.921086],[5927,4688,-121.073401,43.921138],[5989,4688,-121.073627,43.921182],[6025,4690,-121.073761,43.921158],[6053,4693,-121.073802,43.921089]]}