{"trail":"Cross Cut","distance":8348,"gain":463,"loss":577,"min":1982,"max":2249,"profile":[[0,2226,-85.440845,34.847586],[25,2227,-85.440775,34.847623],[50,2232,-85.440705,34.84766],[75,2234,-85.440635,34.847698],[100,2238,-85.440565,34.847735],[125,2240,-85.440495,34.847773],[150,2240,-85.440425,34.84781],[175,2241,-85.440355,34.847847],[200,2241,-85.440285,34.847885],[225,2240,-85.440215,34.847922],[250,2242,-85.440145,34.847959],[275,2243,-85.440075,34.847997],[300,2245,-85.440005,34.848034],[324,2246,-85.439925,34.848047],[349,2248,-85.439842,34.848052],[374,2249,-85.439759,34.848057],[399,2249,-85.439676,34.848062],[424,2249,-85.439592,34.848067],[449,2248,-85.439509,34.848072],[474,2247,-85.439426,34.848077],[496,2247,-85.43936,34.84805],[521,2246,-85.439311,34.847994],[546,2245,-85.439262,34.847939],[571,2243,-85.439214,34.847883],[596,2242,-85.439207,34.847815],[621,2241,-85.4392,34.847746],[646,2239,-85.439192,34.847678],[671,2237,-85.439185,34.84761],[696,2236,-85.439178,34.847542],[721,2233,-85.43917,34.847473],[746,2233,-85.439163,34.847405],[771,2233,-85.439156,34.847337],[796,2232,-85.439139,34.847271],[821,2230,-85.439096,34.847213],[846,2228,-85.439052,34.847154],[871,2226,-85.439009,34.847096],[896,2226,-85.438965,34.847037],[921,2226,-85.438922,34.846978],[946,2226,-85.438879,34.84692],[966,2223,-85.438822,34.846888],[991,2219,-85.438742,34.846907],[1010,2219,-85.438706,34.846949],[1035,2216,-85.438719,34.847016],[1060,2213,-85.438732,34.847084],[1085,2212,-85.438744,34.847152],[1110,2208,-85.438757,34.847219],[1135,2203,-85.43877,34.847287],[1160,2198,-85.438783,34.847355],[1185,2198,-85.438796,34.847422],[1202,2197,-85.438804,34.84747],[1227,2195,-85.438784,34.847404],[1252,2200,-85.438762,34.847338],[1277,2199,-85.438701,34.847291],[1302,2195,-85.43864,34.847244],[1327,2198,-85.438579,34.847198],[1352,2194,-85.438518,34.847151],[1377,2193,-85.438457,34.847104],[1402,2187,-85.438396,34.847058],[1427,2186,-85.438335,34.847011],[1452,2183,-85.438274,34.846964],[1477,2178,-85.438213,34.846917],[1502,2182,-85.438151,34.846871],[1527,2180,-85.43809,34.846824],[1552,2179,-85.438029,34.846777],[1577,2174,-85.437968,34.846731],[1602,2172,-85.437907,34.846684],[1627,2170,-85.437846,34.846637],[1652,2165,-85.437773,34.846608],[1677,2162,-85.437692,34.846591],[1702,2155,-85.437611,34.846574],[1727,2152,-85.43753,34.846558],[1752,2145,-85.437449,34.846541],[1776,2143,-85.437369,34.846534],[1801,2144,-85.437288,34.846554],[1826,2143,-85.437208,34.846573],[1851,2147,-85.437128,34.846592],[1876,2144,-85.437048,34.846611],[1901,2146,-85.436968,34.84663],[1926,2142,-85.436887,34.846649],[1951,2143,-85.436807,34.846668],[1976,2140,-85.436727,34.846687],[2001,2140,-85.436647,34.846706],[2026,2142,-85.436566,34.846721],[2051,2141,-85.436484,34.846708],[2076,2144,-85.436402,34.846695],[2101,2141,-85.43632,34.846682],[2126,2141,-85.436238,34.846669],[2151,2134,-85.436156,34.846656],[2176,2125,-85.436074,34.846643],[2201,2122,-85.435992,34.84663],[2226,2118,-85.43591,34.846617],[2251,2111,-85.435858,34.84667],[2276,2111,-85.435806,34.846724],[2301,2109,-85.435753,34.846777],[2326,2111,-85.435701,34.84683],[2351,2112,-85.435648,34.846884],[2376,2113,-85.435596,34.846937],[2401,2109,-85.435543,34.84699],[2426,2110,-85.435491,34.847044],[2451,2108,-85.435439,34.847097],[2476,2111,-85.435386,34.847151],[2500,2110,-85.435312,34.847175],[2525,2114,-85.435231,34.847191],[2550,2111,-85.435149,34.847207],[2575,2111,-85.435068,34.847223],[2600,2104,-85.434987,34.847239],[2625,2102,-85.434906,34.847255],[2650,2096,-85.434824,34.847271],[2675,2101,-85.434743,34.847286],[2700,2105,-85.434662,34.847302],[2725,2100,-85.434581,34.847318],[2750,2103,-85.434499,34.847334],[2773,2094,-85.434446,34.847379],[2798,2092,-85.434405,34.847439],[2823,2090,-85.434365,34.847499],[2848,2088,-85.434324,34.847559],[2873,2094,-85.434284,34.847619],[2898,2101,-85.434244,34.847679],[2923,2108,-85.434203,34.847739],[2948,2112,-85.434163,34.847799],[2973,2115,-85.434122,34.847859],[2998,2118,-85.434082,34.847919],[3023,2119,-85.434042,34.847979],[3045,2121,-85.43398,34.848014],[3070,2125,-85.433897,34.848024],[3095,2129,-85.433815,34.848034],[3120,2131,-85.433732,34.848044],[3145,2133,-85.433649,34.848054],[3170,2134,-85.433567,34.848064],[3195,2135,-85.433484,34.848075],[3220,2134,-85.433402,34.848085],[3245,2135,-85.433319,34.848095],[3270,2136,-85.433236,34.848105],[3294,2138,-85.433157,34.84812],[3319,2138,-85.433105,34.848173],[3344,2139,-85.433052,34.848227],[3369,2139,-85.432999,34.84828],[3394,2139,-85.432946,34.848333],[3419,2140,-85.432894,34.848386],[3444,2139,-85.432841,34.848439],[3469,2139,-85.432788,34.848492],[3494,2137,-85.432735,34.848545],[3516,2137,-85.432702,34.848597],[3541,2135,-85.432766,34.848642],[3566,2130,-85.432829,34.848686],[3589,2126,-85.432837,34.84875],[3614,2124,-85.432831,34.848818],[3639,2119,-85.432825,34.848887],[3664,2119,-85.432819,34.848955],[3689,2117,-85.432813,34.849023],[3714,2116,-85.432807,34.849092],[3739,2118,-85.432801,34.84916],[3763,2121,-85.432769,34.84922],[3788,2123,-85.432719,34.849275],[3813,2122,-85.432669,34.84933],[3838,2118,-85.432618,34.849384],[3863,2118,-85.432568,34.849439],[3888,2115,-85.432518,34.849494],[3913,2113,-85.432467,34.849548],[3938,2108,-85.432417,34.849603],[3963,2107,-85.432366,34.849658],[3988,2102,-85.432316,34.849712],[4013,2102,-85.432266,34.849767],[4038,2103,-85.432215,34.849822],[4063,2100,-85.432165,34.849876],[4072,2100,-85.432163,34.8499],[4097,2096,-85.43224,34.849873],[4122,2088,-85.432317,34.849847],[4147,2083,-85.432393,34.84982],[4172,2082,-85.43247,34.849793],[4197,2079,-85.432547,34.849767],[4222,2073,-85.432624,34.84974],[4241,2076,-85.432686,34.849723],[4266,2067,-85.432637,34.849779],[4291,2065,-85.432588,34.849834],[4316,2061,-85.432539,34.84989],[4341,2064,-85.43249,34.849945],[4366,2064,-85.432441,34.850001],[4391,2064,-85.432392,34.850056],[4416,2068,-85.432343,34.850112],[4441,2064,-85.432294,34.850167],[4466,2061,-85.432245,34.850223],[4487,2064,-85.432301,34.850188],[4512,2062,-85.432367,34.850145],[4537,2061,-85.432432,34.850103],[4562,2055,-85.432498,34.85006],[4587,2046,-85.432563,34.850018],[4612,2045,-85.432629,34.849975],[4637,2039,-85.432694,34.849933],[4660,2042,-85.432754,34.849896],[4685,2034,-85.432721,34.849959],[4710,2034,-85.432688,34.850022],[4735,2032,-85.432655,34.850085],[4760,2035,-85.432623,34.850148],[4785,2038,-85.43259,34.850211],[4810,2036,-85.432557,34.850274],[4835,2030,-85.432524,34.850337],[4858,2030,-85.43248,34.850391],[4883,2030,-85.432402,34.850414],[4908,2033,-85.432324,34.850438],[4922,2030,-85.432281,34.850453],[4947,2028,-85.432362,34.85044],[4972,2028,-85.432444,34.850426],[4997,2024,-85.432526,34.850413],[5020,2024,-85.432595,34.850386],[5045,2028,-85.432632,34.850324],[5070,2026,-85.43267,34.850263],[5095,2023,-85.432707,34.850202],[5120,2017,-85.432745,34.85014],[5133,2017,-85.432768,34.850168],[5158,2013,-85.432785,34.850235],[5183,2013,-85.432802,34.850302],[5208,2010,-85.432819,34.850369],[5233,2004,-85.432836,34.850436],[5258,1999,-85.432853,34.850504],[5280,1992,-85.432843,34.850566],[5305,1988,-85.432792,34.85062],[5330,1987,-85.432741,34.850674],[5355,1984,-85.43269,34.850729],[5379,1982,-85.432634,34.850773],[5404,1985,-85.43255,34.850773],[5429,1986,-85.432467,34.850773],[5454,1985,-85.432383,34.850773],[5477,1983,-85.43231,34.850755],[5502,1989,-85.432259,34.850701],[5527,1997,-85.432208,34.850647],[5552,1999,-85.432157,34.850593],[5577,2007,-85.432106,34.850539],[5602,2008,-85.432055,34.850484],[5627,2005,-85.432004,34.85043],[5649,2003,-85.431947,34.850389],[5674,1985,-85.431866,34.850405],[5699,1987,-85.431785,34.850421],[5724,1998,-85.431704,34.850437],[5749,1994,-85.431623,34.850453],[5774,2000,-85.431541,34.850469],[5799,1996,-85.43146,34.850485],[5823,2003,-85.431396,34.850523],[5848,2006,-85.431346,34.850577],[5873,2008,-85.431295,34.850632],[5898,2004,-85.431245,34.850686],[5923,2003,-85.431194,34.850741],[5948,2006,