{"trail":"Crossfire","distance":6885,"gain":496,"loss":0,"min":3312,"max":3808,"profile":[[0,3310,-121.291598,44.250909],[17,3313,-121.291657,44.250889],[51,3311,-121.291704,44.250802],[74,3311,-121.291757,44.250753],[96,3312,-121.291837,44.250731],[119,3316,-121.291925,44.250736],[148,3319,-121.292025,44.250767],[177,3323,-121.292092,44.250832],[197,3325,-121.292151,44.250865],[215,3328,-121.29222,44.250867],[243,3328,-121.292324,44.250849],[323,3338,-121.292625,44.250812],[386,3338,-121.292823,44.25071],[414,3341,-121.292921,44.25068],[433,3341,-121.292977,44.250647],[459,3341,-121.293053,44.250602],[473,3347,-121.293101,44.250619],[488,3347,-121.293111,44.25066],[516,3347,-121.293053,44.250725],[533,3350,-121.293046,44.250771],[552,3353,-121.29302,44.250819],[577,3352,-121.292995,44.250885],[597,3355,-121.292998,44.250942],[629,3358,-121.292965,44.251026],[666,3364,-121.292933,44.251125],[698,3363,-121.292885,44.251205],[726,3369,-121.292928,44.251273],[744,3369,-121.292998,44.251278],[772,3372,-121.293078,44.251229],[816,3376,-121.293224,44.251169],[865,3380,-121.293394,44.251112],[897,3381,-121.293502,44.251067],[941,3385,-121.293614,44.250979],[992,3382,-121.293773,44.250897],[1054,3390,-121.293991,44.250829],[1093,3391,-121.294109,44.250762],[1139,3396,-121.294264,44.250702],[1183,3401,-121.294394,44.250627],[1223,3401,-121.29454,44.250593],[1256,3410,-121.294655,44.250555],[1323,3412,-121.294869,44.250454],[1352,3416,-121.294979,44.250439],[1369,3418,-121.295034,44.250416],[1422,3426,-121.295164,44.250304],[1475,3432,-121.295332,44.250225],[1515,3437,-121.29548,44.250191],[1541,3440,-121.295566,44.250154],[1590,3445,-121.295689,44.250054],[1625,3450,-121.295814,44.250016],[1650,3452,-121.29589,44.249977],[1683,3452,-121.295974,44.24991],[1736,3458,-121.296163,44.249857],[1762,3462,-121.296248,44.249819],[1801,3461,-121.296357,44.249747],[1869,3472,-121.29658,44.24965],[1896,3472,-121.296679,44.249625],[1910,3477,-121.296732,44.249626],[1925,3480,-121.296768,44.249656],[1955,3486,-121.296802,44.249736],[1971,3489,-121.296851,44.249762],[1985,3493,-121.2969,44.24975],[2006,3492,-121.296964,44.249714],[2022,3492,-121.297025,44.249713],[2049,3495,-121.297128,44.249724],[2076,3499,-121.29723,44.249707],[2104,3502,-121.297336,44.249714],[2132,3505,-121.297442,44.249723],[2156,3507,-121.29753,44.249706],[2188,3512,-121.29765,44.249697],[2231,3514,-121.297808,44.249736],[2262,3523,-121.297922,44.249755],[2276,3519,-121.297971,44.249739],[2293,3521,-121.297998,44.249697],[2303,3517,-121.298029,44.249679],[2327,3520,-121.298109,44.24965],[2348,3521,-121.29817,44.249613],[2367,3521,-121.298228,44.24958],[2385,3524,-121.298298,44.249572],[2410,3525,-121.298384,44.249542],[2443,3525,-121.298483,44.249487],[2474,3528,-121.298588,44.249445],[2512,3531,-121.298729,44.249423],[2554,3538,-121.298885,44.249395],[2589,3537,-121.298996,44.249342],[2625,3538,-121.299127,44.249315],[2662,3542,-121.299271,44.249309],[2687,3547,-121.299353,44.249278],[2741,3549,-121.299509,44.249177],[2796,3555,-121.2997,44.249118],[2862,3565,-121.299907,44.249013],[2933,3569,-121.300154,44.248935],[2985,3579,-121.30032,44.248854],[3040,3584,-121.300482,44.248758],[3094,3593,-121.30066,44.248686],[3138,3598,-121.300818,44.248643],[3183,3601,-121.300967,44.248581],[3216,3602,-121.301094,44.248568],[3242,3606,-121.301188,44.248551],[3283,3613,-121.301345,44.248546],[3309,3616,-121.301439,44.248573],[3337,3626,-121.301543,44.248584],[3358,3629,-121.301624,44.248594],[3395,3624,-121.301763,44.24858],[3431,3628,-121.3019,44.248571],[3477,3632,-121.30207,44.24854],[3508,3635,-121.302192,44.248538],[3561,3641,-121.302391,44.248528],[3610,3635,-121.302581,44.248519],[3645,3643,-121.302713,44.248535],[3676,3643,-121.302828,44.248546],[3700,3643,-121.302914,44.248573],[3721,3652,-121.302979,44.248606],[3742,3653,-121.303056,44.248617],[3783,3654,-121.303211,44.2486],[3808,3655,-121.303309,44.24861],[3824,3656,-121.303367,44.248607],[3876,3656,-121.303564,44.248628],[3943,3667,-121.303816,44.248661],[3979,3670,-121.303954,44.248666],[4010,3671,-121.304072,44.248664],[4041,3670,-121.304194,44.248666],[4064,3669,-121.304273,44.248688],[4095,3674,-121.304391,44.248709],[4116,3672,-121.304458,44.248737],[4135,3675,-121.304518,44.248771],[4148,3675,-121.304544,44.2488],[4157,3675,-121.304523,44.24882],[4169,3677,-121.304477,44.248823],[4196,3679,-121.304386,44.248789],[4212,3682,-121.304326,44.248789],[4226,3682,-121.304278,44.248807],[4235,3688,-121.304262,44.248829],[4247,3688,-121.304283,44.248859],[4274,3686,-121.304381,44.248885],[4308,3689,-121.304472,44.248949],[4335,3691,-121.304554,44.248994],[4362,3693,-121.304613,44.249056],[4381,3699,-121.304642,44.249103],[4397,3706,-121.304659,44.249147],[4413,3706,-121.304682,44.249185],[4428,3711,-121.304689,44.249227],[4440,3711,-121.304713,44.249255],[4453,3718,-121.304757,44.249267],[4480,3715,-121.30486,44.249285],[4514,3712,-121.304991,44.249292],[4558,3710,-121.305138,44.24935],[4620,3713,-121.305288,44.24948],[4708,3729,-121.305457,44.24969],[4736,3737,-121.305517,44.249753],[4744,3735,-121.305547,44.249761],[4786,3726,-121.305703,44.249737],[4810,3723,-121.305792,44.249729],[4853,3723,-121.305951,44.249765],[4889,3715,-121.30608,44.249798],[4906,3720,-121.306118,44.249837],[4942,3720,-121.306169,44.249927],[4970,3725,-121.306226,44.249994],[5037,3732,-121.306294,44.250169],[5084,3734,-121.306356,44.250291],[5129,3733,-121.306406,44.25041],[5157,3736,-121.306406,44.250486],[5202,3746,-121.306378,44.250607],[5237,3742,-121.306427,44.250696],[5312,3737,-121.306487,44.250898],[5346,3745,-121.306478,44.250993],[5376,3741,-121.306509,44.251071],[5429,3742,-121.306581,44.251206],[5510,3752,-121.306639,44.251425],[5559,3756,-121.306648,44.251559],[5612,3759,-121.306627,44.251704],[5661,3761,-121.306591,44.251834],[5688,3762,-121.306591,44.251908],[5736,3772,-121.306526,44.252032],[5776,3772,-121.306507,44.252141],[5802,3773,-121.306516,44.252211],[5832,3781,-121.306459,44.252284],[5841,3781,-121.306473,44.252306],[5857,3775,-121.306529,44.252321],[5908,3766,-121.306721,44.252353],[5970,3762,-121.306956,44.252372],[6019,3772,-121.30714,44.252396],[6101,3768,-121.307452,44.252426],[6161,3774,-121.307677,44.252466],[6205,3773,-121.307835,44.252506],[6246,3773,-121.307989,44.252501],[6302,3781,-121.3082,44.25253],[6343,3779,-121.308351,44.252564],[6387,3782,-121.308514,44.252595],[6461,3779,-121.308787,44.25265],[6535,3779,-121.309054,44.252719],[6579,3783,-121.309195,44.25278],[6603,3787,-121.309257,44.252831],[6648,3789,-121.309401,44.252901],[6681,3788,-121.309493,44.25296],[6716,3794,-121.309548,44.253047],[6775,3804,-121.309714,44.253158],[6799,3809,-121.309732,44.253222],[6827,3812,-121.309712,44.253298],[6854,3814,-121.309678,44.253366],[6885,3817,-121.309669,44.253452]]}