{"trail":"Cut Thru","distance":1699,"gain":27,"loss":79,"min":1772,"max":1828,"profile":[[0,1828,-85.418615,34.872377],[25,1828,-85.418672,34.872427],[50,1827,-85.418729,34.872477],[75,1824,-85.418785,34.872528],[100,1826,-85.418842,34.872578],[125,1823,-85.418899,34.872628],[150,1822,-85.418955,34.872679],[175,1820,-85.419012,34.872729],[200,1819,-85.419069,34.872779],[225,1818,-85.419125,34.87283],[250,1818,-85.4192,34.872859],[275,1817,-85.419277,34.872886],[300,1817,-85.419354,34.872913],[325,1816,-85.419431,34.87294],[350,1817,-85.419507,34.872967],[375,1816,-85.419584,34.872994],[400,1815,-85.419661,34.873021],[425,1813,-85.419738,34.873048],[450,1812,-85.419814,34.873075],[475,1809,-85.419891,34.873102],[500,1805,-85.419968,34.873129],[525,1801,-85.420045,34.873156],[550,1797,-85.420122,34.873183],[575,1795,-85.420198,34.87321],[600,1791,-85.420275,34.873237],[625,1788,-85.420352,34.873264],[650,1785,-85.420429,34.873291],[675,1783,-85.420505,34.873318],[700,1781,-85.420582,34.873345],[725,1780,-85.420659,34.873372],[750,1778,-85.420736,34.873399],[775,1777,-85.420812,34.873426],[800,1776,-85.420889,34.873453],[825,1775,-85.420966,34.87348],[850,1774,-85.421043,34.873507],[875,1776,-85.42112,34.873534],[900,1776,-85.421196,34.873561],[925,1776,-85.421273,34.873588],[950,1775,-85.42135,34.873615],[975,1777,-85.421427,34.873642],[1000,1775,-85.421503,34.873669],[1025,1774,-85.42158,34.873696],[1050,1772,-85.421657,34.873723],[1071,1773,-85.421721,34.8737],[1096,1774,-85.421778,34.87365],[1121,1775,-85.421835,34.8736],[1146,1775,-85.421892,34.87355],[1171,1776,-85.421949,34.8735],[1196,1774,-85.422006,34.873449],[1221,1775,-85.422016,34.873381],[1246,1776,-85.422025,34.873313],[1271,1776,-85.422035,34.873245],[1296,1775,-85.422045,34.873177],[1321,1774,-85.422055,34.873109],[1346,1776,-85.422064,34.873041],[1371,1779,-85.422074,34.872973],[1396,1781,-85.422084,34.872905],[1420,1784,-85.422105,34.872841],[1445,1787,-85.422164,34.872793],[1470,1786,-85.422223,34.872744],[1495,1786,-85.422282,34.872696],[1520,1786,-85.422341,34.872647],[1545,1783,-85.4224,34.872599],[1570,1782,-85.422459,34.87255],[1595,1780,-85.422518,34.872502],[1620,1778,-85.42255,34.872439],[1645,1777,-85.422581,34.872375],[1670,1775,-85.422612,34.872312],[1695,1776,-85.422643,34.872248],[1699,1776,-85.422649,34.872236]]}