{"trail":"Cut Thru","distance":1946,"gain":73,"loss":17,"min":1772,"max":1829,"profile":[[0,1772,-85.421684,34.873732],[25,1773,-85.421741,34.873682],[50,1774,-85.421798,34.873632],[75,1775,-85.421855,34.873582],[100,1776,-85.421912,34.873532],[125,1775,-85.421969,34.873482],[149,1775,-85.422009,34.873426],[174,1776,-85.422019,34.873358],[199,1776,-85.422029,34.873289],[224,1776,-85.422039,34.873221],[249,1775,-85.422048,34.873153],[274,1774,-85.422058,34.873085],[299,1776,-85.422068,34.873017],[324,1779,-85.422078,34.872949],[349,1782,-85.422087,34.872881],[372,1786,-85.422125,34.872824],[397,1786,-85.422184,34.872776],[422,1787,-85.422243,34.872727],[447,1787,-85.422302,34.872679],[472,1784,-85.422361,34.87263],[497,1784,-85.422421,34.872582],[522,1779,-85.42248,34.872534],[547,1777,-85.42253,34.87248],[572,1778,-85.422561,34.872417],[597,1777,-85.422592,34.872353],[622,1775,-85.422623,34.87229],[643,1776,-85.422649,34.872236],[1719,1816,-85.41913,34.872834],[1744,1819,-85.419074,34.872784],[1769,1820,-85.419017,34.872734],[1794,1823,-85.41896,34.872683],[1819,1823,-85.418904,34.872633],[1844,1826,-85.418847,34.872583],[1869,1826,-85.41879,34.872532],[1894,1827,-85.418734,34.872482],[1919,1828,-85.418677,34.872431],[1944,1829,-85.41862,34.872381],[1946,1828,-85.418615,34.872377]]}