{"trail":"Dale Bermhardt","distance":2761,"gain":32,"loss":342,"min":1092,"max":1402,"profile":[[0,1402,-85.313344,35.141073],[25,1399,-85.313349,35.141004],[50,1395,-85.313354,35.140936],[75,1392,-85.313359,35.140867],[100,1389,-85.313364,35.140799],[111,1386,-85.313329,35.140807],[136,1385,-85.313273,35.140858],[161,1386,-85.313217,35.140908],[186,1382,-85.31316,35.140959],[211,1383,-85.313104,35.14101],[236,1382,-85.313048,35.14106],[261,1382,-85.312991,35.141111],[285,1383,-85.312934,35.14116],[310,1374,-85.312856,35.141134],[331,1371,-85.312833,35.141081],[356,1365,-85.312838,35.141013],[381,1360,-85.312843,35.140944],[406,1357,-85.312849,35.140876],[431,1355,-85.312854,35.140807],[456,1352,-85.312859,35.140739],[481,1348,-85.312865,35.140671],[506,1345,-85.31287,35.140602],[517,1347,-85.312846,35.140624],[542,1345,-85.312808,35.140685],[567,1345,-85.312771,35.140746],[592,1344,-85.312734,35.140808],[617,1342,-85.312696,35.140869],[642,1344,-85.312659,35.14093],[666,1339,-85.312583,35.140959],[691,1337,-85.312506,35.140986],[716,1335,-85.312429,35.141013],[741,1333,-85.312352,35.14104],[766,1331,-85.312275,35.141068],[791,1329,-85.312198,35.141095],[816,1327,-85.312122,35.141122],[841,1323,-85.312045,35.141149],[858,1320,-85.311999,35.141121],[883,1318,-85.311975,35.141056],[908,1313,-85.311951,35.14099],[933,1313,-85.311974,35.140925],[958,1310,-85.312,35.14086],[983,1310,-85.312027,35.140795],[1008,1307,-85.312053,35.14073],[1033,1305,-85.31208,35.140665],[1058,1303,-85.312106,35.1406],[1070,1299,-85.312085,35.140572],[1095,1299,-85.312004,35.140589],[1120,1296,-85.311923,35.140606],[1145,1295,-85.311842,35.140623],[1170,1293,-85.31176,35.140641],[1195,1290,-85.311679,35.140658],[1218,1285,-85.311615,35.140692],[1243,1283,-85.31158,35.140754],[1268,1287,-85.311546,35.140816],[1293,1286,-85.311511,35.140879],[1318,1284,-85.311476,35.140941],[1343,1283,-85.311442,35.141003],[1364,1281,-85.3114,35.141049],[1389,1277,-85.311327,35.141016],[1414,1269,-85.311254,35.140983],[1438,1265,-85.311202,35.140934],[1463,1259,-85.311168,35.140871],[1488,1252,-85.311135,35.140808],[1513,1244,-85.311101,35.140745],[1534,1241,-85.31107,35.140691],[1559,1246,-85.311076,35.140759],[1584,1249,-85.311083,35.140828],[1609,1251,-85.311089,35.140896],[1628,1248,-85.311031,35.140909],[1653,1240,-85.310947,35.140902],[1671,1235,-85.3109,35.140869],[1696,1231,-85.310905,35.140801],[1721,1227,-85.31091,35.140733],[1746,1222,-85.310915,35.140664],[1771,1217,-85.31092,35.140596],[1796,1211,-85.310924,35.140527],[1821,1206,-85.310929,35.140459],[1846,1202,-85.310934,35.140391],[1871,1198,-85.310939,35.140322],[1896,1198,-85.310944,35.140254],[1921,1195,-85.310949,35.140185],[1946,1191,-85.310954,35.140117],[1971,1187,-85.310959,35.140049],[1996,1184,-85.310964,35.13998],[2021,1179,-85.310969,35.139912],[2046,1173,-85.310974,35.139843],[2071,1170,-85.310979,35.139775],[2096,1165,-85.310983,35.139706],[2119,1167,-85.310944,35.139761],[2144,1168,-85.310902,35.139821],[2169,1170,-85.31086,35.13988],[2194,1167,-85.310819,35.13994],[2219,1166,-85.310777,35.139999],[2244,1164,-85.310736,35.140059],[2269,1154,-85.310676,35.140106],[2294,1150,-85.310611,35.140149],[2319,1140,-85.310546,35.140192],[2344,1140,-85.31048,35.140235],[2369,1133,-85.310415,35.140278],[2394,1132,-85.31035,35.140321],[2419,1129,-85.310285,35.140364],[2444,1133,-85.31022,35.140407],[2469,1131,-85.310155,35.14045],[2494,1131,-85.310089,35.140494],[2519,1128,-85.310024,35.140537],[2544,1128,-85.309959,35.14058],[2569,1127,-85.309894,35.140623],[2594,1125,-85.309829,35.140666],[2619,1120,-85.309764,35.140709],[2632,1115,-85.309721,35.140719],[2657,1111,-85.309733,35.140651],[2682,1113,-85.309745,35.140584],[2707,1106,-85.309757,35.140516],[2732,1098,-85.309769,35.140448],[2757,1092,-85.30978,35.14038],[2761,1092,-85.309782,35.140371]]}