{"trail":"Deer Hollow Trail","distance":2978,"gain":96,"loss":92,"min":926,"max":996,"profile":[[0,942,-85.109153,35.091418],[25,940,-85.10907,35.091408],[50,937,-85.108987,35.091399],[75,934,-85.108904,35.09139],[100,932,-85.108821,35.09138],[125,929,-85.108738,35.091371],[150,927,-85.108655,35.091362],[175,926,-85.108572,35.091352],[196,926,-85.108516,35.091315],[221,929,-85.108488,35.091251],[246,932,-85.10846,35.091186],[271,933,-85.108431,35.091122],[296,934,-85.108403,35.091057],[321,935,-85.108375,35.090993],[346,936,-85.108346,35.090929],[370,938,-85.108365,35.090867],[395,939,-85.108405,35.090807],[420,942,-85.108445,35.090747],[444,945,-85.108498,35.090696],[469,947,-85.108565,35.090655],[494,949,-85.108632,35.090613],[519,950,-85.108699,35.090572],[544,952,-85.108766,35.090531],[569,953,-85.108833,35.09049],[594,956,-85.1089,35.090449],[619,957,-85.108967,35.090408],[644,957,-85.109034,35.090367],[669,959,-85.109101,35.090326],[694,959,-85.109168,35.090285],[719,959,-85.109235,35.090243],[744,960,-85.109302,35.090202],[769,959,-85.109369,35.090161],[794,959,-85.109428,35.090114],[819,960,-85.109475,35.090057],[844,960,-85.109521,35.09],[869,963,-85.109568,35.089943],[894,966,-85.109614,35.089886],[919,967,-85.109661,35.089829],[944,969,-85.109707,35.089772],[968,970,-85.109716,35.089704],[993,972,-85.109723,35.089636],[1018,974,-85.109729,35.089568],[1043,977,-85.109735,35.089499],[1068,979,-85.109741,35.089431],[1093,981,-85.109747,35.089363],[1118,982,-85.109754,35.089294],[1143,986,-85.109692,35.089248],[1168,989,-85.10963,35.089202],[1193,993,-85.109568,35.089156],[1218,994,-85.109505,35.089111],[1243,996,-85.109443,35.089065],[1268,995,-85.109381,35.089019],[1292,993,-85.109328,35.088971],[1317,992,-85.109362,35.088909],[1342,991,-85.109396,35.088846],[1367,989,-85.10943,35.088784],[1392,988,-85.109464,35.088721],[1417,986,-85.109495,35.088658],[1442,985,-85.109475,35.088592],[1467,983,-85.109455,35.088525],[1492,981,-85.109434,35.088459],[1517,979,-85.109414,35.088392],[1542,973,-85.109394,35.088326],[1567,970,-85.109373,35.088259],[1592,965,-85.109353,35.088193],[1614,966,-85.109382,35.088136],[1639,964,-85.109438,35.088086],[1664,964,-85.109494,35.088035],[1689,962,-85.10955,35.087984],[1714,960,-85.109606,35.087933],[1739,958,-85.109663,35.087882],[1764,955,-85.109719,35.087831],[1789,950,-85.109775,35.08778],[1814,947,-85.109831,35.087729],[1839,943,-85.109887,35.087678],[1864,944,-85.109943,35.087627],[1889,945,-85.109999,35.087576],[1914,946,-85.110055,35.087525],[1939,946,-85.110111,35.087474],[1963,950,-85.110131,35.087409],[1988,951,-85.110146,35.087342],[2013,953,-85.110161,35.087274],[2038,954,-85.110176,35.087207],[2063,953,-85.110191,35.087139],[2088,953,-85.110213,35.087075],[2113,949,-85.110275,35.08703],[2138,947,-85.110338,35.086984],[2163,943,-85.110401,35.086939],[2188,940,-85.110464,35.086894],[2213,938,-85.110527,35.086848],[2237,936,-85.110574,35.086796],[2262,936,-85.110591,35.086729],[2287,936,-85.110607,35.086661],[2312,936,-85.110624,35.086594],[2334,937,-85.110663,35.086541],[2359,938,-85.110738,35.08651],[2384,938,-85.110812,35.086478],[2409,938,-85.110886,35.086446],[2434,937,-85.11096,35.086415],[2459,937,-85.111035,35.086383],[2484,936,-85.111109,35.086351],[2507,937,-85.111128,35.086292],[2532,937,-85.111131,35.086223],[2557,938,-85.111133,35.086155],[2582,938,-85.111135,35.086086],[2607,939,-85.111137,35.086018],[2632,939,-85.111139,35.085949],[2657,940,-85.111141,35.085881],[2682,940,-85.111143,35.085812],[2707,941,-85.111145,35.085744],[2732,941,-85.111147,35.085675],[2755,940,-85.111179,35.085618],[2780,940,-85.111241,35.085571],[2805,941,-85.111302,35.085525],[2830,942,-85.111364,35.085478],[2855,942,-85.111425,35.085431],[2880,944,-85.111487,35.085385],[2905,944,-85.111548,35.085338],[2930,944,-85.11161,35.085292],[2955,945,-85.111671,35.085245],[2978,946,-85.111728,35.085202]]}