{"trail":"DeVito","distance":204,"gain":0,"loss":45,"min":1402,"max":1447,"profile":[[0,1447,-85.313945,35.141143],[25,1442,-85.313869,35.141115],[50,1434,-85.313792,35.141086],[75,1427,-85.313716,35.141058],[99,1424,-85.313644,35.141087],[124,1423,-85.313572,35.141122],[149,1419,-85.3135,35.141158],[172,1413,-85.313449,35.141109],[197,1405,-85.313401,35.141053],[204,1402,-85.313387,35.141038]]}