{"trail":"Dingey","distance":1482,"gain":34,"loss":21,"min":1808,"max":1830,"profile":[[0,1812,-85.431147,34.866162],[25,1810,-85.43123,34.866168],[50,1809,-85.431313,34.866173],[75,1808,-85.431396,34.866179],[99,1810,-85.431455,34.866225],[124,1811,-85.431511,34.866276],[149,1812,-85.431568,34.866327],[174,1812,-85.431624,34.866377],[199,1813,-85.43168,34.866428],[224,1813,-85.431737,34.866479],[249,1812,-85.431793,34.866529],[274,1811,-85.431849,34.86658],[299,1811,-85.431889,34.86664],[324,1811,-85.431927,34.866701],[349,1812,-85.431966,34.866762],[374,1813,-85.432004,34.866823],[399,1814,-85.432042,34.866883],[424,1815,-85.43208,34.866944],[449,1816,-85.432118,34.867005],[474,1817,-85.432157,34.867066],[499,1817,-85.432195,34.867127],[524,1818,-85.432233,34.867188],[549,1819,-85.432251,34.867254],[574,1819,-85.432264,34.867322],[599,1820,-85.432277,34.86739],[624,1820,-85.43229,34.867458],[649,1821,-85.432303,34.867525],[674,1819,-85.432316,34.867593],[699,1820,-85.432329,34.867661],[724,1820,-85.432341,34.867728],[747,1819,-85.432322,34.867789],[772,1821,-85.432268,34.86784],[797,1824,-85.432213,34.867892],[822,1825,-85.432158,34.867944],[847,1826,-85.432104,34.867996],[872,1826,-85.432049,34.868048],[897,1828,-85.431994,34.868099],[922,1828,-85.431939,34.868151],[947,1828,-85.431885,34.868203],[972,1829,-85.43183,34.868255],[996,1828,-85.431768,34.868296],[1021,1830,-85.431686,34.868309],[1046,1830,-85.431604,34.868323],[1071,1830,-85.431522,34.868336],[1096,1829,-85.43144,34.86835],[1121,1827,-85.431358,34.868363],[1146,1826,-85.431277,34.868377],[1168,1824,-85.431215,34.868342],[1193,1823,-85.431162,34.868289],[1218,1822,-85.431109,34.868236],[1243,1821,-85.431056,34.868183],[1268,1820,-85.431003,34.86813],[1293,1820,-85.430952,34.868077],[1318,1821,-85.430935,34.86801],[1343,1821,-85.430917,34.867943],[1368,1821,-85.4309,34.867876],[1391,1822,-85.430864,34.867818],[1416,1822,-85.4308,34.867774],[1441,1823,-85.430736,34.86773],[1466,1826,-85.430672,34.867686],[1482,1825,-85.430632,34.867658]]}