{"trail":"Dinkey","distance":2968,"gain":64,"loss":75,"min":1754,"max":1802,"profile":[[0,1802,-85.422564,34.871391],[25,1802,-85.422594,34.871455],[50,1801,-85.422624,34.871518],[75,1799,-85.422655,34.871582],[100,1795,-85.422685,34.871646],[125,1793,-85.422715,34.87171],[150,1793,-85.422746,34.871774],[175,1789,-85.422776,34.871838],[200,1787,-85.422806,34.871901],[225,1787,-85.422837,34.871965],[250,1787,-85.422867,34.872029],[275,1786,-85.422898,34.872093],[300,1784,-85.422905,34.87216],[325,1783,-85.422902,34.872229],[350,1782,-85.4229,34.872297],[375,1782,-85.422897,34.872366],[400,1782,-85.422894,34.872434],[425,1782,-85.422892,34.872503],[450,1782,-85.422889,34.872571],[475,1782,-85.422886,34.87264],[500,1781,-85.422884,34.872708],[525,1779,-85.422881,34.872777],[550,1778,-85.422879,34.872845],[575,1777,-85.422876,34.872913],[600,1777,-85.422873,34.872982],[625,1777,-85.422871,34.87305],[650,1777,-85.422868,34.873119],[675,1776,-85.422865,34.873187],[699,1776,-85.42288,34.873254],[724,1776,-85.422911,34.873317],[749,1776,-85.422942,34.873381],[774,1775,-85.422973,34.873444],[799,1774,-85.423004,34.873508],[824,1773,-85.423035,34.873572],[849,1773,-85.423066,34.873635],[874,1772,-85.423097,34.873699],[899,1772,-85.423128,34.873763],[924,1771,-85.423159,34.873826],[949,1772,-85.42319,34.87389],[973,1772,-85.423236,34.873943],[998,1773,-85.423304,34.873984],[1023,1773,-85.423371,34.874025],[1048,1773,-85.423438,34.874065],[1073,1771,-85.423505,34.874106],[1098,1771,-85.423573,34.874147],[1121,1771,-85.423646,34.874169],[1146,1771,-85.423729,34.874161],[1171,1771,-85.423812,34.874152],[1196,1770,-85.423894,34.874144],[1221,1769,-85.423975,34.874129],[1246,1768,-85.424045,34.874092],[1271,1766,-85.424116,34.874056],[1295,1767,-85.424148,34.873996],[1320,1766,-85.42417,34.87393],[1345,1767,-85.424192,34.873864],[1370,1767,-85.424214,34.873798],[1395,1766,-85.424236,34.873731],[1420,1764,-85.424258,34.873665],[1445,1763,-85.42428,34.873599],[1470,1760,-85.424303,34.873533],[1495,1759,-85.424325,34.873467],[1520,1757,-85.424347,34.873401],[1545,1755,-85.424369,34.873335],[1570,1754,-85.424391,34.873269],[1595,1754,-85.424413,34.873203],[1620,1755,-85.424428,34.873136],[1645,1758,-85.424417,34.873068],[1670,1762,-85.424407,34.873],[1695,1765,-85.424396,34.872932],[1720,1767,-85.424385,34.872864],[1745,1769,-85.424375,34.872796],[1770,1772,-85.424364,34.872728],[1795,1772,-85.424353,34.872661],[1819,1772,-85.424348,34.872593],[1844,1770,-85.424369,34.872526],[1869,1768,-85.424389,34.87246],[1894,1767,-85.424409,34.872393],[1919,1769,-85.424429,34.872327],[1944,1769,-85.42445,34.87226],[1969,1765,-85.42447,34.872194],[1994,1767,-85.424446,34.87213],[2019,1764,-85.424413,34.872067],[2044,1764,-85.42438,34.872004],[2069,1764,-85.424347,34.871941],[2094,1765,-85.424314,34.871878],[2119,1765,-85.424281,34.871815],[2143,1766,-85.424309,34.871752],[2168,1765,-85.424339,34.871688],[2193,1767,-85.424369,34.871624],[2216,1771,-85.424419,34.871577],[2241,1778,-85.424499,34.871558],[2265,1779,-85.424578,34.871562],[2290,1780,-85.424656,34.871586],[2315,1779,-85.424735,34.87161],[2340,1780,-85.424813,34.871634],[2365,1777,-85.424891,34.871658],[2390,1773,-85.424969,34.871682],[2415,1773,-85.425047,34.871706],[2440,1773,-85.425126,34.87173],[2465,1775,-85.425204,34.871754],[2488,1779,-85.425279,34.871738],[2513,1781,-85.425354,34.871707],[2538,1781,-85.425429,34.871677],[2563,1782,-85.425504,34.871646],[2587,1783,-85.425568,34.87161],[2612,1785,-85.425574,34.871542],[2637,1787,-85.42558,34.871473],[2662,1788,-85.425586,34.871405],[2687,1788,-85.425591,34.871336],[2712,1788,-85.425597,34.871268],[2737,1788,-85.425603,34.8712],[2762,1787,-85.425609,34.871131],[2786,1786,-85.425591,34.871066],[2811,1787,-85.425561,34.871002],[2836,1787,-85.425531,34.870938],[2861,1787,-85.425502,34.870874],[2886,1788,-85.425472,34.87081],[2911,1788,-85.425442,34.870746],[2936,1789,-85.425413,34.870681],[2961,1790,-85.425383,34.870617],[2968,1791,-85.425375,34.870599]]}