{"trail":"Dogwood Ridge Trail","distance":7025,"gain":237,"loss":276,"min":879,"max":990,"profile":[[0,939,-85.114839,35.092331],[25,938,-85.114782,35.09228],[50,937,-85.114726,35.09223],[75,938,-85.114669,35.092179],[100,938,-85.114613,35.092129],[125,939,-85.114538,35.0921],[150,941,-85.114459,35.092077],[175,944,-85.114381,35.092053],[200,947,-85.114302,35.092029],[225,948,-85.114224,35.092006],[246,951,-85.114195,35.091953],[271,955,-85.114195,35.091885],[295,960,-85.114218,35.091821],[320,964,-85.114256,35.09176],[345,971,-85.114294,35.091699],[370,977,-85.114332,35.091638],[395,976,-85.114371,35.091577],[420,976,-85.114409,35.091516],[445,975,-85.114447,35.091455],[470,972,-85.114485,35.091394],[495,970,-85.114523,35.091333],[520,967,-85.114561,35.091272],[545,966,-85.114599,35.091211],[570,962,-85.114638,35.09115],[595,959,-85.114676,35.091089],[620,954,-85.114714,35.091028],[645,948,-85.114752,35.090967],[670,944,-85.11479,35.090906],[695,943,-85.114828,35.090845],[720,942,-85.114866,35.090784],[745,945,-85.114905,35.090723],[770,947,-85.114943,35.090662],[795,949,-85.114981,35.090601],[820,952,-85.115019,35.09054],[845,956,-85.115057,35.090478],[870,958,-85.115095,35.090417],[895,962,-85.115133,35.090356],[918,963,-85.115093,35.090303],[943,963,-85.115038,35.090251],[968,963,-85.114984,35.0902],[993,963,-85.114929,35.090148],[1018,963,-85.114874,35.090096],[1043,963,-85.114819,35.090044],[1068,964,-85.114764,35.089993],[1093,965,-85.114709,35.089941],[1118,968,-85.114655,35.089889],[1143,969,-85.1146,35.089837],[1166,969,-85.114526,35.089817],[1191,970,-85.114442,35.089811],[1216,971,-85.114359,35.089806],[1239,973,-85.114283,35.089819],[1264,974,-85.114224,35.089867],[1289,977,-85.114165,35.089915],[1310,978,-85.114097,35.089933],[1335,981,-85.114019,35.089909],[1359,983,-85.113941,35.089897],[1384,986,-85.113863,35.089923],[1409,987,-85.113786,35.089949],[1434,987,-85.113709,35.089976],[1459,988,-85.113631,35.090002],[1484,990,-85.113554,35.090028],[1509,990,-85.113477,35.090055],[1529,988,-85.113452,35.090105],[1554,986,-85.113464,35.090173],[1579,985,-85.113477,35.090241],[1601,982,-85.113505,35.090297],[1626,980,-85.113587,35.090308],[1651,977,-85.11367,35.090319],[1674,975,-85.113745,35.090336],[1699,973,-85.113752,35.090404],[1724,971,-85.113759,35.090472],[1749,969,-85.113766,35.090541],[1774,967,-85.113773,35.090609],[1799,965,-85.11378,35.090677],[1824,965,-85.113787,35.090745],[1848,962,-85.113852,35.090786],[1873,961,-85.113922,35.090824],[1898,963,-85.113991,35.090862],[1923,963,-85.114061,35.0909],[1948,966,-85.11412,35.090945],[1973,967,-85.114156,35.091007],[1998,970,-85.114191,35.091069],[2023,972,-85.114227,35.091131],[2047,974,-85.114265,35.091191],[2072,972,-85.114343,35.091215],[2097,971,-85.114422,35.091238],[2122,970,-85.1145,35.091262],[2147,967,-85.114579,35.091286],[2172,965,-85.114658,35.09131],[2194,967,-85.114639,35.091368],[2219,967,-85.114606,35.091431],[2244,968,-85.114574,35.091494],[2269,969,-85.114541,35.091557],[2294,968,-85.114508,35.09162],[2319,963,-85.114476,35.091683],[2344,962,-85.114443,35.091746],[2366,961,-85.114379,35.091778],[2391,959,-85.114297,35.091793],[2416,961,-85.114215,35.091807],[2441,958,-85.114133,35.091822],[2466,958,-85.114051,35.091836],[2491,958,-85.113969,35.091851],[2516,958,-85.113888,35.091865],[2541,960,-85.113806,35.09188],[2566,963,-85.113724,35.091894],[2591,968,-85.113642,35.091909],[2616,968,-85.113626,35.091973],[2641,970,-85.113614,35.092041],[2666,970,-85.113603,35.092109],[2691,970,-85.113591,35.092177],[2716,971,-85.113579,35.092245],[2738,971,-85.113602,35.092303],[2763,970,-85.11366,35.092353],[2788,970,-85.113718,35.092403],[2813,970,-85.113775,35.092452],[2838,971,-85.113833,35.092502],[2863,972,-85.113891,35.092552],[2888,976,-85.113949,35.092602],[2910,976,-85.114017,35.092624],[2935,976,-85.114099,35.092611],[2960,976,-85.114182,35.092598],[2985,972,-85.114264,35.092586],[3007,972,-85.114338,35.092591],[3032,977,-85.114389,35.092645],[3057,978,-85.114441,35.092699],[3081,981,-85.114503,35.092739],[3106,978,-85.114585,35.092752],[3131,975,-85.114668,35.092764],[3156,972,-85.11475,35.092777],[3180,967,-85.114827,35.092797],[3205,966,-85.114877,35.092852],[3230,964,-85.114927,35.092907],[3255,961,-85.114977,35.092962],[3276,958,-85.114997,35.093018],[3301,960,-85.114956,35.093078],[3326,961,-85.114916,35.093138],[3349,964,-85.114845,35.093158],[3374,969,-85.114761,35.093161],[3399,974,-85.114678,35.093163],[3424,978,-85.114594,35.093166],[3449,980,-85.11451,35.093169],[3474,981,-85.114427,35.093172],[3496,982,-85.114354,35.09319],[3521,980,-85.114309,35.093248],[3546,979,-85.114263,35.093305],[3571,979,-85.114218,35.093363],[3596,981,-85.114172,35.09342],[3621,983,-85.114097,35.093451],[3646,985,-85.114022,35.093481],[3671,986,-85.113947,35.093512],[3696,987,-85.113872,35.093543],[3721,988,-85.113798,35.093573],[3746,988,-85.113723,35.093604],[3771,987,-85.113648,35.093635],[3796,986,-85.113573,35.093665],[3820,986,-85.113494,35.093681],[3845,985,-85.113411,35.093678],[3870,984,-85.113327,35.093674],[3895,984,-85.113243,35.093671],[3920,982,-85.11316,35.093668],[3945,981,-85.113077,35.093671],[3970,977,-85.112997,35.093692],[3995,974,-85.112918,35.093713],[4020,970,-85.112838,35.093734],[4045,967,-85.112758,35.093755],[4070,963,-85.112678,35.093776],[4095,959,-85.112599,35.093797],[4120,957,-85.112519,35.093818],[4144,954,-85.112438,35.093809],[4169,950,-85.112358,35.093791],[4194,947,-85.112277,35.093773],[4219,947,-85.112217,35.093727],[4244,948,-85.112161,35.093676],[4269,947,-85.112105,35.093625],[4294,949,-85.112049,35.093574],[4319,950,-85.111994,35.093523],[4344,951,-85.111938,35.093472],[4368,953,-85.111874,35.093433],[4393,952,-85.111791,35.093421],[4418,951,-85.111709,35.093409],[4443,951,-85.111626,35.093396],[4468,951,-85.111544,35.093384],[4493,951,-85.111462,35.093372],[4513,951,-85.111407,35.093403],[4538,951,-85.111372,35.093465],[4563,952,-85.111337,35.093528],[4588,952,-85.111302,35.09359],[4613,954,-85.111267,35.093652],[4638,956,-85.111232,35.093714],[4663,959,-85.111198,35.093777],[4687,959,-85.111211,35.093842],[4712,957,-85.111235,35.093907],[4737,954,-85.11126,35.093973],[4762,952,-85.111284,35.094039],[4787,948,-85.111308,35.094104],[4812,947,-85.111333,35.09417],[4837,943,-85.111357,35.094235],[4862,942,-85.111381,35.094301],[4887,940,-85.111405,35.094366],[4912,938,-85.111373,35.094429],[4936,936,-85.111339,35.094491],[4961,937,-85.111263,35.09452],[4986,938,-85.111187,35.094549],[5011,939,-85.111111,35.094577],[5036,940,-85.111034,35.094606],[5061,938,-85.110958,35.094634],[5086,940,-85.110882,35.094663],[5111,939,-85.110806,35.094692],[5136,937,-85.11073,35.09472],[5161,933,-85.110654,35.094749],[5186,931,-85.110578,35.094777],[5209,932,-85.110503,35.094769],[5234,930,-85.110429,35.094737],[5259,932,-85.110355,35.094705],[5284,932,-85.110281,35.094673],[5309,933,-85.110207,35.09464],[5334,934,-85.110134,35.094608],[5359,935,-85.11006,35.094576],[5384,936,-85.109986,35.094544],[5409,939,-85.109912,35.094511],[5431,939,-85.109868,35.094562],[5456,941,-85.109828,35.094622],[5481,941,-85.109788,35.094682],[5506,941,-85.109749,35.094742],[5531,941,-85.109709,35.094803],[5556,937,-85.109669,35.094863],[5581,934,-85.109629,35.094923],[5605,937,-85.10955,35.094931],[5630,939,-85.109466,35.094933],[5655,940,-85.109382,35.094935],[5680,941,-85.109298,35.094937],[5705,941,-85.109215,35.094939],[5730,940,-85.109131,35.094941],[5755,940,-85.109047,35.094943],[5780,939,-85.108964,35.094945],[5800,936,-85.108898,35.094959],[5825,930,-85.10891,35.095027],[5850,925,-85.108923,35.095095],[5875,921,-85.108936,35.095162],[5899,918,-85.10889,35.095214],[5924,914,-85.108831,35.095263],[5949,912,-85.108772,35.095311],[5974,910,-85.108712,35.09536],[5999,905,-85.108653,35.095408],[6019,906,-85.108588,35.095427],[6044,908,-85.108513,35.095396],[6069,910,-85.108438,35.095365],[6094,911,-85.108363,35.095335],[6119,913,-85.108288,35.095304],[6140,911,