{"trail":"Dogwood","distance":5911,"gain":171,"loss":194,"min":863,"max":996,"profile":[[0,886,-85.054843,35.048285],[25,886,-85.05492,35.048313],[50,886,-85.054997,35.04834],[75,888,-85.055073,35.048368],[100,887,-85.05515,35.048396],[125,887,-85.055227,35.048423],[150,887,-85.055303,35.048451],[175,890,-85.05538,35.048478],[200,887,-85.055457,35.048506],[225,886,-85.055533,35.048533],[250,884,-85.05561,35.048561],[275,881,-85.055687,35.048588],[300,878,-85.055754,35.048627],[325,876,-85.055812,35.048676],[350,871,-85.055871,35.048725],[375,870,-85.055929,35.048774],[400,871,-85.055988,35.048823],[425,869,-85.056046,35.048872],[450,869,-85.056105,35.048921],[475,871,-85.056163,35.04897],[500,872,-85.056222,35.049019],[525,874,-85.056281,35.049068],[550,877,-85.056339,35.049117],[575,879,-85.056398,35.049166],[600,881,-85.056456,35.049215],[625,885,-85.056515,35.049264],[650,887,-85.056573,35.049313],[675,892,-85.056632,35.049362],[700,894,-85.056691,35.049411],[725,895,-85.056761,35.049447],[750,897,-85.056832,35.049484],[775,898,-85.056903,35.04952],[800,899,-85.056974,35.049557],[825,900,-85.057045,35.049594],[850,902,-85.057115,35.04963],[875,902,-85.057186,35.049667],[900,904,-85.057257,35.049703],[925,903,-85.057328,35.04974],[950,903,-85.057398,35.049777],[975,905,-85.057469,35.049813],[999,905,-85.057545,35.04984],[1024,908,-85.057626,35.049858],[1049,908,-85.057707,35.049876],[1074,911,-85.057787,35.049894],[1099,912,-85.057868,35.049912],[1124,915,-85.057949,35.04993],[1149,916,-85.05803,35.049948],[1174,919,-85.058111,35.049966],[1199,918,-85.058191,35.049983],[1224,919,-85.058272,35.050001],[1249,917,-85.058353,35.050019],[1274,918,-85.058434,35.050037],[1299,916,-85.058515,35.050055],[1324,917,-85.058595,35.050073],[1349,916,-85.058676,35.050091],[1374,917,-85.058757,35.050109],[1399,917,-85.058838,35.050127],[1424,918,-85.058919,35.050145],[1449,918,-85.058999,35.050162],[1474,919,-85.05908,35.05018],[1499,919,-85.059161,35.050198],[1524,920,-85.059242,35.050216],[1549,919,-85.059323,35.050234],[1573,918,-85.059374,35.050184],[1598,918,-85.059423,35.050128],[1623,918,-85.059472,35.050073],[1648,919,-85.059522,35.050017],[1673,921,-85.059571,35.049962],[1698,925,-85.05962,35.049906],[1723,927,-85.059669,35.049851],[1748,928,-85.059741,35.049816],[1773,930,-85.059814,35.049782],[1798,932,-85.059886,35.049748],[1823,933,-85.059959,35.049714],[1848,936,-85.060032,35.04968],[1873,939,-85.060104,35.049646],[1898,940,-85.060177,35.049611],[1923,943,-85.060249,35.049577],[1948,947,-85.060322,35.049543],[1973,948,-85.060395,35.049509],[1998,952,-85.060467,35.049475],[2023,955,-85.06054,35.049441],[2048,954,-85.060612,35.049407],[2073,957,-85.060685,35.049373],[2098,960,-85.060758,35.049339],[2123,964,-85.06083,35.049304],[2148,964,-85.060903,35.04927],[2173,967,-85.060975,35.049236],[2198,965,-85.061022,35.04918],[2223,966,-85.061067,35.049122],[2248,966,-85.061112,35.049064],[2272,967,-85.061135,35.049],[2297,967,-85.061142,35.048932],[2322,968,-85.061149,35.048864],[2347,969,-85.061157,35.048796],[2372,970,-85.061164,35.048727],[2397,973,-85.061171,35.048659],[2422,977,-85.061179,35.048591],[2447,981,-85.061186,35.048523],[2472,986,-85.061193,35.048454],[2497,991,-85.061201,35.048386],[2522,994,-85.061208,35.048318],[2547,996,-85.061215,35.04825],[2572,995,-85.061223,35.048181],[2597,992,-85.06123,35.048113],[2622,987,-85.061237,35.048045],[2647,983,-85.061223,35.047977],[2672,980,-85.061208,35.04791],[2697,977,-85.061192,35.047843],[2722,974,-85.061176,35.047775],[2747,974,-85.061161,35.047708],[2771,974,-85.061169,35.047643],[2796,973,-85.061206,35.047582],[2821,972,-85.061243,35.047521],[2846,970,-85.061281,35.04746],[2871,967,-85.061318,35.047398],[2896,964,-85.061356,35.047337],[2921,962,-85.061389,35.047275],[2946,963,-85.061392,35.047206],[2971,964,-85.061396,35.047138],[2996,964,-85.0614,35.047069],[3021,964,-85.061404,35.047001],[3046,964,-85.061408,35.046932],[3071,963,-85.061411,35.046864],[3096,963,-85.061415,35.046795],[3121,962,-85.061419,35.046727],[3146,960,-85.061423,35.046659],[3171,959,-85.061427,35.04659],[3196,957,-85.06143,35.046522],[3220,955,-85.061411,35.046456],[3245,955,-85.061387,35.04639],[3270,953,-85.061363,35.046324],[3295,953,-85.06134,35.046258],[3320,950,-85.061316,35.046193],[3345,951,-85.061292,35.046127],[3370,948,-85.061269,35.046061],[3395,948,-85.061245,35.045995],[3420,944,-85.061221,35.04593],[3445,940,-85.061197,35.045864],[3470,934,-85.061174,35.045798],[3495,929,-85.061146,35.045736],[3520,931,-85.061071,35.045705],[3545,931,-85.060996,35.045674],[3570,930,-85.060921,35.045644],[3595,930,-85.060846,35.045613],[3620,931,-85.060771,35.045582],[3644,930,-85.060702,35.045545],[3669,932,-85.060645,35.045495],[3694,926,-85.060587,35.045446],[3719,928,-85.060529,35.045396],[3744,925,-85.060472,35.045346],[3769,925,-85.060414,35.045297],[3794,926,-85.060356,35.045247],[3819,922,-85.060298,35.045198],[3844,924,-85.06022,35.045177],[3869,922,-85.060139,35.045159],[3894,920,-85.060058,35.04514],[3919,921,-85.059978,35.045122],[3944,918,-85.059897,35.045104],[3969,917,-85.059816,35.045086],[3994,913,-85.059735,35.045067],[4019,913,-85.05966,35.045042],[4044,909,-85.059604,35.044991],[4069,907,-85.059549,35.04494],[4094,905,-85.059494,35.044888],[4119,904,-85.059438,35.044837],[4144,904,-85.059383,35.044786],[4169,902,-85.059327,35.044734],[4194,903,-85.059272,35.044683],[4219,903,-85.059216,35.044632],[4243,901,-85.059153,35.04459],[4268,902,-85.059074,35.044569],[4293,899,-85.058994,35.044548],[4318,899,-85.058914,35.044527],[4343,898,-85.058835,35.044506],[4368,896,-85.058755,35.044485],[4393,895,-85.058675,35.044464],[4418,894,-85.058596,35.044443],[4443,894,-85.058524,35.044409],[4468,893,-85.058455,35.04437],[4493,893,-85.058385,35.044332],[4518,891,-85.058316,35.044293],[4543,892,-85.058247,35.044254],[4568,891,-85.058178,35.044216],[4593,891,-85.058109,35.044177],[4618,890,-85.058039,35.044139],[4643,890,-85.05797,35.0441],[4668,888,-85.057901,35.044062],[4693,887,-85.057832,35.044023],[4718,886,-85.057763,35.043985],[4743,885,-85.057693,35.043946],[4768,885,-85.057624,35.043908],[4793,884,-85.057555,35.043869],[4817,884,-85.057491,35.043826],[4842,884,-85.057444,35.04377],[4867,883,-85.057396,35.043713],[4892,882,-85.057348,35.043657],[4917,881,-85.0573,35.043601],[4942,879,-85.057253,35.043544],[4967,878,-85.057205,35.043488],[4992,878,-85.057157,35.043432],[5017,877,-85.057109,35.043376],[5042,877,-85.057062,35.043319],[5067,876,-85.057014,35.043263],[5092,875,-85.056965,35.043207],[5117,874,-85.056891,35.043177],[5142,873,-85.056816,35.043146],[5167,872,-85.056741,35.043116],[5192,871,-85.056666,35.043085],[5217,871,-85.056591,35.043054],[5242,871,-85.056516,35.043024],[5267,871,-85.05644,35.042999],[5292,871,-85.056357,35.043006],[5317,872,-85.056274,35.043013],[5342,873,-85.05619,35.04302],[5367,875,-85.056107,35.043027],[5391,876,-85.056026,35.043025],[5416,875,-85.055951,35.042994],[5441,876,-85.055876,35.042964],[5466,875,-85.055801,35.042933],[5491,873,-85.055727,35.042902],[5516,872,-85.055651,35.042875],[5541,872,-85.055567,35.042878],[5566,873,-85.055484,35.042882],[5591,873,-85.0554,35.042885],[5616,873,-85.055316,35.042888],[5641,873,-85.055233,35.042892],[5666,875,-85.055149,35.042895],[5691,874,-85.055066,35.042898],[5716,874,-85.054982,35.042901],[5741,873,-85.054898,35.042905],[5766,871,-85.054815,35.042908],[5791,870,-85.054731,35.042911],[5816,868,-85.054648,35.042915],[5841,866,-85.054564,35.042918],[5866,865,-85.05448,35.042921],[5891,863,-85.054397,35.042925],[5911,863,-85.054328,35.042927]]}