{"trail":"Dogwood Ridge Trail","distance":9400,"gain":240,"loss":263,"min":879,"max":990,"profile":[[0,962,-85.115139,35.090347],[25,963,-85.115085,35.090295],[50,962,-85.11503,35.090243],[75,963,-85.114975,35.090191],[100,963,-85.11492,35.09014],[125,963,-85.114865,35.090088],[150,962,-85.11481,35.090036],[175,964,-85.114756,35.089984],[200,965,-85.114701,35.089933],[225,967,-85.114646,35.089881],[250,969,-85.114591,35.089829],[274,970,-85.114512,35.089816],[299,970,-85.114429,35.08981],[324,972,-85.114345,35.089805],[347,973,-85.114274,35.089826],[372,976,-85.114215,35.089875],[397,977,-85.114155,35.089923],[418,980,-85.114085,35.089929],[443,981,-85.114006,35.089905],[466,983,-85.113928,35.089901],[491,985,-85.113851,35.089927],[516,987,-85.113774,35.089954],[541,988,-85.113696,35.08998],[566,988,-85.113619,35.090006],[591,989,-85.113542,35.090033],[616,990,-85.113465,35.090059],[637,988,-85.113454,35.090116],[662,986,-85.113466,35.090184],[687,984,-85.113479,35.090251],[708,982,-85.113518,35.090298],[733,980,-85.1136,35.09031],[758,977,-85.113683,35.090321],[779,975,-85.113746,35.090346],[804,973,-85.113753,35.090415],[829,971,-85.11376,35.090483],[854,969,-85.113767,35.090551],[879,967,-85.113774,35.09062],[904,965,-85.113781,35.090688],[928,963,-85.113793,35.090754],[953,962,-85.113863,35.090792],[978,961,-85.113933,35.09083],[1003,962,-85.114002,35.090868],[1028,963,-85.114072,35.090906],[1052,966,-85.114126,35.090955],[1077,969,-85.114161,35.091017],[1102,970,-85.114197,35.091079],[1127,972,-85.114232,35.091141],[1151,974,-85.114277,35.091195],[1176,971,-85.114356,35.091219],[1201,970,-85.114434,35.091242],[1226,970,-85.114513,35.091266],[1251,967,-85.114591,35.09129],[1275,965,-85.114666,35.091315],[1300,967,-85.114634,35.091378],[1325,969,-85.114601,35.091441],[1350,968,-85.114568,35.091504],[1375,969,-85.114536,35.091567],[1400,968,-85.114503,35.09163],[1425,965,-85.114471,35.091693],[1450,959,-85.114438,35.091756],[1473,961,-85.114366,35.091781],[1498,959,-85.114284,35.091795],[1523,961,-85.114202,35.09181],[1548,958,-85.11412,35.091824],[1573,958,-85.114038,35.091839],[1598,959,-85.113957,35.091853],[1623,958,-85.113875,35.091867],[1648,960,-85.113793,35.091882],[1673,963,-85.113711,35.091896],[1697,968,-85.113636,35.091916],[1722,968,-85.113624,35.091984],[1747,970,-85.113613,35.092052],[1772,970,-85.113601,35.09212],[1797,970,-85.113589,35.092188],[1822,971,-85.113577,35.092256],[1845,971,-85.113612,35.092311],[1870,970,-85.113669,35.092361],[1895,970,-85.113727,35.092411],[1920,972,-85.113785,35.09246],[1945,971,-85.113842,35.09251],[1970,974,-85.1139,35.09256],[1995,976,-85.113958,35.092609],[2017,976,-85.11403,35.092622],[2042,976,-85.114112,35.092609],[2067,976,-85.114195,35.092596],[2092,972,-85.114277,35.092584],[2113,974,-85.114346,35.0926],[2138,977,-85.114398,35.092654],[2163,980,-85.114449,35.092708],[2187,981,-85.114516,35.092741],[2212,978,-85.114598,35.092754],[2237,975,-85.114681,35.092766],[2262,972,-85.114763,35.092779],[2285,969,-85.114835,35.092806],[2310,966,-85.114885,35.092861],[2335,964,-85.114935,35.092915],[2360,961,-85.114985,35.09297],[2381,958,-85.114991,35.093028],[2406,959,-85.11495,35.093087],[2431,961,-85.114909,35.093147],[2454,964,-85.114832,35.093158],[2479,969,-85.114748,35.093161],[2504,974,-85.114664,35.093164],[2529,978,-85.114581,35.093167],[2554,980,-85.114497,35.093169],[2579,981,-85.114413,35.093172],[2602,981,-85.114347,35.093199],[2627,981,-85.114302,35.093257],[2652,980,-85.114256,35.093315],[2677,980,-85.114211,35.093372],[2701,981,-85.11416,35.093425],[2726,984,-85.114085,35.093456],[2751,985,-85.11401,35.093486],[2776,986,-85.113936,35.093517],[2801,987,-85.113861,35.093548],[2826,987,-85.113786,35.093578],[2851,988,-85.113711,35.093609],[2876,987,-85.113636,35.093639],[2901,986,-85.113561,35.09367],[2925,985,-85.113481,35.093681],[2950,985,-85.113397,35.093677],[2975,984,-85.113314,35.093674],[3000,984,-85.11323,35.09367],[3025,982,-85.113146,35.093667],[3050,981,-85.113064,35.093675],[3075,977,-85.112985,35.093696],[3100,974,-85.112905,35.093717],[3125,970,-85.112825,35.093738],[3150,965,-85.112746,35.093759],[3175,962,-85.112666,35.09378],[3200,959,-85.112586,35.093801],[3225,957,-85.112506,35.093822],[3250,954,-85.112426,35.093807],[3275,950,-85.112345,35.093788],[3300,947,-85.112264,35.09377],[3325,947,-85.112208,35.093719],[3350,946,-85.112152,35.093668],[3375,947,-85.112096,35.093617],[3400,949,-85.112041,35.093566],[3425,950,-85.111985,35.093515],[3450,953,-85.111929,35.093464],[3473,953,-85.111861,35.093431],[3498,952,-85.111778,35.093419],[3523,951,-85.111696,35.093407],[3548,951,-85.111613,35.093394],[3573,951,-85.111531,35.093382],[3598,951,-85.111449,35.09337],[3619,951,-85.111401,35.093413],[3644,951,-85.111367,35.093475],[3669,952,-85.111332,35.093537],[3694,954,-85.111297,35.0936],[3719,954,-85.111262,35.093662],[3744,957,-85.111227,35.093724],[3769,959,-85.111192,35.093787],[3794,957,-85.111215,35.093852],[3819,957,-85.111239,35.093918],[3844,954,-85.111264,35.093983],[3869,952,-85.111288,35.094049],[3894,948,-85.111312,35.094115],[3919,946,-85.111336,35.09418],[3944,943,-85.111361,35.094246],[3969,941,-85.111385,35.094311],[3994,940,-85.111401,35.094376],[4019,938,-85.111368,35.094439],[4042,936,-85.111327,35.094496],[4067,939,-85.111251,35.094524],[4092,938,-85.111175,35.094553],[4117,939,-85.111099,35.094582],[4142,940,-85.111022,35.09461],[4167,939,-85.110946,35.094639],[4192,937,-85.11087,35.094667],[4217,939,-85.110794,35.094696],[4242,937,-85.110718,35.094725],[4267,933,-85.110642,35.094753],[4292,930,-85.110566,35.094782],[4316,932,-85.110491,35.094764],[4341,933,-85.110417,35.094732],[4366,933,-85.110344,35.0947],[4391,932,-85.11027,35.094668],[4416,933,-85.110196,35.094635],[4441,934,-85.110122,35.094603],[4466,935,-85.110048,35.094571],[4491,936,-85.109974,35.094539],[4514,939,-85.109902,35.094511],[4539,939,-85.109862,35.094571],[4564,940,-85.109822,35.094631],[4589,941,-85.109782,35.094692],[4614,941,-85.109742,35.094752],[4639,939,-85.109702,35.094812],[4664,939,-85.109662,35.094872],[4689,935,-85.10962,35.094929],[4714,938,-85.109536,35.094931],[4739,940,-85.109453,35.094933],[4764,940,-85.109369,35.094935],[4789,941,-85.109285,35.094937],[4814,941,-85.109202,35.094939],[4839,940,-85.109118,35.094941],[4864,940,-85.109034,35.094943],[4889,939,-85.10895,35.094945],[4906,936,-85.1089,35.09497],[4931,930,-85.108912,35.095038],[4956,925,-85.108925,35.095105],[4981,921,-85.108938,35.095173],[5006,918,-85.108881,35.095222],[5031,914,-85.108821,35.095271],[5056,912,-85.108762,35.095319],[5081,910,-85.108703,35.095368],[5106,905,-85.108644,35.095416],[5126,906,-85.108576,35.095422],[5151,908,-85.108501,35.095391],[5176,910,-85.108426,35.095361],[5201,913,-85.108351,35.09533],[5226,913,-85.108276,35.095299],[5250,911,-85.108231,35.095354],[5275,907,-85.108188,35.095412],[5300,905,-85.108144,35.095471],[5325,903,-85.1081,35.095529],[5350,900,-85.108057,35.095588],[5375,899,-85.108001,35.095637],[5400,898,-85.107934,35.095679],[5425,896,-85.107868,35.095721],[5450,895,-85.107802,35.095763],[5475,894,-85.107736,35.095805],[5500,893,-85.10767,35.095847],[5525,893,-85.107604,35.09589],[5550,891,-85.107538,35.095932],[5575,890,-85.107472,35.095974],[5599,890,-85.107392,35.095986],[5624,890,-85.107308,35.095991],[5649,889,-85.107225,35.095995],[5674,888,-85.107141,35.096],[5699,887,-85.107058,35.096004],[5724,886,-85.106974,35.096008],[5749,885,-85.10689,35.096013],[5774,885,-85.106807,35.096017],[5799,884,-85.106723,35.096022],[5824,883,-85.10664,35.096026],[5849,882,-85.106556,35.096031],[5874,880,-85.106472,35.096035],[5899,879,-85.106438,35.096097],[5924,879,-85.106405,35.09616],[5949,880,-85.106372,35.096223],[5974,883,-85.106338,35.096285],[5999,885,-85.106305,35.096348],[6024,891,-85.106272,35.096411],[6049,897,-85.106239,35.096474],[6074,899,-85.106205,35.096537],[6099,900,-85.106172,35.0966],[6124,899,-85.106139,35.096663],[6133,900,-85.106127,35.096685],[9116,