{"trail":"Double J","distance":7536,"gain":509,"loss":551,"min":859,"max":1009,"profile":[[0,967,-85.312486,35.078565],[25,968,-85.312404,35.078548],[50,972,-85.312323,35.078532],[75,974,-85.312242,35.078515],[99,974,-85.312169,35.078542],[124,972,-85.312098,35.078578],[149,970,-85.312026,35.078614],[174,966,-85.311955,35.07865],[199,958,-85.311884,35.078686],[224,952,-85.311813,35.078722],[249,940,-85.311741,35.078758],[274,934,-85.31167,35.078794],[299,931,-85.311599,35.07883],[324,924,-85.311527,35.078866],[349,924,-85.311456,35.078902],[374,923,-85.311385,35.078938],[399,924,-85.311314,35.078973],[424,928,-85.311242,35.079009],[449,931,-85.311171,35.079045],[474,935,-85.3111,35.079081],[499,941,-85.311028,35.079117],[524,947,-85.310957,35.079153],[549,953,-85.310886,35.079189],[574,960,-85.310815,35.079225],[599,965,-85.310743,35.079261],[624,969,-85.310672,35.079297],[649,972,-85.310601,35.079333],[674,974,-85.310529,35.079369],[699,975,-85.310458,35.079405],[724,975,-85.310387,35.079441],[749,975,-85.310316,35.079477],[774,973,-85.310244,35.079513],[799,972,-85.310173,35.079549],[824,973,-85.310102,35.079585],[849,975,-85.310031,35.079621],[874,976,-85.309959,35.079657],[899,982,-85.309888,35.079693],[924,988,-85.309817,35.079729],[949,990,-85.309745,35.079765],[974,993,-85.309674,35.079801],[999,992,-85.309603,35.079837],[1024,990,-85.309532,35.079872],[1049,987,-85.30946,35.079908],[1074,983,-85.309389,35.079944],[1099,979,-85.309318,35.07998],[1124,971,-85.309246,35.080016],[1149,962,-85.309175,35.080052],[1174,958,-85.309104,35.080088],[1193,960,-85.309169,35.080085],[1218,966,-85.309252,35.080077],[1243,969,-85.309335,35.080069],[1268,971,-85.309418,35.080061],[1293,976,-85.309501,35.080053],[1318,976,-85.309584,35.080044],[1342,978,-85.30966,35.080022],[1367,979,-85.309726,35.079979],[1392,976,-85.309791,35.079936],[1417,975,-85.309857,35.079894],[1442,968,-85.309923,35.079851],[1467,968,-85.309988,35.079809],[1492,962,-85.310054,35.079766],[1517,963,-85.31012,35.079724],[1540,961,-85.310195,35.079711],[1565,962,-85.310278,35.079721],[1590,964,-85.310361,35.07973],[1615,966,-85.310444,35.079739],[1640,963,-85.310527,35.079748],[1665,964,-85.31061,35.079757],[1690,963,-85.310693,35.079766],[1715,962,-85.310776,35.079775],[1739,954,-85.310835,35.07982],[1764,950,-85.310888,35.079874],[1789,942,-85.310941,35.079927],[1814,935,-85.310999,35.079972],[1839,931,-85.311081,35.079986],[1864,924,-85.311163,35.079999],[1889,921,-85.311245,35.080012],[1914,918,-85.311328,35.080026],[1939,918,-85.31141,35.080039],[1962,913,-85.311382,35.080101],[1987,907,-85.311349,35.080164],[2012,903,-85.311317,35.080227],[2037,897,-85.311284,35.08029],[2062,894,-85.311252,35.080353],[2087,888,-85.311219,35.080416],[2112,884,-85.311187,35.08048],[2137,879,-85.311154,35.080543],[2162,881,-85.311122,35.080606],[2187,877,-85.311089,35.080669],[2211,880,-85.311082,35.080732],[2236,887,-85.311113,35.080796],[2261,886,-85.311144,35.08086],[2281,895,-85.311209,35.08088],[2306,903,-85.311292,35.080875],[2331,907,-85.311376,35.08087],[2356,908,-85.311459,35.080866],[2381,911,-85.311543,35.080861],[2406,912,-85.311626,35.080857],[2431,912,-85.31171,35.080852],[2456,912,-85.311793,35.080847],[2481,910,-85.311877,35.080843],[2506,908,-85.311961,35.080838],[2531,904,-85.312044,35.080833],[2556,902,-85.312128,35.080829],[2581,895,-85.312211,35.080824],[2606,888,-85.312295,35.080819],[2631,880,-85.312378,35.080815],[2654,874,-85.312447,35.080787],[2679,871,-85.312501,35.080734],[2704,869,-85.312555,35.080682],[2729,865,-85.312608,35.080629],[2751,859,-85.312624,35.08057],[2776,866,-85.3126,35.080504],[2801,865,-85.312576,35.080439],[2826,870,-85.312552,35.080373],[2851,877,-85.312528,35.080308],[2876,872,-85.312504,35.080242],[2901,875,-85.31248,35.080176],[2926,870,-85.312456,35.080111],[2933,878,-85.312435,35.080105],[2958,884,-85.312417,35.080172],[2983,897,-85.312399,35.080239],[3008,901,-85.312381,35.080306],[3033,902,-85.312363,35.080373],[3058,907,-85.312345,35.08044],[3083,906,-85.312327,35.080507],[3108,907,-85.312309,35.080574],[3132,903,-85.312287,35.080637],[3157,910,-85.312204,35.080644],[3182,917,-85.312121,35.08065],[3207,919,-85.312037,35.080657],[3232,922,-85.311954,35.080664],[3257,923,-85.311871,35.08067],[3282,922,-85.311787,35.080677],[3307,921,-85.311704,35.080683],[3331,918,-85.311623,35.080686],[3356,917,-85.311563,35.080637],[3381,916,-85.311504,35.080589],[3406,911,-85.311445,35.08054],[3425,917,-85.311499,35.080513],[3450,920,-85.311578,35.08049],[3475,924,-85.311657,35.080467],[3500,927,-85.311736,35.080444],[3522,928,-85.311796,35.080413],[3547,929,-85.311783,35.080345],[3572,930,-85.31177,35.080277],[3597,931,-85.311757,35.08021],[3622,930,-85.311743,35.080142],[3647,931,-85.31173,35.080074],[3672,932,-85.311717,35.080007],[3695,931,-85.311667,35.079957],[3720,933,-85.311601,35.079914],[3745,934,-85.311536,35.079871],[3770,937,-85.31147,35.079828],[3795,941,-85.311405,35.079785],[3820,945,-85.31134,35.079743],[3840,954,-85.311296,35.079703],[3865,951,-85.311377,35.079685],[3890,952,-85.311458,35.079667],[3913,951,-85.311531,35.07964],[3938,955,-85.311577,35.079583],[3963,958,-85.311624,35.079526],[3988,959,-85.31167,35.079469],[4013,959,-85.311717,35.079412],[4022,957,-85.311733,35.079432],[4047,952,-85.311729,35.0795],[4072,947,-85.311726,35.079569],[4097,943,-85.311723,35.079637],[4122,941,-85.311719,35.079706],[4147,938,-85.311716,35.079774],[4164,936,-85.311725,35.07982],[4189,937,-85.311787,35.079774],[4214,933,-85.311849,35.079728],[4239,932,-85.311911,35.079681],[4264,928,-85.311973,35.079635],[4289,930,-85.312035,35.079589],[4314,932,-85.312097,35.079543],[4339,935,-85.312158,35.079497],[4361,939,-85.312223,35.079467],[4386,939,-85.312299,35.079495],[4411,934,-85.312376,35.079524],[4436,929,-85.312452,35.079552],[4461,925,-85.312528,35.079581],[4486,922,-85.312604,35.079609],[4511,920,-85.31268,35.079638],[4534,919,-85.312757,35.079642],[4559,920,-85.312834,35.079616],[4584,920,-85.312912,35.07959],[4609,917,-85.312989,35.079564],[4634,912,-85.313067,35.079538],[4659,906,-85.313144,35.079512],[4682,902,-85.313203,35.079472],[4707,895,-85.31323,35.079407],[4732,890,-85.313256,35.079342],[4757,887,-85.313223,35.07928],[4782,890,-85.313186,35.079219],[4807,895,-85.313148,35.079158],[4832,900,-85.313111,35.079097],[4857,907,-85.313074,35.079035],[4882,910,-85.313036,35.078974],[4907,915,-85.312999,35.078913],[4924,918,-85.313016,35.078868],[4949,921,-85.313093,35.07884],[4974,923,-85.31317,35.078813],[4999,922,-85.313247,35.078786],[5024,917,-85.313323,35.078758],[5049,912,-85.3134,35.078731],[5073,904,-85.313474,35.078702],[5098,903,-85.313501,35.078637],[5123,897,-85.313527,35.078572],[5148,894,-85.313554,35.078507],[5166,899,-85.313497,35.078518],[5191,908,-85.313421,35.078548],[5216,913,-85.313346,35.078577],[5241,923,-85.31327,35.078606],[5266,932,-85.313194,35.078636],[5291,937,-85.313119,35.078665],[5316,938,-85.313043,35.078694],[5341,935,-85.312967,35.078724],[5366,937,-85.312892,35.078753],[5391,934,-85.312816,35.078782],[5415,930,-85.312744,35.078813],[5440,925,-85.312758,35.078881],[5465,924,-85.312772,35.078948],[5490,922,-85.312786,35.079016],[5515,925,-85.312801,35.079083],[5540,928,-85.312815,35.079151],[5565,926,-85.312829,35.079218],[5590,927,-85.312843,35.079286],[5613,930,-85.312823,35.079345],[5638,932,-85.312767,35.079396],[5663,933,-85.312711,35.079447],[5687,935,-85.312654,35.079493],[5712,938,-85.312587,35.079452],[5737,943,-85.31252,35.079411],[5760,946,-85.312476,35.079358],[5785,948,-85.312456,35.079291],[5810,952,-85.312437,35.079224],[5835,954,-85.312417,35.079158],[5860,957,-85.312398,35.079091],[5885,957,-85.312378,35.079024],[5910,956,-85.312358,35.078958],[5935,958,-85.312339,35.078891],[5960,958,-85.312349,35.078824],[5985,957,-85.312366,35.078757],[6010,959,-85.312382,35.07869],[6035,963,-85.312399,35.078623],[6059,967,-85.312458,35.078575],[6084,969,-85.31252,35.07853],[6109,972,-85.312582,35.078484],[6134,