{"trail":"Double J","distance":7683,"gain":485,"loss":465,"min":858,"max":1010,"profile":[[0,954,-85.309095,35.080092],[25,960,-85.309179,35.080084],[50,966,-85.309262,35.080076],[75,969,-85.309345,35.080068],[100,971,-85.309428,35.08006],[125,976,-85.309511,35.080052],[150,976,-85.309594,35.080044],[174,978,-85.309668,35.080017],[199,979,-85.309733,35.079974],[224,976,-85.309799,35.079931],[249,975,-85.309865,35.079889],[274,970,-85.30993,35.079846],[299,968,-85.309996,35.079804],[324,962,-85.310062,35.079761],[349,962,-85.310127,35.079719],[372,961,-85.310205,35.079713],[397,962,-85.310288,35.079722],[422,964,-85.310371,35.079731],[447,966,-85.310454,35.07974],[472,963,-85.310537,35.079749],[497,964,-85.31062,35.079758],[522,963,-85.310703,35.079767],[547,962,-85.310786,35.079776],[572,954,-85.310841,35.079827],[597,950,-85.310894,35.07988],[622,940,-85.310947,35.079933],[646,935,-85.311009,35.079974],[671,928,-85.311091,35.079987],[696,924,-85.311173,35.080001],[721,921,-85.311255,35.080014],[746,918,-85.311337,35.080027],[769,918,-85.31141,35.080045],[794,913,-85.311378,35.080108],[819,907,-85.311345,35.080171],[844,901,-85.311313,35.080234],[869,897,-85.31128,35.080298],[894,894,-85.311248,35.080361],[919,888,-85.311215,35.080424],[944,884,-85.311183,35.080487],[969,880,-85.31115,35.08055],[994,881,-85.311118,35.080613],[1019,877,-85.311085,35.080676],[1042,880,-85.311086,35.08074],[1067,887,-85.311117,35.080804],[1092,885,-85.311148,35.080867],[1113,895,-85.311218,35.080879],[1138,903,-85.311302,35.080875],[1163,907,-85.311386,35.08087],[1188,908,-85.311469,35.080865],[1213,911,-85.311553,35.080861],[1238,912,-85.311636,35.080856],[1263,912,-85.31172,35.080851],[1288,911,-85.311803,35.080847],[1313,909,-85.311887,35.080842],[1338,908,-85.31197,35.080837],[1363,904,-85.312054,35.080833],[1388,902,-85.312137,35.080828],[1413,895,-85.312221,35.080824],[1438,888,-85.312305,35.080819],[1463,880,-85.312388,35.080814],[1486,874,-85.312454,35.080781],[1511,871,-85.312507,35.080728],[1536,869,-85.312561,35.080675],[1561,858,-85.312614,35.080623],[1583,859,-85.312621,35.080562],[1608,866,-85.312597,35.080497],[1633,865,-85.312573,35.080431],[1658,870,-85.312549,35.080365],[1683,875,-85.312525,35.0803],[1708,872,-85.312501,35.080234],[1733,875,-85.312477,35.080169],[1758,870,-85.312453,35.080103],[1766,878,-85.312432,35.080113],[1791,884,-85.312415,35.08018],[1816,897,-85.312397,35.080247],[1841,901,-85.312379,35.080314],[1866,903,-85.312361,35.080381],[1891,907,-85.312343,35.080448],[1916,904,-85.312325,35.080515],[1941,907,-85.312307,35.080582],[1963,903,-85.312277,35.080638],[1988,910,-85.312194,35.080645],[2013,917,-85.312111,35.080651],[2038,919,-85.312027,35.080658],[2063,922,-85.311944,35.080664],[2088,923,-85.311861,35.080671],[2113,922,-85.311777,35.080678],[2138,921,-85.311694,35.080684],[2161,918,-85.311616,35.08068],[2186,917,-85.311556,35.080631],[2211,914,-85.311497,35.080583],[2236,911,-85.311438,35.080534],[2259,917,-85.311508,35.08051],[2284,922,-85.311587,35.080487],[2309,924,-85.311666,35.080464],[2334,927,-85.311745,35.080442],[2354,929,-85.311795,35.080405],[2379,929,-85.311782,35.080337],[2404,930,-85.311768,35.080269],[2429,929,-85.311755,35.080202],[2454,930,-85.311742,35.080134],[2479,931,-85.311729,35.080066],[2504,932,-85.311715,35.079999],[2528,933,-85.311659,35.079952],[2553,933,-85.311593,35.079909],[2578,934,-85.311528,35.079866],[2603,937,-85.311463,35.079823],[2628,941,-85.311397,35.07978],[2653,949,-85.311332,35.079737],[2669,954,-85.311306,35.079701],[2694,951,-85.311387,35.079683],[2719,952,-85.311467,35.079665],[2742,954,-85.311536,35.079634],[2767,955,-85.311583,35.079577],[2792,956,-85.311629,35.07952],[2817,957,-85.311676,35.079463],[2842,959,-85.311722,35.079406],[2855,957,-85.311732,35.07944],[2880,952,-85.311729,35.079508],[2905,947,-85.311726,35.079577],[2930,943,-85.311722,35.079645],[2955,940,-85.311719,35.079714],[2980,937,-85.311716,35.079782],[2993,936,-85.311733,35.079814],[3018,937,-85.311795,35.079768],[3043,933,-85.311856,35.079722],[3068,932,-85.311918,35.079676],[3093,928,-85.31198,35.07963],[3118,930,-85.312042,35.079583],[3143,931,-85.312104,35.079537],[3168,939,-85.312166,35.079491],[3189,939,-85.312232,35.07947],[3214,934,-85.312308,35.079498],[3239,934,-85.312385,35.079527],[3264,929,-85.312461,35.079556],[3289,926,-85.312537,35.079584],[3314,922,-85.312613,35.079613],[3339,920,-85.312689,35.079641],[3362,919,-85.312766,35.079639],[3387,920,-85.312843,35.079613],[3412,918,-85.312921,35.079587],[3437,917,-85.312998,35.079561],[3462,912,-85.313076,35.079535],[3487,906,-85.313153,35.079509],[3510,902,-85.313207,35.079464],[3535,895,-85.313233,35.079399],[3560,890,-85.313256,35.079334],[3585,887,-85.313219,35.079273],[3610,891,-85.313181,35.079212],[3635,895,-85.313144,35.079151],[3660,900,-85.313107,35.079089],[3685,907,-85.313069,35.079028],[3710,912,-85.313032,35.078967],[3735,915,-85.312994,35.078905],[3752,918,-85.313025,35.078864],[3777,921,-85.313102,35.078837],[3802,922,-85.313179,35.07881],[3827,922,-85.313256,35.078782],[3852,918,-85.313332,35.078755],[3877,912,-85.313409,35.078728],[3901,904,-85.313477,35.078694],[3926,903,-85.313504,35.078629],[3951,897,-85.31353,35.078564],[3976,894,-85.313557,35.078499],[3998,899,-85.313488,35.078522],[4023,908,-85.313412,35.078551],[4048,918,-85.313337,35.078581],[4073,923,-85.313261,35.07861],[4098,932,-85.313185,35.078639],[4123,937,-85.31311,35.078669],[4148,938,-85.313034,35.078698],[4173,935,-85.312958,35.078727],[4198,937,-85.312883,35.078757],[4223,934,-85.312807,35.078786],[4246,930,-85.312745,35.078821],[4271,925,-85.31276,35.078889],[4296,924,-85.312774,35.078956],[4321,922,-85.312788,35.079024],[4346,925,-85.312802,35.079091],[4371,928,-85.312817,35.079159],[4396,926,-85.312831,35.079226],[4421,927,-85.312845,35.079294],[4443,930,-85.312816,35.079351],[4468,932,-85.31276,35.079402],[4493,933,-85.312704,35.079453],[4515,935,-85.312646,35.079488],[4540,938,-85.312579,35.079447],[4565,943,-85.312512,35.079406],[4588,947,-85.312474,35.07935],[4613,949,-85.312454,35.079283],[4638,952,-85.312434,35.079216],[4663,954,-85.312415,35.07915],[4688,957,-85.312395,35.079083],[4713,957,-85.312376,35.079017],[4738,959,-85.312356,35.07895],[4763,958,-85.312336,35.078883],[4788,958,-85.312351,35.078816],[4813,957,-85.312368,35.078749],[4838,961,-85.312384,35.078682],[4863,965,-85.312403,35.078616],[4888,967,-85.312465,35.07857],[4913,969,-85.312527,35.078524],[4938,972,-85.31259,35.078478],[4963,976,-85.312652,35.078433],[4988,972,-85.312715,35.078387],[5013,970,-85.312777,35.078341],[5035,969,-85.312801,35.078284],[5060,970,-85.312789,35.078217],[5085,975,-85.312777,35.078149],[5110,975,-85.312765,35.078081],[5135,974,-85.312753,35.078013],[5160,979,-85.312741,35.077945],[5185,977,-85.312729,35.077878],[5210,976,-85.312717,35.07781],[5235,972,-85.312705,35.077742],[5260,977,-85.312693,35.077674],[5285,974,-85.312681,35.077606],[5310,977,-85.312668,35.077538],[5335,987,-85.312661,35.077472],[5360,992,-85.31271,35.077416],[5385,991,-85.312759,35.077361],[5410,999,-85.312808,35.077305],[5435,998,-85.312858,35.077249],[5460,1006,-85.312907,35.077194],[5485,1010,-85.312956,35.077138],[5510,1003,-85.313005,35.077083],[5535,1005,-85.313054,35.077027],[5560,1003,-85.313103,35.076972],[5585,1004,-85.313152,35.076916],[5610,1004,-85.313201,35.076861],[5635,1000,-85.31325,35.076805],[5660,997,-85.313299,35.07675],[5685,987,-85.313348,35.076694],[5710,990,-85.313397,35.076639],[5735,991,-85.313446,35.076583],[5760,997,-85.313495,35.076528],[5785,1001,-85.313544,35.076472],[5810,1001,-85.313593,35.076417],[5835,1002,-85.313643,35.076361],[5858,998,-85.313709,35.076328],[5883,991,-85.313792,35.076316],[5908,985,-85.313874,35.076304],[5933,981,-85.313956,35.076292],[5958,973,-85.314039,35.07628],[5983,966,-85.314121,35.076268],[6008,961,-85.314204,35.076256],[6033,957,-85.314286,35.076243],[6058,949,-85.314368,35.076231],[6083,944,-85.314451,35.076219],[6105,937,