{"trail":"Duodenum","distance":15756,"gain":500,"loss":363,"min":4781,"max":5170,"profile":[[0,4801,-121.492862,43.933749],[35,4800,-121.492824,43.933656],[108,4802,-121.492652,43.933498],[176,4803,-121.492536,43.933334],[243,4806,-121.492419,43.93317],[310,4806,-121.492303,43.933006],[399,4808,-121.492199,43.932773],[488,4808,-121.492096,43.932541],[589,4810,-121.492043,43.932268],[668,4814,-121.491965,43.932057],[748,4821,-121.491888,43.931846],[848,4821,-121.491812,43.931576],[870,4820,-121.491807,43.931516],[897,4819,-121.491838,43.931445],[939,4820,-121.491892,43.931339],[994,4821,-121.492012,43.931214],[1027,4824,-121.492137,43.931203],[1091,4834,-121.492379,43.931207],[1161,4844,-121.492593,43.931092],[1221,4850,-121.492798,43.931019],[1240,4853,-121.492866,43.931001],[1264,4857,-121.492938,43.930959],[1329,4861,-121.493077,43.930812],[1362,4863,-121.493165,43.93075],[1474,4872,-121.4935,43.930557],[1500,4874,-121.493586,43.930523],[1524,4877,-121.493675,43.930512],[1555,4883,-121.493792,43.93052],[1592,4886,-121.493918,43.930568],[1626,4890,-121.494048,43.93057],[1647,4892,-121.494116,43.930538],[1697,4895,-121.494241,43.930438],[1726,4898,-121.494352,43.930431],[1771,4904,-121.494466,43.930523],[1807,4906,-121.494567,43.930592],[1843,4907,-121.494701,43.93059],[1888,4911,-121.494833,43.930511],[1919,4912,-121.494937,43.930552],[1963,4916,-121.495104,43.930542],[1992,4918,-121.495198,43.930502],[2029,4920,-121.495278,43.930418],[2093,4922,-121.495298,43.930243],[2216,4931,-121.495237,43.929909],[2264,4934,-121.495263,43.929778],[2316,4941,-121.495332,43.929644],[2351,4944,-121.495389,43.929557],[2405,4952,-121.495509,43.929438],[2440,4957,-121.495612,43.929375],[2510,4963,-121.495862,43.929308],[2538,4966,-121.495952,43.929267],[2593,4973,-121.496095,43.929157],[2640,4978,-121.496178,43.929043],[2736,4984,-121.496219,43.928783],[2831,4991,-121.496261,43.928523],[2883,4994,-121.49634,43.928392],[2968,5002,-121.496502,43.928193],[2998,5004,-121.4965,43.928111],[3047,5007,-121.496445,43.927982],[3072,5007,-121.496402,43.927919],[3127,5008,-121.496262,43.927807],[3172,5007,-121.496168,43.927705],[3285,5011,-121.496073,43.927403],[3320,5013,-121.496064,43.927307],[3358,5015,-121.496092,43.927204],[3402,5017,-121.496097,43.927084],[3448,5016,-121.496063,43.926962],[3476,5017,-121.496063,43.926883],[3541,5020,-121.49612,43.926711],[3614,5021,-121.49615,43.926512],[3687,5025,-121.49618,43.926313],[3730,5028,-121.496266,43.926213],[3827,5037,-121.496577,43.926069],[3871,5041,-121.49673,43.926018],[3936,5048,-121.496962,43.925962],[3960,5051,-121.497053,43.925958],[3988,5052,-121.497154,43.925986],[4082,5059,-121.497466,43.926114],[4121,5059,-121.497604,43.926151],[4169,5062,-121.497785,43.926171],[4208,5066,-121.497932,43.926159],[4236,5070,-121.498032,43.926133],[4273,5075,-121.498126,43.926058],[4393,5088,-121.498355,43.925772],[4422,5089,-121.498391,43.925698],[4495,5091,-121.498421,43.925498],[4574,5092,-121.498543,43.925301],[4608,5093,-121.498653,43.92525],[4648,5094,-121.49878,43.925192],[4671,5094,-121.498855,43.925159],[4704,5094,-121.498943,43.925092],[4750,5094,-121.499046,43.924993],[4762,5093,-121.499082,43.924971],[4796,5094,-121.499209,43.92496],[4819,5096,-121.499296,43.924978],[4925,5103,-121.499635,43.925135],[4989,5109,-121.499864,43.925194],[5034,5113,-121.500002,43.925268],[5089,5120,-121.500137,43.92538],[5216,5130,-121.500416,43.925667],[5265,5133,-121.500558,43.925753],[5326,5136,-121.500717,43.925875],[5389,5140,-121.500906,43.925981],[5437,5140,-121.50095,43.926108],[5514,5139,-121.500941,43.926318],[5538,5141,-121.500985,43.926378],[5584,5142,-121.501114,43.926464],[5654,5143,-121.50122,43.926639],[5724,5144,-121.501326,43.926814],[5831,5144,-121.501557,43.927056],[5925,5147,-121.501723,43.927285],[6016,5153,-121.501914,43.927493],[6145,5162,-121.502106,43.927819],[6253,5162,-121.502214,43.928103],[6306,5159,-121.502246,43.928247],[6423,5156,-121.50224,43.928568],[6491,5154,-121.502138,43.928739],[6617,5165,-121.502013,43.929074],[6693,5164,-121.501908,43.929267],[6769,5168,-121.501802,43.92946],[6886,5173,-121.501676,43.929768],[6969,5167,-121.501544,43.929976],[7087,5167,-121.501414,43.930285],[7154,5167,-121.501299,43.930448],[7228,5169,-121.501212,43.930641],[7302,5171,-121.501125,43.930834],[7390,5173,-121.500968,43.931046],[7420,5174,-121.50089,43.931109],[7467,5175,-121.500751,43.93119],[7528,5168,-121.50054,43.931258],[7600,5166,-121.500318,43.931373],[7672,5156,-121.500115,43.931506],[7750,5151,-121.499948,43.931682],[7778,5153,-121.499872,43.931737],[7805,5148,-121.499844,43.931807],[7847,5145,-121.499764,43.931907],[7870,5137,-121.499674,43.931911],[7882,5136,-121.499659,43.931883],[7896,5136,-121.49969,43.931852],[7913,5141,-121.499724,43.931812],[7929,5139,-121.499739,43.931767],[7948,5139,-121.499724,43.931716],[7964,5130,-121.499665,43.93171],[7994,5126,-121.499569,43.931756],[8028,5122,-121.499505,43.931835],[8059,5117,-121.499418,43.931894],[8113,5113,-121.499327,43.932027],[8193,5100,-121.499246,43.932239],[8221,5096,-121.499239,43.932315],[8303,5091,-121.499282,43.932536],[8328,5090,-121.499278,43.932606],[8356,5084,-121.499246,43.93268],[8381,5084,-121.499192,43.932734],[8415,5076,-121.499075,43.932773],[8439,5072,-121.498982,43.932763],[8459,5072,-121.49895,43.932713],[8482,5069,-121.498904,43.932659],[8504,5066,-121.49883,43.93263],[8521,5066,-121.498768,43.932624],[8539,5061,-121.498734,43.932666],[8555,5061,-121.498685,43.932693],[8569,5058,-121.498654,43.932659],[8591,5058,-121.498593,43.932699],[8610,5054,-121.498547,43.932659],[8640,5052,-121.498448,43.932619],[8661,5049,-121.498386,43.932584],[8693,5047,-121.498371,43.932673],[8712,5045,-121.498337,43.932717],[8733,5043,-121.49826,43.932695],[8765,5042,-121.498225,43.932611],[8839,5041,-121.498131,43.93242],[8866,5042,-121.498084,43.932355],[8879,5037,-121.498041,43.932373],[8903,5036,-121.497989,43.932426],[8921,5035,-121.498027,43.932469],[8939,5035,-121.498001,43.932515],[9042,5021,-121.497952,43.932795],[9064,5019,-121.497931,43.932853],[9168,5011,-121.497832,43.933127],[9183,5006,-121.497776,43.933138],[9201,5007,-121.497745,43.933094],[9213,5007,-121.497733,43.933061],[9239,5002,-121.497653,43.933021],[9270,4996,-121.497604,43.933098],[9326,4988,-121.497494,43.933228],[9364,4981,-121.497365,43.933179],[9485,4978,-121.497143,43.933469],[9531,4971,-121.497012,43.933552],[9599,4966,-121.496782,43.93364],[9646,4959,-121.496627,43.933706],[9658,4955,-121.496585,43.933715],[9671,4952,-121.496556,43.933684],[9685,4952,-121.496561,43.933646],[9705,4951,-121.496535,43.933596],[9714,4947,-121.496504,43.933605],[9730,4948,-121.496458,43.933636],[9741,4948,-121.496433,43.933658],[9770,4943,-121.496357,43.933601],[9780,4939,-121.496336,43.933576],[9809,4936,-121.496306,43.933501],[9825,4936,-121.496292,43.933457],[9837,4935,-121.496259,43.933435],[9869,4928,-121.496143,43.933462],[9901,4923,-121.49603,43.933424],[9958,4913,-121.495816,43.933412],[10046,4903,-121.495507,43.933315],[10096,4898,-121.495338,43.933376],[10131,4891,-121.495221,43.933329],[10172,4887,-121.495085,43.933383],[10202,4885,-121.495008,43.933445],[10275,4878,-121.494737,43.933397],[10333,4870,-121.494616,43.93353],[10373,4865,-121.4945,43.93346],[10422,4864,-121.494449,43.933589],[10479,4855,-121.494248,43.933529],[10511,4851,-121.494129,43.933545],[10548,4844,-121.494019,43.93348],[10588,4840,-121.493894,43.933541],[10649,4833,-121.493683,43.933471],[10704,4826,-121.493536,43.933579],[10742,4820,-121.493418,43.93364],[10778,4816,-121.493328,43.933714],[10804,4813,-121.493235,43.93369],[10857,4812,-121.493089,43.93359],[10875,4807,-121.493052,43.933631],[10914,4802,-121.492996,43.93373],[10950,4801,-121.492862,43.933749],[10950,4801,-121.492862,43.933749],[11003,4797,-121.492782,43.933882],[11041,4794,-121.492725,43.933979],[11070,4790,-121.492647,43.934033],[11113,4787,-121.492495,43.934074],[11152,4783,-121.492352,43.934109],[11211,4781,-121.492164,43.934195],[11263,4778,