{"trail":"East Rim","distance":6579,"gain":325,"loss":232,"min":1689,"max":1865,"profile":[[0,1742,-85.385334,35.042471],[25,1732,-85.385289,35.042528],[50,1719,-85.385243,35.042585],[75,1710,-85.385198,35.042643],[100,1696,-85.385152,35.0427],[125,1689,-85.385106,35.042758],[150,1690,-85.385061,35.042815],[175,1702,-85.385015,35.042873],[200,1718,-85.38497,35.04293],[225,1723,-85.384924,35.042988],[250,1731,-85.384878,35.043045],[275,1734,-85.384833,35.043103],[300,1739,-85.384787,35.04316],[325,1742,-85.384721,35.0432],[350,1745,-85.38465,35.043236],[375,1750,-85.384578,35.043271],[400,1753,-85.384506,35.043306],[425,1757,-85.384434,35.043341],[450,1761,-85.384362,35.043377],[475,1762,-85.384291,35.043412],[500,1764,-85.384219,35.043447],[525,1765,-85.384147,35.043482],[550,1765,-85.384075,35.043518],[575,1766,-85.384004,35.043553],[600,1767,-85.383932,35.043588],[625,1767,-85.38386,35.043624],[650,1767,-85.383788,35.043659],[675,1767,-85.383717,35.043694],[700,1767,-85.383645,35.043729],[725,1767,-85.383573,35.043765],[750,1767,-85.383501,35.0438],[775,1767,-85.383429,35.043835],[800,1767,-85.383358,35.04387],[825,1768,-85.383286,35.043906],[850,1768,-85.383214,35.043941],[875,1768,-85.383142,35.043976],[900,1768,-85.383071,35.044011],[925,1768,-85.382999,35.044047],[950,1767,-85.382927,35.044082],[975,1764,-85.382855,35.044117],[999,1766,-85.382831,35.04418],[1024,1767,-85.382814,35.044247],[1049,1766,-85.382797,35.044314],[1074,1765,-85.382781,35.044381],[1099,1764,-85.382764,35.044448],[1124,1763,-85.382747,35.044516],[1149,1761,-85.38273,35.044583],[1174,1759,-85.382714,35.04465],[1199,1757,-85.382697,35.044717],[1224,1754,-85.38268,35.044784],[1249,1753,-85.382663,35.044851],[1272,1754,-85.38263,35.04491],[1297,1756,-85.382566,35.044954],[1322,1758,-85.382502,35.044999],[1347,1762,-85.382438,35.045043],[1372,1764,-85.382373,35.045087],[1397,1767,-85.382309,35.045131],[1422,1771,-85.382245,35.045175],[1447,1776,-85.382181,35.045219],[1472,1780,-85.382117,35.045263],[1497,1782,-85.382093,35.045328],[1522,1782,-85.382069,35.045394],[1547,1783,-85.382045,35.04546],[1572,1783,-85.382022,35.045526],[1595,1784,-85.381976,35.045576],[1620,1784,-85.381901,35.045607],[1645,1781,-85.381826,35.045637],[1670,1779,-85.381751,35.045668],[1678,1773,-85.381727,35.045661],[1703,1778,-85.38177,35.045602],[1728,1780,-85.381813,35.045543],[1753,1782,-85.381857,35.045485],[1778,1784,-85.3819,35.045426],[1803,1783,-85.381943,35.045367],[1828,1782,-85.381987,35.045309],[1853,1781,-85.38203,35.04525],[1878,1778,-85.382073,35.045191],[1903,1773,-85.382116,35.045133],[1928,1769,-85.38216,35.045074],[1953,1764,-85.382203,35.045016],[1978,1759,-85.382246,35.044957],[2003,1756,-85.38229,35.044898],[2028,1751,-85.382333,35.04484],[2053,1746,-85.382376,35.044781],[2078,1745,-85.38242,35.044722],[2103,1747,-85.382463,35.044664],[2128,1751,-85.382506,35.044605],[2153,1754,-85.38255,35.044546],[2178,1759,-85.382593,35.044488],[2203,1762,-85.382636,35.044429],[2228,1764,-85.38268,35.044371],[2253,1765,-85.382723,35.044312],[2270,1766,-85.382754,35.044272],[2295,1765,-85.382722,35.044336],[2320,1764,-85.38269,35.044399],[2345,1763,-85.382657,35.044462],[2370,1760,-85.382625,35.044525],[2395,1757,-85.382593,35.044588],[2420,1753,-85.38256,35.044652],[2445,1752,-85.382528,35.044715],[2470,1749,-85.382496,35.044778],[2494,1752,-85.382442,35.044826],[2519,1754,-85.38237,35.044861],[2544,1756,-85.382298,35.044896],[2569,1759,-85.382226,35.044931],[2594,1761,-85.382154,35.044966],[2619,1764,-85.382082,35.045001],[2644,1766,-85.38201,35.045036],[2669,1764,-85.381938,35.04507],[2691,1769,-85.381897,35.045122],[2716,1775,-85.381888,35.04519],[2741,1776,-85.381879,35.045258],[2766,1779,-85.381871,35.045326],[2791,1781,-85.381862,35.045394],[2815,1779,-85.38182,35.045449],[2840,1776,-85.381757,35.045493],[2863,1767,-85.381708,35.045543],[2888,1767,-85.381708,35.045612],[2913,1769,-85.381708,35.04568],[2938,1770,-85.381708,35.045749],[2963,1772,-85.381708,35.045817],[2988,1774,-85.381708,35.045886],[3013,1776,-85.381708,35.045954],[3038,1778,-85.381708,35.046023],[3063,1780,-85.381708,35.046092],[3088,1781,-85.381708,35.04616],[3113,1782,-85.381708,35.046229],[3137,1784,-85.3817,35.046295],[3162,1781,-85.381659,35.046355],[3187,1779,-85.381618,35.046415],[3211,1782,-85.381609,35.046479],[3236,1788,-85.381624,35.046547],[3261,1789,-85.381639,35.046614],[3286,1792,-85.381653,35.046682],[3311,1797,-85.381668,35.046749],[3336,1800,-85.381683,35.046817],[3361,1802,-85.381698,35.046884],[3385,1804,-85.3817,35.046951],[3410,1806,-85.381672,35.047015],[3435,1807,-85.381644,35.04708],[3460,1808,-85.381616,35.047144],[3485,1810,-85.381588,35.047209],[3510,1811,-85.38156,35.047274],[3535,1812,-85.381532,35.047338],[3560,1816,-85.381504,35.047403],[3585,1818,-85.381476,35.047467],[3610,1821,-85.381448,35.047532],[3635,1823,-85.38142,35.047596],[3660,1826,-85.381392,35.047661],[3685,1830,-85.381363,35.047725],[3710,1834,-85.38131,35.047778],[3735,1835,-85.381257,35.047831],[3760,1839,-85.381204,35.047884],[3785,1840,-85.381151,35.047937],[3810,1840,-85.381098,35.04799],[3835,1838,-85.381045,35.048043],[3860,1839,-85.380992,35.048096],[3885,1837,-85.380939,35.048149],[3910,1832,-85.380886,35.048202],[3935,1829,-85.380833,35.048256],[3960,1828,-85.38078,35.048309],[3985,1827,-85.380727,35.048362],[4010,1826,-85.380674,35.048415],[4035,1825,-85.380621,35.048468],[4060,1827,-85.380568,35.048521],[4085,1828,-85.380515,35.048574],[4110,1830,-85.380462,35.048627],[4135,1832,-85.380409,35.04868],[4159,1840,-85.380422,35.048743],[4184,1845,-85.380449,35.048807],[4209,1849,-85.380476,35.048872],[4234,1851,-85.380503,35.048937],[4259,1852,-85.38053,35.049002],[4284,1853,-85.380558,35.049067],[4309,1854,-85.380585,35.049131],[4334,1853,-85.380612,35.049196],[4357,1854,-85.380629,35.04926],[4382,1855,-85.380583,35.049317],[4407,1855,-85.380538,35.049375],[4432,1856,-85.380492,35.049433],[4457,1856,-85.380447,35.04949],[4482,1856,-85.380401,35.049548],[4507,1856,-85.380356,35.049605],[4532,1856,-85.38031,35.049663],[4557,1856,-85.380265,35.04972],[4582,1856,-85.380219,35.049778],[4607,1855,-85.380174,35.049835],[4632,1855,-85.380128,35.049893],[4657,1855,-85.380083,35.04995],[4682,1855,-85.380037,35.050008],[4707,1855,-85.379992,35.050065],[4732,1856,-85.379947,35.050123],[4750,1856,-85.379887,35.050126],[4775,1858,-85.379818,35.050088],[4798,1858,-85.379794,35.050028],[4823,1858,-85.379789,35.049959],[4848,1859,-85.379783,35.049891],[4873,1859,-85.379778,35.049822],[4898,1860,-85.379806,35.049759],[4923,1860,-85.379839,35.049696],[4948,1861,-85.379872,35.049633],[4973,1861,-85.379905,35.04957],[4998,1862,-85.379938,35.049507],[5023,1863,-85.379971,35.049444],[5048,1864,-85.380004,35.049381],[5072,1864,-85.380032,35.049318],[5097,1865,-85.379989,35.049259],[5116,1864,-85.379925,35.049247],[5141,1863,-85.379847,35.049271],[5166,1862,-85.379768,35.049294],[5190,1861,-85.379713,35.049339],[5215,1863,-85.379675,35.0494],[5240,1860,-85.379638,35.049462],[5265,1862,-85.3796,35.049523],[5290,1864,-85.379563,35.049584],[5315,1863,-85.379526,35.049646],[5340,1863,-85.379488,35.049707],[5365,1863,-85.379451,35.049768],[5390,1863,-85.379413,35.049829],[5415,1863,-85.379376,35.049891],[5440,1862,-85.379338,35.049952],[5465,1862,-85.379301,35.050013],[5490,1862,-85.379269,35.050076],[5515,1861,-85.379242,35.050141],[5540,1860,-85.379215,35.050206],[5565,1861,-85.379188,35.050271],[5590,1860,-85.379161,35.050336],[5615,1860,-85.379133,35.050401],[5640,1857,-85.379106,35.050465],[5665,1855,-85.379079,35.05053],[5690,1854,-85.379052,35.050595],[5715,1852,-85.379025,35.05066],[5740,1850,-85.378998,35.050725],[5765,1851,-85.378971,35.05079],[5790,1850,-85.378944,35.050854],[5815,1848,-85.378916,35.050919],[5840,1849,-85.378889,35.050984],[5865,1847,-85.378862,35.051049],[5890,1847,-85.378835,35.051114],[5915,1845,-85.378808,35.051179],[5940,1844,-85.378781,35.051243],[5965,1843,-85.378754,35.051308],[5989,1842,-85.378754,35.051376],