{"trail":"East Rim","distance":8255,"gain":262,"loss":286,"min":1689,"max":1864,"profile":[[0,1766,-85.38276,35.044262],[25,1765,-85.382727,35.044326],[50,1764,-85.382695,35.044389],[75,1763,-85.382662,35.044452],[100,1760,-85.38263,35.044515],[125,1758,-85.382598,35.044578],[150,1753,-85.382565,35.044642],[175,1752,-85.382533,35.044705],[200,1749,-85.382501,35.044768],[224,1750,-85.382453,35.04482],[249,1751,-85.382381,35.044855],[274,1754,-85.382309,35.04489],[299,1756,-85.382237,35.044925],[324,1759,-85.382165,35.04496],[349,1760,-85.382093,35.044995],[374,1763,-85.382021,35.04503],[399,1764,-85.381949,35.045065],[421,1769,-85.381898,35.045111],[446,1775,-85.38189,35.045179],[471,1779,-85.381881,35.045247],[496,1778,-85.381872,35.045316],[521,1781,-85.381863,35.045384],[545,1779,-85.38183,35.045442],[570,1776,-85.381767,35.045486],[594,1767,-85.381708,35.045533],[619,1767,-85.381708,35.045601],[644,1769,-85.381708,35.04567],[669,1770,-85.381708,35.045738],[694,1771,-85.381708,35.045807],[719,1773,-85.381708,35.045875],[744,1775,-85.381708,35.045944],[769,1777,-85.381708,35.046012],[794,1779,-85.381708,35.046081],[819,1780,-85.381708,35.046149],[844,1782,-85.381708,35.046218],[869,1784,-85.381706,35.046286],[894,1785,-85.381665,35.046346],[919,1783,-85.381625,35.046406],[943,1781,-85.381607,35.046469],[968,1784,-85.381622,35.046536],[993,1789,-85.381636,35.046604],[1018,1792,-85.381651,35.046671],[1043,1797,-85.381666,35.046739],[1068,1800,-85.381681,35.046806],[1093,1802,-85.381695,35.046874],[1117,1804,-85.381705,35.046941],[1142,1806,-85.381677,35.047005],[1167,1806,-85.381649,35.04707],[1192,1807,-85.381621,35.047134],[1217,1810,-85.381593,35.047199],[1242,1811,-85.381565,35.047263],[1267,1812,-85.381536,35.047328],[1292,1816,-85.381508,35.047393],[1317,1816,-85.38148,35.047457],[1342,1820,-85.381452,35.047522],[1367,1823,-85.381424,35.047586],[1392,1826,-85.381396,35.047651],[1417,1831,-85.381368,35.047715],[1442,1831,-85.381318,35.04777],[1467,1835,-85.381265,35.047823],[1492,1836,-85.381212,35.047876],[1517,1840,-85.381159,35.047929],[1542,1837,-85.381106,35.047982],[1567,1838,-85.381053,35.048035],[1592,1837,-85.381,35.048088],[1617,1837,-85.380947,35.048141],[1642,1834,-85.380894,35.048194],[1667,1829,-85.380841,35.048247],[1692,1827,-85.380788,35.0483],[1717,1827,-85.380735,35.048353],[1742,1826,-85.380682,35.048406],[1767,1825,-85.380629,35.048459],[1792,1825,-85.380576,35.048512],[1817,1828,-85.380523,35.048565],[1842,1829,-85.38047,35.048618],[1867,1832,-85.380417,35.048672],[1889,1839,-85.380417,35.048732],[1914,1845,-85.380444,35.048797],[1939,1847,-85.380472,35.048862],[1964,1850,-85.380499,35.048927],[1989,1852,-85.380526,35.048992],[2014,1853,-85.380553,35.049056],[2039,1854,-85.380581,35.049121],[2064,1853,-85.380608,35.049186],[2089,1854,-85.380635,35.049251],[2114,1855,-85.38059,35.049308],[2139,1855,-85.380545,35.049366],[2164,1856,-85.380499,35.049423],[2189,1856,-85.380454,35.049481],[2214,1856,-85.380408,35.049539],[2239,1857,-85.380363,35.049596],[2264,1856,-85.380317,35.049654],[2289,1856,-85.380272,35.049711],[2314,1856,-85.380227,35.049769],[2339,1855,-85.380181,35.049826],[2364,1855,-85.380136,35.049884],[2389,1855,-85.38009,35.049941],[2414,1855,-85.380045,35.049999],[2439,1855,-85.379999,35.050056],[2464,1855,-85.379954,35.050114],[2482,1856,-85.379898,35.050132],[2507,1857,-85.379828,35.050094],[2529,1858,-85.379795,35.050038],[2554,1858,-85.37979,35.04997],[2579,1859,-85.379784,35.049902],[2604,1859,-85.379779,35.049833],[2629,1860,-85.379801,35.049769],[2654,1860,-85.379834,35.049706],[2679,1861,-85.379866,35.049643],[2704,1861,-85.379899,35.04958],[2729,1862,-85.379932,35.049517],[2754,1863,-85.379965,35.049454],[2779,1864,-85.379998,35.049391],[2804,1864,-85.380031,35.049328],[2828,1864,-85.379995,35.049269],[2847,1864,-85.379938,35.049244],[2872,1863,-85.379859,35.049267],[2897,1864,-85.37978,35.04929],[2921,1861,-85.379719,35.049329],[2946,1860,-85.379681,35.049391],[2971,1860,-85.379644,35.049452],[2996,1863,-85.379606,35.049513],[3021,1864,-85.379569,35.049575],[3046,1863,-85.379531,35.049636],[3071,1863,-85.379494,35.049697],[3096,1863,-85.379457,35.049759],[3121,1863,-85.379419,35.04982],[3146,1863,-85.379382,35.049881],[3171,1862,-85.379344,35.049942],[3196,1862,-85.379307,35.050004],[3221,1862,-85.379273,35.050066],[3246,1861,-85.379246,35.050131],[3271,1860,-85.379219,35.050196],[3296,1861,-85.379192,35.050261],[3321,1860,-85.379165,35.050326],[3346,1860,-85.379138,35.05039],[3371,1857,-85.379111,35.050455],[3396,1855,-85.379083,35.05052],[3421,1854,-85.379056,35.050585],[3446,1852,-85.379029,35.05065],[3471,1850,-85.379002,35.050715],[3496,1851,-85.378975,35.050779],[3521,1850,-85.378948,35.050844],[3546,1850,-85.378921,35.050909],[3571,1849,-85.378894,35.050974],[3596,1847,-85.378866,35.051039],[3621,1847,-85.378839,35.051104],[3646,1845,-85.378812,35.051168],[3671,1844,-85.378785,35.051233],[3696,1843,-85.378758,35.051298],[3720,1842,-85.378753,35.051365],[3745,1842,-85.378763,35.051433],[3770,1841,-85.378772,35.051501],[3795,1840,-85.378782,35.051569],[3819,1838,-85.378783,35.051636],[3844,1835,-85.37875,35.051699],[3869,1830,-85.378717,35.051762],[3894,1826,-85.378684,35.051825],[3910,1825,-85.378686,35.051868],[3935,1827,-85.37877,35.051864],[3960,1828,-85.378854,35.05186],[3985,1827,-85.378937,35.051856],[4010,1825,-85.379021,35.051852],[4035,1827,-85.37908,35.051805],[4060,1825,-85.379137,35.051755],[4085,1827,-85.379195,35.051705],[4110,1827,-85.379252,35.051655],[4135,1827,-85.37931,35.051605],[4160,1832,-85.379367,35.051556],[4181,1832,-85.379437,35.051549],[4206,1831,-85.379516,35.051572],[4231,1833,-85.379595,35.051596],[4256,1834,-85.379673,35.051619],[4281,1834,-85.379752,35.051643],[4306,1837,-85.379831,35.051666],[4316,1835,-85.379863,35.051676],[6570,1769,-85.381708,35.045685],[6595,1778,-85.381783,35.045655],[6620,1783,-85.381858,35.045624],[6645,1784,-85.381933,35.045594],[6670,1784,-85.382008,35.045563],[6695,1783,-85.382032,35.045498],[6720,1782,-85.382055,35.045432],[6745,1782,-85.382079,35.045366],[6770,1781,-85.382103,35.0453],[6794,1777,-85.382144,35.045244],[6819,1775,-85.382208,35.0452],[6844,1770,-85.382273,35.045156],[6869,1767,-85.382337,35.045112],[6894,1762,-85.382401,35.045068],[6919,1760,-85.382465,35.045024],[6944,1757,-85.382529,35.04498],[6969,1756,-85.382593,35.044936],[6993,1753,-85.382654,35.04489],[7018,1753,-85.38267,35.044823],[7043,1754,-85.382687,35.044756],[7068,1757,-85.382704,35.044688],[7093,1760,-85.382721,35.044621],[7118,1762,-85.382737,35.044554],[7143,1764,-85.382754,35.044487],[7168,1765,-85.382771,35.04442],[7193,1766,-85.382788,35.044353],[7218,1767,-85.382805,35.044286],[7243,1766,-85.382821,35.044218],[7268,1766,-85.382838,35.044151],[7291,1766,-85.382886,35.044102],[7316,1768,-85.382958,35.044067],[7341,1768,-85.383029,35.044032],[7366,1768,-85.383101,35.043996],[7391,1768,-85.383173,35.043961],[7416,1768,-85.383245,35.043926],[7441,1767,-85.383316,35.043891],[7466,1767,-85.383388,35.043855],[7491,1767,-85.38346,35.04382],[7516,1767,-85.383532,35.043785],[7541,1767,-85.383603,35.04375],[7566,1767,-85.383675,35.043714],[7591,1767,-85.383747,35.043679],[7616,1767,-85.383819,35.043644],[7641,1767,-85.383891,35.043609],[7666,1766,-85.383962,35.043573],[7691,1766,-85.384034,35.043538],[7716,1765,-85.384106,35.043503],[7741,1764,-85.384178,35.043468],[7766,1763,-85.384249,35.043432],[7791,1762,-85.384321,35.043397],[7816,1760,-85.384393,35.043362],[7841,1756,-85.384465,35.043326],[7866,1753,-85.384537,35.043291],[7891,1749,-85.384608,35.043256],[7916,1745,-85.38468,35.043221],[7941,1742,-85.384752,35.043185],[7965,1737,-85.384806,35.043136],[7990,1733,-85.384852,35.043078],[8015,1727,-85.384898,35.043021],[8040,1722,-85.384943,35.042963],[8065,1710,-85.384989,35.042906],[8090,1695,-85.385035,35.042848],[8115,1690,-85.38508,35.042791],[8140,1689,-85.385126,35.042733],[8165,1700,-85.385171,35.042676],[8190,1710,-85.385217,35.042619],[8215,1722,