{"trail":"East Fugett","distance":2670,"gain":290,"loss":49,"min":1569,"max":1811,"profile":[[0,1569,-85.422027,34.875281],[25,1571,-85.421984,34.875223],[50,1573,-85.421941,34.875164],[75,1574,-85.421898,34.875105],[100,1575,-85.421855,34.875046],[123,1576,-85.421793,34.875009],[148,1578,-85.421712,34.874991],[173,1579,-85.421631,34.874974],[198,1581,-85.42155,34.874957],[223,1582,-85.42147,34.87494],[248,1583,-85.421389,34.874923],[273,1584,-85.421308,34.874906],[298,1585,-85.421227,34.874888],[323,1588,-85.421146,34.874871],[348,1589,-85.421065,34.874854],[373,1595,-85.420984,34.874837],[398,1597,-85.420903,34.87482],[423,1602,-85.420823,34.874803],[448,1601,-85.420742,34.874786],[473,1602,-85.420661,34.874768],[498,1601,-85.420583,34.874747],[523,1606,-85.42053,34.874694],[548,1608,-85.420476,34.874642],[573,1612,-85.420423,34.874589],[597,1611,-85.420366,34.87454],[622,1611,-85.420286,34.874523],[647,1610,-85.420205,34.874506],[672,1611,-85.420124,34.874489],[697,1610,-85.420043,34.874471],[722,1611,-85.419962,34.874454],[747,1612,-85.419881,34.874437],[772,1612,-85.4198,34.87442],[796,1614,-85.419776,34.874356],[821,1616,-85.419756,34.87429],[846,1621,-85.419736,34.874223],[867,1627,-85.41979,34.874187],[892,1637,-85.419866,34.87416],[910,1640,-85.419822,34.874129],[935,1642,-85.419748,34.874098],[960,1644,-85.419673,34.874066],[985,1639,-85.419599,34.874035],[1010,1643,-85.419525,34.874003],[1035,1643,-85.419451,34.873972],[1060,1643,-85.419377,34.87394],[1085,1644,-85.419303,34.873908],[1110,1651,-85.419273,34.873845],[1135,1658,-85.419244,34.87378],[1152,1666,-85.419302,34.873781],[1177,1664,-85.419383,34.873799],[1202,1673,-85.419464,34.873816],[1227,1674,-85.419544,34.873834],[1252,1683,-85.419625,34.873851],[1277,1684,-85.419706,34.873869],[1302,1690,-85.419787,34.873886],[1327,1689,-85.419867,34.873904],[1352,1693,-85.419948,34.873921],[1377,1689,-85.420029,34.873939],[1402,1693,-85.42011,34.873956],[1427,1690,-85.42019,34.873974],[1452,1695,-85.420271,34.873991],[1477,1694,-85.420352,34.874009],[1488,1698,-85.420321,34.873992],[1513,1695,-85.420246,34.873962],[1538,1697,-85.420171,34.873932],[1563,1699,-85.420096,34.873902],[1588,1703,-85.420021,34.873872],[1613,1708,-85.419946,34.873842],[1638,1710,-85.419871,34.873811],[1663,1712,-85.419796,34.873781],[1688,1704,-85.419721,34.873751],[1713,1706,-85.419646,34.873721],[1738,1705,-85.419571,34.873691],[1763,1702,-85.419496,34.873661],[1788,1699,-85.419421,34.873631],[1813,1700,-85.419346,34.8736],[1838,1698,-85.419277,34.873563],[1863,1698,-85.41921,34.873522],[1888,1700,-85.419143,34.873481],[1913,1699,-85.419076,34.87344],[1938,1700,-85.419008,34.873399],[1963,1704,-85.418941,34.873358],[1988,1707,-85.418874,34.873317],[2013,1706,-85.418807,34.873277],[2038,1707,-85.41874,34.873236],[2063,1712,-85.418673,34.873195],[2088,1713,-85.418606,34.873154],[2113,1722,-85.418539,34.873113],[2138,1719,-85.418476,34.873069],[2163,1721,-85.418424,34.873015],[2188,1729,-85.418373,34.872961],[2213,1731,-85.418322,34.872907],[2238,1732,-85.418271,34.872853],[2263,1739,-85.418219,34.872799],[2279,1745,-85.418213,34.872754],[2304,1759,-85.41829,34.872727],[2326,1769,-85.418364,34.872726],[2351,1769,-85.418434,34.872764],[2376,1772,-85.418504,34.872801],[2401,1779,-85.418574,34.872839],[2426,1780,-85.418644,34.872876],[2451,1785,-85.418714,34.872914],[2476,1783,-85.418784,34.872951],[2501,1788,-85.418854,34.872989],[2526,1790,-85.418929,34.873013],[2551,1798,-85.419012,34.873018],[2576,1802,-85.419096,34.873024],[2601,1805,-85.419179,34.87303],[2626,1808,-85.419262,34.873036],[2651,1811,-85.419345,34.873041],[2670,1810,-85.419409,34.873046]]}