{"trail":"Elko Point","distance":2008,"gain":0,"loss":101,"min":4200,"max":4306,"profile":[[0,4310,-121.449103,43.911846],[90,4309,-121.448863,43.912022],[119,4309,-121.448789,43.91208],[186,4307,-121.448543,43.912133],[263,4304,-121.448301,43.912251],[338,4300,-121.448027,43.912304],[396,4297,-121.447805,43.912324],[439,4295,-121.44768,43.912251],[471,4292,-121.447617,43.912175],[496,4292,-121.447608,43.912106],[528,4290,-121.447588,43.91202],[549,4290,-121.447521,43.911988],[576,4288,-121.447431,43.911954],[618,4284,-121.447279,43.911917],[642,4282,-121.447207,43.911875],[688,4274,-121.447068,43.911801],[729,4273,-121.447005,43.911697],[790,4269,-121.446974,43.911533],[801,4269,-121.44694,43.911513],[817,4266,-121.446887,43.911533],[858,4265,-121.446824,43.911636],[880,4262,-121.446759,43.911675],[915,4256,-121.446633,43.91171],[991,4254,-121.446382,43.911814],[1036,4252,-121.446212,43.911822],[1073,4246,-121.446075,43.911804],[1099,4249,-121.445981,43.911828],[1140,4251,-121.445878,43.911912],[1188,4251,-121.445717,43.911972],[1252,4252,-121.445567,43.912112],[1311,4251,-121.445381,43.912204],[1343,4249,-121.445296,43.912264],[1395,4247,-121.445181,43.91238],[1427,4244,-121.445067,43.912414],[1451,4241,-121.44498,43.912435],[1476,4238,-121.444899,43.912467],[1501,4239,-121.444863,43.912532],[1529,4237,-121.444805,43.912595],[1565,4234,-121.444711,43.912668],[1589,4235,-121.44468,43.912729],[1608,4232,-121.444648,43.912776],[1650,4231,-121.444558,43.912871],[1687,4228,-121.444487,43.91296],[1723,4227,-121.444382,43.913023],[1771,4224,-121.44424,43.913107],[1801,4226,-121.444178,43.913176],[1820,4222,-121.44413,43.913213],[1870,4215,-121.443956,43.913266],[1907,4207,-121.443815,43.913283],[1934,4203,-121.443716,43.91326],[1961,4200,-121.443644,43.913208],[1982,4193,-121.443575,43.913181],[2008,4181,-121.443474,43.913179]]}