{"trail":"ELV","distance":4525,"gain":31,"loss":22,"min":4050,"max":4089,"profile":[[0,4048,-121.396891,44.014698],[88,4049,-121.397193,44.014802],[153,4050,-121.397404,44.014894],[249,4051,-121.397694,44.015058],[267,4051,-121.397759,44.015074],[291,4052,-121.397846,44.01506],[350,4052,-121.398035,44.014973],[368,4053,-121.398104,44.014974],[401,4053,-121.398217,44.015012],[474,4054,-121.398442,44.01513],[547,4055,-121.398667,44.015249],[615,4056,-121.398801,44.015409],[694,4057,-121.398927,44.015606],[773,4058,-121.399053,44.015803],[880,4058,-121.399108,44.016094],[918,4058,-121.399167,44.016189],[992,4060,-121.399388,44.016313],[1021,4061,-121.399453,44.016378],[1047,4061,-121.399488,44.016444],[1086,4061,-121.39951,44.016549],[1157,4061,-121.399486,44.016743],[1261,4059,-121.399499,44.017028],[1286,4060,-121.399531,44.017093],[1320,4061,-121.399624,44.01716],[1343,4061,-121.399704,44.017183],[1418,4063,-121.399986,44.017209],[1507,4065,-121.400318,44.017267],[1549,4065,-121.400448,44.017333],[1650,4064,-121.400722,44.017527],[1679,4064,-121.400809,44.017575],[1710,4066,-121.400922,44.017602],[1782,4070,-121.401196,44.017584],[1854,4078,-121.401471,44.017566],[1890,4079,-121.401601,44.01759],[1935,4079,-121.401753,44.01765],[1968,4081,-121.401848,44.017707],[2003,4081,-121.401933,44.017784],[2110,4078,-121.402142,44.018035],[2185,4079,-121.40235,44.018175],[2209,4080,-121.402429,44.018209],[2226,4083,-121.402492,44.018209],[2252,4087,-121.40257,44.018164],[2289,4090,-121.402631,44.018072],[2311,4092,-121.402687,44.018026],[2329,4094,-121.402754,44.018031],[2354,4094,-121.402814,44.018084],[2404,4094,-121.402876,44.018215],[2466,4091,-121.402906,44.018382],[2491,4090,-121.402891,44.018451],[2520,4088,-121.402846,44.018524],[2628,4079,-121.402606,44.018762],[2685,4078,-121.402534,44.018911],[2717,4074,-121.402528,44.018999],[2836,4073,-121.402614,44.019317],[2861,4075,-121.402688,44.019362],[2926,4082,-121.402934,44.019377],[2960,4085,-121.403057,44.01941],[3062,4084,-121.403382,44.019561],[3090,4085,-121.40349,44.019571],[3133,4087,-121.403646,44.019541],[3184,4086,-121.403837,44.019565],[3216,4086,-121.403948,44.019604],[3251,4084,-121.404051,44.019666],[3315,4078,-121.40415,44.019825],[3344,4076,-121.404231,44.019882],[3428,4076,-121.404544,44.01992],[3461,4076,-121.40464,44.019981],[3487,4074,-121.404668,44.020047],[3521,4073,-121.404643,44.020141],[3570,4070,-121.404552,44.020256],[3599,4069,-121.404526,44.020333],[3667,4069,-121.404539,44.020521],[3705,4068,-121.404567,44.020623],[3725,4067,-121.404619,44.020663],[3755,4067,-121.404731,44.020661],[3815,4072,-121.404859,44.020524],[3845,4073,-121.404956,44.020481],[3860,4073,-121.405014,44.02048],[3885,4074,-121.405103,44.020507],[3943,4076,-121.40529,44.020592],[3964,4072,-121.40537,44.020598],[3978,4077,-121.405419,44.020584],[4000,4081,-121.405463,44.020533],[4035,4084,-121.405498,44.02044],[4062,4084,-121.405594,44.020412],[4159,4084,-121.40596,44.020424],[4229,4081,-121.40621,44.020495],[4256,4077,-121.406291,44.020539],[4279,4074,-121.406322,44.020599],[4303,4070,-121.406304,44.020663],[4355,4063,-121.406264,44.020802],[4383,4060,-121.406216,44.020871],[4470,4053,-121.405958,44.021023],[4496,4050,-121.40589,44.021073],[4525,4047,-121.405867,44.02115]]}