{"trail":"Escape from Moscow","distance":7786,"gain":461,"loss":0,"min":3645,"max":4111,"profile":[[0,3642,-121.032695,43.944271],[78,3643,-121.032731,43.944058],[203,3643,-121.032717,43.943717],[297,3645,-121.032765,43.943461],[391,3648,-121.032813,43.943204],[453,3649,-121.032813,43.943035],[528,3652,-121.032721,43.942841],[603,3655,-121.032628,43.942646],[673,3657,-121.032514,43.942473],[743,3660,-121.0324,43.942299],[818,3662,-121.032301,43.942107],[938,3668,-121.032215,43.941783],[1069,3676,-121.032202,43.941425],[1124,3678,-121.03222,43.941274],[1199,3682,-121.032293,43.941075],[1247,3685,-121.032378,43.940958],[1296,3689,-121.032506,43.940861],[1328,3695,-121.032571,43.940786],[1394,3702,-121.032637,43.940613],[1472,3703,-121.032678,43.940402],[1550,3711,-121.032718,43.94019],[1599,3716,-121.032698,43.940057],[1719,3720,-121.032602,43.939735],[1757,3718,-121.032522,43.939647],[1783,3719,-121.032467,43.939586],[1804,3720,-121.032392,43.939575],[1822,3722,-121.032325,43.939586],[1859,3727,-121.032257,43.939497],[1934,3730,-121.032174,43.9393],[1979,3736,-121.032157,43.939176],[2074,3742,-121.032165,43.938916],[2201,3754,-121.032075,43.938574],[2325,3758,-121.032089,43.938236],[2358,3764,-121.032065,43.938147],[2399,3769,-121.032036,43.938035],[2438,3772,-121.032029,43.937928],[2491,3774,-121.032056,43.937786],[2585,3777,-121.032157,43.937538],[2679,3782,-121.032259,43.93729],[2747,3787,-121.032354,43.937117],[2815,3791,-121.03245,43.936945],[2883,3796,-121.032545,43.936772],[2950,3799,-121.032641,43.9366],[3015,3804,-121.03278,43.936452],[3097,3815,-121.032983,43.936283],[3179,3823,-121.033185,43.936113],[3234,3830,-121.033309,43.93599],[3303,3838,-121.03342,43.935819],[3372,3847,-121.033531,43.935648],[3445,3853,-121.033637,43.935462],[3519,3856,-121.033744,43.935276],[3592,3860,-121.03385,43.935089],[3666,3861,-121.033957,43.934903],[3724,3867,-121.034074,43.934766],[3841,3882,-121.034162,43.934453],[3913,3893,-121.034247,43.934266],[3984,3901,-121.034332,43.934079],[4085,3907,-121.034406,43.933808],[4170,3911,-121.034543,43.933598],[4278,3923,-121.034761,43.933348],[4353,3926,-121.034877,43.933159],[4428,3931,-121.034994,43.93297],[4480,3937,-121.035103,43.932852],[4532,3941,-121.035267,43.932775],[4620,3949,-121.035589,43.932708],[4698,3958,-121.03586,43.932618],[4768,3967,-121.036111,43.932552],[4838,3973,-121.036362,43.932487],[4877,3978,-121.036486,43.932431],[4894,3982,-121.036522,43.93239],[4917,3986,-121.036522,43.932327],[4944,3991,-121.036473,43.932264],[5029,3996,-121.036233,43.932106],[5055,3999,-121.036146,43.932072],[5169,3993,-121.035737,43.931971],[5237,3991,-121.035519,43.931869],[5314,3998,-121.035242,43.931799],[5428,4014,-121.034812,43.931845],[5504,4026,-121.034534,43.931899],[5628,4037,-121.034079,43.931986],[5703,4032,-121.033971,43.932178],[5766,4036,-121.033751,43.932247],[5799,4043,-121.033676,43.932178],[5837,4049,-121.033531,43.932174],[5869,4055,-121.033445,43.932112],[5905,4063,-121.033407,43.932016],[5967,4067,-121.033574,43.931896],[6005,4069,-121.033674,43.931819],[6039,4073,-121.033632,43.931733],[6072,4078,-121.033546,43.931667],[6147,4084,-121.033266,43.931618],[6230,4087,-121.032962,43.931564],[6312,4085,-121.032658,43.931511],[6397,4082,-121.032368,43.931407],[6487,4081,-121.032076,43.931279],[6577,4083,-121.031784,43.931151],[6622,4084,-121.031628,43.9311],[6644,4089,-121.031542,43.931093],[6683,4089,-121.031395,43.931106],[6758,4094,-121.031116,43.931149],[6845,4100,-121.030784,43.931149],[6897,4098,-121.030605,43.931206],[6949,4093,-121.030448,43.931293],[6987,4092,-121.030313,43.931334],[7029,4092,-121.030156,43.931324],[7097,4094,-121.029907,43.931267],[7166,4097,-121.029657,43.931211],[7261,4100,-121.029324,43.931114],[7345,4102,-121.029015,43.931045],[7430,4104,-121.028707,43.930976],[7506,4108,-121.028439,43.930898],[7582,4109,-121.028171,43.930819],[7658,4110,-121.027903,43.930741],[7710,4111,-121.027732,43.930669],[7749,4115,-121.027626,43.930595],[7786,4115,-121.027566,43.930504]]}