{"trail":"Escalator","distance":12447,"gain":227,"loss":968,"min":745,"max":1486,"profile":[[0,1486,-85.316455,35.137476],[25,1479,-85.316373,35.137489],[50,1475,-85.316291,35.137502],[75,1471,-85.316209,35.137516],[97,1470,-85.316135,35.137523],[122,1466,-85.316149,35.137455],[147,1462,-85.316164,35.137388],[172,1461,-85.316179,35.13732],[197,1457,-85.316194,35.137253],[222,1453,-85.316208,35.137185],[247,1452,-85.316223,35.137118],[272,1450,-85.316238,35.13705],[290,1447,-85.31618,35.13706],[315,1443,-85.316103,35.137088],[340,1439,-85.316027,35.137116],[357,1434,-85.316,35.137076],[382,1429,-85.315993,35.137008],[407,1427,-85.315987,35.13694],[432,1425,-85.31598,35.136871],[457,1424,-85.315973,35.136803],[482,1423,-85.315967,35.136735],[495,1419,-85.315946,35.136701],[520,1416,-85.315891,35.136752],[545,1414,-85.315836,35.136804],[570,1408,-85.315781,35.136855],[595,1407,-85.315725,35.136907],[620,1406,-85.31567,35.136958],[645,1404,-85.315615,35.13701],[670,1403,-85.31556,35.137062],[691,1403,-85.31551,35.137099],[716,1398,-85.315496,35.137031],[741,1392,-85.315482,35.136964],[766,1390,-85.315468,35.136896],[791,1388,-85.315454,35.136829],[799,1385,-85.315429,35.136818],[824,1385,-85.315387,35.136877],[849,1386,-85.315346,35.136937],[874,1386,-85.315305,35.136997],[899,1388,-85.315264,35.137057],[914,1386,-85.315242,35.137022],[939,1379,-85.315225,35.136955],[964,1375,-85.315209,35.136888],[989,1371,-85.315192,35.13682],[1014,1365,-85.315176,35.136753],[1039,1364,-85.315159,35.136686],[1056,1359,-85.315133,35.136643],[1081,1359,-85.31507,35.136689],[1106,1356,-85.315008,35.136734],[1131,1356,-85.314945,35.13678],[1156,1353,-85.314882,35.136825],[1181,1355,-85.31482,35.136871],[1206,1353,-85.314757,35.136916],[1231,1353,-85.314695,35.136962],[1256,1355,-85.314632,35.137007],[1281,1352,-85.314569,35.137053],[1306,1351,-85.314507,35.137098],[1331,1349,-85.314444,35.137144],[1356,1348,-85.314381,35.137189],[1381,1346,-85.314334,35.137245],[1406,1344,-85.314288,35.137303],[1431,1343,-85.314242,35.13736],[1456,1341,-85.314197,35.137418],[1481,1340,-85.314151,35.137475],[1506,1338,-85.314105,35.137533],[1531,1336,-85.31406,35.13759],[1556,1335,-85.314014,35.137648],[1581,1334,-85.313968,35.137705],[1606,1333,-85.313923,35.137763],[1631,1333,-85.313877,35.13782],[1656,1332,-85.313831,35.137877],[1666,1332,-85.313823,35.137851],[1691,1329,-85.313835,35.137783],[1716,1327,-85.313846,35.137716],[1741,1325,-85.313857,35.137648],[1766,1326,-85.313868,35.13758],[1791,1324,-85.313879,35.137512],[1816,1323,-85.31389,35.137444],[1841,1322,-85.313901,35.137376],[1866,1321,-85.313885,35.137309],[1891,1319,-85.313867,35.137242],[1916,1315,-85.313849,35.137175],[1941,1315,-85.313831,35.137108],[1966,1311,-85.313813,35.137041],[1991,1309,-85.313794,35.136974],[2016,1307,-85.313776,35.136908],[2040,1305,-85.313798,35.136843],[2065,1304,-85.313828,35.136779],[2090,1299,-85.313858,35.136715],[2103,1299,-85.313863,35.13668],[2128,1300,-85.3138,35.136725],[2153,1300,-85.313736,35.136769],[2178,1296,-85.313673,35.136814],[2203,1296,-85.313609,35.136859],[2228,1293,-85.313545,35.136903],[2253,1291,-85.313482,35.136948],[2278,1285,-85.313422,35.136995],[2303,1284,-85.313379,35.137054],[2328,1282,-85.313337,35.137113],[2353,1279,-85.313294,35.137172],[2378,1274,-85.313252,35.137231],[2403,1269,-85.313209,35.13729],[2428,1265,-85.313167,35.137349],[2453,1264,-85.313124,35.137408],[2478,1265,-85.313081,35.137467],[2503,1263,-85.313039,35.137526],[2528,1264,-85.312996,35.137585],[2553,1263,-85.312954,35.137644],[2559,1262,-85.31295,35.13763],[2584,1264,-85.312972,35.137563],[2609,1260,-85.312994,35.137497],[2634,1260,-85.313017,35.137431],[2659,1257,-85.313039,35.137365],[2684,1258,-85.313062,35.137299],[2709,1256,-85.313084,35.137233],[2734,1260,-85.313107,35.137167],[2759,1260,-85.313129,35.137101],[2784,1263,-85.313151,35.137035],[2809,1263,-85.31314,35.136967],[2834,1258,-85.313129,35.136899],[2859,1256,-85.313118,35.136831],[2884,1253,-85.313107,35.136763],[2909,1250,-85.313096,35.136695],[2930,1243,-85.313081,35.136637],[2955,1241,-85.313015,35.136679],[2980,1238,-85.312949,35.136721],[3005,1235,-85.312891,35.136767],[3030,1236,-85.312873,35.136834],[3055,1234,-85.312856,35.136901],[3080,1234,-85.312839,35.136968],[3105,1231,-85.312821,35.137035],[3120,1232,-85.312805,35.137076],[3145,1231,-85.312793,35.137009],[3170,1226,-85.312781,35.136941],[3195,1225,-85.312769,35.136873],[3220,1224,-85.312756,35.136805],[3245,1222,-85.312744,35.136737],[3270,1216,-85.312732,35.13667],[3295,1212,-85.31272,35.136602],[3320,1207,-85.312708,35.136534],[3333,1203,-85.312676,35.136511],[3358,1198,-85.312613,35.136556],[3383,1196,-85.31255,35.136602],[3407,1196,-85.3125,35.136654],[3432,1194,-85.312476,35.136719],[3457,1196,-85.312452,35.136785],[3482,1194,-85.312428,35.136851],[3507,1196,-85.312405,35.136916],[3532,1193,-85.312381,35.136982],[3557,1190,-85.312357,35.137048],[3577,1190,-85.312336,35.1371],[3602,1189,-85.31234,35.137032],[3627,1188,-85.312345,35.136963],[3652,1188,-85.312349,35.136895],[3677,1187,-85.312354,35.136827],[3702,1189,-85.312358,35.136758],[3727,1187,-85.312362,35.13669],[3752,1183,-85.312367,35.136621],[3777,1178,-85.312371,35.136553],[3802,1174,-85.312376,35.136484],[3811,1171,-85.312365,35.136462],[3836,1172,-85.312329,35.136524],[3861,1173,-85.312292,35.136585],[3886,1171,-85.312255,35.136647],[3911,1170,-85.312219,35.136709],[3936,1166,-85.312182,35.13677],[3961,1167,-85.312145,35.136832],[3986,1161,-85.312108,35.136893],[4011,1156,-85.312072,35.136955],[4036,1151,-85.312035,35.137017],[4061,1149,-85.311998,35.137078],[4086,1147,-85.311955,35.137135],[4111,1148,-85.311889,35.137178],[4136,1141,-85.311824,35.137221],[4161,1139,-85.311758,35.137264],[4184,1133,-85.311762,35.137199],[4209,1127,-85.311768,35.137131],[4234,1121,-85.311775,35.137062],[4259,1117,-85.311781,35.136994],[4284,1114,-85.311787,35.136925],[4309,1114,-85.311793,35.136857],[4334,1119,-85.3118,35.136789],[4359,1119,-85.311831,35.136725],[4384,1123,-85.311862,35.136662],[4409,1126,-85.311893,35.136598],[4434,1124,-85.311925,35.136534],[4459,1126,-85.311956,35.136471],[4484,1129,-85.311987,35.136407],[4509,1130,-85.312018,35.136344],[4534,1126,-85.312049,35.13628],[4559,1127,-85.31208,35.136216],[4583,1124,-85.312092,35.136152],[4608,1122,-85.312071,35.136085],[4633,1116,-85.31205,35.136019],[4658,1117,-85.312029,35.135952],[4683,1114,-85.312008,35.135886],[4708,1116,-85.311987,35.13582],[4733,1114,-85.311967,35.135753],[4758,1115,-85.311946,35.135687],[4783,1113,-85.311925,35.135621],[4808,1114,-85.311904,35.135554],[4833,1114,-85.311885,35.135488],[4858,1113,-85.311887,35.135419],[4883,1112,-85.31189,35.135351],[4908,1111,-85.311892,35.135282],[4933,1108,-85.311894,35.135214],[4958,1105,-85.311897,35.135145],[4983,1102,-85.311899,35.135077],[5008,1100,-85.311901,35.135008],[5033,1100,-85.311904,35.13494],[5058,1100,-85.311906,35.134871],[5083,1102,-85.311941,35.13481],[5108,1104,-85.311981,35.13475],[5133,1106,-85.312022,35.13469],[5158,1107,-85.312062,35.13463],[5183,1107,-85.312103,35.13457],[5208,1107,-85.312143,35.13451],[5233,1101,-85.312184,35.13445],[5258,1097,-85.312224,35.13439],[5282,1096,-85.312277,35.134339],[5307,1094,-85.312349,35.134305],[5332,1093,-85.312422,35.134271],[5357,1093,-85.312495,35.134237],[5380,1091,-85.312556,35.134196],[5405,1086,-85.312581,35.13413],[5430,1079,-85.312605,35.134065],[5455,1076,-85.31263,35.133999],[5471,1073,-85.312576,35.134001],[5496,1072,-85.312498,35.134025],[5521,1068,-85.312419,35.134049],[5546,1067,-85.31234,35.134073],[5571,1067,-85.312262,35.134096],[5596,1069,-85.312193,35.134133],[5621,1070,-85.312133,35.13418],[5646,1073,-85.312072,35.134228],[5671,1076,-85.312011,35.134275],[5696,1077,-85.31195,35.134322],[5721,1077,-85.311889,35.134369],[5746,1075,-85.311828,35.134416],[5771,1074,-85.311768,35.134463],[5796,1072,-85.311707,35.13451],[5821,1072,-85.311646,35.134557],[5846,1073,-85.311585,35.134605],[5871,1073,-85.311524,35.134652],