{"trail":"Expressway","distance":5976,"gain":0,"loss":90,"min":3983,"max":4047,"profile":[[0,4047,-121.405867,44.02115],[64,4047,-121.405622,44.02114],[153,4050,-121.405299,44.021071],[184,4050,-121.40518,44.021079],[263,4045,-121.404906,44.021168],[383,4043,-121.40446,44.021246],[455,4042,-121.404213,44.021331],[495,4040,-121.404082,44.021384],[579,4034,-121.403837,44.021535],[621,4032,-121.403702,44.021597],[689,4029,-121.40346,44.021664],[722,4027,-121.403366,44.021722],[794,4024,-121.40321,44.021884],[862,4021,-121.403117,44.022059],[934,4018,-121.402989,44.022233],[1007,4015,-121.402821,44.022393],[1081,4013,-121.402652,44.022554],[1130,4011,-121.402509,44.02264],[1168,4010,-121.402374,44.022684],[1191,4010,-121.40229,44.022693],[1267,4007,-121.401998,44.022683],[1344,4005,-121.401707,44.022672],[1370,4004,-121.401609,44.022678],[1391,4003,-121.401533,44.022699],[1414,4003,-121.401478,44.02275],[1441,4003,-121.401459,44.02282],[1510,4002,-121.401475,44.023009],[1542,4003,-121.401505,44.023096],[1624,4003,-121.401632,44.023301],[1716,4002,-121.401822,44.023511],[1814,4000,-121.401987,44.023753],[1840,4000,-121.402024,44.023819],[1867,4000,-121.40203,44.023894],[1892,3999,-121.40199,44.023956],[1945,3998,-121.40185,44.02406],[1984,3998,-121.40173,44.024121],[2002,3997,-121.401661,44.024134],[2030,3997,-121.401555,44.024122],[2057,3997,-121.401469,44.024085],[2152,3998,-121.401222,44.023894],[2202,3997,-121.401065,44.023814],[2228,3997,-121.400968,44.023803],[2300,3996,-121.400696,44.023825],[2372,3996,-121.400424,44.023847],[2416,3995,-121.400262,44.023886],[2468,3994,-121.400117,44.023983],[2563,3992,-121.399912,44.024197],[2658,3990,-121.399708,44.02441],[2722,3989,-121.399651,44.024583],[2781,3987,-121.399647,44.024744],[2817,3986,-121.399618,44.024839],[2908,3984,-121.399441,44.025055],[2970,3983,-121.399282,44.025179],[2988,3982,-121.399248,44.025224],[3014,3981,-121.399232,44.025292],[3127,3982,-121.399277,44.025601],[3127,4047,-121.405867,44.02115],[3157,4044,-121.405907,44.021228],[3210,4043,-121.40605,44.021331],[3251,4042,-121.406189,44.021381],[3275,4042,-121.406281,44.021374],[3301,4043,-121.406367,44.021341],[3376,4047,-121.406594,44.021216],[3423,4049,-121.406771,44.021185],[3496,4049,-121.407047,44.021165],[3569,4049,-121.407322,44.021145],[3594,4046,-121.407419,44.021151],[3691,4042,-121.407768,44.021238],[3743,4042,-121.407963,44.021252],[3810,4040,-121.40822,44.021228],[3878,4040,-121.408476,44.021204],[3920,4040,-121.408632,44.021224],[3955,4040,-121.408751,44.02127],[4033,4040,-121.409005,44.021382],[4111,4042,-121.409259,44.021493],[4160,4043,-121.40941,44.021571],[4182,4043,-121.409464,44.021618],[4211,4043,-121.409498,44.021691],[4256,4042,-121.409496,44.021817],[4288,4040,-121.409473,44.021903],[4369,4037,-121.409382,44.022113],[4449,4034,-121.409292,44.022323],[4523,4031,-121.409181,44.022511],[4598,4030,-121.409071,44.022699],[4721,4027,-121.409008,44.023033],[4814,4024,-121.40888,44.023271],[4882,4022,-121.408871,44.023459],[4951,4020,-121.408862,44.023646],[5020,4018,-121.408775,44.023825],[5089,4015,-121.408689,44.024003],[5174,4013,-121.408655,44.024235],[5259,4011,-121.40862,44.024468],[5344,4008,-121.408586,44.0247],[5428,4005,-121.408525,44.024926],[5498,4004,-121.408444,44.025107],[5567,4003,-121.408362,44.025288],[5604,4003,-121.408362,44.025388],[5671,4003,-121.40849,44.025549],[5733,4002,-121.408577,44.025705],[5837,4002,-121.408801,44.025942],[5898,4000,-121.408967,44.02606],[5924,4000,-121.409053,44.026091],[5976,4001,-121.409251,44.026114]]}