{"trail":"EXT","distance":2659,"gain":35,"loss":36,"min":4491,"max":4533,"profile":[[0,4500,-121.461965,44.031704],[39,4501,-121.462063,44.031623],[107,4503,-121.462223,44.031476],[205,4503,-121.462149,44.031216],[302,4507,-121.462074,44.030954],[424,4510,-121.461852,44.030661],[504,4515,-121.461875,44.030441],[585,4520,-121.461898,44.030221],[653,4524,-121.461954,44.030039],[721,4527,-121.46201,44.029856],[789,4531,-121.462065,44.029674],[879,4534,-121.462061,44.029427],[969,4537,-121.462056,44.029181],[1040,4538,-121.462047,44.028987],[1110,4538,-121.462037,44.028794],[1181,4537,-121.462028,44.0286],[1249,4535,-121.462037,44.028414],[1321,4530,-121.461908,44.02824],[1433,4526,-121.46201,44.02794],[1479,4526,-121.462112,44.02784],[1600,4517,-121.462112,44.027507],[1684,4512,-121.462107,44.027277],[1768,4504,-121.462102,44.027046],[1835,4498,-121.462089,44.026863],[1909,4492,-121.462007,44.026671],[1991,4489,-121.462092,44.026452],[2074,4487,-121.462177,44.026233],[2124,4486,-121.462242,44.026106],[2164,4486,-121.462253,44.025996],[2222,4489,-121.462102,44.025879],[2255,4491,-121.462065,44.025794],[2289,4495,-121.462096,44.025703],[2312,4497,-121.462073,44.025643],[2350,4498,-121.461948,44.025589],[2371,4500,-121.461939,44.025532],[2418,4502,-121.462057,44.025433],[2477,4507,-121.462195,44.025306],[2519,4512,-121.462214,44.025192],[2558,4517,-121.46214,44.025099],[2659,4518,-121.461757,44.025087]]}