{"trail":"F4","distance":5753,"gain":331,"loss":291,"min":1328,"max":1495,"profile":[[0,1455,-85.381021,34.915162],[25,1451,-85.381068,34.915105],[50,1450,-85.381114,34.915048],[75,1451,-85.38116,34.91499],[100,1450,-85.381206,34.914933],[125,1452,-85.381252,34.914876],[150,1451,-85.381298,34.914819],[175,1449,-85.381344,34.914762],[200,1447,-85.38139,34.914704],[225,1444,-85.381436,34.914647],[250,1440,-85.381482,34.91459],[275,1437,-85.381528,34.914533],[300,1434,-85.381574,34.914476],[325,1431,-85.38162,34.914419],[350,1427,-85.381666,34.914361],[375,1425,-85.381712,34.914304],[400,1422,-85.381758,34.914247],[425,1420,-85.381819,34.914201],[450,1413,-85.381886,34.91416],[475,1409,-85.381953,34.914119],[500,1402,-85.38202,34.914079],[525,1399,-85.382087,34.914038],[550,1392,-85.382155,34.913997],[575,1389,-85.382222,34.913956],[600,1379,-85.382289,34.913915],[625,1371,-85.382356,34.913874],[650,1367,-85.382423,34.913834],[675,1359,-85.38249,34.913793],[700,1357,-85.382557,34.913752],[725,1349,-85.382624,34.913711],[750,1346,-85.382691,34.91367],[775,1340,-85.382759,34.913629],[800,1335,-85.382826,34.913589],[825,1334,-85.382893,34.913548],[850,1334,-85.38296,34.913507],[875,1334,-85.383027,34.913466],[900,1333,-85.383094,34.913425],[924,1333,-85.38313,34.913365],[949,1333,-85.38316,34.913301],[974,1332,-85.383191,34.913237],[999,1330,-85.383221,34.913173],[1024,1329,-85.383252,34.913109],[1049,1328,-85.383283,34.913046],[1074,1328,-85.383313,34.912982],[1099,1330,-85.383344,34.912918],[1124,1334,-85.383375,34.912854],[1149,1333,-85.383428,34.912803],[1174,1334,-85.383488,34.912755],[1199,1337,-85.383548,34.912708],[1224,1337,-85.383608,34.91266],[1249,1337,-85.383668,34.912613],[1274,1338,-85.383729,34.912565],[1299,1339,-85.383789,34.912518],[1324,1340,-85.383849,34.91247],[1349,1341,-85.383909,34.912423],[1374,1341,-85.383969,34.912375],[1399,1342,-85.384012,34.912317],[1424,1344,-85.384049,34.912255],[1449,1343,-85.384086,34.912194],[1474,1343,-85.384124,34.912133],[1499,1343,-85.384161,34.912072],[1524,1342,-85.384198,34.91201],[1549,1342,-85.384236,34.911949],[1573,1341,-85.384259,34.911886],[1598,1340,-85.384249,34.911818],[1623,1341,-85.384239,34.911749],[1648,1340,-85.384229,34.911681],[1673,1338,-85.384219,34.911613],[1698,1336,-85.384209,34.911545],[1723,1334,-85.384199,34.911477],[1747,1336,-85.384146,34.911427],[1772,1336,-85.384085,34.91138],[1797,1338,-85.384025,34.911333],[1822,1339,-85.383964,34.911285],[1847,1340,-85.383903,34.911238],[1872,1345,-85.383843,34.911191],[1897,1348,-85.383782,34.911144],[1922,1353,-85.383722,34.911097],[1947,1358,-85.383661,34.91105],[1972,1362,-85.3836,34.911002],[1997,1372,-85.38354,34.910955],[2022,1378,-85.383479,34.910908],[2047,1391,-85.383418,34.910861],[2072,1397,-85.383361,34.910813],[2097,1398,-85.383369,34.910745],[2122,1399,-85.383377,34.910677],[2147,1395,-85.383386,34.910608],[2172,1397,-85.383394,34.91054],[2197,1399,-85.383402,34.910472],[2222,1398,-85.383411,34.910404],[2247,1395,-85.383419,34.910336],[2272,1392,-85.383427,34.910267],[2297,1400,-85.383436,34.910199],[2322,1407,-85.383444,34.910131],[2346,1406,-85.383468,34.910066],[2371,1415,-85.383498,34.910002],[2396,1412,-85.383528,34.909938],[2421,1412,-85.383558,34.909874],[2446,1417,-85.383589,34.90981],[2471,1416,-85.383619,34.909746],[2496,1414,-85.383649,34.909682],[2521,1419,-85.383679,34.909619],[2546,1416,-85.383715,34.909558],[2571,1410,-85.383777,34.909511],[2596,1409,-85.383838,34.909465],[2621,1404,-85.3839,34.909419],[2646,1409,-85.383961,34.909372],[2671,1409,-85.384023,34.909326],[2696,1404,-85.384084,34.90928],[2721,1403,-85.384146,34.909233],[2746,1399,-85.384207,34.909187],[2771,1396,-85.384276,34.90915],[2796,1389,-85.384354,34.909126],[2821,1383,-85.384432,34.909102],[2846,1379,-85.38451,34.909077],[2871,1376,-85.384589,34.909053],[2896,1373,-85.384667,34.909028],[2920,1368,-85.384726,34.908983],[2945,1365,-85.384777,34.908929],[2970,1364,-85.384828,34.908875],[2995,1364,-85.384879,34.90882],[3020,1365,-85.38493,34.908766],[3045,1367,-85.384981,34.908712],[3070,1371,-85.385032,34.908658],[3095,1376,-85.385083,34.908603],[3120,1381,-85.385129,34.908547],[3145,1387,-85.385165,34.908485],[3170,1393,-85.3852,34.908423],[3195,1398,-85.385235,34.90836],[3220,1403,-85.38527,34.908298],[3245,1404,-85.385306,34.908236],[3270,1407,-85.385341,34.908174],[3295,1411,-85.385376,34.908112],[3320,1414,-85.385411,34.90805],[3345,1416,-85.385447,34.907988],[3370,1415,-85.385482,34.907925],[3395,1417,-85.385517,34.907863],[3419,1418,-85.385555,34.907802],[3444,1420,-85.385615,34.907755],[3469,1420,-85.385675,34.907707],[3494,1420,-85.385735,34.90766],[3519,1419,-85.385795,34.907612],[3544,1419,-85.385855,34.907564],[3569,1420,-85.385915,34.907517],[3594,1420,-85.385975,34.907469],[3619,1421,-85.386035,34.907421],[3644,1423,-85.386095,34.907374],[3669,1424,-85.386155,34.907326],[3694,1425,-85.386215,34.907278],[3719,1425,-85.386275,34.907231],[3744,1425,-85.386335,34.907183],[3769,1424,-85.386395,34.907135],[3794,1424,-85.386455,34.907088],[3819,1423,-85.386516,34.90704],[3844,1423,-85.386576,34.906993],[3869,1423,-85.386636,34.906945],[3894,1422,-85.386696,34.906897],[3919,1421,-85.386756,34.90685],[3944,1419,-85.386816,34.906802],[3967,1420,-85.386853,34.906749],[3992,1421,-85.386834,34.906682],[4017,1421,-85.386816,34.906615],[4042,1422,-85.386798,34.906548],[4067,1421,-85.38678,34.906481],[4092,1421,-85.386762,34.906414],[4117,1419,-85.386744,34.906347],[4141,1417,-85.386719,34.906283],[4166,1414,-85.386668,34.906229],[4191,1411,-85.386617,34.906175],[4216,1404,-85.386565,34.906121],[4241,1396,-85.386514,34.906066],[4266,1386,-85.386463,34.906012],[4291,1376,-85.386411,34.905958],[4316,1369,-85.38636,34.905904],[4341,1361,-85.386309,34.90585],[4366,1359,-85.386257,34.905796],[4391,1360,-85.386206,34.905742],[4416,1362,-85.386155,34.905688],[4441,1365,-85.386092,34.905645],[4466,1372,-85.386017,34.905614],[4491,1380,-85.385943,34.905584],[4516,1385,-85.385868,34.905553],[4541,1385,-85.385793,34.905522],[4566,1391,-85.385718,34.905492],[4591,1400,-85.385644,34.905461],[4616,1406,-85.38557,34.90543],[4641,1409,-85.385534,34.905368],[4666,1417,-85.385497,34.905306],[4691,1423,-85.385461,34.905245],[4716,1428,-85.385425,34.905183],[4741,1431,-85.385389,34.905121],[4766,1435,-85.385352,34.905059],[4791,1435,-85.385316,34.904998],[4815,1437,-85.38529,34.904934],[4840,1437,-85.385285,34.904865],[4865,1437,-85.385279,34.904797],[4890,1437,-85.385274,34.904729],[4915,1439,-85.385269,34.90466],[4940,1439,-85.385264,34.904592],[4965,1439,-85.385259,34.904523],[4990,1439,-85.385253,34.904455],[5015,1439,-85.385245,34.904387],[5040,1442,-85.385205,34.904327],[5065,1446,-85.385164,34.904267],[5090,1449,-85.385124,34.904207],[5115,1452,-85.385084,34.904147],[5140,1454,-85.385044,34.904087],[5164,1454,-85.385019,34.904026],[5189,1454,-85.385048,34.903962],[5214,1454,-85.385076,34.903897],[5239,1455,-85.385105,34.903833],[5264,1459,-85.385133,34.903769],[5289,1459,-85.385162,34.903704],[5313,1460,-85.385182,34.903639],[5338,1461,-85.385174,34.903571],[5363,1462,-85.385166,34.903503],[5388,1462,-85.385157,34.903434],[5413,1462,-85.385149,34.903366],[5438,1466,-85.38514,34.903298],[5463,1468,-85.385132,34.90323],[5488,1469,-85.385123,34.903162],[5513,1470,-85.385115,34.903093],[5538,1470,-85.385107,34.903025],[5563,1476,-85.385098,34.902957],[5588,1478,-85.38509,34.902889],[5613,1479,-85.385081,34.902821],[5638,1479,-85.385073,34.902753],[5663,1480,-85.385064,34.902684],[5688,1481,-85.385056,34.902616],[5713,1488,-85.385048,34.902548],[5738,1493,-85.385039,34.90248],[5753,1495,-85.385034,34.90244]]}