{"trail":"Falls Connector","distance":719,"gain":32,"loss":72,"min":1412,"max":1469,"profile":[[0,1461,-85.313902,35.141704],[25,1463,-85.313928,35.141769],[47,1463,-85.313925,35.14183],[72,1459,-85.313872,35.141883],[97,1456,-85.313819,35.141936],[122,1451,-85.313766,35.141989],[147,1449,-85.313713,35.142043],[171,1448,-85.313667,35.142097],[196,1450,-85.313682,35.142165],[221,1454,-85.313696,35.142232],[246,1455,-85.31371,35.1423],[271,1459,-85.313725,35.142367],[296,1465,-85.313739,35.142435],[320,1469,-85.313746,35.142501],[345,1469,-85.313697,35.142557],[370,1467,-85.313648,35.142612],[395,1460,-85.313599,35.142668],[420,1456,-85.31355,35.142723],[445,1451,-85.313501,35.142779],[470,1444,-85.313452,35.142835],[495,1438,-85.313403,35.14289],[520,1432,-85.313354,35.142946],[545,1427,-85.313305,35.143002],[570,1421,-85.313255,35.143056],[595,1418,-85.313173,35.143067],[620,1416,-85.31309,35.143078],[645,1412,-85.313007,35.14309],[669,1415,-85.31298,35.143151],[694,1419,-85.312958,35.143217],[719,1421,-85.312936,35.143284]]}