{"trail":"Farewell","distance":16941,"gain":0,"loss":1115,"min":4952,"max":6067,"profile":[[0,6074,-121.574826,44.052572],[33,6072,-121.574918,44.05251],[71,6071,-121.575036,44.052449],[143,6066,-121.575219,44.052302],[203,6062,-121.575369,44.052179],[245,6060,-121.575476,44.052094],[282,6056,-121.57554,44.052001],[313,6055,-121.575637,44.051955],[341,6052,-121.575723,44.051909],[383,6050,-121.575723,44.051793],[459,6051,-121.575648,44.051593],[526,6051,-121.575573,44.051415],[606,6051,-121.575519,44.051199],[674,6049,-121.575508,44.051014],[722,6047,-121.575508,44.050883],[760,6048,-121.575422,44.050798],[820,6050,-121.575283,44.050667],[907,6047,-121.575122,44.050459],[979,6046,-121.57494,44.050313],[1070,6045,-121.574693,44.050135],[1168,6046,-121.574435,44.049943],[1234,6046,-121.574253,44.049819],[1297,6046,-121.574124,44.049673],[1335,6046,-121.57406,44.04958],[1357,6044,-121.574049,44.049518],[1391,6042,-121.574167,44.04948],[1439,6039,-121.574285,44.04958],[1478,6042,-121.57436,44.049673],[1496,6038,-121.574414,44.049642],[1556,6031,-121.574457,44.04948],[1604,6025,-121.574478,44.049349],[1671,6027,-121.574328,44.049202],[1719,6021,-121.574307,44.049071],[1798,6013,-121.574274,44.048855],[1842,6010,-121.574199,44.048747],[1876,6007,-121.574178,44.048655],[1963,6001,-121.574103,44.048423],[2026,6000,-121.574017,44.048262],[2114,5997,-121.573867,44.048046],[2201,6001,-121.573674,44.047853],[2287,5999,-121.573437,44.047691],[2356,5996,-121.573201,44.047606],[2398,5995,-121.573083,44.047529],[2465,5988,-121.572944,44.047375],[2531,5986,-121.572794,44.047228],[2583,5982,-121.572697,44.047105],[2627,5979,-121.572622,44.046997],[2679,5976,-121.572504,44.046881],[2725,5974,-121.572472,44.046758],[2788,5971,-121.572418,44.046588],[2853,5968,-121.572354,44.046418],[2910,5962,-121.572311,44.046264],[2980,5962,-121.572171,44.046102],[3037,5963,-121.572021,44.045987],[3120,5959,-121.571871,44.045786],[3173,5955,-121.571764,44.045663],[3246,5958,-121.571496,44.045616],[3294,5959,-121.571324,44.04557],[3354,5958,-121.571185,44.045439],[3406,5957,-121.571045,44.045339],[3473,5958,-121.570852,44.045215],[3532,5963,-121.570669,44.045123],[3590,5961,-121.570509,44.045015],[3666,5962,-121.570273,44.044891],[3717,5963,-121.570112,44.044814],[3761,5962,-121.569994,44.04473],[3794,5958,-121.569929,44.044652],[3851,5950,-121.570133,44.044598],[3898,5939,-121.570187,44.044475],[3957,5931,-121.570155,44.044313],[4010,5923,-121.570047,44.04419],[4053,5915,-121.569983,44.044082],[4120,5908,-121.569779,44.043974],[4185,5909,-121.569543,44.04392],[4242,5914,-121.569328,44.043889],[4285,5915,-121.569178,44.043843],[4332,5908,-121.569082,44.043735],[4403,5911,-121.568856,44.043627],[4447,5905,-121.568728,44.04355],[4493,5904,-121.568652,44.043434],[4541,5894,-121.568652,44.043303],[4571,5893,-121.56861,44.043226],[4613,5889,-121.568534,44.043126],[4653,5885,-121.568502,44.043017],[4700,5879,-121.568459,44.042894],[4746,5874,-121.568384,44.042778],[4779,5872,-121.56832,44.042701],[4812,5870,-121.568202,44.04267],[4857,5874,-121.56803,44.04267],[4905,5873,-121.567858,44.042624],[4945,5872,-121.567751,44.042547],[4979,5867,-121.567698,44.042462],[5063,5865,-121.567408,44.042362],[5119,5864,-121.567236,44.042269],[5193,5865,-121.566979,44.042192],[5275,5870,-121.566711,44.042077],[5317,5863,-121.566582,44.042007],[5365,5864,-121.566464,44.041907],[5422,5856,-121.566346,44.041776],[5477,5854,-121.566196,44.041668],[5548,5852,-121.56597,44.04156],[5629,5851,-121.565691,44.041467],[5683,5848,-121.565509,44.041398],[5725,5841,-121.565412,44.041305],[5774,5830,-121.565316,44.04119],[5827,5821,-121.565133,44.041128],[5869,5823,-121.565015,44.041205],[5897,5817,-121.564908,44.041205],[5949,5810,-121.564865,44.041066],[6007,5802,-121.564812,44.040912],[6035,5800,-121.564887,44.040858],[6086,5803,-121.56508,44.040843],[6162,5800,-121.565359,44.040781],[6194,5790,-121.56537,44.040696],[6240,5781,-121.565273,44.040588],[6290,5776,-121.565133,44.040496],[6335,5770,-121.564994,44.040426],[6379,5766,-121.564854,44.040357],[6436,5766,-121.56464,44.040388],[6510,5767,-121.564361,44.040395],[6572,5769,-121.564125,44.040403],[6637,5770,-121.563889,44.040349],[6691,5767,-121.563706,44.04028],[6741,5765,-121.563588,44.040172],[6788,5760,-121.563438,44.040102],[6846,5749,-121.563224,44.040056],[6903,5731,-121.563009,44.040033],[6954,5730,-121.562816,44.040048],[6978,5720,-121.56273,44.040025],[7008,5717,-121.562816,44.039971],[7065,5719,-121.562998,44.039886],[7121,5722,-121.563192,44.039825],[7169,5725,-121.563342,44.039747],[7205,5725,-121.563428,44.03967],[7282,5724,-121.563706,44.039609],[7325,5719,-121.563867,44.039586],[7406,5712,-121.564179,44.03957],[7507,5705,-121.564554,44.039624],[7577,5701,-121.564812,44.039678],[7643,5697,-121.565048,44.03974],[7691,5692,-121.565219,44.039786],[7735,5688,-121.56537,44.039732],[7772,5686,-121.565509,44.039747],[7795,5676,-121.565552,44.039693],[7874,5663,-121.56538,44.039516],[7969,5663,-121.565133,44.039323],[8042,5663,-121.564972,44.039161],[8095,5659,-121.564908,44.039023],[8155,5654,-121.564833,44.038868],[8244,5631,-121.564726,44.038637],[8298,5618,-121.564629,44.038506],[8352,5622,-121.564479,44.038406],[8447,5636,-121.564232,44.038213],[8515,5641,-121.564007,44.03812],[8601,5646,-121.563771,44.037958],[8681,5637,-121.563642,44.037758],[8811,5624,-121.563363,44.037464],[8867,5618,-121.563202,44.037364],[8936,5611,-121.563084,44.037195],[9015,5607,-121.562913,44.037017],[9079,5600,-121.562741,44.036894],[9189,5583,-121.562548,44.036624],[9289,5576,-121.562408,44.036369],[9329,5575,-121.562376,44.036261],[9372,5574,-121.562355,44.036146],[9421,5573,-121.56243,44.036022],[9498,5569,-121.562473,44.035814],[9585,5556,-121.562494,44.035575],[9692,5539,-121.562505,44.035282],[9749,5535,-121.562505,44.035128],[9795,5532,-121.562408,44.035019],[9832,5531,-121.562355,44.034927],[9852,5530,-121.562355,44.034873],[9894,5527,-121.562473,44.034796],[9919,5519,-121.562473,44.034726],[9957,5516,-121.56243,44.034626],[10006,5513,-121.56228,44.034549],[10080,5499,-121.562226,44.034349],[10148,5492,-121.562483,44.034356],[10210,5491,-121.562666,44.034464],[10287,5489,-121.56287,44.034618],[10370,5483,-121.563079,44.034788],[10453,5477,-121.563288,44.034958],[10574,5468,-121.563524,44.035243],[10644,5461,-121.563681,44.0354],[10715,5451,-121.563839,44.035557],[10785,5433,-121.563996,44.035714],[10875,5428,-121.564211,44.035907],[10964,5412,-121.564415,44.036099],[11038,5404,-121.564581,44.036265],[11113,5410,-121.564747,44.036431],[11192,5395,-121.564967,44.036578],[11270,5373,-121.565187,44.036724],[11351,5361,-121.565423,44.036867],[11432,5349,-121.565659,44.03701],[11500,5345,-121.565858,44.037129],[11568,5335,-121.566056,44.037249],[11695,5329,-121.566399,44.037495],[11766,5330,-121.566587,44.037634],[11836,5323,-121.566775,44.037773],[11962,5324,-121.567108,44.03802],[12083,5310,-121.567451,44.038244],[12149,5308,-121.567639,44.038363],[12215,5311,-121.567826,44.038483],[12278,5312,-121.56803,44.038575],[12387,5304,-121.568384,44.038729],[12460,5295,-121.568615,44.038841],[12533,5293,-121.568846,44.038953],[12650,5266,-121.569253,44.039084],[12739,5260,-121.569554,44.0392],[12806,5250,-121.5698,44.039246],[12876,5245,-121.570058,44.0393],[12930,5224,-121.570262,44.039285],[12950,5224,-121.570326,44.039254],[13024,5213,-121.570144,44.0391],[13140,5206,-121.569854,44.03886],[13217,5210,-121.569615,44.038737],[13295,5215,-121.569375,44.038614],[13372,5219,-121.569135,44.03849],[13498,5238,-121.56876,44.038274],[13618,5232,-121.568416,44.038058],[13707,5231,-121.56818,44.037881],[13779,5221,-121.567998,44.037734],[13863,5217,-121.567837,44.037534],[13939,5205,-121.567762,44.037333],[13991,5199,-121.567729,44.037193],[14001,5199,-121.567729,44.037165],[14022,5196,-121.567736,44.037108],[14035,5196,-121.567719,44.037073],[14050,5193,-121.567683,44.037042],[14059,5193,-121.567674,44.037018],[14068,5190,-121.567679,44.036995],[14087,5191,-121.567659,44.036946],[14097,