{"trail":"Fat Rabbit Loop","distance":16407,"gain":81,"loss":159,"min":3063,"max":3182,"profile":[[0,3184,-121.27454,44.239513],[39,3183,-121.274416,44.239573],[107,3182,-121.274234,44.239706],[146,3181,-121.274113,44.239768],[168,3181,-121.274035,44.239791],[222,3181,-121.273827,44.239799],[341,3181,-121.273382,44.23974],[383,3181,-121.273224,44.239759],[472,3180,-121.272922,44.239875],[517,3179,-121.272791,44.239955],[576,3178,-121.272643,44.240076],[698,3175,-121.272276,44.240284],[727,3174,-121.27222,44.240351],[784,3173,-121.272159,44.240501],[802,3172,-121.272126,44.240546],[845,3170,-121.272051,44.240649],[916,3169,-121.271894,44.24081],[958,3168,-121.271778,44.24089],[990,3168,-121.271673,44.240935],[1034,3167,-121.271511,44.24097],[1108,3167,-121.27123,44.24095],[1143,3167,-121.271103,44.24092],[1258,3168,-121.270713,44.240773],[1284,3168,-121.270619,44.240756],[1330,3167,-121.270444,44.240782],[1394,3166,-121.270237,44.240875],[1422,3166,-121.270137,44.240904],[1462,3165,-121.269988,44.240912],[1569,3164,-121.269587,44.240849],[1667,3161,-121.26921,44.240847],[1690,3160,-121.269126,44.240857],[1727,3159,-121.268995,44.240901],[1852,3155,-121.268609,44.241103],[1881,3154,-121.268512,44.241139],[1916,3153,-121.268381,44.241156],[1966,3152,-121.268194,44.241124],[2001,3151,-121.268076,44.241081],[2083,3151,-121.267827,44.240941],[2154,3149,-121.267562,44.240898],[2225,3148,-121.267297,44.240855],[2342,3145,-121.266858,44.240919],[2370,3145,-121.266766,44.240958],[2422,3143,-121.266619,44.241054],[2451,3142,-121.26652,44.241088],[2492,3141,-121.266365,44.241088],[2612,3140,-121.265947,44.240949],[2719,3137,-121.265563,44.24085],[2779,3135,-121.265356,44.240775],[2824,3135,-121.265217,44.240703],[2897,3133,-121.265011,44.240567],[2928,3132,-121.264898,44.240541],[2954,3131,-121.264798,44.240539],[3031,3128,-121.26451,44.240569],[3062,3128,-121.264398,44.24054],[3150,3126,-121.26414,44.240385],[3188,3125,-121.264015,44.240331],[3238,3123,-121.263832,44.240288],[3311,3119,-121.263557,44.240253],[3367,3116,-121.263359,44.240192],[3418,3113,-121.263193,44.24012],[3485,3109,-121.263024,44.239984],[3513,3108,-121.262937,44.239939],[3528,3107,-121.262879,44.239927],[3553,3106,-121.262785,44.239932],[3638,3105,-121.262473,44.239998],[3686,3104,-121.26231,44.240058],[3744,3105,-121.262159,44.240174],[3772,3105,-121.262105,44.240241],[3880,3106,-121.261969,44.240519],[3913,3106,-121.261887,44.240591],[3939,3106,-121.2618,44.24062],[3974,3105,-121.261666,44.240634],[4014,3105,-121.261516,44.240606],[4068,3104,-121.261332,44.240539],[4159,3100,-121.261002,44.240459],[4214,3098,-121.260796,44.240441],[4292,3093,-121.260508,44.240384],[4370,3088,-121.260219,44.240326],[4442,3085,-121.259945,44.24033],[4514,3083,-121.25969,44.240406],[4609,3082,-121.25933,44.240448],[4643,3082,-121.259203,44.24045],[4680,3082,-121.259065,44.240427],[4762,3080,-121.258792,44.240315],[4803,3080,-121.258637,44.240293],[4884,3079,-121.258333,44.240327],[4925,3078,-121.258178,44.240307],[5008,3077,-121.257884,44.240221],[5091,3076,-121.257589,44.240136],[5174,3075,-121.257295,44.24005],[5226,3074,-121.257151,44.239952],[5260,3073,-121.257038,44.239904],[5292,3073,-121.256916,44.239892],[5330,3073,-121.256772,44.239908],[5404,3072,-121.256525,44.240003],[5435,3072,-121.256408,44.240028],[5460,3072,-121.256315,44.240019],[5491,3072,-121.256221,44.239969],[5567,3071,-121.256083,44.239785],[5608,3071,-121.25599,44.239695],[5705,3070,-121.255744,44.239495],[5760,3069,-121.255572,44.239408],[5804,3069,-121.255414,44.239364],[5899,3068,-121.255061,44.239301],[5969,3067,-121.254801,44.23926],[6038,3067,-121.254541,44.239219],[6084,3066,-121.254365,44.239219],[6125,3066,-121.254214,44.239192],[6194,3066,-121.253971,44.239121],[6290,3065,-121.253607,44.239083],[6386,3064,-121.253243,44.239045],[6430,3063,-121.253108,44.238972],[6466,3063,-121.253032,44.238892],[6526,3063,-121.252982,44.238731],[6562,3063,-121.252919,44.238643],[6580,3062,-121.252861,44.238617],[6668,3062,-121.252531,44.238568],[6713,3062,-121.252364,44.238595],[6754,3063,-121.252231,44.238658],[6883,3064,-121.251912,44.238927],[6931,3065,-121.251762,44.239001],[6974,3066,-121.251606,44.239045],[7006,3065,-121.251486,44.239062],[7062,3068,-121.251275,44.239058],[7090,3070,-121.251172,44.239032],[7122,3070,-121.251071,44.238981],[7174,3071,-121.25095,44.23887],[7244,3073,-121.250827,44.238699],[7344,3076,-121.250592,44.238483],[7375,3076,-121.2505,44.238427],[7420,3075,-121.250351,44.238369],[7471,3075,-121.250213,44.23827],[7581,3079,-121.250082,44.237982],[7629,3081,-121.249974,44.237876],[7714,3086,-121.249724,44.237729],[7739,3088,-121.249641,44.237694],[7768,3089,-121.24953,44.237688],[7834,3089,-121.249294,44.237751],[7951,3085,-121.248857,44.237826],[7977,3084,-121.24876,44.23783],[8001,3084,-121.248671,44.237807],[8016,3080,-121.248627,44.23778],[8119,3090,-121.248494,44.237517],[8161,3085,-121.248356,44.237458],[8191,3092,-121.248313,44.23738],[8269,3095,-121.248309,44.237167],[8346,3094,-121.248182,44.236976],[8373,3094,-121.24813,44.236911],[8431,3094,-121.248158,44.236755],[8470,3093,-121.248118,44.236652],[8528,3092,-121.248004,44.236516],[8569,3092,-121.247961,44.236408],[8633,3093,-121.247975,44.236232],[8677,3093,-121.248041,44.236121],[8776,3093,-121.248256,44.235899],[8826,3094,-121.248321,44.235769],[8904,3093,-121.248367,44.235558],[8958,3093,-121.248422,44.235416],[8986,3094,-121.248485,44.235353],[9014,3094,-121.248568,44.235302],[9132,3093,-121.248974,44.235162],[9158,3093,-121.249072,44.23517],[9192,3092,-121.249196,44.235202],[9270,3092,-121.249392,44.235363],[9390,3091,-121.249841,44.235421],[9482,3090,-121.250196,44.235423],[9575,3088,-121.25055,44.235424],[9644,3087,-121.250813,44.235432],[9713,3085,-121.251076,44.23544],[9809,3083,-121.251441,44.235394],[9897,3079,-121.251752,44.235301],[9971,3076,-121.251956,44.235163],[10042,3072,-121.252149,44.235025],[10131,3068,-121.252385,44.234848],[10210,3064,-121.252624,44.234717],[10300,3063,-121.252899,44.23457],[10362,3062,-121.253096,44.234474],[10471,3062,-121.253404,44.234271],[10586,3062,-121.253811,44.234157],[10673,3062,-121.254069,44.234005],[10788,3062,-121.254327,44.233748],[10873,3062,-121.254553,44.233582],[10944,3062,-121.254774,44.23347],[11044,3062,-121.254949,44.233226],[11161,3062,-121.255195,44.232958],[11280,3064,-121.255507,44.232718],[11378,3071,-121.255786,44.232542],[11443,3076,-121.255958,44.232411],[11523,3083,-121.256204,44.23228],[11606,3087,-121.256478,44.232169],[11688,3094,-121.256752,44.232057],[11758,3100,-121.256982,44.231961],[11827,3104,-121.257213,44.231865],[11913,3113,-121.25746,44.231711],[11992,3119,-121.257685,44.231565],[12066,3121,-121.257953,44.231504],[12114,3124,-121.258071,44.231404],[12206,3124,-121.258415,44.23135],[12275,3122,-121.25868,44.231332],[12355,3120,-121.258983,44.231304],[12442,3118,-121.259315,44.231314],[12509,3117,-121.259536,44.231405],[12576,3114,-121.259687,44.231553],[12627,3111,-121.259774,44.23168],[12689,3108,-121.259891,44.231827],[12759,3105,-121.260083,44.231962],[12831,3100,-121.260262,44.23211],[12908,3098,-121.260528,44.232203],[12975,3096,-121.260776,44.232246],[13041,3095,-121.261024,44.232289],[13120,3094,-121.26129,44.232388],[13179,3094,-121.261516,44.232394],[13272,3096,-121.261842,44.232289],[13353,3099,-121.262105,44.232172],[13409,3098,-121.26232,44.23218],[13465,3098,-121.262529,44.232204],[13522,3096,-121.262733,44.23226],[13558,3094,-121.262792,44.232349],[13619,3092,-121.262964,44.232465],[13666,3091,-121.26312,44.232525],[13746,3090,-121.263425,44.232526],[13813,3088,-121.263682,44.232542],[13893,3087,-121.263986,44.23255],[13947,3088,-121.264169,44.232477],[14006,3091,-121.26427,44.232332],[14084,3094,-121.264476,44.23218],[14177,3097,-121.26474,44.232006],[14210,3098,-121.264826,44.231943],[14334,3098,-121.265281,44.232042],[14416,3099,-121.265549,44.232157],[14546,3098,-121.265946,44.232372],[14628,3096,-121.266139,44.232549],[14695,3095,-121.266279,