{"trail":"Firewater","distance":10100,"gain":370,"loss":437,"min":1413,"max":1573,"profile":[[0,1480,-85.385978,34.927055],[25,1480,-85.386059,34.927074],[50,1480,-85.386139,34.927092],[75,1481,-85.38622,34.927107],[100,1480,-85.386298,34.927082],[125,1483,-85.386376,34.927058],[150,1484,-85.386455,34.927034],[175,1482,-85.386533,34.92701],[200,1484,-85.386611,34.926986],[225,1487,-85.38669,34.926962],[249,1491,-85.386758,34.926926],[274,1493,-85.386815,34.926876],[299,1502,-85.386873,34.926826],[324,1506,-85.386931,34.926777],[349,1510,-85.386989,34.926727],[374,1517,-85.387046,34.926678],[399,1520,-85.387104,34.926628],[424,1526,-85.387162,34.926579],[447,1527,-85.387237,34.926561],[472,1529,-85.387321,34.926558],[497,1530,-85.387404,34.926555],[522,1530,-85.387488,34.926552],[547,1528,-85.387571,34.926549],[572,1527,-85.387655,34.926546],[597,1531,-85.387738,34.926543],[622,1531,-85.387822,34.926541],[647,1530,-85.387905,34.926538],[672,1528,-85.387989,34.926535],[697,1526,-85.388072,34.926532],[722,1525,-85.388156,34.926529],[747,1520,-85.388234,34.926545],[772,1521,-85.38831,34.926575],[797,1521,-85.388386,34.926604],[822,1525,-85.388461,34.926633],[847,1529,-85.388537,34.926662],[871,1529,-85.388578,34.926718],[896,1522,-85.388611,34.926781],[921,1525,-85.388643,34.926844],[946,1530,-85.388675,34.926908],[971,1531,-85.388708,34.926971],[996,1531,-85.38874,34.927034],[1021,1532,-85.388772,34.927097],[1046,1533,-85.388805,34.92716],[1070,1533,-85.388843,34.92722],[1095,1534,-85.388913,34.927257],[1120,1537,-85.388983,34.927294],[1145,1537,-85.389053,34.927332],[1170,1538,-85.389123,34.927369],[1195,1537,-85.389193,34.927407],[1220,1536,-85.389263,34.927444],[1244,1535,-85.389324,34.927485],[1269,1533,-85.389305,34.927552],[1294,1531,-85.389286,34.927618],[1319,1531,-85.389267,34.927685],[1341,1529,-85.389209,34.927724],[1366,1528,-85.389131,34.92775],[1391,1527,-85.389054,34.927776],[1416,1528,-85.388977,34.927802],[1441,1527,-85.3889,34.927829],[1466,1527,-85.388832,34.92779],[1491,1525,-85.388765,34.927749],[1516,1527,-85.388699,34.927708],[1540,1525,-85.388636,34.927664],[1565,1524,-85.388611,34.927599],[1590,1523,-85.388585,34.927534],[1615,1523,-85.38856,34.927468],[1640,1520,-85.388534,34.927403],[1665,1518,-85.388509,34.927338],[1690,1515,-85.388483,34.927272],[1711,1516,-85.388436,34.927231],[1736,1523,-85.388353,34.927231],[1761,1529,-85.388269,34.927231],[1786,1531,-85.388186,34.927231],[1811,1529,-85.388102,34.927231],[1835,1530,-85.388025,34.927255],[1860,1529,-85.387951,34.927286],[1885,1524,-85.387877,34.927318],[1910,1526,-85.387803,34.927349],[1935,1525,-85.387728,34.927381],[1960,1525,-85.387654,34.927412],[1985,1524,-85.38758,34.927444],[2010,1525,-85.387505,34.927475],[2035,1524,-85.387431,34.927506],[2059,1524,-85.387387,34.927562],[2084,1526,-85.387351,34.927624],[2109,1525,-85.387315,34.927685],[2134,1526,-85.387278,34.927747],[2159,1523,-85.387242,34.927809],[2184,1524,-85.387206,34.927871],[2209,1520,-85.38717,34.927932],[2234,1516,-85.387131,34.927993],[2259,1512,-85.387073,34.928042],[2284,1509,-85.387015,34.928092],[2309,1514,-85.386957,34.928141],[2334,1517,-85.386899,34.92819],[2359,1521,-85.386841,34.92824],[2384,1521,-85.386783,34.928289],[2409,1519,-85.386726,34.928339],[2434,1518,-85.386668,34.928388],[2459,1516,-85.38661,34.928437],[2483,1516,-85.386605,34.928503],[2508,1514,-85.386611,34.928571],[2533,1511,-85.386616,34.92864],[2558,1508,-85.386622,34.928708],[2583,1506,-85.386627,34.928776],[2608,1504,-85.386633,34.928845],[2633,1504,-85.386639,34.928913],[2658,1508,-85.386644,34.928981],[2683,1508,-85.38665,34.92905],[2708,1508,-85.386655,34.929118],[2733,1506,-85.386661,34.929187],[2758,1505,-85.386676,34.929252],[2783,1506,-85.386721,34.929311],[2808,1507,-85.386765,34.929369],[2833,1509,-85.386809,34.929427],[2858,1508,-85.386853,34.929485],[2883,1506,-85.386897,34.929543],[2908,1508,-85.386941,34.929602],[2933,1505,-85.386985,34.92966],[2958,1504,-85.38703,34.929718],[2983,1510,-85.387074,34.929776],[3008,1506,-85.387118,34.929834],[3032,1501,-85.387165,34.929889],[3057,1507,-85.387247,34.929902],[3082,1510,-85.387329,34.929915],[3107,1509,-85.387411,34.929928],[3132,1512,-85.387493,34.929941],[3157,1515,-85.387575,34.929955],[3182,1516,-85.387657,34.929968],[3207,1521,-85.387739,34.929981],[3232,1528,-85.387821,34.929994],[3257,1532,-85.387903,34.930007],[3282,1536,-85.387985,34.93002],[3306,1541,-85.388067,34.930023],[3331,1547,-85.388148,34.930007],[3356,1547,-85.38823,34.929991],[3381,1554,-85.388311,34.929974],[3406,1559,-85.388392,34.929958],[3431,1561,-85.388473,34.929942],[3456,1562,-85.388554,34.929926],[3481,1561,-85.388636,34.92991],[3506,1560,-85.388717,34.929894],[3527,1557,-85.388746,34.929844],[3552,1556,-85.388746,34.929776],[3573,1557,-85.38875,34.929716],[3598,1559,-85.3888,34.929771],[3623,1559,-85.38885,34.929826],[3648,1561,-85.3889,34.92988],[3672,1563,-85.388937,34.929938],[3697,1565,-85.388925,34.930006],[3716,1567,-85.388884,34.930045],[3741,1567,-85.388801,34.930041],[3766,1568,-85.388717,34.930038],[3791,1568,-85.388634,34.930035],[3816,1567,-85.38855,34.930031],[3838,1566,-85.388479,34.930045],[3863,1567,-85.388444,34.930107],[3888,1569,-85.388409,34.93017],[3913,1568,-85.388374,34.930232],[3936,1569,-85.388377,34.930295],[3961,1570,-85.388407,34.930359],[3986,1568,-85.388437,34.930423],[4011,1570,-85.388466,34.930487],[4036,1572,-85.388496,34.930551],[4061,1570,-85.388525,34.930616],[4086,1572,-85.388555,34.93068],[4111,1573,-85.388585,34.930744],[4136,1571,-85.388614,34.930808],[4161,1572,-85.388644,34.930872],[4185,1570,-85.388655,34.930938],[4210,1569,-85.388643,34.931005],[4235,1569,-85.388632,34.931073],[4260,1570,-85.38862,34.931141],[4285,1567,-85.388608,34.931209],[4310,1567,-85.388596,34.931277],[4335,1567,-85.388584,34.931345],[4360,1563,-85.388573,34.931413],[4385,1563,-85.388561,34.93148],[4410,1563,-85.388549,34.931548],[4435,1563,-85.388537,34.931616],[4459,1562,-85.388554,34.931679],[4484,1564,-85.388596,34.931739],[4509,1564,-85.388637,34.931798],[4534,1566,-85.388679,34.931858],[4559,1564,-85.38872,34.931917],[4584,1564,-85.388762,34.931977],[4605,1564,-85.388817,34.932016],[4630,1566,-85.388901,34.932014],[4655,1566,-85.388984,34.932012],[4680,1566,-85.389068,34.932009],[4705,1565,-85.389151,34.932007],[4730,1564,-85.389235,34.932005],[4755,1562,-85.389318,34.932003],[4780,1561,-85.389402,34.932001],[4801,1562,-85.38947,34.932005],[4826,1560,-85.389422,34.932061],[4851,1558,-85.389373,34.932117],[4875,1556,-85.389295,34.932136],[4900,1554,-85.389213,34.93215],[4925,1555,-85.389131,34.932165],[4950,1551,-85.38905,34.93218],[4975,1552,-85.388968,34.932195],[5000,1553,-85.388887,34.93221],[5025,1548,-85.388805,34.932225],[5044,1544,-85.388833,34.93227],[5069,1534,-85.388887,34.932322],[5094,1530,-85.388941,34.932374],[5119,1524,-85.388996,34.932426],[5144,1527,-85.38905,34.932478],[5169,1523,-85.389104,34.932531],[5194,1522,-85.389158,34.932583],[5219,1516,-85.389212,34.932635],[5244,1521,-85.389267,34.932687],[5255,1518,-85.389228,34.932685],[5271,1513,-85.389175,34.932689],[5296,1514,-85.389175,34.932758],[5314,1518,-85.389132,34.932791],[5339,1520,-85.389048,34.932791],[5363,1521,-85.388969,34.9328],[5388,1527,-85.388908,34.932847],[5413,1530,-85.388846,34.932893],[5438,1533,-85.388785,34.93294],[5463,1538,-85.388724,34.932986],[5487,1541,-85.388691,34.933046],[5512,1543,-85.388672,34.933113],[5537,1548,-85.388653,34.93318],[5562,1550,-85.388634,34.933247],[5587,1553,-85.388616,34.933313],[5612,1555,-85.388597,34.93338],[5637,1557,-85.388578,34.933447],[5653,1556,-85.388561,34.933404],[5678,1556,-85.388545,34.933337],[5703,1558,-85.388528,34.933269],[5728,1557,-85.388512,34.933202],[5751,1561,-85.388437,34.933206],[5776,1563,-85.388354,34.933217],[5801,1562,-85.388272,34.933229],[5826,1563,-85.38819,34.933241],[5851,1562,-85.388107,34.933253],[5876,1562,-85.388025,34.933264],[5898,1561,-85.388025,34.933204],[5923,1562,-85.388035,34.933136],[5948,1562,