{"trail":"Flagline Tie","distance":6625,"gain":100,"loss":21,"min":6241,"max":6351,"profile":[[0,6241,-121.604451,44.010191],[59,6240,-121.604578,44.010058],[91,6240,-121.60463,44.009977],[130,6240,-121.604659,44.009873],[183,6242,-121.604735,44.00974],[215,6244,-121.604803,44.009665],[293,6244,-121.604896,44.009462],[370,6244,-121.604898,44.009252],[446,6249,-121.604899,44.009042],[523,6252,-121.604901,44.008832],[594,6256,-121.604979,44.008645],[640,6256,-121.604988,44.00852],[718,6258,-121.60507,44.008314],[751,6258,-121.605074,44.008224],[790,6260,-121.605118,44.008122],[887,6268,-121.605284,44.007883],[972,6273,-121.605383,44.007661],[1005,6277,-121.60544,44.007581],[1122,6283,-121.605556,44.007272],[1231,6289,-121.605714,44.006996],[1250,6289,-121.605723,44.006943],[1348,6291,-121.605854,44.006693],[1400,6296,-121.605954,44.006569],[1426,6296,-121.606022,44.006516],[1499,6306,-121.606232,44.006388],[1532,6309,-121.606343,44.006346],[1544,6310,-121.606376,44.00632],[1577,6313,-121.606417,44.006236],[1662,6319,-121.606405,44.006003],[1779,6324,-121.606235,44.005707],[1864,6329,-121.606065,44.005509],[1916,6331,-121.605987,44.005378],[2013,6334,-121.605893,44.005119],[2079,6337,-121.60589,44.00494],[2115,6339,-121.605922,44.004842],[2115,6339,-121.605922,44.004842],[2204,6344,-121.606148,44.00466],[2336,6351,-121.606499,44.004404],[2369,6352,-121.606571,44.00433],[2401,6351,-121.606616,44.004248],[2453,6354,-121.606742,44.004136],[2472,6353,-121.606761,44.004085],[2518,6352,-121.606758,44.003959],[2583,6353,-121.606903,44.003815],[2623,6352,-121.606937,44.00371],[2662,6350,-121.606904,44.003606],[2714,6346,-121.606763,44.003505],[2740,6343,-121.606713,44.003444],[2792,6339,-121.606706,44.003301],[2824,6339,-121.606724,44.003213],[2850,6335,-121.606699,44.003144],[2968,6323,-121.606402,44.002902],[3014,6322,-121.606335,44.002787],[3066,6322,-121.606282,44.002649],[3108,6322,-121.606246,44.002535],[3108,6317,-121.606462,44.001714],[3180,6316,-121.606634,44.00156],[3279,6317,-121.606917,44.001384],[3409,6319,-121.607133,44.001062],[3448,6322,-121.607176,44.00096],[3494,6322,-121.607184,44.000834],[3559,6323,-121.607292,44.000673],[3579,6323,-121.607306,44.000621],[3624,6323,-121.607305,44.000496],[3657,6322,-121.607267,44.00041],[3709,6322,-121.607247,44.000268],[3761,6322,-121.60727,44.000126],[3859,6324,-121.607515,43.999923],[3912,6323,-121.607519,43.99978],[3950,6322,-121.60747,43.999681],[4035,6321,-121.607303,43.999482],[4132,6321,-121.607177,43.999231],[4204,6320,-121.606994,43.999083],[4269,6319,-121.606781,43.998995],[4400,6318,-121.60645,43.998726],[4419,6318,-121.606388,43.998697],[4478,6318,-121.606163,43.998692],[4530,6318,-121.605972,43.998656],[4582,6317,-121.605776,43.998676],[4628,6317,-121.605603,43.998662],[4662,6317,-121.605477,43.998641],[4662,6317,-121.605477,43.998641],[4677,6317,-121.605428,43.998618],[4723,6318,-121.605302,43.998532],[4808,6323,-121.605081,43.998362],[4830,6323,-121.605033,43.998312],[4869,6323,-121.604919,43.998242],[4886,6323,-121.604883,43.998204],[4934,6324,-121.604856,43.998073],[4984,6324,-121.604803,43.997941],[5012,6324,-121.604762,43.997869],[5082,6324,-121.604614,43.99771],[5126,6322,-121.604493,43.997628],[5152,6320,-121.604436,43.99757],[5230,6318,-121.60432,43.997373],[5261,6318,-121.604248,43.997304],[5286,6318,-121.604181,43.997257],[5309,6318,-121.604103,43.997231],[5333,6317,-121.604011,43.997227],[5367,6317,-121.603882,43.997239],[5400,6315,-121.603761,43.997265],[5413,6315,-121.603726,43.997289],[5475,6312,-121.60352,43.997374],[5498,6310,-121.603433,43.997389],[5573,6308,-121.603152,43.997413],[5587,6307,-121.603096,43.997409],[5675,6307,-121.602777,43.997337],[5717,6310,-121.602619,43.99733],[5740,6315,-121.602535,43.99731],[5825,6317,-121.602214,43.99727],[5879,6321,-121.602027,43.997209],[5901,6324,-121.601947,43.997191],[5968,6328,-121.601721,43.997106],[6079,6332,-121.601379,43.99693],[6092,6332,-121.601332,43.99692],[6105,6332,-121.601289,43.996898],[6116,6333,-121.601261,43.996877],[6126,6333,-121.601247,43.996852],[6180,6336,-121.601255,43.996703],[6193,6336,-121.60125,43.996669],[6226,6334,-121.601212,43.996581],[6257,6334,-121.601202,43.996497],[6288,6334,-121.60122,43.996412],[6382,6334,-121.601211,43.996155],[6412,6334,-121.601174,43.996077],[6436,6333,-121.601133,43.996018],[6566,6324,-121.600793,43.995761],[6586,6323,-121.600747,43.995716],[6604,6323,-121.600722,43.99567],[6625,6323,-121.600718,43.995613]]}