{"trail":"Flagline Access","distance":10632,"gain":267,"loss":55,"min":6312,"max":6672,"profile":[[0,6408,-121.664084,44.019021],[30,6412,-121.664078,44.019102],[39,6415,-121.664077,44.019127],[67,6419,-121.664108,44.019203],[157,6430,-121.66429,44.019411],[210,6438,-121.664411,44.019528],[234,6441,-121.66439,44.019592],[251,6444,-121.664346,44.019624],[274,6448,-121.664296,44.019678],[304,6451,-121.66429,44.019758],[336,6455,-121.664312,44.019845],[374,6462,-121.664286,44.019949],[424,6470,-121.664216,44.020074],[469,6476,-121.664192,44.020197],[505,6481,-121.664221,44.020294],[536,6483,-121.664194,44.020376],[553,6486,-121.664142,44.020405],[593,6492,-121.664032,44.020481],[623,6494,-121.663982,44.020555],[680,6498,-121.66396,44.020709],[715,6503,-121.663876,44.020784],[749,6507,-121.663772,44.020839],[780,6513,-121.663667,44.020879],[811,6519,-121.663587,44.02094],[853,6527,-121.663505,44.02104],[903,6535,-121.663444,44.02117],[971,6538,-121.663392,44.021353],[1083,6542,-121.66332,44.021654],[1148,6539,-121.663294,44.021833],[1190,6538,-121.663362,44.021937],[1228,6529,-121.663442,44.022022],[1262,6521,-121.663472,44.022113],[1306,6527,-121.663444,44.022232],[1357,6527,-121.663429,44.022372],[1415,6529,-121.663453,44.02253],[1462,6533,-121.66342,44.022656],[1480,6538,-121.663407,44.022704],[1506,6542,-121.663429,44.022775],[1534,6541,-121.663483,44.022842],[1567,6545,-121.66349,44.022933],[1644,6561,-121.66344,44.023138],[1695,6566,-121.663396,44.023274],[1701,6566,-121.663377,44.023288],[1710,6570,-121.663346,44.02329],[1744,6573,-121.663264,44.023215],[1822,6580,-121.663032,44.023086],[1888,6605,-121.662826,44.022981],[1950,6626,-121.662611,44.02291],[1988,6644,-121.662466,44.022905],[2027,6646,-121.662341,44.022846],[2057,6645,-121.662232,44.022823],[2101,6644,-121.662074,44.022869],[2147,6640,-121.661907,44.022905],[2230,6637,-121.661594,44.022917],[2272,6635,-121.66143,44.022923],[2304,6635,-121.661343,44.022982],[2334,6634,-121.661276,44.023049],[2364,6634,-121.661211,44.023115],[2400,6634,-121.661104,44.023178],[2416,6634,-121.661041,44.023176],[2440,6634,-121.660953,44.023167],[2462,6634,-121.66087,44.023182],[2484,6634,-121.660822,44.02323],[2500,6635,-121.660764,44.02325],[2532,6635,-121.660645,44.023252],[2546,6635,-121.660599,44.023274],[2561,6635,-121.660554,44.023297],[2586,6635,-121.660523,44.023362],[2601,6636,-121.660493,44.023397],[2630,6637,-121.660384,44.023404],[2648,6637,-121.660317,44.023386],[2677,6637,-121.660215,44.023356],[2707,6639,-121.660107,44.023334],[2731,6640,-121.660012,44.023336],[2751,6640,-121.65994,44.023345],[2767,6641,-121.659886,44.023369],[2796,6644,-121.659793,44.023409],[2816,6652,-121.659745,44.023454],[2855,6664,-121.659656,44.023537],[2909,6683,-121.659498,44.023633],[2941,6683,-121.659385,44.023669],[2961,6685,-121.659311,44.023681],[3009,6682,-121.659138,44.02372],[3038,6679,-121.659034,44.023752],[3081,6673,-121.658899,44.023815],[3137,6666,-121.658719,44.0239],[3166,6664,-121.658615,44.023927],[3215,6660,-121.658433,44.023956],[3255,6657,-121.658283,44.023966],[3270,6657,-121.658227,44.023955],[3299,6656,-121.658116,44.02396],[3319,6656,-121.658056,44.023994],[3335,6655,-121.658032,44.024035],[3360,6655,-121.657984,44.024094],[3379,6653,-121.657923,44.024122],[3405,6652,-121.657826,44.024131],[3448,6649,-121.65768,44.024186],[3493,6644,-121.657526,44.024241],[3541,6638,-121.657374,44.024312],[3541,6408,-121.664084,44.019021],[3566,6406,-121.66409,44.018952],[3597,6402,-121.664047,44.018872],[3614,6401,-121.664038,44.018826],[3641,6400,-121.664069,44.018757],[3697,6397,-121.664177,44.018623],[3747,6394,-121.664227,44.018491],[3795,6392,-121.664231,44.018359],[3828,6390,-121.664214,44.018271],[3860,6388,-121.664184,44.018184],[3882,6386,-121.664196,44.018126],[3925,6385,-121.664186,44.018007],[3956,6382,-121.664157,44.017925],[3996,6380,-121.664075,44.017832],[4020,6379,-121.664038,44.017773],[4068,6375,-121.664066,44.017643],[4121,6370,-121.664134,44.017505],[4195,6365,-121.664318,44.017353],[4317,6362,-121.664665,44.017127],[4426,6359,-121.664955,44.016914],[4486,6355,-121.665114,44.016796],[4547,6329,-121.665172,44.016634],[4593,6320,-121.665207,44.016512],[4593,6320,-121.665207,44.016512],[4660,6319,-121.665183,44.016329],[4725,6319,-121.665151,44.016153],[4767,6319,-121.66509,44.016045],[4809,6320,-121.665062,44.015933],[4847,6320,-121.665057,44.015828],[4886,6319,-121.665112,44.01573],[5005,6319,-121.665335,44.015446],[5070,6319,-121.665422,44.015279],[5108,6319,-121.665431,44.015175],[5225,6322,-121.665415,44.014854],[5306,6323,-121.665409,44.01463],[5368,6322,-121.665483,44.014471],[5414,6322,-121.665504,44.014345],[5472,6321,-121.6655,44.014187],[5507,6320,-121.66553,44.014091],[5507,6320,-121.66553,44.014091],[5538,6320,-121.665556,44.014011],[5614,6319,-121.665547,44.013803],[5697,6318,-121.665456,44.013583],[5761,6318,-121.665426,44.013409],[5824,6316,-121.66535,44.013245],[5869,6316,-121.665276,44.013134],[5905,6315,-121.665201,44.01305],[5990,6314,-121.665012,44.012863],[6062,6315,-121.664854,44.012702],[6100,6314,-121.664788,44.01261],[6173,6313,-121.664704,44.012419],[6264,6313,-121.664611,44.012178],[6315,6313,-121.664539,44.012048],[6357,6313,-121.664457,44.01195],[6413,6313,-121.664362,44.01181],[6480,6313,-121.664342,44.011629],[6570,6314,-121.66427,44.011387],[6603,6314,-121.664244,44.011298],[6662,6314,-121.664238,44.011136],[6711,6314,-121.66424,44.011001],[6774,6316,-121.664203,44.01083],[6828,6316,-121.664171,44.010686],[6883,6316,-121.664225,44.010541],[6909,6316,-121.664257,44.010471],[6935,6316,-121.664281,44.010402],[6967,6316,-121.664262,44.010315],[7011,6317,-121.664296,44.010199],[7071,6316,-121.664346,44.010036],[7114,6316,-121.664387,44.009923],[7176,6314,-121.664413,44.009755],[7202,6314,-121.664442,44.009685],[7232,6313,-121.664515,44.009624],[7260,6313,-121.664541,44.009549],[7300,6313,-121.664567,44.009442],[7325,6312,-121.664624,44.009385],[7348,6312,-121.664643,44.009323],[7378,6312,-121.664652,44.009243],[7419,6312,-121.664669,44.00913],[7494,6312,-121.664741,44.008931],[7542,6312,-121.664788,44.008806],[7612,6313,-121.664788,44.008612],[7663,6313,-121.664821,44.008476],[7663,6313,-121.664821,44.008476],[7696,6313,-121.664756,44.008398],[7726,6314,-121.664687,44.008332],[7741,6315,-121.664633,44.00832],[7761,6316,-121.664595,44.00827],[7773,6316,-121.664591,44.008238],[7791,6317,-121.664565,44.008192],[7821,6317,-121.664504,44.008124],[7850,6318,-121.664474,44.008046],[7936,6318,-121.664342,44.00783],[8010,6319,-121.664244,44.00764],[8070,6319,-121.664199,44.007479],[8137,6319,-121.66414,44.007301],[8178,6319,-121.664116,44.00719],[8208,6318,-121.664069,44.007114],[8243,6319,-121.664034,44.007021],[8260,6319,-121.664056,44.006979],[8304,6318,-121.664138,44.006873],[8320,6317,-121.664166,44.006833],[8348,6317,-121.664192,44.006759],[8388,6317,-121.664186,44.006651],[8455,6318,-121.664162,44.006468],[8482,6319,-121.664168,44.006394],[8499,6319,-121.664179,44.006347],[8514,6319,-121.664205,44.006311],[8523,6319,-121.664221,44.006289],[8547,6319,-121.664216,44.006223],[8589,6320,-121.66424,44.006111],[8609,6321,-121.664262,44.006059],[8625,6321,-121.664273,44.006013],[8638,6321,-121.664275,44.005978],[8661,6321,-121.664324,44.005926],[8703,6322,-121.664392,44.005822],[8753,6322,-121.664429,44.005687],[8788,6322,-121.664446,44.005593],[8860,6322,-121.664479,44.005396],[8928,6321,-121.664487,44.005211],[9042,6323,-121.664476,44.004897],[9075,6323,-121.664473,44.004806],[9075,6323,-121.664473,44.004806],[9119,6323,-121.66447,44.004688],[9162,6323,-121.66445,44.004569],[9232,6323,-121.6644,44.004381],[9265,6323,-121.664376,44.004292],[9311,6323,-121.664389,44.004167],[9337,6323,-121.664361,44.004099],[9359,6323,-121.664389,44.00404],[9399,6322,-121.664479,44.003953],[9440,6321,-121.664572,44.003863],[9457,6321,-121.664596,44.003821],[9542,6323,-121.664548,44.003589],[9575,6323,-121.664535,44.003501],[9619,6323,-121.664587,44.003386],[9688,6324,-121.664624,