{"trail":"Fletcher Park","distance":9356,"gain":126,"loss":130,"min":719,"max":770,"profile":[[0,757,-84.901443,35.17779],[25,756,-84.901452,35.177722],[50,756,-84.901461,35.177653],[75,756,-84.90147,35.177585],[100,755,-84.901479,35.177517],[125,753,-84.901488,35.177449],[150,753,-84.901497,35.177381],[175,752,-84.901506,35.177313],[200,752,-84.901515,35.177245],[225,752,-84.901524,35.177177],[247,752,-84.901499,35.177119],[272,754,-84.901437,35.177072],[297,756,-84.901375,35.177026],[322,758,-84.901314,35.17698],[343,760,-84.901282,35.176929],[368,760,-84.901318,35.176867],[393,761,-84.901353,35.176805],[418,762,-84.901389,35.176743],[443,762,-84.901425,35.176681],[466,761,-84.901483,35.17664],[491,760,-84.901563,35.176621],[516,758,-84.901644,35.176601],[541,757,-84.901724,35.176582],[566,755,-84.901804,35.176562],[591,753,-84.901885,35.176543],[616,752,-84.901965,35.176523],[641,750,-84.902046,35.176504],[666,749,-84.902126,35.176485],[691,748,-84.902206,35.176465],[716,746,-84.902287,35.176446],[741,745,-84.902367,35.176426],[765,744,-84.902447,35.176439],[790,743,-84.902526,35.176461],[815,742,-84.902605,35.176484],[840,742,-84.902684,35.176507],[865,741,-84.902763,35.176529],[890,741,-84.902842,35.176552],[915,740,-84.902922,35.176574],[940,739,-84.903001,35.176597],[965,738,-84.90308,35.176619],[990,737,-84.903159,35.176642],[1015,735,-84.903238,35.176665],[1040,732,-84.903315,35.17669],[1065,731,-84.90337,35.176742],[1090,728,-84.903425,35.176794],[1115,727,-84.903479,35.176846],[1140,725,-84.903534,35.176898],[1165,722,-84.903589,35.176949],[1190,721,-84.903644,35.177001],[1215,721,-84.903699,35.177053],[1238,721,-84.903706,35.177115],[1263,721,-84.90369,35.177182],[1288,721,-84.903674,35.17725],[1313,721,-84.903658,35.177317],[1338,721,-84.903642,35.177384],[1363,721,-84.903626,35.177451],[1388,721,-84.90361,35.177519],[1413,722,-84.903594,35.177586],[1438,723,-84.903578,35.177653],[1463,724,-84.903562,35.17772],[1488,725,-84.903545,35.177788],[1513,726,-84.903529,35.177855],[1537,726,-84.903527,35.177923],[1562,727,-84.903531,35.177991],[1587,727,-84.903536,35.17806],[1612,727,-84.90354,35.178128],[1637,727,-84.903544,35.178197],[1662,726,-84.903549,35.178265],[1687,726,-84.903553,35.178334],[1712,726,-84.903558,35.178402],[1737,726,-84.903562,35.17847],[1762,725,-84.903567,35.178539],[1787,725,-84.903571,35.178607],[1812,725,-84.903575,35.178676],[1837,725,-84.90358,35.178744],[1862,725,-84.903584,35.178813],[1887,723,-84.903591,35.17888],[1912,722,-84.903638,35.178937],[1937,722,-84.903685,35.178994],[1962,721,-84.903732,35.17905],[1987,721,-84.90378,35.179107],[2012,721,-84.903827,35.179164],[2037,721,-84.903874,35.17922],[2062,721,-84.903921,35.179277],[2086,721,-84.903978,35.179323],[2111,720,-84.904058,35.179345],[2136,720,-84.904137,35.179367],[2161,720,-84.904216,35.17939],[2186,720,-84.904296,35.179412],[2211,720,-84.904375,35.179434],[2236,720,-84.904454,35.179456],[2261,720,-84.904533,35.179479],[2286,720,-84.904613,35.179501],[2305,720,-84.904622,35.179551],[2330,721,-84.904594,35.179616],[2355,721,-84.904567,35.179681],[2380,722,-84.904539,35.179746],[2405,722,-84.904512,35.17981],[2430,723,-84.904484,35.179875],[2455,722,-84.904457,35.17994],[2478,722,-84.9044,35.179983],[2503,722,-84.904325,35.180014],[2528,722,-84.90425,35.180045],[2553,722,-84.904175,35.180075],[2578,723,-84.9041,35.180106],[2603,722,-84.904025,35.180137],[2627,723,-84.903958,35.180175],[2652,722,-84.903908,35.18023],[2677,722,-84.903858,35.180285],[2702,722,-84.903807,35.18034],[2727,722,-84.903757,35.180394],[2752,722,-84.903711,35.180451],[2777,722,-84.903679,35.180515],[2802,722,-84.903647,35.180578],[2827,721,-84.903616,35.180642],[2852,721,-84.903584,35.180705],[2877,721,-84.903553,35.180768],[2902,721,-84.903521,35.180832],[2927,721,-84.90349,35.180895],[2952,721,-84.903458,35.180959],[2977,721,-84.903427,35.181022],[3002,721,-84.903395,35.181086],[3027,722,-84.903363,35.181149],[3052,722,-84.903332,35.181213],[3077,722,-84.9033,35.181276],[3102,723,-84.903269,35.18134],[3127,724,-84.903237,35.181403],[3152,725,-84.903206,35.181467],[3177,726,-84.903174,35.18153],[3202,726,-84.903137,35.181591],[3227,727,-84.903094,35.18165],[3252,728,-84.903051,35.181709],[3277,729,-84.903008,35.181768],[3302,730,-84.902965,35.181827],[3327,731,-84.902922,35.181886],[3352,732,-84.902879,35.181945],[3377,732,-84.902836,35.182004],[3402,733,-84.902794,35.182063],[3427,733,-84.902751,35.182121],[3452,734,-84.902708,35.18218],[3477,734,-84.902665,35.182239],[3502,734,-84.902623,35.182298],[3527,734,-84.902635,35.182366],[3552,733,-84.902647,35.182434],[3577,733,-84.902658,35.182502],[3602,732,-84.90267,35.18257],[3627,730,-84.902682,35.182637],[3652,728,-84.902694,35.182705],[3677,727,-84.902706,35.182773],[3702,725,-84.902718,35.182841],[3727,724,-84.90273,35.182909],[3752,726,-84.902804,35.182938],[3777,727,-84.902881,35.182966],[3802,727,-84.902957,35.182994],[3827,726,-84.903034,35.183021],[3852,725,-84.903111,35.183049],[3876,724,-84.903193,35.18304],[3901,724,-84.903275,35.183028],[3926,723,-84.903355,35.183012],[3951,724,-84.9034,35.182954],[3976,724,-84.903444,35.182896],[4000,724,-84.903469,35.182832],[4025,725,-84.903484,35.182764],[4050,725,-84.903499,35.182697],[4075,725,-84.903514,35.18263],[4100,725,-84.903529,35.182562],[4125,726,-84.903543,35.182495],[4150,726,-84.903558,35.182427],[4175,726,-84.903573,35.18236],[4200,726,-84.903588,35.182292],[4225,725,-84.903603,35.182225],[4250,725,-84.903618,35.182157],[4275,724,-84.903633,35.18209],[4300,723,-84.903647,35.182023],[4317,722,-84.903704,35.182015],[4342,722,-84.903782,35.182039],[4367,721,-84.90386,35.182064],[4392,721,-84.903939,35.182088],[4417,720,-84.904017,35.182112],[4442,720,-84.904095,35.182137],[4467,720,-84.90413,35.182197],[4492,720,-84.90416,35.182261],[4517,720,-84.904191,35.182325],[4541,720,-84.904209,35.18239],[4566,720,-84.904204,35.182459],[4591,720,-84.9042,35.182527],[4616,720,-84.904195,35.182595],[4641,720,-84.90419,35.182664],[4665,720,-84.904148,35.182719],[4690,721,-84.90409,35.182769],[4715,721,-84.904032,35.182818],[4740,721,-84.903975,35.182868],[4765,721,-84.903917,35.182918],[4790,721,-84.903859,35.182968],[4815,722,-84.903802,35.183018],[4840,721,-84.903766,35.183079],[4865,721,-84.90373,35.183141],[4890,721,-84.903694,35.183203],[4915,721,-84.903657,35.183265],[4940,720,-84.903621,35.183327],[4965,720,-84.903585,35.183388],[4989,720,-84.903533,35.183439],[5014,719,-84.903464,35.183478],[5039,720,-84.903395,35.183517],[5064,720,-84.903326,35.183557],[5089,720,-84.903257,35.183596],[5114,720,-84.903189,35.183635],[5139,720,-84.90312,35.183674],[5164,720,-84.903051,35.183713],[5189,720,-84.902982,35.183752],[5214,720,-84.902913,35.183792],[5236,720,-84.902846,35.183813],[5261,720,-84.902784,35.183767],[5286,719,-84.902723,35.183721],[5311,719,-84.902661,35.183674],[5335,719,-84.902602,35.183627],[5360,719,-84.902619,35.18356],[5385,719,-84.902636,35.183493],[5410,720,-84.902653,35.183426],[5435,720,-84.902671,35.183359],[5460,721,-84.902688,35.183292],[5485,722,-84.902705,35.183225],[5510,722,-84.902722,35.183158],[5535,724,-84.902739,35.183091],[5560,725,-84.902756,35.183024],[5585,726,-84.902774,35.182957],[5610,727,-84.902791,35.18289],[5634,726,-84.902753,35.182833],[5659,727,-84.9027,35.18278],[5684,727,-84.902648,35.182726],[5707,727,-84.90258,35.182695],[5732,725,-84.902497,35.182686],[5757,726,-84.902414,35.182676],[5782,725,-84.902331,35.182666],[5806,730,-84.902286,35.182611],[5831,734,-84.902246,35.182551],[5856,737,-84.902206,35.182491],[5878,738,-84.902222,35.182431],[5903,737,-84.902263,35.182371],[5928,737,-84.902304,35.182312],[5953,737,-84.902345,35.182252],[5978,737,-84.902386,35.182192],[6003,737,-84.902428,35.182133],[6028,736,-84.902469,35.182073],[6053,736,-84.90251,35.182013],[6078,736,-84.902551,35.181953],[6103,736,-84.902592,35.181894],[6128,735,-84.902633,35.181834],[6153,735,-84.902674,35.181774],[6178,734,-84.902715,35.181714],[6203,733,