{"trail":"Foot Wall","distance":4825,"gain":363,"loss":368,"min":1954,"max":2032,"profile":[[0,2006,-85.429237,34.851002],[25,2011,-85.429306,34.851041],[50,2016,-85.429375,34.85108],[75,2018,-85.429443,34.851118],[100,2018,-85.429512,34.851157],[125,2011,-85.429581,34.851196],[150,2012,-85.429612,34.85126],[175,2017,-85.429643,34.851324],[198,2011,-85.429656,34.851386],[223,2011,-85.429616,34.851446],[248,2007,-85.429575,34.851506],[269,2005,-85.42959,34.851562],[294,2002,-85.429642,34.851616],[319,1998,-85.429694,34.851669],[344,2000,-85.429746,34.851723],[369,1998,-85.429799,34.851776],[394,1998,-85.429851,34.85183],[419,1997,-85.429903,34.851883],[444,1998,-85.429955,34.851937],[467,2008,-85.429984,34.851996],[492,2013,-85.429972,34.852064],[517,2014,-85.42996,34.852131],[542,2012,-85.429948,34.852199],[567,2014,-85.429936,34.852267],[592,2013,-85.429924,34.852335],[616,2021,-85.429851,34.852362],[641,2027,-85.429773,34.852385],[666,2029,-85.429694,34.852409],[691,2030,-85.429616,34.852432],[716,2029,-85.429537,34.852456],[741,2032,-85.429459,34.852479],[764,2021,-85.429471,34.852541],[789,2010,-85.429493,34.852607],[814,2007,-85.429515,34.852673],[839,2005,-85.429536,34.85274],[864,2006,-85.429558,34.852806],[889,2004,-85.42958,34.852872],[914,2004,-85.429601,34.852938],[939,2000,-85.429665,34.852982],[964,1999,-85.42973,34.853026],[989,1998,-85.429794,34.853069],[1014,2001,-85.429859,34.853113],[1039,2003,-85.429923,34.853156],[1062,2003,-85.429965,34.853208],[1087,2007,-85.429959,34.853276],[1112,2007,-85.429953,34.853345],[1137,2004,-85.429947,34.853413],[1162,2000,-85.429942,34.853481],[1187,1995,-85.429936,34.85355],[1212,1997,-85.42993,34.853618],[1237,2002,-85.429924,34.853686],[1261,2009,-85.429891,34.853749],[1286,2017,-85.429854,34.85381],[1311,2018,-85.429817,34.853871],[1334,2023,-85.429761,34.853911],[1359,2027,-85.429678,34.853918],[1384,2026,-85.429595,34.853926],[1409,2026,-85.429512,34.853933],[1434,2023,-85.429429,34.853941],[1457,2016,-85.429364,34.853979],[1482,2010,-85.429305,34.854028],[1507,2007,-85.429246,34.854076],[1528,2004,-85.42923,34.854132],[1553,1994,-85.429259,34.854196],[1578,1990,-85.429289,34.854261],[1603,1988,-85.429318,34.854325],[1628,1988,-85.429348,34.854389],[1653,1990,-85.429378,34.854453],[1678,1993,-85.429407,34.854517],[1703,1996,-85.429437,34.854581],[1728,2002,-85.429466,34.854645],[1753,2003,-85.429496,34.854709],[1776,2006,-85.429501,34.854771],[1801,2010,-85.429455,34.854828],[1826,2011,-85.429409,34.854886],[1851,2011,-85.429363,34.854943],[1876,2007,-85.429317,34.855],[1901,2001,-85.429271,34.855057],[1926,2002,-85.429225,34.855114],[1951,2004,-85.42918,34.855172],[1976,2005,-85.429134,34.855229],[2001,2007,-85.429088,34.855286],[2026,2011,-85.429042,34.855343],[2051,2014,-85.428996,34.855401],[2076,2013,-85.42895,34.855458],[2101,2015,-85.428893,34.855507],[2126,2011,-85.428831,34.855554],[2151,2013,-85.428769,34.8556],[2176,2011,-85.428708,34.855646],[2201,2007,-85.428646,34.855692],[2226,2005,-85.428584,34.855738],[2251,2006,-85.428523,34.855785],[2276,1995,-85.428461,34.855831],[2297,1989,-85.428468,34.855888],[2322,1981,-85.428503,34.85595],[2347,1979,-85.428538,34.856013],[2372,1984,-85.428571,34.856075],[2397,1987,-85.428563,34.856143],[2422,1993,-85.428554,34.856211],[2447,1997,-85.428545,34.85628],[2472,1998,-85.428537,34.856348],[2496,1998,-85.428536,34.856413],[2521,1992,-85.428597,34.85646],[2546,1984,-85.428657,34.856508],[2571,1977,-85.428718,34.856555],[2596,1985,-85.428778,34.856602],[2621,1985,-85.428839,34.856649],[2646,1986,-85.4289,34.856696],[2670,1990,-85.428949,34.85675],[2695,1991,-85.42898,34.856813],[2720,1990,-85.429011,34.856877],[2745,1993,-85.429042,34.856941],[2770,1992,-85.429064,34.857005],[2795,1993,-85.429059,34.857074],[2820,1995,-85.429054,34.857142],[2845,1998,-85.429049,34.857211],[2870,1998,-85.429044,34.857279],[2895,2002,-85.429004,34.857338],[2920,2009,-85.428957,34.857395],[2945,2011,-85.428911,34.857452],[2970,2013,-85.428865,34.857509],[2995,2011,-85.428818,34.857566],[3014,2008,-85.428806,34.857619],[3039,1995,-85.42887,34.857662],[3064,1982,-85.428935,34.857706],[3089,1977,-85.428999,34.85775],[3114,1972,-85.429063,34.857793],[3139,1980,-85.429128,34.857837],[3164,1985,-85.429192,34.857881],[3189,1987,-85.429256,34.857924],[3214,1985,-85.429321,34.857968],[3239,1986,-85.429385,34.858012],[3263,1985,-85.429429,34.858068],[3288,1986,-85.429461,34.858131],[3313,1987,-85.429493,34.858194],[3338,1988,-85.429525,34.858258],[3363,1989,-85.429557,34.858321],[3388,1988,-85.42959,34.858384],[3413,1988,-85.429622,34.858447],[3438,1991,-85.429608,34.858515],[3463,1996,-85.429592,34.858582],[3488,1995,-85.429576,34.858649],[3513,1991,-85.42956,34.858716],[3538,1993,-85.429544,34.858784],[3563,1990,-85.429529,34.858851],[3588,1991,-85.429513,34.858918],[3613,1987,-85.429497,34.858986],[3638,1990,-85.429464,34.859048],[3663,1995,-85.429427,34.85911],[3688,1995,-85.429391,34.859171],[3713,1998,-85.429354,34.859233],[3738,1998,-85.429318,34.859295],[3763,1997,-85.429282,34.859356],[3788,1998,-85.429245,34.859418],[3813,2000,-85.429209,34.85948],[3838,2002,-85.429172,34.859541],[3863,2004,-85.429124,34.859596],[3888,2006,-85.42906,34.85964],[3913,2011,-85.428997,34.859684],[3938,2012,-85.428933,34.859728],[3963,2014,-85.428869,34.859772],[3988,2013,-85.428805,34.859817],[4013,2017,-85.428741,34.859861],[4038,2016,-85.428677,34.859905],[4063,2011,-85.428614,34.859949],[4088,2009,-85.42855,34.859993],[4113,2008,-85.428486,34.860038],[4135,2000,-85.428474,34.860097],[4160,1981,-85.428487,34.860165],[4185,1967,-85.428501,34.860233],[4210,1959,-85.428515,34.8603],[4235,1957,-85.428528,34.860368],[4260,1954,-85.428542,34.860435],[4285,1960,-85.428556,34.860503],[4310,1967,-85.42857,34.86057],[4334,1974,-85.428534,34.86063],[4359,1986,-85.428489,34.860688],[4384,1993,-85.428445,34.860746],[4409,1999,-85.4284,34.860804],[4434,2008,-85.428356,34.860862],[4458,2002,-85.428317,34.86092],[4483,1987,-85.428358,34.86098],[4508,1976,-85.428398,34.86104],[4533,1966,-85.428439,34.861099],[4558,1962,-85.428479,34.861159],[4583,1964,-85.42852,34.861219],[4606,1969,-85.428495,34.861278],[4631,1983,-85.428453,34.861337],[4656,1994,-85.42841,34.861396],[4681,2002,-85.428367,34.861455],[4706,2005,-85.428325,34.861514],[4731,2006,-85.428282,34.861573],[4756,2009,-85.42824,34.861632],[4781,2007,-85.428197,34.861691],[4806,2002,-85.428154,34.86175],[4825,2001,-85.428121,34.861796]]}