{"trail":"Forest Lane","distance":4165,"gain":286,"loss":78,"min":875,"max":1083,"profile":[[0,875,-85.04302,35.045387],[25,877,-85.04297,35.045332],[50,878,-85.042919,35.045278],[75,879,-85.042868,35.045223],[100,881,-85.042818,35.045168],[125,882,-85.042767,35.045114],[150,885,-85.042717,35.045059],[175,887,-85.042666,35.045005],[200,890,-85.042616,35.04495],[225,893,-85.042565,35.044895],[248,895,-85.042554,35.044832],[273,896,-85.042563,35.044764],[298,898,-85.042572,35.044696],[323,900,-85.042581,35.044627],[348,901,-85.04259,35.044559],[373,899,-85.042599,35.044491],[398,900,-85.042608,35.044423],[423,901,-85.042632,35.044359],[448,900,-85.042675,35.044301],[473,900,-85.042719,35.044242],[498,902,-85.042762,35.044183],[523,902,-85.042806,35.044125],[548,904,-85.042849,35.044066],[573,907,-85.042892,35.044007],[598,908,-85.042936,35.043949],[623,910,-85.042979,35.04389],[648,911,-85.043023,35.043832],[672,914,-85.043049,35.043768],[697,917,-85.043061,35.0437],[722,916,-85.043073,35.043632],[747,918,-85.043085,35.043565],[772,921,-85.043098,35.043497],[797,920,-85.04311,35.043429],[822,922,-85.043122,35.043361],[847,924,-85.043134,35.043293],[872,926,-85.043147,35.043226],[897,925,-85.043159,35.043158],[922,928,-85.043171,35.04309],[947,931,-85.043183,35.043022],[972,930,-85.043196,35.042954],[997,934,-85.043208,35.042887],[1005,937,-85.043182,35.042886],[1030,937,-85.043127,35.042938],[1055,940,-85.043072,35.042989],[1080,945,-85.043017,35.043041],[1105,948,-85.042962,35.043093],[1130,950,-85.042907,35.043144],[1155,953,-85.042852,35.043196],[1180,959,-85.042797,35.043248],[1205,961,-85.042742,35.043299],[1230,961,-85.042687,35.043351],[1255,966,-85.042632,35.043403],[1280,967,-85.042577,35.043454],[1305,964,-85.042522,35.043506],[1330,964,-85.042467,35.043557],[1355,962,-85.042412,35.043609],[1380,960,-85.042357,35.043661],[1405,960,-85.04229,35.0437],[1430,957,-85.042215,35.04373],[1455,957,-85.04214,35.04376],[1480,956,-85.042065,35.04379],[1505,956,-85.041989,35.04382],[1530,955,-85.041914,35.04385],[1555,956,-85.041839,35.04388],[1580,960,-85.041763,35.04391],[1605,966,-85.041688,35.043939],[1630,970,-85.041613,35.043969],[1654,977,-85.041551,35.044013],[1679,980,-85.041499,35.044067],[1704,982,-85.041447,35.04412],[1729,981,-85.041394,35.044174],[1754,979,-85.041342,35.044228],[1779,977,-85.04129,35.044281],[1804,972,-85.041238,35.044335],[1829,971,-85.041185,35.044388],[1853,974,-85.041123,35.044431],[1878,973,-85.041046,35.044458],[1903,975,-85.040969,35.044485],[1928,976,-85.040892,35.044512],[1953,980,-85.040816,35.044539],[1978,983,-85.040739,35.044566],[2001,984,-85.04069,35.044614],[2026,983,-85.040665,35.044679],[2051,985,-85.04064,35.044745],[2076,984,-85.040616,35.04481],[2101,979,-85.040591,35.044876],[2126,975,-85.040567,35.044941],[2151,968,-85.040542,35.045007],[2171,972,-85.040484,35.045034],[2196,976,-85.040401,35.045032],[2221,978,-85.040317,35.045029],[2246,981,-85.040233,35.045027],[2271,984,-85.04015,35.045024],[2296,989,-85.040066,35.045022],[2321,994,-85.039982,35.045019],[2341,998,-85.03992,35.045042],[2366,995,-85.039891,35.045107],[2391,997,-85.039863,35.045171],[2416,998,-85.039835,35.045236],[2441,997,-85.039806,35.0453],[2466,999,-85.039778,35.045365],[2491,1001,-85.039749,35.045429],[2509,1004,-85.039694,35.045442],[2534,1010,-85.039617,35.045415],[2553,1012,-85.039602,35.045364],[2578,1016,-85.039625,35.045298],[2603,1015,-85.039649,35.045233],[2628,1013,-85.039673,35.045167],[2653,1014,-85.039697,35.045101],[2678,1011,-85.039721,35.045035],[2703,1013,-85.039744,35.04497],[2726,1013,-85.039789,35.044919],[2751,1011,-85.039866,35.044892],[2776,1007,-85.039942,35.044864],[2801,1007,-85.040019,35.044836],[2826,1009,-85.040095,35.044809],[2851,1011,-85.040172,35.044781],[2876,1012,-85.040249,35.044754],[2898,1013,-85.040304,35.044711],[2923,1016,-85.040328,35.044645],[2948,1018,-85.040352,35.044579],[2973,1018,-85.040376,35.044514],[2998,1020,-85.0404,35.044448],[3023,1018,-85.040423,35.044382],[3048,1018,-85.040447,35.044317],[3073,1022,-85.040474,35.044252],[3098,1022,-85.040516,35.044193],[3123,1025,-85.040558,35.044133],[3148,1028,-85.0406,35.044074],[3173,1030,-85.040642,35.044015],[3198,1030,-85.040684,35.043956],[3223,1031,-85.040726,35.043896],[3248,1032,-85.040768,35.043837],[3273,1031,-85.04081,35.043778],[3298,1032,-85.040852,35.043718],[3323,1033,-85.040894,35.043659],[3348,1031,-85.040935,35.0436],[3373,1031,-85.040999,35.043555],[3398,1027,-85.041064,35.043512],[3423,1027,-85.041129,35.043469],[3448,1027,-85.041194,35.043426],[3473,1035,-85.041259,35.043383],[3498,1038,-85.041325,35.04334],[3523,1040,-85.04139,35.043297],[3548,1044,-85.041455,35.043254],[3573,1045,-85.04152,35.043211],[3598,1050,-85.041585,35.043168],[3623,1051,-85.041631,35.043112],[3648,1054,-85.04167,35.043052],[3673,1056,-85.041708,35.042991],[3698,1056,-85.041746,35.04293],[3723,1058,-85.041785,35.042869],[3748,1059,-85.041823,35.042808],[3773,1063,-85.041861,35.042747],[3798,1062,-85.0419,35.042686],[3823,1061,-85.041938,35.042625],[3847,1060,-85.041967,35.042563],[3872,1061,-85.041955,35.042495],[3897,1063,-85.041943,35.042427],[3922,1063,-85.041931,35.042359],[3940,1066,-85.041879,35.042335],[3965,1070,-85.041796,35.042343],[3986,1073,-85.041742,35.042381],[4011,1075,-85.041719,35.042446],[4036,1074,-85.041695,35.042512],[4061,1075,-85.041672,35.042578],[4086,1075,-85.041648,35.042644],[4111,1077,-85.041581,35.042684],[4136,1080,-85.041513,35.042723],[4161,1081,-85.041444,35.042763],[4165,1083,-85.041432,35.042769]]}