{"trail":"Fuggett Lift","distance":2288,"gain":195,"loss":74,"min":1962,"max":2103,"profile":[[0,1962,-85.425246,34.861355],[25,1969,-85.425312,34.861397],[50,1972,-85.425379,34.861438],[75,1979,-85.425445,34.86148],[100,1981,-85.425512,34.861521],[125,1986,-85.425579,34.861562],[150,1981,-85.425645,34.861604],[175,1982,-85.425712,34.861645],[200,1981,-85.425778,34.861687],[225,1987,-85.425845,34.861728],[250,1995,-85.425911,34.861769],[274,1990,-85.425968,34.861817],[299,1992,-85.426009,34.861878],[324,1992,-85.426049,34.861938],[349,1996,-85.426089,34.861998],[374,2001,-85.426129,34.862058],[399,2003,-85.42617,34.862118],[420,2005,-85.426231,34.862145],[445,2010,-85.426315,34.862139],[470,2012,-85.426398,34.862134],[479,2016,-85.426418,34.862116],[504,2018,-85.426346,34.862082],[528,2016,-85.426287,34.862038],[553,2022,-85.426256,34.861975],[578,2022,-85.426226,34.861911],[603,2024,-85.426195,34.861847],[628,2022,-85.426164,34.861784],[653,2031,-85.426134,34.86172],[678,2036,-85.426103,34.861656],[703,2039,-85.426072,34.861592],[728,2047,-85.426042,34.861529],[753,2045,-85.426011,34.861465],[778,2045,-85.42598,34.861401],[802,2048,-85.425996,34.861336],[827,2055,-85.42602,34.86127],[852,2059,-85.426045,34.861205],[877,2055,-85.426069,34.861139],[902,2058,-85.426093,34.861074],[927,2052,-85.426118,34.861008],[952,2055,-85.426142,34.860943],[977,2055,-85.426167,34.860877],[1002,2060,-85.426191,34.860812],[1027,2067,-85.426215,34.860746],[1052,2068,-85.42624,34.86068],[1077,2075,-85.426264,34.860615],[1102,2075,-85.426289,34.860549],[1127,2082,-85.426313,34.860484],[1152,2084,-85.426337,34.860418],[1177,2092,-85.426362,34.860353],[1202,2098,-85.426386,34.860287],[1227,2099,-85.426411,34.860222],[1252,2103,-85.426435,34.860156],[1255,2103,-85.426445,34.860157],[1280,2103,-85.426441,34.860225],[1305,2102,-85.426437,34.860294],[1330,2101,-85.426434,34.860362],[1355,2099,-85.42643,34.860431],[1380,2093,-85.426426,34.860499],[1405,2092,-85.426422,34.860568],[1430,2091,-85.426418,34.860636],[1455,2089,-85.426414,34.860704],[1480,2089,-85.42641,34.860773],[1505,2089,-85.426406,34.860841],[1530,2089,-85.426402,34.86091],[1555,2089,-85.426398,34.860978],[1580,2090,-85.426394,34.861047],[1605,2092,-85.42639,34.861115],[1630,2095,-85.426386,34.861184],[1653,2095,-85.426401,34.861246],[1678,2097,-85.426462,34.861292],[1703,2100,-85.426524,34.861338],[1728,2100,-85.426585,34.861385],[1753,2097,-85.426647,34.861431],[1778,2095,-85.426708,34.861478],[1803,2094,-85.42677,34.861524],[1828,2088,-85.426831,34.86157],[1853,2086,-85.426892,34.861617],[1878,2086,-85.426954,34.861663],[1903,2082,-85.427015,34.86171],[1928,2086,-85.427077,34.861756],[1953,2086,-85.427138,34.861802],[1978,2087,-85.4272,34.861849],[2003,2087,-85.427261,34.861895],[2028,2087,-85.427323,34.861942],[2053,2087,-85.427384,34.861988],[2078,2082,-85.427446,34.862034],[2095,2084,-85.427406,34.862003],[2120,2085,-85.427345,34.861955],[2145,2090,-85.427285,34.861908],[2170,2087,-85.427225,34.86186],[2195,2090,-85.427164,34.861813],[2220,2086,-85.427104,34.861766],[2245,2086,-85.427044,34.861718],[2270,2086,-85.426984,34.861671],[2288,2083,-85.426941,34.861637]]}