{"trail":"Funner","distance":23543,"gain":94,"loss":815,"min":4552,"max":5409,"profile":[[0,5409,-121.534533,43.982528],[33,5409,-121.534414,43.982556],[55,5408,-121.534332,43.982555],[87,5408,-121.534208,43.982552],[160,5406,-121.53393,43.982544],[197,5407,-121.533794,43.982573],[228,5407,-121.533733,43.982645],[249,5409,-121.533708,43.982699],[269,5410,-121.53369,43.982754],[284,5410,-121.53365,43.98278],[311,5409,-121.53355,43.9828],[361,5409,-121.53336,43.982799],[451,5408,-121.533025,43.982857],[553,5404,-121.532647,43.982796],[661,5403,-121.532236,43.98283],[703,5401,-121.532085,43.9828],[767,5399,-121.531876,43.982708],[839,5397,-121.531625,43.982626],[904,5393,-121.531439,43.98251],[938,5391,-121.531315,43.98248],[974,5390,-121.531179,43.982484],[1028,5389,-121.530982,43.982526],[1104,5385,-121.530718,43.982609],[1167,5383,-121.530478,43.982579],[1222,5382,-121.530286,43.982522],[1284,5381,-121.530051,43.982518],[1311,5381,-121.52995,43.9825],[1338,5380,-121.529873,43.98245],[1405,5379,-121.529762,43.982284],[1459,5377,-121.529641,43.982166],[1512,5375,-121.529465,43.982096],[1584,5372,-121.529191,43.982118],[1624,5369,-121.529045,43.982089],[1700,5366,-121.528881,43.981917],[1722,5365,-121.528799,43.981905],[1783,5363,-121.528593,43.981981],[1806,5363,-121.528505,43.981987],[1875,5361,-121.52829,43.981877],[1901,5362,-121.528192,43.981886],[1946,5363,-121.528042,43.981947],[1981,5363,-121.527913,43.981964],[2003,5363,-121.527831,43.98195],[2031,5361,-121.527741,43.981908],[2101,5358,-121.52759,43.98175],[2146,5356,-121.527472,43.981662],[2210,5352,-121.527265,43.981566],[2308,5349,-121.526919,43.981463],[2356,5348,-121.526743,43.981435],[2410,5347,-121.526535,43.981442],[2450,5347,-121.526398,43.981397],[2505,5345,-121.526245,43.981293],[2580,5344,-121.525986,43.981209],[2655,5341,-121.525726,43.981124],[2702,5341,-121.52555,43.981096],[2751,5340,-121.525363,43.981095],[2808,5340,-121.52515,43.981068],[2830,5340,-121.525065,43.981068],[2921,5340,-121.524719,43.98107],[2942,5340,-121.524642,43.981053],[3020,5338,-121.524398,43.980933],[3098,5337,-121.524154,43.980812],[3134,5335,-121.52404,43.980756],[3184,5334,-121.52386,43.980707],[3263,5334,-121.523568,43.980659],[3364,5330,-121.523261,43.980491],[3403,5330,-121.523117,43.980475],[3458,5330,-121.522904,43.980478],[3503,5330,-121.522738,43.980501],[3575,5330,-121.522478,43.980567],[3603,5330,-121.522374,43.980561],[3631,5329,-121.522281,43.980521],[3680,5329,-121.52215,43.980425],[3705,5329,-121.522068,43.980392],[3769,5329,-121.521824,43.980378],[3837,5328,-121.521604,43.980281],[3881,5327,-121.521439,43.980259],[3946,5327,-121.521192,43.980271],[4043,5326,-121.520855,43.98038],[4124,5325,-121.520545,43.980385],[4178,5324,-121.520346,43.98035],[4252,5322,-121.520099,43.980252],[4326,5319,-121.519852,43.980153],[4402,5316,-121.519579,43.980086],[4476,5314,-121.519296,43.980078],[4534,5313,-121.51908,43.980105],[4562,5313,-121.518973,43.9801],[4641,5311,-121.518709,43.979997],[4666,5311,-121.518613,43.979985],[4698,5311,-121.518491,43.979987],[4772,5310,-121.518215,43.980023],[4817,5310,-121.518044,43.980019],[4868,5310,-121.517858,43.979981],[4936,5309,-121.517633,43.979889],[5004,5308,-121.517407,43.979797],[5064,5307,-121.51719,43.979746],[5148,5306,-121.516872,43.979726],[5232,5304,-121.516553,43.979706],[5280,5304,-121.516372,43.979728],[5307,5304,-121.516267,43.979726],[5326,5304,-121.5162,43.979708],[5352,5305,-121.516124,43.979664],[5377,5305,-121.51607,43.979607],[5402,5305,-121.516036,43.979542],[5480,5305,-121.515998,43.979332],[5520,5305,-121.515961,43.979225],[5628,5303,-121.515861,43.978937],[5679,5300,-121.515777,43.978812],[5710,5297,-121.515692,43.97875],[5736,5293,-121.515609,43.978714],[5764,5292,-121.515506,43.978697],[5795,5290,-121.515387,43.978707],[5885,5291,-121.515071,43.978798],[5974,5288,-121.514754,43.978889],[6046,5287,-121.514495,43.978949],[6115,5285,-121.514232,43.978975],[6167,5283,-121.514064,43.978902],[6210,5282,-121.513907,43.978868],[6245,5281,-121.513776,43.978889],[6296,5281,-121.513597,43.978941],[6343,5281,-121.513418,43.978964],[6366,5281,-121.513332,43.978961],[6467,5279,-121.512969,43.978873],[6590,5277,-121.512498,43.978869],[6634,5274,-121.512337,43.978834],[6720,5268,-121.512044,43.97873],[6767,5267,-121.511869,43.978699],[6801,5267,-121.51174,43.978694],[6878,5266,-121.511449,43.978716],[6917,5266,-121.511305,43.978698],[6973,5264,-121.511123,43.978614],[7048,5258,-121.510925,43.978468],[7076,5258,-121.510824,43.978441],[7108,5257,-121.510704,43.978441],[7133,5257,-121.510614,43.978467],[7214,5258,-121.510362,43.978597],[7242,5260,-121.510317,43.978665],[7265,5262,-121.510308,43.978727],[7329,5266,-121.51035,43.978902],[7351,5266,-121.510342,43.97896],[7377,5267,-121.510284,43.979018],[7491,5267,-121.509911,43.979179],[7618,5265,-121.509449,43.979279],[7709,5265,-121.509145,43.9794],[7728,5264,-121.509083,43.979428],[7748,5262,-121.509013,43.97945],[7755,5262,-121.508987,43.979451],[7766,5260,-121.50895,43.979438],[7779,5259,-121.508936,43.979402],[7794,5259,-121.508937,43.979362],[7806,5260,-121.508964,43.979335],[7847,5262,-121.509078,43.979256],[7870,5263,-121.509154,43.979229],[7886,5262,-121.5092,43.979198],[7900,5260,-121.509217,43.979162],[7922,5260,-121.509219,43.979103],[7937,5258,-121.509192,43.979066],[7956,5256,-121.509123,43.979051],[7982,5253,-121.509025,43.979056],[8010,5251,-121.508933,43.979095],[8042,5250,-121.508859,43.979166],[8069,5249,-121.508784,43.979217],[8092,5250,-121.50871,43.979253],[8146,5247,-121.508576,43.979362],[8214,5244,-121.508429,43.979518],[8283,5244,-121.508281,43.979673],[8371,5241,-121.508048,43.979845],[8408,5240,-121.507926,43.979899],[8449,5240,-121.507778,43.979934],[8522,5236,-121.507503,43.97997],[8548,5229,-121.507412,43.979992],[8582,5229,-121.507301,43.980043],[8676,5228,-121.507102,43.980256],[8761,5228,-121.506975,43.98047],[8845,5228,-121.506848,43.980684],[8886,5227,-121.506728,43.980755],[8966,5226,-121.506489,43.980889],[9093,5223,-121.506094,43.981089],[9157,5221,-121.505874,43.981165],[9231,5214,-121.505602,43.981221],[9305,5211,-121.50533,43.981276],[9379,5209,-121.505058,43.981332],[9454,5208,-121.504786,43.981388],[9538,5207,-121.504475,43.98144],[9622,5205,-121.504163,43.981491],[9667,5203,-121.503999,43.981527],[9703,5199,-121.503894,43.981591],[9724,5199,-121.503818,43.981614],[9740,5198,-121.50376,43.981624],[9758,5196,-121.503697,43.981608],[9777,5196,-121.503642,43.981572],[9799,5194,-121.503577,43.981532],[9821,5192,-121.503499,43.98151],[9839,5191,-121.503431,43.981507],[9868,5189,-121.503325,43.981528],[9887,5188,-121.503254,43.981514],[9904,5187,-121.503197,43.981492],[9917,5187,-121.503149,43.981486],[9931,5186,-121.503096,43.981495],[9950,5185,-121.503033,43.981517],[9968,5185,-121.502966,43.981533],[9984,5183,-121.502909,43.981542],[10003,5181,-121.50284,43.981527],[10016,5181,-121.502791,43.981539],[10035,5179,-121.502721,43.981526],[10063,5177,-121.50262,43.981504],[10086,5175,-121.502535,43.981487],[10105,5173,-121.502462,43.981485],[10124,5171,-121.502393,43.981502],[10140,5169,-121.502347,43.981527],[10157,5169,-121.502289,43.981548],[10175,5167,-121.502223,43.981563],[10185,5167,-121.502183,43.981559],[10197,5166,-121.50215,43.981538],[10211,5166,-121.502108,43.981516],[10225,5163,-121.502055,43.981504],[10233,5163,-121.502025,43.98151],[10245,5162,-121.501983,43.981515],[10253,5161,-121.501953,43.981511],[10260,5161,-121.501925,43.98151],[10279,5159,-121.501857,43.98153],[10297,5156,-121.50179,43.981524],[10331,5151,-121.501661,43.981535],[10351,5151,-121.501593,43.981558],[10377,5150,-121.50152,43.981605],[10392,5148,-121.501468,43.981625],[10401,5148,-121.501435,43.981628],[10413,5146,-121.501392,43.981614],[10425,5146,-121.501348,43.981612],[10442,5143,-121.50128,43.981617],[10456,5142,-121.501229,43.981627],[10464,5144,-121.501208,43.981642],[10476,5144,-121.501208,43.981673],[10483,5144,-121.501194,43.981692],[10497,5142,-121.501143,43.981693],[10509,