{"trail":"Galyen Stallion","distance":11394,"gain":180,"loss":294,"min":2499,"max":2763,"profile":[[0,2602,-121.082887,44.624429],[78,2609,-121.082636,44.624546],[142,2614,-121.08246,44.624671],[202,2616,-121.082368,44.624819],[285,2627,-121.082117,44.624962],[331,2632,-121.081975,44.62504],[354,2636,-121.081892,44.625057],[374,2641,-121.081833,44.625022],[407,2636,-121.081884,44.624938],[463,2631,-121.082009,44.624814],[487,2631,-121.082036,44.624752],[509,2631,-121.082022,44.624692],[526,2631,-121.081957,44.624689],[635,2649,-121.081625,44.624872],[665,2653,-121.081534,44.624921],[676,2657,-121.081495,44.624905],[693,2657,-121.081518,44.624863],[753,2649,-121.081619,44.624715],[781,2649,-121.081681,44.62465],[792,2649,-121.081694,44.624621],[806,2649,-121.08169,44.624584],[823,2648,-121.081657,44.624543],[841,2652,-121.081592,44.624527],[854,2652,-121.081546,44.62454],[887,2656,-121.08147,44.624611],[922,2661,-121.081367,44.624675],[976,2673,-121.081165,44.624712],[1014,2677,-121.08105,44.624778],[1043,2681,-121.08096,44.624825],[1052,2681,-121.080928,44.624828],[1064,2686,-121.080905,44.624799],[1088,2686,-121.080915,44.624734],[1116,2686,-121.080889,44.62466],[1145,2690,-121.080836,44.624588],[1167,2689,-121.080771,44.62455],[1189,2694,-121.080702,44.624586],[1240,2698,-121.080598,44.624702],[1260,2701,-121.080562,44.624752],[1268,2701,-121.080529,44.624749],[1285,2702,-121.080513,44.624704],[1307,2705,-121.080487,44.624647],[1322,2705,-121.080472,44.624607],[1330,2705,-121.080444,44.6246],[1344,2708,-121.080403,44.624624],[1420,2710,-121.08025,44.624801],[1496,2714,-121.080096,44.624979],[1527,2717,-121.080037,44.625052],[1571,2717,-121.080011,44.625171],[1617,2720,-121.079972,44.625294],[1644,2721,-121.079938,44.625365],[1658,2721,-121.079895,44.625387],[1675,2724,-121.07984,44.625359],[1696,2727,-121.079765,44.625335],[1710,2730,-121.079714,44.625332],[1745,2733,-121.079612,44.625394],[1761,2733,-121.07958,44.625433],[1778,2737,-121.079523,44.625458],[1797,2739,-121.079462,44.625433],[1822,2739,-121.079389,44.625385],[1851,2743,-121.079285,44.62536],[1865,2743,-121.079236,44.625379],[1883,2745,-121.079186,44.625411],[1908,2745,-121.079139,44.62547],[1930,2747,-121.079119,44.625531],[1957,2746,-121.079064,44.625592],[1976,2746,-121.078995,44.625609],[1984,2746,-121.078966,44.625617],[2015,2745,-121.078848,44.625634],[2058,2740,-121.078682,44.625627],[2090,2739,-121.078582,44.625578],[2116,2736,-121.078494,44.625543],[2156,2730,-121.078338,44.625552],[2185,2728,-121.07824,44.625517],[2205,2728,-121.078179,44.625481],[2221,2727,-121.078126,44.625462],[2244,2724,-121.078037,44.625466],[2260,2721,-121.077976,44.625463],[2299,2719,-121.077854,44.625401],[2315,2716,-121.077809,44.625372],[2357,2708,-121.077645,44.625382],[2418,2702,-121.077415,44.625417],[2479,2698,-121.077183,44.625436],[2509,2697,-121.077069,44.625449],[2523,2697,-121.077015,44.625447],[2555,2697,-121.076895,44.625432],[2572,2698,-121.076838,44.625406],[2591,2703,-121.076794,44.625364],[2621,2702,-121.076769,44.625285],[2649,2701,-121.076743,44.625209],[2673,2705,-121.076712,44.625149],[2719,2708,-121.076588,44.625058],[2727,2708,-121.07656,44.62506],[2744,2708,-121.076558,44.625107],[2839,2715,-121.07655,44.625367],[2878,2725,-121.07654,44.625476],[2902,2727,-121.076507,44.625538],[2954,2739,-121.076448,44.625674],[3045,2746,-121.076328,44.625907],[3078,2753,-121.076218,44.625952],[3113,2758,-121.076186,44.626046],[3184,2760,-121.07609,44.626227],[3210,2760,-121.076046,44.626293],[3225,2763,-121.075995,44.626312],[3257,2766,-121.075873,44.626315],[3274,2767,-121.075822,44.626344],[3315,2766,-121.075796,44.626455],[3335,2766,-121.075783,44.626509],[3415,2764,-121.075688,44.626718],[3476,2763,-121.075613,44.626876],[3533,2760,-121.075596,44.627031],[3568,2759,-121.075566,44.627126],[3596,2756,-121.075578,44.6272],[3652,2754,-121.075684,44.627336],[3691,2752,-121.075749,44.627433],[3713,2751,-121.075767,44.627491],[3740,2750,-121.075735,44.627562],[3768,2751,-121.075657,44.627615],[3814,2750,-121.075511,44.627683],[3848,2750,-121.075381,44.627704],[3869,2750,-121.075316,44.627738],[3889,2749,-121.075318,44.627793],[3940,2747,-121.075377,44.627925],[3990,2746,-121.075501,44.628029],[4077,2740,-121.075672,44.628235],[4120,2738,-121.075759,44.628334],[4139,2736,-121.075747,44.628388],[4159,2734,-121.075687,44.62842],[4193,2732,-121.075612,44.628498],[4235,2730,-121.075727,44.628578],[4282,2728,-121.075903,44.628611],[4304,2727,-121.07597,44.628647],[4319,2725,-121.075977,44.628686],[4332,2726,-121.075927,44.628697],[4355,2726,-121.075843,44.628685],[4402,2726,-121.075664,44.628665],[4437,2726,-121.075538,44.628703],[4460,2723,-121.075507,44.628763],[4479,2720,-121.075561,44.628797],[4541,2718,-121.075776,44.628871],[4581,2714,-121.075913,44.628918],[4644,2709,-121.076124,44.629003],[4724,2696,-121.076273,44.629197],[4759,2689,-121.076386,44.629248],[4811,2681,-121.076481,44.629373],[4852,2675,-121.076639,44.62939],[4900,2674,-121.076714,44.629508],[4942,2667,-121.076846,44.629579],[4990,2664,-121.077023,44.629547],[5090,2660,-121.077403,44.629591],[5177,2657,-121.0777,44.629705],[5290,2645,-121.078085,44.629844],[5359,2640,-121.078309,44.62995],[5418,2637,-121.078536,44.629957],[5459,2637,-121.078647,44.630036],[5484,2637,-121.078714,44.630084],[5545,2638,-121.078946,44.63011],[5572,2639,-121.079041,44.63014],[5618,2639,-121.079194,44.630208],[5636,2640,-121.079243,44.630242],[5661,2638,-121.079223,44.630309],[5671,2638,-121.079217,44.630336],[5729,2632,-121.07918,44.630491],[5806,2627,-121.079148,44.630703],[5875,2625,-121.079239,44.63088],[5959,2625,-121.079381,44.631087],[6003,2622,-121.079353,44.631206],[6055,2621,-121.079289,44.631339],[6101,2620,-121.079365,44.631453],[6143,2619,-121.079477,44.631536],[6235,2618,-121.079756,44.631693],[6312,2614,-121.080013,44.631796],[6373,2610,-121.080164,44.631924],[6432,2606,-121.080277,44.632066],[6479,2602,-121.080384,44.63217],[6522,2599,-121.080548,44.632158],[6549,2596,-121.080634,44.632199],[6589,2591,-121.080785,44.632168],[6637,2592,-121.08086,44.63205],[6661,2594,-121.080912,44.631994],[6695,2593,-121.080985,44.631919],[6764,2592,-121.081108,44.631749],[6801,2595,-121.081124,44.631647],[6819,2595,-121.081148,44.631602],[6845,2594,-121.081203,44.631541],[6868,2595,-121.081243,44.631486],[6892,2594,-121.081322,44.63145],[6912,2592,-121.081395,44.631452],[6936,2587,-121.081485,44.631477],[6945,2587,-121.081511,44.631489],[6969,2585,-121.081597,44.631515],[6984,2583,-121.081654,44.631523],[7005,2581,-121.081735,44.631524],[7043,2578,-121.081874,44.631552],[7066,2577,-121.081965,44.631547],[7087,2576,-121.082047,44.631544],[7099,2576,-121.082088,44.631534],[7110,2575,-121.082128,44.631521],[7121,2575,-121.082163,44.631502],[7129,2575,-121.082191,44.631497],[7140,2574,-121.082233,44.631489],[7164,2573,-121.082322,44.631473],[7189,2573,-121.082403,44.631434],[7250,2572,-121.082565,44.631313],[7307,2572,-121.082717,44.631203],[7371,2571,-121.082889,44.631075],[7436,2568,-121.08313,44.631027],[7465,2566,-121.083226,44.630986],[7579,2567,-121.0835,44.630742],[7660,2566,-121.083799,44.630686],[7674,2567,-121.083837,44.630656],[7707,2565,-121.083956,44.630623],[7758,2564,-121.084099,44.630527],[7787,2563,-121.08421,44.630524],[7823,2560,-121.084343,44.630549],[7889,2548,-121.084581,44.630615],[7920,2546,-121.084683,44.630657],[7981,2542,-121.084888,44.63074],[8002,2541,-121.084958,44.630769],[8048,2540,-121.085112,44.63083],[8119,2539,-121.085372,44.630893],[8190,2541,-121.085631,44.630956],[8274,2543,-121.085937,44.631033],[8328,2539,-121.086056,44.631152],[8370,2536,-121.086181,44.631226],[8410,2535,-121.086282,44.631307],[8446,2534,-121.086376,44.631382],[8529,2531,-121.086627,44.631522],[8601,2531,-121.086899,44.631568],[8670,2530,-121.087125,44.631667],[8741,2530,-121.087384,44.631726],[8811,2531,-121.087643,44.631786],[8882,2531,-121.087901,44.631845],[8959,2531,-121.088168,44.631938],[9072,2530,-121.088584,44.632027],[9125,2531,