{"trail":"Gambler","distance":2004,"gain":12,"loss":306,"min":1096,"max":1390,"profile":[[0,1390,-85.314782,35.137686],[25,1385,-85.314713,35.137726],[50,1384,-85.314645,35.137766],[75,1380,-85.314577,35.137806],[100,1380,-85.314509,35.137845],[125,1375,-85.314441,35.137885],[150,1371,-85.314373,35.137925],[175,1369,-85.314304,35.137965],[200,1365,-85.314236,35.138005],[224,1365,-85.314165,35.138038],[249,1360,-85.314081,35.138043],[274,1355,-85.313998,35.138047],[299,1349,-85.313914,35.138052],[324,1346,-85.313831,35.138057],[349,1341,-85.313747,35.138062],[374,1335,-85.313663,35.138066],[399,1329,-85.31358,35.138071],[424,1326,-85.313507,35.1381],[449,1325,-85.313437,35.138139],[474,1322,-85.313367,35.138177],[499,1318,-85.313297,35.138215],[524,1318,-85.313228,35.138253],[549,1315,-85.313158,35.138291],[566,1312,-85.313102,35.138299],[591,1309,-85.31308,35.138233],[616,1305,-85.313058,35.138167],[641,1299,-85.313036,35.138101],[666,1293,-85.313015,35.138034],[691,1283,-85.312993,35.137968],[716,1277,-85.312971,35.137902],[731,1272,-85.312931,35.137877],[756,1271,-85.312863,35.137917],[781,1270,-85.312795,35.137957],[806,1267,-85.312727,35.137997],[831,1266,-85.312659,35.138036],[856,1262,-85.31259,35.138076],[881,1258,-85.312522,35.138116],[897,1256,-85.312517,35.138072],[922,1254,-85.312531,35.138004],[947,1249,-85.312544,35.137937],[972,1244,-85.312557,35.137869],[997,1240,-85.31257,35.137801],[1022,1240,-85.312584,35.137734],[1041,1234,-85.312569,35.137682],[1066,1229,-85.312487,35.137667],[1091,1220,-85.312405,35.137652],[1114,1223,-85.312449,35.137601],[1134,1222,-85.312469,35.137548],[1159,1217,-85.312414,35.137496],[1184,1212,-85.312359,35.137445],[1198,1208,-85.312318,35.137459],[1223,1204,-85.312286,35.137523],[1248,1203,-85.312255,35.137587],[1271,1197,-85.312183,35.137611],[1296,1194,-85.312101,35.137625],[1319,1187,-85.312026,35.137614],[1344,1178,-85.31196,35.137572],[1369,1172,-85.311894,35.13753],[1388,1163,-85.31183,35.137535],[1413,1159,-85.311768,35.137581],[1438,1153,-85.311706,35.137627],[1463,1155,-85.311644,35.137673],[1488,1151,-85.311582,35.137719],[1513,1151,-85.311519,35.137765],[1538,1153,-85.311457,35.137811],[1553,1144,-85.311409,35.137825],[1578,1140,-85.311395,35.137757],[1603,1135,-85.311381,35.13769],[1628,1127,-85.311368,35.137622],[1653,1123,-85.311354,35.137554],[1678,1118,-85.31134,35.137487],[1701,1112,-85.311325,35.137426],[1726,1115,-85.311287,35.137488],[1751,1116,-85.31125,35.137549],[1776,1116,-85.311212,35.13761],[1801,1117,-85.311175,35.137671],[1826,1115,-85.311138,35.137733],[1851,1114,-85.3111,35.137794],[1876,1114,-85.311063,35.137855],[1901,1113,-85.311025,35.137917],[1910,1113,-85.310996,35.137918],[1935,1107,-85.310975,35.137852],[1960,1105,-85.310955,35.137785],[1985,1098,-85.310935,35.137719],[2004,1096,-85.310919,35.137669]]}