{"trail":"Gig City","distance":3536,"gain":220,"loss":216,"min":869,"max":1003,"profile":[[0,874,-85.314846,35.07298],[25,880,-85.314875,35.073045],[50,885,-85.314905,35.073109],[69,886,-85.314958,35.073082],[94,889,-85.315018,35.073033],[119,892,-85.315077,35.072985],[144,894,-85.315136,35.072936],[169,896,-85.315195,35.072888],[194,896,-85.315254,35.072839],[217,897,-85.315321,35.072804],[242,898,-85.315404,35.0728],[267,899,-85.315488,35.072797],[292,902,-85.315572,35.072794],[317,904,-85.315655,35.07279],[342,899,-85.315739,35.072787],[367,899,-85.315822,35.072783],[392,898,-85.315906,35.07278],[417,897,-85.31599,35.072776],[442,894,-85.316073,35.072773],[467,890,-85.316157,35.07277],[492,893,-85.316233,35.072799],[517,895,-85.316309,35.072827],[542,893,-85.316385,35.072855],[567,893,-85.316462,35.072884],[592,893,-85.316538,35.072912],[617,892,-85.316614,35.072941],[642,894,-85.31669,35.072969],[667,889,-85.316767,35.072997],[692,887,-85.316843,35.073026],[717,885,-85.316919,35.073054],[742,884,-85.316995,35.073082],[767,884,-85.317071,35.073111],[790,884,-85.317113,35.073163],[815,887,-85.317135,35.073229],[840,893,-85.317157,35.073295],[864,901,-85.317141,35.07336],[889,916,-85.31711,35.073423],[914,922,-85.317079,35.073487],[939,936,-85.317048,35.073551],[962,948,-85.316989,35.073591],[987,953,-85.316911,35.073614],[1012,960,-85.316832,35.073638],[1037,965,-85.316753,35.073661],[1062,967,-85.316675,35.073685],[1087,966,-85.316596,35.073708],[1111,969,-85.316515,35.073713],[1136,973,-85.316432,35.073704],[1161,979,-85.316349,35.073695],[1186,984,-85.316266,35.073686],[1211,990,-85.316183,35.073677],[1236,994,-85.3161,35.073669],[1259,998,-85.316034,35.073698],[1284,988,-85.315978,35.073749],[1309,988,-85.315922,35.073799],[1334,991,-85.315866,35.07385],[1359,994,-85.31581,35.073901],[1384,995,-85.315754,35.073952],[1409,1003,-85.315698,35.074003],[1433,1003,-85.315659,35.074063],[1458,999,-85.315626,35.074126],[1483,1001,-85.315593,35.074189],[1508,1001,-85.31556,35.074252],[1533,1001,-85.315527,35.074315],[1558,995,-85.315494,35.074378],[1583,990,-85.315492,35.074446],[1608,984,-85.315494,35.074514],[1633,979,-85.315496,35.074583],[1658,975,-85.315498,35.074651],[1683,974,-85.3155,35.07472],[1708,973,-85.315501,35.074788],[1733,972,-85.315503,35.074857],[1758,972,-85.315505,35.074925],[1783,971,-85.315507,35.074994],[1808,971,-85.315509,35.075062],[1831,970,-85.315502,35.075124],[1856,972,-85.315419,35.075136],[1881,972,-85.315337,35.075147],[1906,974,-85.315254,35.075159],[1931,974,-85.315171,35.07517],[1956,970,-85.315089,35.075182],[1981,966,-85.315006,35.075193],[2006,962,-85.314924,35.075205],[2031,955,-85.314841,35.075217],[2056,950,-85.314759,35.075228],[2081,948,-85.314676,35.07524],[2105,938,-85.314602,35.075266],[2130,933,-85.314539,35.075311],[2155,928,-85.314475,35.075355],[2180,923,-85.314412,35.0754],[2205,918,-85.314348,35.075445],[2212,916,-85.314331,35.075457],[2785,887,-85.313666,35.073981],[2810,883,-85.313607,35.073933],[2833,879,-85.313564,35.073881],[2858,875,-85.313592,35.073817],[2883,872,-85.31362,35.073752],[2908,869,-85.313648,35.073688],[2931,869,-85.313694,35.073636],[2956,869,-85.313769,35.073606],[2981,871,-85.313844,35.073575],[2988,871,-85.313858,35.07359],[3013,874,-85.313814,35.073648],[3038,876,-85.31377,35.073707],[3063,874,-85.313726,35.073765],[3082,885,-85.313748,35.073814],[3107,892,-85.313813,35.073857],[3131,902,-85.313871,35.07381],[3156,899,-85.313928,35.07376],[3181,899,-85.313985,35.07371],[3206,895,-85.314042,35.07366],[3231,891,-85.3141,35.073612],[3256,888,-85.314182,35.073595],[3281,893,-85.314263,35.073578],[3306,898,-85.314344,35.073562],[3331,896,-85.314425,35.073545],[3355,892,-85.314481,35.073497],[3380,884,-85.314531,35.073442],[3405,884,-85.314582,35.073388],[3430,882,-85.314633,35.073333],[3455,878,-85.314683,35.073278],[3480,878,-85.314734,35.073224],[3505,876,-85.314785,35.073169],[3530,878,-85.314835,35.073115],[3536,878,-85.314846,35.073103]]}