{"trail":"Gig City/Cherokee Trail","distance":583,"gain":18,"loss":47,"min":887,"max":925,"profile":[[0,916,-85.314331,35.075457],[25,911,-85.314331,35.075388],[50,910,-85.314331,35.07532],[75,917,-85.314331,35.075251],[100,924,-85.314331,35.075182],[125,925,-85.314331,35.075114],[150,924,-85.314299,35.075051],[175,919,-85.314263,35.07499],[200,916,-85.314226,35.074928],[225,914,-85.31419,35.074866],[250,913,-85.314153,35.074805],[275,916,-85.314117,35.074743],[300,915,-85.31408,35.074681],[325,914,-85.314044,35.07462],[350,912,-85.314007,35.074558],[375,910,-85.313971,35.074496],[400,908,-85.313934,35.074435],[425,904,-85.313898,35.074373],[450,904,-85.313861,35.074311],[475,899,-85.313825,35.07425],[500,895,-85.313788,35.074188],[525,893,-85.313752,35.074126],[550,891,-85.313715,35.074065],[575,887,-85.313679,35.074003],[583,887,-85.313666,35.073981]]}