{"trail":"Gig City","distance":3006,"gain":220,"loss":191,"min":869,"max":1003,"profile":[[0,887,-85.313666,35.073981],[25,883,-85.313607,35.073933],[48,879,-85.313564,35.073881],[73,875,-85.313592,35.073817],[98,872,-85.31362,35.073752],[123,869,-85.313648,35.073688],[146,869,-85.313694,35.073636],[171,869,-85.313769,35.073606],[196,871,-85.313844,35.073575],[203,871,-85.313858,35.07359],[228,874,-85.313814,35.073648],[253,876,-85.31377,35.073707],[278,874,-85.313726,35.073765],[297,885,-85.313748,35.073814],[322,892,-85.313813,35.073857],[346,902,-85.313871,35.07381],[371,899,-85.313928,35.07376],[396,899,-85.313985,35.07371],[421,895,-85.314042,35.07366],[446,891,-85.3141,35.073612],[471,888,-85.314182,35.073595],[496,893,-85.314263,35.073578],[521,898,-85.314344,35.073562],[546,896,-85.314425,35.073545],[570,892,-85.314481,35.073497],[595,884,-85.314531,35.073442],[620,884,-85.314582,35.073388],[645,882,-85.314633,35.073333],[670,878,-85.314683,35.073278],[695,878,-85.314734,35.073224],[720,876,-85.314785,35.073169],[745,878,-85.314835,35.073115],[769,876,-85.314846,35.073049],[794,874,-85.314846,35.072981],[819,880,-85.314875,35.073044],[844,885,-85.314905,35.073109],[863,886,-85.314958,35.073082],[888,889,-85.315017,35.073033],[913,892,-85.315077,35.072985],[938,894,-85.315136,35.072936],[963,896,-85.315195,35.072888],[988,896,-85.315254,35.072839],[1011,897,-85.31532,35.072804],[1036,898,-85.315404,35.0728],[1061,899,-85.315488,35.072797],[1086,902,-85.315571,35.072794],[1111,904,-85.315655,35.07279],[1136,899,-85.315739,35.072787],[1161,899,-85.315822,35.072783],[1186,898,-85.315906,35.07278],[1211,897,-85.315989,35.072776],[1236,894,-85.316073,35.072773],[1261,890,-85.316157,35.07277],[1286,893,-85.316233,35.072799],[1311,895,-85.316309,35.072827],[1336,893,-85.316385,35.072855],[1361,893,-85.316461,35.072884],[1386,893,-85.316538,35.072912],[1411,892,-85.316614,35.07294],[1436,894,-85.31669,35.072969],[1461,889,-85.316766,35.072997],[1486,887,-85.316843,35.073026],[1511,885,-85.316919,35.073054],[1536,884,-85.316995,35.073082],[1561,884,-85.317071,35.073111],[1584,884,-85.317113,35.073163],[1609,887,-85.317135,35.073229],[1634,893,-85.317157,35.073295],[1658,901,-85.317141,35.07336],[1683,916,-85.31711,35.073423],[1708,922,-85.317079,35.073487],[1733,936,-85.317048,35.07355],[1756,948,-85.31699,35.073591],[1781,953,-85.316911,35.073614],[1806,960,-85.316832,35.073638],[1831,965,-85.316754,35.073661],[1856,967,-85.316675,35.073685],[1881,966,-85.316596,35.073708],[1905,969,-85.316515,35.073713],[1930,973,-85.316432,35.073704],[1955,979,-85.316349,35.073695],[1980,984,-85.316266,35.073686],[2005,990,-85.316183,35.073677],[2030,994,-85.3161,35.073669],[2053,998,-85.316034,35.073697],[2078,988,-85.315978,35.073748],[2103,988,-85.315922,35.073799],[2128,991,-85.315866,35.07385],[2153,994,-85.31581,35.073901],[2178,995,-85.315754,35.073952],[2203,1003,-85.315698,35.074003],[2227,1003,-85.315659,35.074063],[2252,999,-85.315626,35.074126],[2277,1001,-85.315593,35.074189],[2302,1001,-85.31556,35.074252],[2327,1001,-85.315527,35.074315],[2352,995,-85.315494,35.074378],[2377,990,-85.315492,35.074446],[2402,984,-85.315494,35.074514],[2427,979,-85.315496,35.074583],[2452,975,-85.315498,35.074651],[2477,974,-85.315499,35.07472],[2502,973,-85.315501,35.074788],[2527,972,-85.315503,35.074857],[2552,972,-85.315505,35.074925],[2577,971,-85.315507,35.074994],[2602,971,-85.315509,35.075062],[2625,970,-85.315502,35.075124],[2650,972,-85.315419,35.075136],[2675,972,-85.315337,35.075147],[2700,974,-85.315254,35.075159],[2725,974,-85.315172,35.07517],[2750,970,-85.315089,35.075182],[2775,966,-85.315007,35.075193],[2800,962,-85.314924,35.075205],[2825,955,-85.314841,35.075216],[2850,950,-85.314759,35.075228],[2875,948,-85.314676,35.07524],[2899,938,-85.314602,35.075266],[2924,933,-85.314539,35.075311],[2949,928,-85.314475,35.075355],[2974,923,-85.314412,35.0754],[2999,918,-85.314348,35.075445],[3006,916,-85.314331,35.075457]]}