{"trail":"Give Me A Break","distance":745,"gain":235,"loss":5,"min":991,"max":1226,"profile":[[0,996,-85.061152,35.048303],[25,993,-85.061224,35.048338],[50,991,-85.061296,35.048373],[75,992,-85.061368,35.048408],[100,997,-85.06144,35.048443],[125,1001,-85.061512,35.048478],[150,1010,-85.061584,35.048513],[175,1019,-85.061656,35.048548],[200,1024,-85.061728,35.048583],[225,1033,-85.0618,35.048618],[250,1043,-85.061871,35.048653],[275,1048,-85.061943,35.048688],[300,1058,-85.062027,35.048694],[325,1066,-85.06211,35.048699],[350,1075,-85.062194,35.048703],[375,1085,-85.062277,35.048708],[400,1094,-85.062361,35.048713],[425,1104,-85.062444,35.048717],[450,1112,-85.062528,35.048722],[475,1125,-85.062611,35.048727],[500,1138,-85.062695,35.048731],[525,1151,-85.062778,35.048736],[550,1163,-85.062862,35.048741],[575,1174,-85.062945,35.048745],[600,1183,-85.063029,35.04875],[625,1189,-85.063112,35.048755],[650,1196,-85.063196,35.048759],[675,1207,-85.063279,35.048764],[700,1217,-85.063363,35.048769],[725,1222,-85.063446,35.048774],[745,1226,-85.063512,35.048777]]}