{"trail":"Godsey Ridge Blue 1","distance":1294,"gain":95,"loss":151,"min":776,"max":881,"profile":[[0,832,-85.301432,35.121148],[23,829,-85.301493,35.12111],[47,824,-85.301512,35.121045],[72,826,-85.301495,35.120979],[97,823,-85.301481,35.120911],[122,820,-85.301467,35.120844],[147,821,-85.301441,35.120779],[172,820,-85.301414,35.120715],[196,825,-85.301397,35.120648],[221,836,-85.301377,35.120582],[246,858,-85.301374,35.120514],[268,881,-85.301418,35.120465],[293,873,-85.301498,35.120485],[318,878,-85.301579,35.1205],[343,871,-85.301649,35.120537],[368,862,-85.301724,35.120567],[393,851,-85.301803,35.120587],[417,842,-85.301876,35.120616],[442,834,-85.301949,35.120649],[467,833,-85.302028,35.120671],[491,831,-85.30211,35.120671],[516,829,-85.302192,35.120658],[541,831,-85.302272,35.120637],[566,829,-85.302348,35.120611],[591,832,-85.302417,35.120572],[616,832,-85.302481,35.120529],[641,828,-85.302541,35.12048],[666,827,-85.302594,35.120428],[690,821,-85.302661,35.120388],[715,816,-85.302701,35.120328],[740,812,-85.302757,35.120277],[765,807,-85.302808,35.120223],[790,804,-85.302853,35.120165],[809,803,-85.302837,35.120214],[834,808,-85.302804,35.120277],[859,812,-85.302756,35.120333],[884,816,-85.302712,35.120391],[908,819,-85.302674,35.120452],[933,819,-85.302634,35.120513],[958,821,-85.302583,35.120564],[983,824,-85.30251,35.120598],[1008,818,-85.302452,35.120647],[1032,817,-85.302388,35.120691],[1057,813,-85.302333,35.120742],[1082,803,-85.302276,35.120792],[1107,800,-85.302216,35.12084],[1132,797,-85.302158,35.120888],[1157,791,-85.302092,35.12093],[1181,788,-85.302064,35.120991],[1206,783,-85.30204,35.121056],[1231,780,-85.302028,35.121124],[1255,778,-85.302042,35.121191],[1280,776,-85.302065,35.121255],[1294,776,-85.302071,35.121293]]}