{"trail":"Godsey Ridge Expert 2","distance":1479,"gain":90,"loss":201,"min":831,"max":943,"profile":[[0,943,-85.30031,35.120873],[24,938,-85.300236,35.120898],[49,927,-85.300209,35.120963],[74,922,-85.300173,35.121024],[99,917,-85.300129,35.121083],[124,921,-85.300079,35.121137],[149,920,-85.30006,35.121204],[173,920,-85.300044,35.121271],[198,920,-85.300047,35.121339],[223,919,-85.300067,35.121406],[248,910,-85.300096,35.12147],[273,901,-85.300138,35.121529],[298,904,-85.300162,35.121595],[323,900,-85.300186,35.121661],[348,907,-85.300209,35.121726],[373,909,-85.300228,35.121793],[397,915,-85.300213,35.121858],[422,921,-85.300183,35.121922],[447,926,-85.300131,35.121976],[472,933,-85.300073,35.122025],[497,935,-85.300026,35.122082],[522,934,-85.299976,35.122137],[546,932,-85.299931,35.122192],[571,929,-85.299919,35.12226],[596,924,-85.299899,35.122326],[621,918,-85.299865,35.122388],[640,904,-85.299889,35.122436],[665,911,-85.299952,35.122392],[690,910,-85.300004,35.122338],[715,911,-85.300073,35.122299],[740,908,-85.300146,35.122267],[765,903,-85.300227,35.12225],[790,893,-85.300307,35.122229],[814,893,-85.300377,35.122193],[839,890,-85.300436,35.122145],[864,887,-85.300483,35.122088],[889,890,-85.300512,35.122024],[914,879,-85.30053,35.121957],[939,872,-85.300545,35.12189],[964,863,-85.300549,35.121822],[989,854,-85.300532,35.121755],[1014,854,-85.300491,35.121695],[1038,858,-85.300462,35.121632],[1063,850,-85.300466,35.121564],[1088,845,-85.300465,35.121496],[1113,844,-85.300453,35.121428],[1138,850,-85.300447,35.12136],[1163,859,-85.300455,35.121293],[1187,870,-85.300505,35.121239],[1212,868,-85.300585,35.12122],[1237,867,-85.300668,35.12121],[1262,873,-85.300751,35.121204],[1287,863,-85.300834,35.121213],[1312,860,-85.300914,35.121228],[1337,857,-85.300996,35.121213],[1361,857,-85.301078,35.121204],[1386,847,-85.301161,35.121213],[1411,844,-85.30124,35.121227],[1435,838,-85.301321,35.12124],[1459,832,-85.301397,35.121215],[1477,831,-85.301427,35.121175],[1479,832,-85.301427,35.121169]]}