{"trail":"Godsey Ridge Green","distance":1416,"gain":60,"loss":56,"min":774,"max":803,"profile":[[0,775,-85.302469,35.121133],[25,776,-85.30239,35.12111],[50,779,-85.302308,35.121098],[75,779,-85.302227,35.121082],[99,782,-85.302158,35.121044],[121,780,-85.302092,35.12107],[146,779,-85.302088,35.121136],[171,776,-85.3021,35.121204],[195,776,-85.302076,35.121269],[220,778,-85.30204,35.12133],[245,779,-85.301984,35.121381],[270,782,-85.301916,35.12142],[295,783,-85.301852,35.121465],[320,786,-85.301793,35.121513],[344,786,-85.30172,35.121542],[369,789,-85.301638,35.121558],[394,789,-85.301556,35.12157],[419,793,-85.301476,35.121557],[443,793,-85.301397,35.121535],[468,797,-85.301324,35.121503],[493,802,-85.301243,35.121484],[518,803,-85.30116,35.12148],[536,795,-85.301133,35.121525],[560,794,-85.301209,35.121547],[581,788,-85.30123,35.1216],[606,784,-85.301214,35.121667],[631,782,-85.301194,35.121734],[656,781,-85.301182,35.121802],[680,780,-85.301193,35.121869],[705,779,-85.301228,35.121931],[730,777,-85.301254,35.121995],[755,777,-85.301262,35.122063],[780,777,-85.301253,35.122131],[805,780,-85.30123,35.122197],[830,783,-85.301191,35.122257],[855,786,-85.301147,35.122315],[879,787,-85.301097,35.122368],[904,792,-85.301026,35.122404],[928,793,-85.300957,35.12244],[952,793,-85.30092,35.122498],[973,784,-85.300945,35.122551],[998,782,-85.300929,35.122618],[1023,778,-85.300923,35.122686],[1048,776,-85.300928,35.122754],[1073,775,-85.300927,35.122823],[1098,774,-85.300911,35.12289],[1122,775,-85.300878,35.122952],[1147,775,-85.30082,35.123002],[1172,777,-85.300762,35.123051],[1197,779,-85.300703,35.123099],[1222,780,-85.300636,35.123141],[1246,780,-85.300582,35.123189],[1270,778,-85.300614,35.12325],[1293,776,-85.300683,35.12328],[1318,776,-85.300678,35.123346],[1342,775,-85.300658,35.123412],[1367,776,-85.300625,35.123475],[1392,777,-85.300603,35.12354],[1416,779,-85.300645,35.123595]]}