{"trail":"Godsey Ridge Blue 2","distance":1292,"gain":114,"loss":59,"min":776,"max":841,"profile":[[0,777,-85.300742,35.123043],[23,777,-85.300795,35.122995],[47,776,-85.300842,35.122942],[72,776,-85.300853,35.122875],[97,776,-85.300856,35.122806],[122,780,-85.300847,35.122738],[147,783,-85.300833,35.122671],[172,791,-85.30081,35.122605],[196,795,-85.30082,35.122539],[221,799,-85.300841,35.122473],[246,802,-85.300889,35.122419],[271,799,-85.30096,35.122383],[296,800,-85.301007,35.122326],[321,797,-85.301047,35.122266],[345,793,-85.301083,35.122205],[370,793,-85.301089,35.122137],[395,792,-85.301084,35.122069],[420,790,-85.301073,35.122001],[445,792,-85.301056,35.121934],[470,790,-85.301041,35.121867],[495,792,-85.301022,35.1218],[520,791,-85.300984,35.121739],[545,793,-85.300944,35.121679],[570,795,-85.300904,35.121619],[595,798,-85.300863,35.121559],[620,806,-85.300824,35.121498],[644,818,-85.30081,35.121433],[669,834,-85.30083,35.121368],[692,841,-85.300899,35.121335],[717,841,-85.30098,35.121319],[742,838,-85.301064,35.121318],[767,834,-85.301146,35.121329],[792,823,-85.301225,35.12135],[817,820,-85.301308,35.121358],[842,817,-85.301391,35.12135],[867,818,-85.301473,35.121338],[891,813,-85.301554,35.121323],[916,813,-85.301625,35.121287],[941,812,-85.30167,35.121231],[966,807,-85.301698,35.121166],[991,805,-85.301711,35.121099],[1016,803,-85.301701,35.121032],[1041,802,-85.301676,35.120966],[1065,805,-85.301651,35.120901],[1090,810,-85.301623,35.120836],[1115,813,-85.301583,35.120778],[1136,815,-85.301513,35.120792],[1161,817,-85.301509,35.120859],[1186,819,-85.301526,35.120926],[1211,817,-85.301546,35.120992],[1235,820,-85.301546,35.12106],[1260,825,-85.301522,35.121125],[1283,828,-85.301459,35.121161],[1292,832,-85.301432,35.121148]]}