{"trail":"Godsey Ridge Expert 1","distance":1651,"gain":211,"loss":100,"min":832,"max":949,"profile":[[0,832,-85.301427,35.121158],[24,837,-85.301401,35.121096],[49,837,-85.301389,35.121028],[74,842,-85.301366,35.120962],[99,839,-85.301334,35.1209],[117,850,-85.301278,35.120875],[142,847,-85.301311,35.120935],[166,848,-85.30132,35.121002],[190,847,-85.301298,35.121065],[215,856,-85.301226,35.121099],[221,856,-85.301221,35.121083],[245,860,-85.301241,35.121018],[270,854,-85.301251,35.12095],[294,857,-85.301229,35.120887],[316,855,-85.301206,35.120829],[341,856,-85.301187,35.120764],[366,855,-85.301151,35.120702],[391,846,-85.301114,35.12064],[415,849,-85.301072,35.120582],[440,853,-85.301015,35.120531],[465,856,-85.300964,35.120477],[490,860,-85.300935,35.120415],[515,866,-85.300921,35.120347],[539,883,-85.300962,35.120288],[564,892,-85.301042,35.120268],[589,907,-85.301125,35.120257],[614,914,-85.301206,35.12024],[639,919,-85.301287,35.120236],[663,921,-85.301369,35.120244],[688,923,-85.30145,35.120229],[713,930,-85.301533,35.120222],[738,929,-85.301615,35.120216],[762,927,-85.301698,35.120209],[787,925,-85.301781,35.120218],[812,914,-85.301864,35.12023],[837,909,-85.30194,35.120206],[862,907,-85.301994,35.120154],[882,913,-85.301984,35.120099],[905,924,-85.30191,35.120088],[930,931,-85.301826,35.120085],[955,936,-85.301743,35.120094],[979,940,-85.301662,35.120085],[1004,946,-85.30158,35.12007],[1028,948,-85.301498,35.120068],[1053,949,-85.301417,35.120077],[1078,949,-85.301334,35.120067],[1103,947,-85.301252,35.120052],[1128,948,-85.30117,35.120044],[1153,942,-85.301086,35.120043],[1178,934,-85.301002,35.120044],[1203,920,-85.30092,35.120055],[1228,922,-85.300839,35.12004],[1252,918,-85.300756,35.120035],[1275,913,-85.300685,35.120055],[1299,909,-85.300645,35.120114],[1324,906,-85.300624,35.120181],[1349,908,-85.300593,35.120244],[1374,909,-85.300569,35.120309],[1399,914,-85.300586,35.120375],[1424,913,-85.300613,35.12044],[1448,922,-85.300628,35.120507],[1473,917,-85.300655,35.120572],[1498,922,-85.300667,35.120638],[1523,926,-85.300653,35.120706],[1546,930,-85.300629,35.120767],[1571,933,-85.300555,35.1208],[1596,937,-85.300482,35.120832],[1621,939,-85.300404,35.120859],[1646,943,-85.300324,35.120876],[1651,943,-85.30031,35.120873]]}