{"trail":"Godsey Ridge Expert Spur","distance":153,"gain":16,"loss":12,"min":940,"max":952,"profile":[[0,943,-85.300307,35.120872],[16,949,-85.300258,35.120853],[41,952,-85.300327,35.120815],[66,947,-85.300405,35.120791],[90,942,-85.300477,35.120758],[115,940,-85.300528,35.120705],[138,941,-85.300522,35.120641],[153,947,-85.300491,35.12061]]}