{"trail":"Goodman Creek","distance":19617,"gain":835,"loss":301,"min":957,"max":1636,"profile":[[0,1083,-122.658725,43.849503],[82,1089,-122.658762,43.84928],[164,1095,-122.658798,43.849058],[245,1100,-122.658834,43.848835],[374,1108,-122.659103,43.848541],[440,1109,-122.659328,43.84846],[506,1112,-122.659553,43.848378],[585,1110,-122.659848,43.848355],[663,1106,-122.660143,43.848332],[741,1107,-122.660397,43.848218],[820,1105,-122.660651,43.848105],[898,1101,-122.660905,43.847991],[958,1103,-122.661023,43.847852],[1027,1106,-122.661077,43.847667],[1074,1111,-122.661077,43.847539],[1102,1113,-122.661147,43.847481],[1137,1102,-122.661281,43.847492],[1243,1078,-122.661661,43.847585],[1309,1069,-122.661914,43.847585],[1368,1057,-122.662123,43.847531],[1465,1053,-122.662359,43.847326],[1562,1047,-122.662595,43.847121],[1638,1037,-122.662713,43.846931],[1681,1040,-122.662729,43.846815],[1702,1042,-122.662761,43.846761],[1751,1034,-122.662944,43.846742],[1806,1029,-122.663147,43.846777],[1918,1005,-122.663507,43.846943],[1970,1000,-122.663705,43.846947],[2064,997,-122.663979,43.846784],[2147,999,-122.664086,43.84657],[2230,998,-122.664193,43.846355],[2318,983,-122.664354,43.846144],[2406,965,-122.664515,43.845933],[2478,963,-122.664544,43.845736],[2550,963,-122.664573,43.845539],[2623,952,-122.664601,43.845341],[2719,962,-122.664574,43.845078],[2815,959,-122.664548,43.844815],[2937,963,-122.664462,43.844486],[2991,962,-122.664456,43.844339],[3058,956,-122.664548,43.844169],[3093,954,-122.664596,43.844078],[3125,954,-122.664684,43.844018],[3159,955,-122.66481,43.844035],[3200,956,-122.664907,43.844123],[3312,957,-122.665087,43.844403],[3391,964,-122.665297,43.844557],[3470,973,-122.665508,43.844711],[3514,978,-122.66561,43.844807],[3541,992,-122.66569,43.844761],[3589,1012,-122.665792,43.844869],[3651,1008,-122.665862,43.845032],[3723,1016,-122.666036,43.845183],[3795,1022,-122.666211,43.845334],[3843,1019,-122.66628,43.845457],[3862,1019,-122.666339,43.845488],[3896,1029,-122.666436,43.84543],[3939,1043,-122.666479,43.845314],[3995,1051,-122.666463,43.845163],[4013,1056,-122.6665,43.845121],[4049,1061,-122.666613,43.845175],[4152,1052,-122.666843,43.845403],[4195,1042,-122.666929,43.845504],[4225,1043,-122.667037,43.845535],[4297,1053,-122.667289,43.845457],[4420,1084,-122.667632,43.845229],[4484,1091,-122.667836,43.845136],[4534,1093,-122.668024,43.845113],[4608,1076,-122.668297,43.845167],[4678,1048,-122.668544,43.845237],[4748,1029,-122.668791,43.845306],[4772,1018,-122.668882,43.845314],[4805,1023,-122.668995,43.845272],[4839,1032,-122.669048,43.845186],[4860,1036,-122.669102,43.845144],[4884,1029,-122.669193,43.845144],[4927,1013,-122.6693,43.845233],[4968,992,-122.669424,43.845299],[5005,975,-122.669563,43.845303],[5082,988,-122.669815,43.845194],[5115,995,-122.66989,43.845121],[5147,1000,-122.669998,43.845082],[5201,984,-122.670186,43.845144],[5226,980,-122.670277,43.845121],[5259,976,-122.6704,43.845125],[5310,975,-122.670588,43.845086],[5354,965,-122.670754,43.845086],[5424,951,-122.670996,43.845005],[5548,951,-122.671323,43.844761],[5672,937,-122.671747,43.84461],[5742,943,-122.671865,43.84444],[5836,943,-122.672101,43.844246],[5932,968,-122.672213,43.843995],[6054,984,-122.672246,43.843662],[6126,1001,-122.67224,43.843465],[6201,1023,-122.672208,43.84326],[6311,1038,-122.672315,43.84297],[6354,1044,-122.672396,43.842865],[6451,1041,-122.672648,43.842672],[6525,1041,-122.672771,43.84249],[6652,1033,-122.673104,43.842238],[6678,1034,-122.673158,43.842177],[6711,1021,-122.673276,43.842146],[6748,1014,-122.673415,43.842146],[6806,1018,-122.673603,43.842231],[6836,1022,-122.673715,43.842242],[6896,1028,-122.673898,43.842146],[6996,1016,-122.674134,43.841929],[7070,1014,-122.674356,43.841809],[7143,1015,-122.674579,43.841689],[7201,1011,-122.674718,43.841565],[7304,989,-122.67489,43.84131],[7414,960,-122.67503,43.841027],[7471,960,-122.67518,43.840915],[7524,960,-122.675362,43.840849],[7575,960,-122.67555,43.840884],[7668,960,-122.675866,43.840996],[7741,960,-122.676054,43.841143],[7786,960,-122.676151,43.841244],[7806,960,-122.676226,43.841259],[7837,960,-122.676328,43.841221],[7901,960,-122.676376,43.841047],[7936,960,-122.676435,43.840962],[7970,960,-122.676553,43.840923],[8053,960,-122.676854,43.840989],[8095,960,-122.676988,43.841051],[8140,962,-122.677084,43.841155],[8165,966,-122.6771,43.841221],[8207,976,-122.677192,43.841318],[8245,992,-122.677326,43.841356],[8284,1000,-122.67747,43.841356],[8332,994,-122.677642,43.84131],[8393,994,-122.677873,43.841302],[8457,1003,-122.678082,43.841395],[8537,1029,-122.6782,43.841596],[8629,1039,-122.6785,43.841724],[8701,1045,-122.678763,43.841786],[8766,1046,-122.67901,43.841786],[8857,1043,-122.679321,43.841677],[8954,1045,-122.679541,43.841465],[9066,1024,-122.679643,43.841167],[9147,1008,-122.67975,43.840958],[9213,1011,-122.67997,43.840873],[9279,1009,-122.68019,43.840787],[9344,1002,-122.68041,43.840702],[9452,1012,-122.680818,43.840725],[9580,1008,-122.681279,43.840834],[9667,1021,-122.681472,43.841027],[9706,1020,-122.681606,43.841074],[9793,1010,-122.681934,43.841113],[9897,1020,-122.682298,43.841221],[9979,1019,-122.68261,43.841198],[10072,1028,-122.682958,43.841236],[10133,1026,-122.683184,43.841198],[10171,1026,-122.68328,43.84112],[10198,1025,-122.683339,43.841058],[10240,1027,-122.683489,43.84102],[10310,1030,-122.683741,43.841078],[10375,1032,-122.683886,43.841221],[10492,1037,-122.684037,43.841523],[10539,1036,-122.684165,43.841615],[10630,1035,-122.684498,43.841677],[10755,1037,-122.684922,43.841836],[10868,1033,-122.68534,43.841894],[10935,1033,-122.685576,43.841968],[10980,1033,-122.685699,43.842053],[11046,1040,-122.68578,43.842223],[11119,1040,-122.685946,43.842385],[11227,1052,-122.686273,43.842563],[11302,1062,-122.686552,43.842596],[11376,1064,-122.686831,43.842629],[11469,1079,-122.687153,43.842734],[11551,1079,-122.687464,43.842743],[11633,1079,-122.687776,43.842753],[11701,1086,-122.688028,43.842797],[11769,1090,-122.68828,43.842842],[11887,1085,-122.688725,43.842827],[11966,1077,-122.689015,43.842768],[12010,1076,-122.689181,43.84278],[12052,1077,-122.689315,43.842842],[12126,1084,-122.689487,43.843004],[12251,1099,-122.689948,43.84309],[12324,1102,-122.690223,43.843087],[12396,1102,-122.690499,43.843084],[12469,1100,-122.690774,43.843082],[12533,1099,-122.69101,43.843128],[12635,1113,-122.691316,43.843299],[12713,1117,-122.691541,43.843438],[12767,1123,-122.691675,43.84355],[12803,1128,-122.69181,43.843573],[12871,1123,-122.692046,43.8435],[12939,1127,-122.692282,43.843426],[13039,1119,-122.692561,43.843237],[13094,1116,-122.692679,43.843113],[13142,1117,-122.692856,43.843078],[13219,1119,-122.693143,43.843113],[13296,1125,-122.69343,43.843148],[13370,1127,-122.69371,43.84317],[13444,1127,-122.69399,43.843192],[13518,1135,-122.694271,43.843214],[13592,1137,-122.694551,43.843237],[13659,1144,-122.694789,43.8433],[13726,1152,-122.695028,43.843364],[13815,1157,-122.695363,43.843368],[13903,1159,-122.695699,43.843372],[13987,1166,-122.69601,43.843426],[14044,1167,-122.696224,43.843442],[14066,1168,-122.696278,43.843395],[14100,1161,-122.696203,43.843318],[14140,1160,-122.696085,43.843252],[14161,1162,-122.696085,43.843194],[14224,1164,-122.696316,43.843241],[14298,1175,-122.696573,43.843322],[14357,1187,-122.696793,43.843356],[14379,1190,-122.696874,43.843337],[14419,1187,-122.696815,43.843237],[14489,1183,-122.696627,43.843101],[14547,1180,-122.696541,43.842954],[14599,1181,-122.696605,43.842819],[14665,1192,-122.696836,43.842749],[14709,1204,-122.697002,43.842745],[14764,1214,-122.697211,43.842757],[14854,1223,-122.697512,43.842641],[14958,1241,-122.697909,43.842649],[15034,1249,-122.698153,43.842757],[15109,1256,-122.698397,43.842865],[15211,1274,-122.698773,43.842935],[15281,1284,-122.699035,43.842968],[15352,1289,-122.699298,43.843001],[15434,1299,-122.699609,43.842981],[15516,1310,-122.699921,43.842962],[15575,1319,-122.700141,43.843001],[15677,1332,-122.700398,43.84321],