{"trail":"Grindstone Ridge","distance":8664,"gain":392,"loss":375,"min":1641,"max":1859,"profile":[[0,1672,-85.388918,35.056366],[25,1670,-85.388888,35.05643],[50,1667,-85.388859,35.056494],[75,1667,-85.388829,35.056558],[100,1666,-85.388799,35.056622],[125,1665,-85.38877,35.056686],[150,1664,-85.38874,35.05675],[175,1664,-85.388711,35.056814],[200,1662,-85.388681,35.056878],[225,1661,-85.388651,35.056943],[250,1659,-85.388622,35.057007],[275,1658,-85.388631,35.057073],[300,1657,-85.388647,35.057141],[325,1657,-85.388663,35.057208],[350,1654,-85.388679,35.057275],[375,1649,-85.388695,35.057342],[400,1647,-85.388711,35.05741],[425,1644,-85.388728,35.057477],[450,1642,-85.388744,35.057544],[475,1642,-85.38876,35.057611],[500,1641,-85.388776,35.057679],[518,1641,-85.388794,35.057726],[543,1642,-85.388827,35.057663],[568,1643,-85.38886,35.0576],[593,1645,-85.388893,35.057537],[618,1646,-85.388925,35.057474],[643,1648,-85.388958,35.057411],[668,1650,-85.388991,35.057348],[693,1651,-85.389024,35.057285],[718,1651,-85.389057,35.057222],[743,1652,-85.389089,35.057159],[768,1654,-85.389122,35.057096],[793,1655,-85.389155,35.057033],[818,1656,-85.389188,35.056969],[843,1656,-85.389221,35.056906],[868,1656,-85.389253,35.056843],[890,1656,-85.389291,35.05679],[915,1656,-85.389367,35.056819],[940,1656,-85.389443,35.056848],[965,1657,-85.389519,35.056876],[990,1657,-85.389598,35.056894],[1015,1658,-85.389682,35.056897],[1040,1660,-85.389766,35.0569],[1065,1663,-85.389849,35.056904],[1090,1666,-85.389933,35.056907],[1115,1669,-85.390016,35.05691],[1140,1669,-85.3901,35.056913],[1165,1673,-85.390184,35.056916],[1190,1678,-85.390267,35.056919],[1215,1682,-85.390351,35.056923],[1240,1686,-85.390435,35.056926],[1263,1689,-85.390508,35.056947],[1288,1690,-85.390568,35.056996],[1313,1691,-85.390627,35.057044],[1338,1695,-85.390686,35.057093],[1361,1695,-85.390694,35.057157],[1386,1696,-85.390688,35.057225],[1411,1700,-85.390682,35.057293],[1436,1703,-85.390676,35.057362],[1461,1709,-85.390669,35.05743],[1486,1713,-85.390663,35.057498],[1511,1715,-85.390657,35.057567],[1529,1717,-85.390702,35.057534],[1554,1719,-85.390756,35.057482],[1579,1722,-85.39081,35.057429],[1604,1723,-85.390865,35.057377],[1629,1722,-85.390919,35.057325],[1654,1723,-85.390973,35.057273],[1679,1725,-85.391027,35.057221],[1704,1728,-85.391082,35.057169],[1729,1729,-85.391136,35.057116],[1751,1728,-85.391118,35.057059],[1776,1723,-85.391076,35.057],[1801,1720,-85.391034,35.056941],[1826,1719,-85.390991,35.056881],[1851,1718,-85.390949,35.056822],[1876,1718,-85.390907,35.056763],[1901,1716,-85.390865,35.056704],[1924,1715,-85.390868,35.056641],[1949,1715,-85.390897,35.056577],[1969,1715,-85.39095,35.056544],[1994,1717,-85.391033,35.05655],[2019,1719,-85.391117,35.056556],[2044,1722,-85.3912,35.056563],[2069,1725,-85.391284,35.056569],[2094,1731,-85.391367,35.056575],[2116,1733,-85.3914,35.056628],[2141,1740,-85.391418,35.056695],[2166,1743,-85.391437,35.056762],[2191,1749,-85.391455,35.056829],[2216,1753,-85.391473,35.056896],[2241,1756,-85.391492,35.056963],[2266,1764,-85.39151,35.057029],[2291,1768,-85.391528,35.057096],[2316,1774,-85.391547,35.057163],[2341,1776,-85.391565,35.05723],[2355,1780,-85.391592,35.057264],[2380,1781,-85.391643,35.05721],[2405,1782,-85.391694,35.057155],[2430,1784,-85.391744,35.057101],[2455,1787,-85.391795,35.057046],[2480,1789,-85.391846,35.056992],[2505,1789,-85.391897,35.056937],[2530,1790,-85.391932,35.056877],[2555,1787,-85.391951,35.05681],[2580,1786,-85.39197,35.056743],[2605,1783,-85.391989,35.056677],[2630,1783,-85.392009,35.05661],[2655,1783,-85.39207,35.056563],[2680,1783,-85.39213,35.056516],[2705,1784,-85.392191,35.056468],[2730,1784,-85.392252,35.056421],[2755,1784,-85.392312,35.056374],[2780,1783,-85.392373,35.056327],[2805,1781,-85.392433,35.056279],[2827,1779,-85.392497,35.05625],[2852,1781,-85.392572,35.05628],[2877,1781,-85.392647,35.056311],[2902,1783,-85.392722,35.056342],[2927,1787,-85.392797,35.056372],[2951,1792,-85.392872,35.0564],[2976,1793,-85.392955,35.056393],[3001,1794,-85.393039,35.056387],[3026,1791,-85.393122,35.05638],[3051,1791,-85.393205,35.056373],[3076,1790,-85.393288,35.056366],[3101,1791,-85.393367,35.056389],[3126,1788,-85.393444,35.056414],[3151,1786,-85.393522,35.05644],[3176,1785,-85.3936,35.056465],[3201,1788,-85.393678,35.056491],[3225,1789,-85.393757,35.0565],[3250,1794,-85.393839,35.056485],[3275,1802,-85.393918,35.056469],[3300,1802,-85.393943,35.056403],[3325,1799,-85.393968,35.056338],[3350,1798,-85.393992,35.056272],[3370,1800,-85.394049,35.056243],[3395,1802,-85.394133,35.056243],[3409,1802,-85.394161,35.056275],[3434,1805,-85.394134,35.05634],[3459,1808,-85.394106,35.056404],[3484,1813,-85.394079,35.056469],[3509,1816,-85.394051,35.056534],[3534,1818,-85.394024,35.056599],[3557,1820,-85.393982,35.05665],[3582,1812,-85.3939,35.056662],[3607,1802,-85.393818,35.056675],[3632,1799,-85.393735,35.056687],[3657,1804,-85.393653,35.056699],[3682,1809,-85.393571,35.056712],[3707,1814,-85.393488,35.056724],[3732,1822,-85.393406,35.056737],[3757,1823,-85.393324,35.056749],[3782,1824,-85.393241,35.056761],[3807,1827,-85.393159,35.056774],[3832,1826,-85.393077,35.056786],[3857,1825,-85.392994,35.056798],[3881,1827,-85.392919,35.056824],[3906,1827,-85.392851,35.056865],[3931,1828,-85.392784,35.056905],[3956,1828,-85.392716,35.056945],[3981,1832,-85.392707,35.057013],[4006,1837,-85.392697,35.057081],[4023,1841,-85.39275,35.057094],[4048,1842,-85.392832,35.05708],[4073,1845,-85.392914,35.057067],[4098,1849,-85.392996,35.057053],[4123,1846,-85.393078,35.057039],[4148,1849,-85.39316,35.057025],[4173,1847,-85.393242,35.057012],[4198,1848,-85.393324,35.056998],[4223,1848,-85.393406,35.056984],[4248,1843,-85.393488,35.05697],[4273,1841,-85.39357,35.056957],[4297,1839,-85.393652,35.056947],[4322,1836,-85.393735,35.056958],[4347,1835,-85.393818,35.05697],[4372,1842,-85.3939,35.056981],[4397,1846,-85.393983,35.056992],[4422,1849,-85.394065,35.057004],[4447,1853,-85.394148,35.057015],[4472,1859,-85.39423,35.057026],[4497,1859,-85.394313,35.057029],[4522,1857,-85.394395,35.057017],[4547,1850,-85.394478,35.057005],[4572,1847,-85.39456,35.056994],[4597,1844,-85.394643,35.056982],[4622,1838,-85.394725,35.05697],[4646,1837,-85.394805,35.056975],[4671,1840,-85.39488,35.057005],[4696,1842,-85.394955,35.057036],[4721,1841,-85.39503,35.057067],[4746,1839,-85.395104,35.057097],[4771,1839,-85.395179,35.057128],[4796,1837,-85.395254,35.057159],[4820,1834,-85.395334,35.057172],[4845,1835,-85.395417,35.05717],[4870,1838,-85.395501,35.057168],[4895,1841,-85.395585,35.057165],[4920,1845,-85.395668,35.057163],[4945,1847,-85.395752,35.05716],[4970,1848,-85.395836,35.057158],[4995,1846,-85.395919,35.057156],[5020,1846,-85.396003,35.057153],[5045,1845,-85.396087,35.057151],[5070,1845,-85.39617,35.057149],[5095,1843,-85.396254,35.057146],[5120,1841,-85.396338,35.057144],[5145,1838,-85.396421,35.057141],[5170,1836,-85.396505,35.057139],[5195,1834,-85.396589,35.057137],[5220,1833,-85.396672,35.057134],[5245,1833,-85.396756,35.057132],[5270,1834,-85.39684,35.057129],[5295,1835,-85.396923,35.057127],[5320,1835,-85.397007,35.057125],[5345,1836,-85.397091,35.057122],[5369,1834,-85.397164,35.0571],[5394,1834,-85.397227,35.057054],[5419,1835,-85.397289,35.057008],[5444,1836,-85.397351,35.056963],[5469,1837,-85.397413,35.056917],[5494,1840,-85.397476,35.056871],[5519,1842,-85.397538,35.056825],[5543,1846,-85.397611,35.056796],[5568,1848,-85.397692,35.056779],[5593,1848,-85.397773,35.056762],[5618,1848,-85.397854,35.056746],[5643,1846,-85.397935,35.056729],[5668,1846,-85.398017,35.056712],[5693,1844,-85.398098,35.056696],[5718,1844,-85.398179,35.056679],[5743,1842,-85.39826,35.056663],[5768,1841,-85.398342,35.056646],[5793,1841,-85.398423,35.056629],[5818,1841,-85.398506,35.056636],[5843,1840,-85.398589,35.056643],[5868,1841,-85.398673,35.05665],[5893,1840,-85.398756,35.056657],[5918,1841,-85.398839,35.056664],[5943,1840,-85.398922,35.056671],[5968,1838,-85.399006,