{"trail":"Guild-Hardy Connector","distance":4159,"gain":40,"loss":356,"min":677,"max":993,"profile":[[0,993,-85.335166,35.01499],[25,985,-85.335099,35.01503],[50,977,-85.335031,35.01507],[75,965,-85.334963,35.015111],[100,957,-85.334896,35.015151],[125,947,-85.334828,35.015191],[150,941,-85.33476,35.015231],[175,928,-85.334692,35.015271],[200,926,-85.33461,35.015283],[225,925,-85.334528,35.015296],[250,917,-85.334445,35.015308],[275,915,-85.334363,35.01532],[300,912,-85.334281,35.015332],[324,911,-85.334201,35.015331],[349,912,-85.334128,35.015298],[374,913,-85.334055,35.015265],[398,914,-85.334006,35.015213],[423,917,-85.333971,35.015151],[448,918,-85.333935,35.015089],[473,917,-85.3339,35.015027],[498,917,-85.333864,35.014965],[523,913,-85.333829,35.014903],[548,907,-85.333793,35.014841],[573,903,-85.333758,35.014779],[598,900,-85.333722,35.014717],[610,897,-85.333681,35.014725],[635,893,-85.333635,35.014782],[660,891,-85.33359,35.01484],[685,890,-85.333544,35.014897],[710,889,-85.333499,35.014955],[733,890,-85.333479,35.015016],[758,892,-85.333497,35.015083],[783,896,-85.333516,35.01515],[808,896,-85.333535,35.015216],[833,894,-85.333553,35.015283],[858,893,-85.333572,35.01535],[883,888,-85.333591,35.015417],[908,885,-85.333609,35.015484],[933,883,-85.333628,35.01555],[958,877,-85.333647,35.015617],[983,871,-85.333666,35.015684],[1008,866,-85.333684,35.015751],[1033,865,-85.333703,35.015818],[1052,864,-85.333643,35.015829],[1077,861,-85.33356,35.015825],[1102,857,-85.333477,35.01582],[1127,855,-85.333393,35.015815],[1152,852,-85.33331,35.01581],[1177,851,-85.333226,35.015805],[1202,849,-85.333143,35.0158],[1224,849,-85.333079,35.015766],[1249,851,-85.333031,35.01571],[1274,851,-85.332983,35.015654],[1299,850,-85.332934,35.015598],[1324,848,-85.332886,35.015542],[1349,846,-85.332848,35.015484],[1374,848,-85.332842,35.015415],[1399,849,-85.332836,35.015347],[1424,850,-85.33283,35.015278],[1449,847,-85.332825,35.01521],[1474,846,-85.332819,35.015142],[1499,843,-85.332813,35.015073],[1524,839,-85.332807,35.015005],[1549,836,-85.332802,35.014937],[1574,835,-85.332796,35.014868],[1599,834,-85.33279,35.0148],[1624,830,-85.332784,35.014732],[1649,828,-85.332779,35.014663],[1674,825,-85.332773,35.014595],[1699,823,-85.332767,35.014526],[1721,819,-85.33274,35.014469],[1746,815,-85.332668,35.014434],[1771,810,-85.332595,35.0144],[1796,806,-85.332523,35.014365],[1821,806,-85.332451,35.014331],[1846,805,-85.332379,35.014296],[1871,803,-85.332306,35.014262],[1896,803,-85.332232,35.014231],[1921,801,-85.33215,35.014217],[1946,798,-85.332069,35.014203],[1971,794,-85.331987,35.014189],[1996,790,-85.331905,35.014174],[2021,787,-85.331823,35.01416],[2046,785,-85.331741,35.014146],[2071,784,-85.331659,35.014132],[2096,782,-85.331577,35.014117],[2121,780,-85.331496,35.014103],[2146,779,-85.331414,35.014089],[2171,776,-85.331332,35.014075],[2196,774,-85.33125,35.014061],[2221,772,-85.331168,35.014046],[2246,769,-85.331086,35.014032],[2271,766,-85.331004,35.014018],[2296,763,-85.330923,35.014004],[2321,761,-85.330841,35.013989],[2346,759,-85.330759,35.013975],[2371,757,-85.330677,35.013961],[2396,756,-85.330595,35.013947],[2421,754,-85.330513,35.013933],[2446,753,-85.330432,35.013918],[2471,752,-85.33035,35.013904],[2496,748,-85.330268,35.01389],[2521,747,-85.330186,35.013876],[2546,744,-85.330107,35.013856],[2571,741,-85.330036,35.01382],[2596,738,-85.329964,35.013784],[2621,735,-85.329893,35.013748],[2646,730,-85.329822,35.013712],[2671,726,-85.329751,35.013676],[2696,721,-85.32968,35.01364],[2719,718,-85.329684,35.013575],[2744,718,-85.329695,35.013507],[2769,716,-85.329706,35.013439],[2794,715,-85.329717,35.013371],[2819,716,-85.329729,35.013303],[2844,717,-85.329748,35.013238],[2869,718,-85.329798,35.013183],[2894,718,-85.329848,35.013128],[2919,718,-85.329898,35.013073],[2944,718,-85.329948,35.013018],[2969,717,-85.329997,35.012963],[2994,718,-85.330047,35.012908],[3019,719,-85.330097,35.012853],[3044,721,-85.330147,35.012798],[3069,722,-85.330197,35.012742],[3094,723,-85.330246,35.012687],[3119,724,-85.330296,35.012632],[3144,724,-85.330346,35.012577],[3169,724,-85.330396,35.012522],[3194,725,-85.330446,35.012467],[3219,724,-85.330495,35.012412],[3244,725,-85.330545,35.012357],[3269,725,-85.330595,35.012302],[3294,725,-85.330583,35.012235],[3319,726,-85.33057,35.012167],[3344,728,-85.330557,35.012099],[3369,728,-85.330543,35.012031],[3394,730,-85.33053,35.011964],[3419,733,-85.330517,35.011896],[3441,733,-85.330475,35.011844],[3466,732,-85.330403,35.011809],[3491,729,-85.330331,35.011774],[3516,729,-85.330259,35.011739],[3541,726,-85.330187,35.011704],[3566,724,-85.330116,35.011669],[3591,724,-85.330044,35.011634],[3616,721,-85.329972,35.011599],[3641,718,-85.3299,35.011564],[3666,717,-85.329828,35.011529],[3691,714,-85.329756,35.011494],[3716,710,-85.329679,35.01147],[3741,706,-85.329597,35.011459],[3766,702,-85.329514,35.011449],[3791,700,-85.329431,35.011438],[3816,698,-85.329349,35.011427],[3841,696,-85.329266,35.011417],[3866,694,-85.329183,35.011406],[3891,692,-85.329101,35.011396],[3916,690,-85.329018,35.011385],[3941,688,-85.328935,35.011374],[3966,686,-85.328853,35.011364],[3991,684,-85.32877,35.011353],[4016,682,-85.328687,35.011342],[4041,680,-85.328605,35.011332],[4066,679,-85.328522,35.011321],[4091,678,-85.328439,35.01131],[4116,678,-85.328357,35.0113],[4141,677,-85.328274,35.011289],[4159,677,-85.328214,35.011281]]}