{"trail":"Hanger","distance":3736,"gain":0,"loss":303,"min":6647,"max":6957,"profile":[[0,6960,-121.672733,43.991917],[10,6955,-121.672695,43.991909],[41,6957,-121.672647,43.991831],[65,6954,-121.672629,43.991767],[80,6956,-121.672616,43.991727],[95,6959,-121.6726,43.991688],[111,6954,-121.672543,43.991672],[134,6948,-121.67246,43.99169],[142,6946,-121.672438,43.991705],[172,6943,-121.672421,43.991788],[210,6940,-121.672416,43.991891],[241,6939,-121.672407,43.991975],[257,6938,-121.672428,43.992016],[287,6943,-121.672508,43.992074],[308,6948,-121.672582,43.992101],[323,6946,-121.672595,43.992141],[339,6946,-121.672565,43.992178],[358,6942,-121.672493,43.992164],[380,6938,-121.672412,43.992165],[393,6936,-121.672388,43.992198],[405,6936,-121.672391,43.992231],[442,6932,-121.67244,43.992325],[484,6933,-121.672532,43.992418],[503,6935,-121.672572,43.992463],[510,6935,-121.672571,43.992481],[522,6927,-121.672538,43.992506],[532,6927,-121.672503,43.992509],[552,6926,-121.672445,43.992471],[569,6929,-121.672397,43.992441],[600,6920,-121.672284,43.992411],[634,6918,-121.672164,43.992382],[660,6914,-121.672113,43.992318],[693,6916,-121.672056,43.992238],[719,6910,-121.671976,43.992195],[739,6903,-121.671933,43.992151],[754,6904,-121.671888,43.992126],[775,6895,-121.671811,43.99214],[786,6888,-121.671773,43.992154],[813,6887,-121.671731,43.992223],[829,6886,-121.671736,43.992267],[854,6885,-121.671772,43.99233],[868,6892,-121.671805,43.992359],[890,6891,-121.671859,43.992405],[908,6897,-121.671907,43.992443],[947,6892,-121.671942,43.992545],[965,6889,-121.671918,43.992591],[985,6885,-121.671942,43.992643],[1003,6889,-121.671986,43.99268],[1019,6884,-121.671996,43.992724],[1045,6880,-121.672002,43.992796],[1055,6875,-121.671996,43.992822],[1068,6875,-121.672021,43.992852],[1088,6875,-121.672088,43.99288],[1114,6879,-121.672183,43.992904],[1120,6879,-121.672204,43.992907],[1136,6880,-121.672238,43.992942],[1147,6880,-121.672224,43.992973],[1164,6875,-121.672174,43.992999],[1189,6870,-121.672076,43.993],[1242,6857,-121.671876,43.993004],[1267,6857,-121.671781,43.992992],[1289,6857,-121.671713,43.992957],[1317,6857,-121.671629,43.992912],[1356,6853,-121.67159,43.992807],[1385,6853,-121.671572,43.99273],[1413,6855,-121.671553,43.992652],[1429,6846,-121.671503,43.992632],[1447,6841,-121.671435,43.992631],[1457,6841,-121.671399,43.992645],[1479,6835,-121.671351,43.992694],[1501,6835,-121.671318,43.99275],[1519,6835,-121.671303,43.992798],[1533,6836,-121.671301,43.992835],[1564,6836,-121.67134,43.992917],[1581,6842,-121.671355,43.99296],[1598,6833,-121.671333,43.993006],[1619,6833,-121.671305,43.993059],[1638,6830,-121.671336,43.993106],[1654,6826,-121.671351,43.99315],[1677,6822,-121.671316,43.993207],[1708,6815,-121.671215,43.99325],[1733,6815,-121.671126,43.993228],[1765,6806,-121.671006,43.993211],[1779,6806,-121.67097,43.993238],[1803,6804,-121.670932,43.993299],[1834,6799,-121.670929,43.993383],[1871,6795,-121.670948,43.993485],[1907,6786,-121.670986,43.993579],[1960,6778,-121.67094,43.993719],[2018,6766,-121.670882,43.993873],[2052,6761,-121.67078,43.993933],[2086,6758,-121.67067,43.99398],[2115,6750,-121.670569,43.994011],[2143,6745,-121.670461,43.994013],[2173,6740,-121.67035,43.993993],[2211,6742,-121.670306,43.993893],[2252,6749,-121.67028,43.993785],[2301,6756,-121.670257,43.99365],[2334,6754,-121.670231,43.993563],[2346,6756,-121.670221,43.993531],[2352,6756,-121.670202,43.993519],[2363,6756,-121.67016,43.993525],[2376,6752,-121.670127,43.993549],[2395,6749,-121.670126,43.993603],[2426,6744,-121.670132,43.993687],[2443,6744,-121.670117,43.993731],[2455,6740,-121.670083,43.993754],[2482,6733,-121.670048,43.993824],[2501,6730,-121.670036,43.993876],[2528,6721,-121.669967,43.993929],[2545,6721,-121.669945,43.993972],[2576,6719,-121.66998,43.994055],[2612,6716,-121.670039,43.994143],[2627,6714,-121.670034,43.994185],[2639,6714,-121.66999,43.994194],[2653,6709,-121.669941,43.994178],[2674,6711,-121.66992,43.994122],[2684,6714,-121.669908,43.994096],[2704,6707,-121.66984,43.994076],[2721,6704,-121.669797,43.994041],[2742,6709,-121.669786,43.993983],[2757,6709,-121.669775,43.993943],[2776,6714,-121.669744,43.993894],[2794,6712,-121.66971,43.993854],[2809,6712,-121.669677,43.99382],[2831,6716,-121.669644,43.993763],[2850,6715,-121.669629,43.993712],[2861,6715,-121.669599,43.99369],[2876,6709,-121.669544,43.993688],[2891,6709,-121.669503,43.993716],[2910,6705,-121.669484,43.993765],[2953,6695,-121.669508,43.993882],[2979,6690,-121.669529,43.993954],[3009,6685,-121.669545,43.994035],[3050,6678,-121.669547,43.994145],[3080,6683,-121.669555,43.994229],[3097,6682,-121.669559,43.994275],[3127,6682,-121.669629,43.994339],[3169,6693,-121.669745,43.994418],[3181,6691,-121.669766,43.994449],[3193,6691,-121.669745,43.994478],[3202,6684,-121.669716,43.994492],[3217,6686,-121.669664,43.994479],[3237,6680,-121.66962,43.994434],[3271,6675,-121.669524,43.994369],[3300,6676,-121.669472,43.994301],[3327,6671,-121.669421,43.994235],[3377,6672,-121.669358,43.994106],[3397,6672,-121.66931,43.994063],[3419,6671,-121.669237,43.994034],[3441,6666,-121.669156,43.994024],[3451,6666,-121.669135,43.994048],[3479,6656,-121.669139,43.994124],[3496,6656,-121.669163,43.994168],[3529,6656,-121.669218,43.994249],[3561,6654,-121.669269,43.994328],[3576,6652,-121.669255,43.994368],[3597,6646,-121.669195,43.994408],[3615,6645,-121.669145,43.994439],[3623,6645,-121.669143,43.994463],[3638,6645,-121.669175,43.994495],[3667,6650,-121.669258,43.994546],[3693,6649,-121.669285,43.994616],[3736,6650,-121.669316,43.994731]]}