{"trail":"Hanging Wall","distance":2216,"gain":287,"loss":179,"min":2007,"max":2123,"profile":[[0,2011,-85.428207,34.861637],[25,2027,-85.428178,34.861573],[50,2032,-85.428149,34.861509],[75,2041,-85.42812,34.861444],[100,2044,-85.428091,34.86138],[125,2034,-85.428063,34.861316],[149,2029,-85.428077,34.861251],[174,2011,-85.428102,34.861185],[199,2009,-85.428128,34.86112],[224,2007,-85.428153,34.861055],[249,2017,-85.428179,34.86099],[274,2020,-85.428204,34.860924],[299,2028,-85.428226,34.860859],[324,2036,-85.428183,34.860801],[349,2044,-85.42814,34.860742],[374,2049,-85.428097,34.860683],[399,2053,-85.428054,34.860624],[422,2048,-85.42804,34.86056],[447,2043,-85.428048,34.860492],[472,2039,-85.428057,34.860424],[497,2018,-85.428101,34.860366],[522,2011,-85.428146,34.860308],[547,2008,-85.428191,34.860251],[572,2011,-85.428236,34.860193],[597,2012,-85.428281,34.860135],[622,2019,-85.428326,34.860077],[647,2020,-85.428371,34.86002],[672,2025,-85.428416,34.859962],[697,2030,-85.428461,34.859904],[722,2031,-85.428506,34.859847],[747,2036,-85.428551,34.859789],[772,2041,-85.428596,34.859731],[797,2041,-85.428641,34.859674],[822,2043,-85.428686,34.859616],[847,2044,-85.428731,34.859558],[872,2042,-85.428776,34.8595],[897,2040,-85.428822,34.859443],[922,2037,-85.428867,34.859385],[947,2034,-85.428912,34.859327],[972,2033,-85.428938,34.859265],[997,2038,-85.428941,34.859196],[1022,2043,-85.428945,34.859128],[1047,2050,-85.428948,34.859059],[1072,2054,-85.428951,34.858991],[1097,2058,-85.428955,34.858922],[1121,2061,-85.428957,34.858854],[1146,2068,-85.428914,34.858795],[1171,2073,-85.428871,34.858737],[1196,2077,-85.428828,34.858678],[1221,2082,-85.428785,34.858619],[1246,2083,-85.428742,34.85856],[1271,2084,-85.428698,34.858502],[1296,2089,-85.428623,34.858473],[1321,2094,-85.428547,34.858444],[1346,2095,-85.428472,34.858415],[1371,2093,-85.428396,34.858386],[1396,2084,-85.428321,34.858356],[1421,2092,-85.428245,34.858327],[1446,2095,-85.428169,34.858298],[1471,2098,-85.428094,34.858269],[1496,2095,-85.428018,34.85824],[1514,2090,-85.427986,34.858199],[1539,2068,-85.428028,34.85814],[1564,2052,-85.428069,34.85808],[1589,2042,-85.428111,34.858021],[1614,2033,-85.428152,34.857961],[1639,2039,-85.428193,34.857902],[1663,2046,-85.428228,34.857841],[1688,2058,-85.428228,34.857772],[1713,2068,-85.428228,34.857704],[1738,2076,-85.428228,34.857635],[1763,2082,-85.428226,34.857568],[1788,2089,-85.428169,34.857517],[1813,2097,-85.428113,34.857467],[1838,2105,-85.428056,34.857416],[1863,2109,-85.428,34.857366],[1888,2112,-85.427943,34.857315],[1913,2111,-85.427886,34.857265],[1938,2113,-85.42783,34.857215],[1963,2109,-85.427773,34.857164],[1978,2110,-85.427726,34.85715],[2003,2115,-85.427697,34.857215],[2028,2119,-85.427669,34.857279],[2053,2121,-85.427641,34.857344],[2078,2122,-85.427612,34.857408],[2103,2123,-85.427584,34.857473],[2128,2122,-85.427556,34.857537],[2153,2121,-85.427527,34.857601],[2178,2119,-85.427499,34.857666],[2203,2118,-85.427471,34.85773],[2216,2119,-85.427456,34.857764]]}