{"trail":"Hardy Trail","distance":8070,"gain":406,"loss":128,"min":1451,"max":1729,"profile":[[0,1451,-85.344222,35.015991],[25,1452,-85.34414,35.016007],[50,1452,-85.344059,35.016023],[75,1453,-85.343978,35.016039],[100,1453,-85.343896,35.016055],[125,1454,-85.343815,35.016071],[150,1455,-85.343733,35.016087],[175,1459,-85.343651,35.016094],[200,1463,-85.343568,35.016086],[225,1469,-85.343485,35.016078],[250,1469,-85.343402,35.01607],[275,1468,-85.343319,35.016063],[300,1468,-85.343236,35.016055],[325,1467,-85.343153,35.016047],[350,1470,-85.343069,35.016039],[375,1469,-85.342986,35.016031],[399,1467,-85.342908,35.016013],[424,1469,-85.342837,35.015976],[449,1470,-85.342767,35.015939],[474,1475,-85.342696,35.015902],[499,1477,-85.342626,35.015865],[524,1478,-85.342555,35.015828],[549,1480,-85.342485,35.015791],[574,1479,-85.342414,35.015754],[599,1477,-85.342344,35.015718],[624,1479,-85.342273,35.015681],[649,1480,-85.342203,35.015644],[673,1484,-85.342147,35.015596],[698,1490,-85.342113,35.015534],[723,1494,-85.342079,35.015471],[748,1496,-85.342045,35.015408],[773,1495,-85.342011,35.015346],[798,1500,-85.341977,35.015283],[823,1500,-85.341943,35.015221],[848,1499,-85.341909,35.015158],[873,1497,-85.341875,35.015095],[898,1500,-85.341841,35.015033],[923,1499,-85.341807,35.01497],[948,1498,-85.341773,35.014908],[973,1497,-85.341739,35.014845],[998,1494,-85.341705,35.014782],[1023,1497,-85.341671,35.01472],[1048,1495,-85.341637,35.014657],[1073,1493,-85.341603,35.014595],[1098,1492,-85.341569,35.014532],[1123,1490,-85.341535,35.014469],[1148,1492,-85.341501,35.014407],[1173,1492,-85.341467,35.014344],[1198,1491,-85.341433,35.014282],[1223,1490,-85.341399,35.014219],[1248,1490,-85.341365,35.014156],[1273,1493,-85.341331,35.014094],[1298,1493,-85.341296,35.014031],[1323,1494,-85.341262,35.013969],[1348,1492,-85.341228,35.013906],[1373,1492,-85.341194,35.013843],[1398,1495,-85.34116,35.013781],[1423,1494,-85.341126,35.013718],[1448,1492,-85.341092,35.013656],[1473,1492,-85.341058,35.013593],[1498,1491,-85.341024,35.01353],[1523,1494,-85.34099,35.013468],[1548,1494,-85.340956,35.013405],[1572,1492,-85.340939,35.01334],[1597,1495,-85.340939,35.013271],[1622,1500,-85.340939,35.013203],[1647,1503,-85.340939,35.013134],[1672,1505,-85.340939,35.013066],[1697,1506,-85.340939,35.012997],[1722,1507,-85.340939,35.012928],[1747,1508,-85.340939,35.01286],[1772,1508,-85.340939,35.012791],[1797,1508,-85.340939,35.012723],[1822,1509,-85.340939,35.012654],[1847,1509,-85.340939,35.012586],[1872,1509,-85.340939,35.012517],[1897,1509,-85.340939,35.012449],[1922,1510,-85.340939,35.01238],[1947,1510,-85.340939,35.012312],[1972,1511,-85.340939,35.012243],[1997,1512,-85.340939,35.012175],[2022,1513,-85.340939,35.012106],[2047,1513,-85.340939,35.012038],[2072,1513,-85.340939,35.011969],[2097,1515,-85.340939,35.011901],[2122,1518,-85.340939,35.011832],[2147,1521,-85.340939,35.011763],[2172,1524,-85.340939,35.011695],[2197,1526,-85.340939,35.011626],[2222,1526,-85.340939,35.011558],[2247,1527,-85.340939,35.011489],[2272,1527,-85.340939,35.011421],[2297,1528,-85.340939,35.011352],[2322,1529,-85.340939,35.011284],[2347,1530,-85.340939,35.011215],[2372,1531,-85.340939,35.011147],[2397,1531,-85.340939,35.011078],[2422,1532,-85.340939,35.01101],[2447,1533,-85.34093,35.010942],[2472,1534,-85.340907,35.010876],[2497,1532,-85.340883,35.010811],[2522,1534,-85.34086,35.010745],[2547,1532,-85.340836,35.010679],[2572,1533,-85.340813,35.010613],[2597,1532,-85.340789,35.010547],[2622,1532,-85.340766,35.010482],[2647,1533,-85.340742,35.010416],[2672,1531,-85.340719,35.01035],[2697,1532,-85.340695,35.010284],[2722,1533,-85.340672,35.010219],[2747,1536,-85.340648,35.010153],[2772,1541,-85.340625,35.010087],[2797,1546,-85.340601,35.010021],[2822,1548,-85.340578,35.009956],[2847,1550,-85.340554,35.00989],[2872,1549,-85.340531,35.009824],[2897,1549,-85.340507,35.009758],[2922,1550,-85.340484,35.009692],[2947,1550,-85.34046,35.009627],[2972,1551,-85.340437,35.009561],[2997,1549,-85.34042,35.009494],[3022,1550,-85.340413,35.009426],[3047,1550,-85.340406,35.009358],[3072,1550,-85.340399,35.009289],[3097,1551,-85.340392,35.009221],[3122,1551,-85.340384,35.009153],[3147,1550,-85.340377,35.009084],[3172,1551,-85.34037,35.009016],[3197,1553,-85.340363,35.008948],[3222,1556,-85.340356,35.00888],[3247,1561,-85.340348,35.008811],[3272,1565,-85.340341,35.008743],[3297,1567,-85.340334,35.008675],[3322,1568,-85.340327,35.008607],[3347,1568,-85.34032,35.008538],[3372,1569,-85.340312,35.00847],[3397,1569,-85.340305,35.008402],[3422,1570,-85.340298,35.008333],[3447,1568,-85.340291,35.008265],[3472,1569,-85.340284,35.008197],[3497,1569,-85.340276,35.008129],[3522,1570,-85.340282,35.008061],[3547,1572,-85.340297,35.007993],[3572,1572,-85.340312,35.007926],[3597,1572,-85.340327,35.007859],[3622,1574,-85.340342,35.007791],[3647,1573,-85.340357,35.007724],[3672,1573,-85.340373,35.007656],[3697,1575,-85.340388,35.007589],[3722,1573,-85.340403,35.007522],[3747,1574,-85.340418,35.007454],[3772,1582,-85.340433,35.007387],[3797,1587,-85.340448,35.007319],[3822,1590,-85.340463,35.007252],[3847,1592,-85.340478,35.007185],[3872,1591,-85.340493,35.007117],[3897,1590,-85.340508,35.00705],[3922,1594,-85.340523,35.006982],[3947,1594,-85.340538,35.006915],[3972,1597,-85.340553,35.006847],[3997,1595,-85.340568,35.00678],[4022,1594,-85.340583,35.006713],[4047,1595,-85.340596,35.006645],[4072,1595,-85.340602,35.006577],[4097,1596,-85.340608,35.006508],[4122,1597,-85.340614,35.00644],[4147,1598,-85.340621,35.006372],[4172,1598,-85.340627,35.006303],[4197,1598,-85.340633,35.006235],[4222,1603,-85.340639,35.006167],[4247,1603,-85.340645,35.006098],[4272,1601,-85.340651,35.00603],[4297,1600,-85.340657,35.005962],[4322,1599,-85.340663,35.005893],[4347,1600,-85.340669,35.005825],[4372,1603,-85.340675,35.005756],[4397,1606,-85.340681,35.005688],[4422,1612,-85.340687,35.00562],[4447,1613,-85.340693,35.005551],[4472,1615,-85.340699,35.005483],[4497,1615,-85.340705,35.005415],[4522,1615,-85.340711,35.005346],[4547,1613,-85.340717,35.005278],[4572,1612,-85.340723,35.00521],[4597,1615,-85.340729,35.005141],[4622,1615,-85.340735,35.005073],[4647,1614,-85.340741,35.005005],[4672,1614,-85.340747,35.004936],[4697,1614,-85.340753,35.004868],[4722,1615,-85.340759,35.0048],[4747,1615,-85.340765,35.004731],[4772,1621,-85.340771,35.004663],[4797,1620,-85.340777,35.004594],[4822,1619,-85.340783,35.004526],[4847,1618,-85.340789,35.004458],[4872,1618,-85.340795,35.004389],[4897,1620,-85.340801,35.004321],[4922,1624,-85.340807,35.004253],[4947,1630,-85.340813,35.004184],[4972,1631,-85.340819,35.004116],[4997,1630,-85.340825,35.004048],[5022,1630,-85.340831,35.003979],[5047,1629,-85.340837,35.003911],[5072,1629,-85.340843,35.003843],[5097,1628,-85.340849,35.003774],[5122,1631,-85.340855,35.003706],[5147,1631,-85.340861,35.003638],[5172,1631,-85.340867,35.003569],[5197,1631,-85.340873,35.003501],[5222,1631,-85.340879,35.003433],[5247,1631,-85.340885,35.003364],[5272,1632,-85.340891,35.003296],[5297,1636,-85.340897,35.003227],[5322,1637,-85.340903,35.003159],[5347,1638,-85.340909,35.003091],[5372,1640,-85.340915,35.003022],[5397,1647,-85.340921,35.002954],[5422,1650,-85.340927,35.002886],[5447,1651,-85.340933,35.002817],[5472,1654,-85.340939,35.002749],[5497,1654,-85.340945,35.002681],[5522,1653,-85.340951,35.002612],[5547,1653,-85.340957,35.002544],[5572,1653,-85.340963,35.002476],[5597,1653,-85.340969,35.002407],[5622,1653,-85.340975,35.002339],[5647,1652,-85.340981,35.002271],[5672,1655,-85.340987,35.002202],[5697,1655,-85.340993,35.002134],[5722,1655,-85.340999,35.002065],[5747,1655,-85.341005,35.001997],[5772,1655,-85.341011,35.001929],[5797,1655,-85.341017,35.00186],[5822,1654,-85.341023,35.001792],[5847,1659,-85.34103,35.001724],[5872,1659,-85.341038,35.001656],[5897,1661,-85.341046,35.001587],[5922,1665,-85.341053,35.001519],[5947,1668,-85.341061,35.001451],[5972,1672,-85.341069,35.001383],[5997,1671,-85.341077,35.001314],[6022,1671,-85.341084,