{"trail":"Has No Horse","distance":23413,"gain":672,"loss":101,"min":4309,"max":4882,"profile":[[0,4305,-121.002826,43.909337],[72,4309,-121.002938,43.909158],[84,4310,-121.002965,43.909132],[99,4310,-121.002988,43.909095],[107,4311,-121.003011,43.909078],[117,4311,-121.003036,43.909059],[133,4312,-121.003071,43.909023],[144,4313,-121.003097,43.908999],[155,4313,-121.00311,43.90897],[169,4314,-121.003104,43.908932],[180,4314,-121.003107,43.908902],[195,4315,-121.003113,43.908861],[206,4315,-121.003116,43.90883],[263,4317,-121.003111,43.908673],[273,4317,-121.003103,43.908648],[286,4317,-121.00313,43.908618],[304,4319,-121.00318,43.908584],[329,4320,-121.003254,43.908539],[352,4320,-121.003321,43.9085],[365,4322,-121.003358,43.908475],[386,4322,-121.003386,43.908421],[401,4323,-121.003429,43.908396],[452,4324,-121.003503,43.908266],[465,4325,-121.003526,43.908235],[478,4325,-121.003557,43.908207],[580,4331,-121.003794,43.907986],[662,4335,-121.003955,43.907793],[726,4338,-121.004019,43.907623],[781,4341,-121.004051,43.907476],[836,4343,-121.004159,43.907344],[925,4348,-121.004352,43.907143],[990,4354,-121.004556,43.907043],[1069,4359,-121.004738,43.906873],[1121,4362,-121.004835,43.906749],[1204,4367,-121.004985,43.906548],[1301,4375,-121.005146,43.906309],[1358,4380,-121.005178,43.906154],[1398,4384,-121.005189,43.906046],[1440,4387,-121.005285,43.905953],[1475,4392,-121.005414,43.90593],[1518,4395,-121.005575,43.905953],[1576,4394,-121.005725,43.906069],[1658,4398,-121.005929,43.906239],[1722,4400,-121.006111,43.906355],[1799,4406,-121.006358,43.906471],[1910,4405,-121.006573,43.906734],[2002,4411,-121.006809,43.906919],[2104,4414,-121.007056,43.907136],[2228,4420,-121.00741,43.90736],[2352,4429,-121.007764,43.907584],[2415,4428,-121.007892,43.907731],[2504,4435,-121.008182,43.907855],[2584,4436,-121.008386,43.908017],[2656,4442,-121.00859,43.908148],[2704,4438,-121.008708,43.908249],[2812,4435,-121.008976,43.908473],[2907,4437,-121.009223,43.908666],[3000,4443,-121.009491,43.908828],[3103,4440,-121.009716,43.90906],[3205,4441,-121.009995,43.909254],[3293,4452,-121.010296,43.909362],[3365,4453,-121.010532,43.909462],[3427,4454,-121.010682,43.909594],[3539,4463,-121.011014,43.909787],[3642,4476,-121.011347,43.909934],[3668,4478,-121.011425,43.909978],[3710,4479,-121.011551,43.91005],[3777,4486,-121.011765,43.91015],[3872,4498,-121.012109,43.910227],[3906,4502,-121.012162,43.910142],[3958,4505,-121.012066,43.910019],[3992,4511,-121.012055,43.909926],[4015,4515,-121.012141,43.909911],[4092,4519,-121.012377,43.910034],[4160,4528,-121.012602,43.910127],[4228,4530,-121.012828,43.91022],[4294,4538,-121.013042,43.910313],[4360,4540,-121.013257,43.910405],[4419,4541,-121.013428,43.910514],[4494,4543,-121.013568,43.910691],[4616,4534,-121.013793,43.910985],[4688,4532,-121.01397,43.911136],[4760,4539,-121.014147,43.911286],[4848,4536,-121.014362,43.911472],[4941,4544,-121.014662,43.911603],[5031,4546,-121.014952,43.911735],[5107,4541,-121.015156,43.911882],[5150,4536,-121.015188,43.911997],[5186,4533,-121.015188,43.912098],[5228,4518,-121.015081,43.912183],[5258,4514,-121.015049,43.91226],[5353,4511,-121.015306,43.912446],[5423,4510,-121.01551,43.912566],[5492,4512,-121.015714,43.912685],[5584,4508,-121.015928,43.912886],[5655,4508,-121.016089,43.913041],[5739,4508,-121.016293,43.913219],[5819,4500,-121.016454,43.913404],[5902,4500,-121.016668,43.913574],[6016,4504,-121.01699,43.913783],[6090,4499,-121.017173,43.913938],[6168,4494,-121.017334,43.914115],[6244,4492,-121.017516,43.914278],[6334,4484,-121.017698,43.914486],[6400,4483,-121.017849,43.914633],[6502,4483,-121.018138,43.914819],[6595,4482,-121.018417,43.914973],[6706,4485,-121.018761,43.915151],[6788,4485,-121.018964,43.915321],[6872,4482,-121.019222,43.91546],[6959,4483,-121.019512,43.915576],[7041,4480,-121.019791,43.915676],[7130,4477,-121.020102,43.915769],[7245,4471,-121.020488,43.915916],[7316,4469,-121.020746,43.915978],[7409,4469,-121.021089,43.91604],[7467,4469,-121.021303,43.916078],[7518,4471,-121.021496,43.916094],[7567,4470,-121.021668,43.916148],[7684,4467,-121.022022,43.916341],[7780,4465,-121.02228,43.916527],[7878,4462,-121.022537,43.91672],[8003,4463,-121.022945,43.916898],[8081,4464,-121.023213,43.91699],[8182,4463,-121.023567,43.917099],[8286,4462,-121.023932,43.917207],[8377,4462,-121.024265,43.917276],[8460,4464,-121.024576,43.917323],[8547,4465,-121.024898,43.917377],[8600,4466,-121.025091,43.917415],[8642,4468,-121.025252,43.917423],[8688,4471,-121.025402,43.917361],[8736,4474,-121.025552,43.917284],[8789,4475,-121.025713,43.917199],[8854,4476,-121.025917,43.917099],[8927,4474,-121.026174,43.917021],[8987,4471,-121.0264,43.91699],[9065,4463,-121.026689,43.916952],[9106,4461,-121.026807,43.916874],[9157,4459,-121.026893,43.916751],[9198,4457,-121.026979,43.916658],[9265,4452,-121.027193,43.916558],[9322,4449,-121.027397,43.916503],[9373,4446,-121.027591,43.91648],[9435,4441,-121.027827,43.916488],[9498,4437,-121.028063,43.916511],[9547,4436,-121.028245,43.916534],[9633,4433,-121.028567,43.916581],[9703,4433,-121.028771,43.916704],[9770,4433,-121.028996,43.916789],[9829,4434,-121.029221,43.916805],[9900,4435,-121.029489,43.916813],[9965,4439,-121.029736,43.916813],[10016,4442,-121.029929,43.91682],[10076,4445,-121.030112,43.916921],[10126,4444,-121.030262,43.917006],[10182,4446,-121.030455,43.917068],[10223,4447,-121.030605,43.917037],[10263,4448,-121.030734,43.916975],[10305,4449,-121.030852,43.916898],[10374,4450,-121.031099,43.916959],[10451,4451,-121.031346,43.917075],[10511,4452,-121.031549,43.917145],[10565,4453,-121.03171,43.917238],[10618,4455,-121.031914,43.917238],[10736,4459,-121.032354,43.917176],[10790,4461,-121.032558,43.917168],[10832,4463,-121.032708,43.917207],[10876,4464,-121.032783,43.917315],[10912,4465,-121.032832,43.917407],[10969,4467,-121.033051,43.917408],[11039,4468,-121.033288,43.917493],[11097,4468,-121.03347,43.917585],[11152,4469,-121.033652,43.917655],[11239,4469,-121.033878,43.917833],[11341,4469,-121.034156,43.918026],[11425,4469,-121.034328,43.918219],[11516,4468,-121.034478,43.918443],[11586,4467,-121.034607,43.918613],[11629,4468,-121.034672,43.918721],[11711,4471,-121.034972,43.918783],[11796,4475,-121.035283,43.918845],[11869,4478,-121.03553,43.918938],[11958,4481,-121.035809,43.919077],[12057,4486,-121.036131,43.919216],[12165,4490,-121.036442,43.919409],[12239,4495,-121.036678,43.919517],[12332,4500,-121.036946,43.919688],[12397,4507,-121.03715,43.919788],[12476,4509,-121.037257,43.919989],[12539,4509,-121.037311,43.920159],[12595,4511,-121.037364,43.920306],[12664,4517,-121.037536,43.920449],[12733,4523,-121.037708,43.920592],[12834,4530,-121.037922,43.920823],[12930,4533,-121.038073,43.921063],[13026,4538,-121.038244,43.921295],[13102,4540,-121.038319,43.921496],[13154,4541,-121.038362,43.921635],[13228,4543,-121.038545,43.92179],[13302,4541,-121.038663,43.921975],[13356,4542,-121.038802,43.922083],[13427,4545,-121.039038,43.922176],[13502,4548,-121.039312,43.92223],[13576,4552,-121.039585,43.922284],[13644,4554,-121.039837,43.922319],[13711,4559,-121.04009,43.922354],[13787,4562,-121.040368,43.922408],[13902,4568,-121.040787,43.9225],[13944,4571,-121.040948,43.9225],[14011,4575,-121.041195,43.922454],[14080,4580,-121.041452,43.922423],[14176,4583,-121.041817,43.922454],[14230,4587,-121.04201,43.9225],[14289,4586,-121.042203,43.922585],[14339,4591,-121.042386,43.922616],[14452,4598,-121.042793,43.922516],[14521,4605,-121.043029,43.922431],[14590,4612,-121.043265,43.922346],[14674,4620,-121.043566,43.922269],[14721,4627,-121.043727,43.922215],[14769,4636,-121.043866,43.922129],[14829,4644,-121.044016,43.922006],[14872,4648,-121.044156,43.921944],[14901,4650,-121.044209,43.921875],[14933,4653,-121.044242,43.92179],[14963,4656,-121.044317,43.921728],[15012,4661,-121.044392,43.921604],[15092,4668,-121.044553,43.921419],[15155,4672,-121.044692,43.921279],[15191,4676,-121.044767,43.921194],[15219,4677,-121.044864,43.921163],[15278,4677,