{"trail":"Headgate","distance":10881,"gain":0,"loss":20,"min":3196,"max":3226,"profile":[[0,3228,-121.270334,44.217734],[97,3225,-121.270409,44.217472],[179,3223,-121.270377,44.217249],[241,3223,-121.270474,44.217096],[367,3218,-121.270678,44.21678],[455,3224,-121.270978,44.216673],[521,3225,-121.271182,44.216565],[571,3226,-121.271332,44.21648],[640,3226,-121.27145,44.216311],[698,3224,-121.271536,44.216165],[752,3224,-121.271686,44.216065],[845,3225,-121.27203,44.215996],[919,3225,-121.272308,44.215965],[985,3226,-121.272555,44.215927],[1095,3226,-121.272963,44.21585],[1160,3227,-121.27321,44.215834],[1205,3227,-121.273371,44.215788],[1261,3227,-121.273532,44.215688],[1360,3226,-121.2738,44.215496],[1407,3225,-121.27395,44.215427],[1476,3224,-121.274186,44.215342],[1539,3222,-121.274411,44.215281],[1620,3222,-121.274712,44.215335],[1669,3221,-121.274868,44.21541],[1724,3219,-121.275046,44.21533],[1796,3216,-121.275308,44.215265],[1827,3214,-121.275424,44.215247],[1876,3214,-121.2756,44.215289],[1905,3213,-121.275711,44.215283],[1935,3212,-121.275797,44.215228],[1970,3211,-121.275823,44.215134],[2003,3209,-121.275919,44.215076],[2023,3208,-121.275993,44.215065],[2045,3208,-121.276076,44.215083],[2089,3207,-121.276203,44.215162],[2104,3207,-121.276256,44.21517],[2121,3207,-121.276317,44.215151],[2153,3205,-121.27637,44.215073],[2181,3203,-121.276367,44.214997],[2206,3204,-121.276288,44.214956],[2228,3204,-121.276241,44.214904],[2254,3203,-121.276235,44.214835],[2294,3202,-121.2763,44.214735],[2328,3202,-121.276426,44.214709],[2356,3201,-121.276525,44.214735],[2470,3201,-121.276878,44.214919],[2566,3201,-121.277206,44.215038],[2662,3201,-121.277534,44.215158],[2733,3201,-121.277788,44.215221],[2803,3201,-121.278042,44.215285],[2870,3201,-121.27829,44.215329],[2937,3201,-121.278538,44.215374],[3041,3200,-121.278932,44.215424],[3113,3200,-121.279204,44.21541],[3184,3200,-121.279475,44.215396],[3259,3201,-121.27976,44.215373],[3333,3200,-121.280044,44.21535],[3391,3201,-121.280259,44.215381],[3491,3201,-121.280634,44.215319],[3597,3200,-121.281004,44.215204],[3713,3200,-121.281364,44.215019],[3829,3200,-121.281728,44.214835],[3920,3200,-121.282007,44.214689],[4040,3202,-121.282372,44.214489],[4149,3203,-121.282726,44.214327],[4272,3202,-121.283102,44.214127],[4390,3202,-121.283466,44.213935],[4474,3202,-121.283719,44.213793],[4558,3201,-121.283971,44.213651],[4651,3201,-121.284293,44.213543],[4770,3199,-121.284722,44.213435],[4859,3197,-121.285022,44.21332],[4937,3197,-121.285301,44.213243],[5039,3196,-121.285687,44.213212],[5102,3197,-121.285923,44.213251],[5231,3198,-121.286395,44.213358],[5349,3197,-121.286792,44.213512],[5470,3196,-121.287211,44.213651],[5540,3196,-121.287458,44.213724],[5610,3195,-121.287704,44.213797],[5718,3195,-121.288101,44.213881],[5823,3196,-121.288488,44.213958],[5887,3198,-121.288713,44.214027],[5986,3198,-121.289088,44.214058],[6059,3200,-121.289367,44.214027],[6156,3199,-121.289711,44.213927],[6236,3198,-121.289957,44.213797],[6302,3196,-121.290172,44.213704],[6392,3199,-121.290515,44.213681],[6466,3200,-121.290784,44.21362],[6510,3199,-121.290923,44.213551],[6639,3201,-121.291416,44.213543],[6710,3201,-121.291685,44.21357],[6781,3203,-121.291953,44.213597],[6884,3203,-121.292339,44.213658],[6988,3202,-121.292715,44.213751],[7093,3201,-121.293069,44.213889],[7193,3200,-121.293369,44.214058],[7266,3201,-121.293584,44.214185],[7339,3201,-121.293798,44.214312],[7427,3202,-121.294109,44.214404],[7521,3201,-121.294464,44.21445],[7562,3201,-121.294614,44.21442],[7633,3201,-121.294817,44.214289],[7701,3200,-121.294941,44.214127],[7768,3200,-121.295064,44.213966],[7841,3199,-121.295215,44.213797],[7914,3199,-121.295365,44.213628],[8023,3199,-121.295644,44.213405],[8090,3199,-121.295858,44.213305],[8157,3198,-121.296073,44.213205],[8288,3200,-121.296513,44.213035],[8395,3200,-121.296899,44.212936],[8474,3201,-121.297183,44.212862],[8553,3201,-121.297467,44.212789],[8671,3199,-121.297907,44.212713],[8743,3200,-121.298181,44.212705],[8815,3199,-121.298455,44.212697],[8919,3199,-121.298852,44.212736],[8976,3197,-121.299066,44.212751],[9096,3194,-121.299452,44.212928],[9207,3197,-121.299656,44.213197],[9295,3200,-121.29979,44.213416],[9382,3199,-121.299924,44.213635],[9453,3200,-121.300017,44.21382],[9525,3201,-121.30011,44.214004],[9597,3202,-121.300203,44.214189],[9718,3206,-121.300268,44.21452],[9826,3206,-121.300407,44.214796],[9902,3207,-121.300531,44.214985],[9978,3206,-121.300654,44.215173],[10063,3205,-121.300826,44.215373],[10149,3204,-121.300997,44.215573],[10242,3207,-121.301244,44.215758],[10327,3206,-121.301512,44.215888],[10409,3208,-121.301764,44.216023],[10491,3207,-121.302017,44.216158],[10616,3206,-121.30236,44.216396],[10728,3203,-121.302639,44.216626],[10827,3203,-121.302876,44.216839],[10881,3203,-121.303017,44.216946]]}