{"trail":"Hidden Lake Overlook","distance":1128,"gain":25,"loss":61,"min":953,"max":1004,"profile":[[0,992,-85.112393,35.090399],[25,991,-85.112309,35.090399],[50,990,-85.112225,35.090399],[75,988,-85.112142,35.090399],[100,986,-85.112058,35.090399],[125,984,-85.111974,35.090399],[149,982,-85.111893,35.090389],[174,983,-85.111818,35.090359],[199,984,-85.111743,35.090329],[224,987,-85.111667,35.090299],[249,990,-85.111592,35.090269],[274,992,-85.111517,35.090239],[299,993,-85.111441,35.090209],[324,996,-85.111366,35.090179],[349,999,-85.111291,35.090149],[374,1001,-85.111215,35.09012],[399,1002,-85.111134,35.090134],[424,1002,-85.111052,35.090149],[449,1004,-85.110971,35.090165],[474,1003,-85.110889,35.09018],[499,1002,-85.110808,35.090196],[524,1000,-85.110726,35.090211],[549,995,-85.110645,35.090227],[574,990,-85.110564,35.090245],[599,989,-85.110497,35.090286],[624,984,-85.11043,35.090327],[649,982,-85.110363,35.090368],[674,979,-85.110296,35.090409],[699,978,-85.110229,35.09045],[724,976,-85.110162,35.090491],[749,974,-85.11011,35.090544],[774,974,-85.110065,35.090602],[799,972,-85.11002,35.090659],[824,971,-85.109976,35.090717],[849,969,-85.109931,35.090775],[874,967,-85.109886,35.090833],[899,965,-85.109863,35.090899],[924,964,-85.109842,35.090965],[949,962,-85.10982,35.091031],[974,961,-85.109799,35.091098],[999,958,-85.109778,35.091164],[1024,957,-85.109756,35.09123],[1049,954,-85.109735,35.091296],[1074,954,-85.109714,35.091363],[1099,953,-85.109692,35.091429],[1124,954,-85.109671,35.091495],[1128,956,-85.109668,35.091506]]}