{"trail":"Hidden Lake Trail","distance":3508,"gain":166,"loss":125,"min":901,"max":1023,"profile":[[0,901,-85.115333,35.087766],[25,902,-85.115264,35.087806],[50,904,-85.115196,35.087845],[74,903,-85.115117,35.087845],[99,903,-85.115034,35.087833],[124,902,-85.114951,35.087822],[149,901,-85.114869,35.087811],[173,902,-85.114787,35.087804],[198,903,-85.114711,35.087834],[223,905,-85.114636,35.087863],[248,907,-85.11456,35.087893],[273,906,-85.114485,35.087922],[298,907,-85.114409,35.087952],[322,908,-85.114333,35.087974],[347,907,-85.114252,35.087955],[372,907,-85.114171,35.087937],[397,906,-85.11409,35.087919],[422,906,-85.11401,35.0879],[447,906,-85.113929,35.087882],[472,907,-85.113848,35.087864],[497,907,-85.113768,35.087846],[522,908,-85.113687,35.087827],[547,909,-85.113606,35.087809],[572,909,-85.113525,35.087791],[597,910,-85.113445,35.087773],[622,910,-85.113364,35.087754],[642,910,-85.113315,35.08779],[667,910,-85.113282,35.087853],[692,915,-85.113249,35.087916],[717,921,-85.113216,35.087979],[742,928,-85.113183,35.088042],[767,933,-85.11315,35.088105],[792,936,-85.11309,35.088151],[817,938,-85.113023,35.088192],[842,939,-85.112957,35.088234],[867,941,-85.11289,35.088276],[892,941,-85.112824,35.088317],[915,943,-85.112778,35.088368],[940,947,-85.112774,35.088436],[965,951,-85.11277,35.088505],[990,954,-85.112766,35.088573],[1015,957,-85.112762,35.088642],[1040,962,-85.112758,35.08871],[1064,965,-85.112816,35.088758],[1089,973,-85.112877,35.088805],[1114,976,-85.112938,35.088851],[1139,978,-85.113,35.088898],[1163,982,-85.113056,35.088945],[1188,984,-85.113019,35.089006],[1213,989,-85.112981,35.089068],[1238,994,-85.112944,35.089129],[1263,999,-85.112906,35.08919],[1288,1002,-85.112869,35.089252],[1313,1005,-85.112832,35.089313],[1338,1010,-85.112794,35.089374],[1363,1014,-85.112758,35.089436],[1388,1016,-85.112778,35.089502],[1413,1019,-85.112798,35.089569],[1438,1022,-85.112817,35.089635],[1463,1023,-85.112837,35.089702],[1488,1022,-85.112856,35.089769],[1513,1019,-85.112876,35.089835],[1538,1014,-85.112896,35.089902],[1562,1010,-85.112894,35.089967],[1587,1008,-85.112859,35.090029],[1612,1004,-85.112823,35.090091],[1637,1002,-85.112788,35.090153],[1661,1000,-85.112748,35.090212],[1686,999,-85.112677,35.090249],[1711,997,-85.112607,35.090286],[1736,995,-85.112537,35.090323],[1761,994,-85.112466,35.090361],[1786,992,-85.112396,35.090398],[1811,991,-85.112353,35.090456],[1836,991,-85.112312,35.090516],[1861,990,-85.11227,35.090575],[1886,989,-85.112229,35.090635],[1910,987,-85.112153,35.090654],[1935,985,-85.11207,35.090665],[1960,984,-85.111988,35.090676],[1985,981,-85.111905,35.090687],[2010,978,-85.111822,35.090698],[2035,973,-85.11174,35.090708],[2056,968,-85.111677,35.090738],[2081,968,-85.111652,35.090803],[2106,965,-85.111627,35.090869],[2131,965,-85.111603,35.090934],[2156,960,-85.111543,35.09098],[2181,958,-85.111477,35.091022],[2206,955,-85.111412,35.091065],[2231,954,-85.111346,35.091107],[2256,953,-85.11128,35.09115],[2281,954,-85.111214,35.091192],[2304,954,-85.111191,35.091252],[2329,955,-85.111191,35.09132],[2354,957,-85.111191,35.091389],[2379,958,-85.111191,35.091457],[2403,960,-85.111215,35.091521],[2428,962,-85.111257,35.09158],[2453,964,-85.111299,35.091639],[2478,966,-85.111342,35.091698],[2503,967,-85.111384,35.091757],[2528,969,-85.111426,35.091816],[2553,971,-85.111469,35.091875],[2578,974,-85.111511,35.091934],[2603,975,-85.111553,35.091994],[2627,975,-85.111507,35.092047],[2652,974,-85.111455,35.092101],[2677,974,-85.111402,35.092154],[2700,973,-85.11133,35.092178],[2725,973,-85.111246,35.092185],[2750,974,-85.111163,35.092193],[2775,975,-85.11108,35.0922],[2800,978,-85.110997,35.092208],[2825,978,-85.110914,35.092216],[2850,980,-85.11083,35.092223],[2874,981,-85.110754,35.092202],[2899,982,-85.110681,35.092169],[2924,983,-85.110607,35.092136],[2949,984,-85.110534,35.092103],[2974,984,-85.11046,35.09207],[2999,985,-85.110387,35.092037],[3023,985,-85.110311,35.092057],[3048,986,-85.110235,35.092085],[3073,988,-85.110159,35.092114],[3094,989,-85.11009,35.092127],[3119,987,-85.110049,35.092067],[3144,986,-85.110008,35.092007],[3169,982,-85.109968,35.091947],[3194,977,-85.109927,35.091887],[3219,975,-85.109886,35.091827],[3244,969,-85.109846,35.091767],[3269,964,-85.109805,35.091708],[3294,962,-85.109764,35.091648],[3319,958,-85.109724,35.091588],[3344,955,-85.109683,35.091528],[3367,955,-85.109616,35.091497],[3392,955,-85.109534,35.091483],[3417,953,-85.109452,35.091469],[3442,952,-85.10937,35.091455],[3467,949,-85.109288,35.091441],[3492,945,-85.109206,35.091427],[3508,942,-85.109153,35.091418]]}