{"trail":"Hidden Lake Trail","distance":4545,"gain":125,"loss":216,"min":901,"max":1023,"profile":[[0,992,-85.112393,35.090399],[25,991,-85.112351,35.090459],[50,991,-85.11231,35.090518],[75,990,-85.112268,35.090578],[100,989,-85.112227,35.090637],[124,987,-85.112149,35.090655],[149,985,-85.112067,35.090666],[174,982,-85.111984,35.090676],[199,981,-85.111901,35.090687],[224,978,-85.111819,35.090698],[249,973,-85.111736,35.090709],[270,968,-85.111675,35.090741],[295,968,-85.111651,35.090806],[320,965,-85.111626,35.090872],[345,965,-85.111602,35.090937],[370,960,-85.11154,35.090982],[395,958,-85.111474,35.091024],[420,955,-85.111409,35.091067],[445,954,-85.111343,35.091109],[470,953,-85.111277,35.091152],[495,953,-85.111211,35.091194],[518,954,-85.111191,35.091255],[543,955,-85.111191,35.091323],[568,957,-85.111191,35.091392],[593,958,-85.111191,35.09146],[617,960,-85.111217,35.091523],[642,962,-85.111259,35.091582],[667,964,-85.111301,35.091642],[692,966,-85.111344,35.091701],[717,969,-85.111386,35.09176],[742,970,-85.111428,35.091819],[767,973,-85.111471,35.091878],[792,974,-85.111513,35.091937],[817,975,-85.111555,35.091996],[842,975,-85.111505,35.09205],[867,974,-85.111452,35.092103],[892,974,-85.1114,35.092157],[915,973,-85.111326,35.092178],[940,973,-85.111243,35.092186],[965,974,-85.111159,35.092193],[990,975,-85.111076,35.092201],[1015,978,-85.110993,35.092208],[1040,979,-85.11091,35.092216],[1065,980,-85.110826,35.092224],[1089,981,-85.110751,35.092201],[1114,982,-85.110677,35.092168],[1139,983,-85.110604,35.092135],[1164,983,-85.11053,35.092102],[1189,984,-85.110457,35.092069],[1214,985,-85.110384,35.092036],[1238,985,-85.110308,35.092058],[1263,986,-85.110232,35.092087],[1288,988,-85.110156,35.092115],[1309,989,-85.110088,35.092124],[1334,987,-85.110047,35.092064],[1359,986,-85.110006,35.092004],[1384,982,-85.109966,35.091944],[1409,977,-85.109925,35.091885],[1434,975,-85.109884,35.091825],[1459,969,-85.109844,35.091765],[1484,964,-85.109803,35.091705],[1509,959,-85.109762,35.091645],[1534,958,-85.109722,35.091585],[1559,955,-85.109681,35.091525],[1582,955,-85.109612,35.091496],[1607,955,-85.10953,35.091482],[1632,953,-85.109448,35.091468],[1657,951,-85.109366,35.091454],[1682,949,-85.109284,35.09144],[1707,945,-85.109203,35.091426],[1722,942,-85.109153,35.091418],[2758,992,-85.112393,35.090399],[2783,994,-85.112463,35.090362],[2808,995,-85.112534,35.090325],[2833,997,-85.112604,35.090288],[2858,999,-85.112674,35.090251],[2883,1000,-85.112744,35.090213],[2908,1002,-85.112786,35.090156],[2933,1004,-85.112822,35.090094],[2958,1006,-85.112857,35.090032],[2983,1010,-85.112893,35.08997],[3006,1014,-85.112897,35.089905],[3031,1019,-85.112877,35.089838],[3056,1022,-85.112857,35.089772],[3081,1023,-85.112838,35.089705],[3106,1022,-85.112818,35.089638],[3131,1019,-85.112798,35.089572],[3156,1017,-85.112779,35.089505],[3181,1014,-85.112759,35.089439],[3206,1010,-85.112792,35.089377],[3231,1005,-85.11283,35.089316],[3256,1002,-85.112867,35.089254],[3281,999,-85.112905,35.089193],[3306,994,-85.112942,35.089132],[3331,989,-85.11298,35.08907],[3356,984,-85.113017,35.089009],[3381,982,-85.113055,35.088948],[3404,978,-85.113002,35.0889],[3429,976,-85.112941,35.088853],[3454,973,-85.11288,35.088807],[3479,965,-85.112818,35.08876],[3504,962,-85.112758,35.088713],[3529,957,-85.112762,35.088645],[3554,954,-85.112766,35.088576],[3579,951,-85.11277,35.088508],[3604,947,-85.112774,35.088439],[3629,943,-85.112778,35.088371],[3652,941,-85.112821,35.088319],[3677,941,-85.112887,35.088278],[3702,939,-85.112954,35.088236],[3727,938,-85.11302,35.088194],[3752,936,-85.113087,35.088153],[3777,933,-85.113149,35.088108],[3802,928,-85.113182,35.088045],[3827,921,-85.113215,35.087982],[3852,915,-85.113248,35.087919],[3877,912,-85.113281,35.087856],[3902,910,-85.113314,35.087793],[3922,910,-85.11336,35.087754],[3947,910,-85.113441,35.087772],[3972,909,-85.113522,35.08779],[3997,909,-85.113602,35.087808],[4022,908,-85.113683,35.087827],[4047,907,-85.113764,35.087845],[4072,907,-85.113845,35.087863],[4097,906,-85.113925,35.087881],[4122,906,-85.114006,35.0879],[4147,906,-85.114087,35.087918],[4172,907,-85.114167,35.087936],[4197,907,-85.114248,35.087954],[4222,908,-85.114329,35.087973],[4246,907,-85.114406,35.087953],[4271,906,-85.114481,35.087924],[4296,907,-85.114557,35.087894],[4321,905,-85.114632,35.087865],[4346,903,-85.114708,35.087835],[4371,902,-85.114784,35.087806],[4395,901,-85.114865,35.08781],[4420,902,-85.114948,35.087822],[4445,903,-85.11503,35.087833],[4470,903,-85.115113,35.087844],[4494,904,-85.115193,35.087847],[4519,902,-85.115261,35.087807],[4544,901,-85.115329,35.087768],[4545,901,-85.115333,35.087766]]}