{"trail":"Hill City","distance":7994,"gain":505,"loss":438,"min":759,"max":956,"profile":[[0,887,-85.313666,35.073981],[25,887,-85.313655,35.074049],[50,883,-85.313644,35.074117],[75,881,-85.313633,35.074185],[100,878,-85.313623,35.074253],[125,875,-85.313612,35.074321],[150,871,-85.313603,35.074389],[175,866,-85.313632,35.074453],[200,870,-85.31366,35.074518],[225,874,-85.313689,35.074582],[250,871,-85.313718,35.074647],[275,872,-85.313746,35.074711],[300,872,-85.313775,35.074775],[325,864,-85.313803,35.07484],[350,863,-85.313832,35.074904],[375,862,-85.313861,35.074969],[400,857,-85.313889,35.075033],[425,854,-85.313918,35.075097],[447,848,-85.313942,35.075155],[472,845,-85.313897,35.075097],[497,842,-85.313852,35.075039],[522,843,-85.313807,35.074981],[547,844,-85.313762,35.074923],[572,840,-85.313717,35.074866],[597,842,-85.313672,35.074808],[622,843,-85.313628,35.07475],[647,839,-85.313583,35.074692],[672,838,-85.313538,35.074634],[697,835,-85.313493,35.074577],[722,831,-85.313448,35.074519],[747,828,-85.313403,35.074461],[772,825,-85.313358,35.074403],[784,819,-85.313344,35.074433],[809,816,-85.313344,35.074501],[834,812,-85.313344,35.07457],[859,807,-85.313344,35.074638],[883,808,-85.31336,35.074703],[908,807,-85.313407,35.07476],[933,809,-85.313454,35.074816],[958,810,-85.313501,35.074873],[983,812,-85.313548,35.07493],[1008,815,-85.313595,35.074986],[1033,818,-85.313642,35.075043],[1058,822,-85.313689,35.0751],[1064,821,-85.313669,35.075099],[1089,817,-85.313601,35.075059],[1114,813,-85.313534,35.075018],[1139,809,-85.313466,35.074978],[1164,804,-85.313399,35.074937],[1189,799,-85.313331,35.074897],[1214,793,-85.313263,35.074856],[1239,789,-85.313196,35.074816],[1264,784,-85.313128,35.074775],[1289,782,-85.313061,35.074735],[1314,779,-85.312993,35.074694],[1339,778,-85.312926,35.074654],[1364,776,-85.312858,35.074613],[1387,775,-85.312781,35.074597],[1412,775,-85.312698,35.074598],[1437,775,-85.312614,35.074599],[1462,775,-85.31253,35.0746],[1487,774,-85.312446,35.074602],[1512,772,-85.312363,35.074603],[1537,769,-85.312279,35.074604],[1562,766,-85.312195,35.074605],[1587,763,-85.312111,35.074607],[1612,762,-85.312028,35.074608],[1637,761,-85.311944,35.074609],[1662,761,-85.31186,35.07461],[1687,760,-85.311777,35.074611],[1712,759,-85.311693,35.074613],[1727,759,-85.311644,35.074619],[1752,761,-85.311722,35.074645],[1777,765,-85.3118,35.07467],[1802,768,-85.311877,35.074696],[1827,772,-85.311955,35.074722],[1852,775,-85.312033,35.074747],[1877,780,-85.31211,35.074773],[1902,784,-85.312188,35.074799],[1927,785,-85.312266,35.074824],[1952,789,-85.312343,35.07485],[1977,794,-85.312421,35.074875],[2002,799,-85.312499,35.074901],[2027,799,-85.312576,35.074927],[2052,803,-85.312654,35.074952],[2077,809,-85.312732,35.074978],[2102,816,-85.312809,35.075003],[2127,817,-85.312887,35.075029],[2152,823,-85.312965,35.075055],[2177,829,-85.313042,35.07508],[2189,829,-85.313006,35.075091],[2214,828,-85.312922,35.075096],[2239,827,-85.312839,35.0751],[2264,825,-85.312755,35.075105],[2289,827,-85.312672,35.075109],[2314,824,-85.312588,35.075114],[2339,823,-85.312505,35.075118],[2364,822,-85.312421,35.075123],[2389,826,-85.312341,35.075143],[2414,823,-85.312261,35.075163],[2439,826,-85.312181,35.075184],[2464,823,-85.312101,35.075204],[2489,824,-85.312021,35.075224],[2514,819,-85.311941,35.075245],[2539,818,-85.311861,35.075265],[2564,818,-85.311781,35.075285],[2589,812,-85.311701,35.075305],[2614,813,-85.311621,35.075326],[2639,810,-85.311541,35.075346],[2663,813,-85.311472,35.075382],[2688,819,-85.311406,35.075425],[2713,822,-85.31134,35.075467],[2738,821,-85.311275,35.07551],[2763,822,-85.311209,35.075552],[2788,821,-85.311143,35.075595],[2813,825,-85.311091,35.075647],[2838,828,-85.311051,35.075707],[2863,827,-85.31101,35.075767],[2888,829,-85.31097,35.075827],[2913,832,-85.31093,35.075887],[2938,831,-85.310889,35.075947],[2963,840,-85.310862,35.076011],[2988,844,-85.310842,35.076078],[2997,846,-85.310873,35.076085],[3022,848,-85.310943,35.076047],[3047,848,-85.311013,35.07601],[3072,851,-85.311083,35.075972],[3097,851,-85.311153,35.075934],[3122,854,-85.311223,35.075897],[3147,856,-85.311293,35.075859],[3172,855,-85.311363,35.075821],[3197,858,-85.311433,35.075784],[3222,859,-85.311503,35.075746],[3247,858,-85.311573,35.075709],[3272,858,-85.311652,35.075688],[3297,864,-85.311734,35.075671],[3322,865,-85.311815,35.075654],[3347,873,-85.311896,35.075637],[3372,874,-85.311977,35.07562],[3397,883,-85.312058,35.075603],[3422,879,-85.312139,35.075586],[3447,885,-85.31222,35.075569],[3472,882,-85.312301,35.075552],[3497,885,-85.312382,35.075535],[3501,885,-85.312384,35.075546],[3526,889,-85.312314,35.075582],[3551,893,-85.312243,35.075619],[3576,895,-85.312172,35.075655],[3601,899,-85.312101,35.075692],[3626,899,-85.31203,35.075729],[3651,899,-85.311959,35.075765],[3676,901,-85.311889,35.075802],[3701,900,-85.311818,35.075838],[3726,897,-85.311747,35.075875],[3751,899,-85.311676,35.075911],[3776,896,-85.311605,35.075948],[3801,898,-85.311534,35.075984],[3826,898,-85.311464,35.076021],[3851,893,-85.3114,35.076064],[3876,892,-85.31134,35.076113],[3901,890,-85.311281,35.076161],[3926,889,-85.311222,35.07621],[3951,888,-85.311163,35.076258],[3976,885,-85.311104,35.076307],[4001,883,-85.311044,35.076355],[4026,880,-85.310985,35.076404],[4051,884,-85.311014,35.076467],[4076,889,-85.311046,35.07653],[4101,894,-85.311078,35.076594],[4126,893,-85.311109,35.076657],[4151,896,-85.311141,35.076721],[4176,896,-85.311172,35.076784],[4201,895,-85.311204,35.076848],[4226,887,-85.311236,35.076911],[4251,885,-85.311267,35.076974],[4276,886,-85.311299,35.077038],[4301,891,-85.31133,35.077101],[4326,888,-85.311362,35.077165],[4351,891,-85.311394,35.077228],[4376,895,-85.311425,35.077292],[4401,891,-85.311456,35.077355],[4426,888,-85.311454,35.077424],[4451,886,-85.311452,35.077492],[4476,884,-85.31145,35.077561],[4501,881,-85.311449,35.077629],[4526,878,-85.311447,35.077698],[4551,875,-85.311445,35.077766],[4576,872,-85.311443,35.077835],[4601,870,-85.311441,35.077903],[4626,865,-85.31144,35.077972],[4651,859,-85.311438,35.078041],[4676,851,-85.311436,35.078109],[4701,844,-85.311434,35.078178],[4725,844,-85.311404,35.078116],[4750,852,-85.311373,35.078052],[4775,849,-85.311343,35.077988],[4800,849,-85.311312,35.077924],[4825,848,-85.311282,35.07786],[4850,853,-85.311251,35.077797],[4875,851,-85.31122,35.077733],[4899,848,-85.311179,35.077675],[4924,840,-85.311112,35.077635],[4949,836,-85.311044,35.077594],[4974,822,-85.310977,35.077554],[4999,815,-85.310909,35.077513],[5022,808,-85.310868,35.077459],[5047,804,-85.310852,35.077392],[5072,805,-85.310835,35.077325],[5097,807,-85.310819,35.077258],[5122,806,-85.310802,35.07719],[5147,812,-85.310786,35.077123],[5172,819,-85.310769,35.077056],[5196,809,-85.310735,35.077116],[5221,800,-85.3107,35.077178],[5246,795,-85.310665,35.07724],[5271,791,-85.31063,35.077302],[5296,787,-85.310595,35.077365],[5321,786,-85.310561,35.077427],[5345,783,-85.310538,35.07749],[5370,784,-85.31056,35.077556],[5395,784,-85.310582,35.077622],[5420,786,-85.310604,35.077688],[5445,786,-85.310626,35.077755],[5470,787,-85.310648,35.077821],[5495,786,-85.31067,35.077887],[5520,788,-85.310692,35.077953],[5545,787,-85.310714,35.078019],[5570,790,-85.310736,35.078085],[5595,790,-85.310758,35.078151],[5620,793,-85.31078,35.078217],[5640,794,-85.310751,35.078265],[5665,796,-85.310676,35.078295],[5690,799,-85.310601,35.078326],[5715,803,-85.310526,35.078357],[5721,807,-85.310533,35.078373],[5746,807,-85.310617,35.078377],[5771,807,-85.3107,35.07838],[5796,807,-85.310784,35.078384],[5821,807,-85.310868,35.078387],[5846,808,-85.310951,35.07839],[5871,809,-85.311035,35.078394],[5896,812,-85.311119,35.078397],[5921,817,-85.311202,35.078401],[5946,823,-85.311286,35.078404],[5960,830,-85.31133,35.078415],[5985,824,-85.311257,35.078449],[6010,825,-85.311185,35.078483],[6035,830,-85.311112,35.078517],[6060,835,-85.311039,35.078551],[6085,840,-85.310967,35.078585],[6110,844,