{"trail":"Holy Loop","distance":8678,"gain":0,"loss":743,"min":4140,"max":4890,"profile":[[0,4886,-121.068191,43.928706],[54,4889,-121.068398,43.928694],[80,4889,-121.068493,43.928711],[171,4891,-121.068767,43.928864],[200,4891,-121.068841,43.928921],[265,4890,-121.068955,43.929079],[316,4890,-121.069084,43.929185],[371,4890,-121.069268,43.929257],[398,4889,-121.069339,43.929311],[485,4888,-121.069433,43.929539],[588,4885,-121.069712,43.929738],[660,4882,-121.069877,43.929895],[705,4880,-121.070002,43.92998],[744,4877,-121.070126,43.93004],[870,4869,-121.070407,43.930318],[958,4865,-121.070668,43.930469],[994,4864,-121.070786,43.930518],[1020,4862,-121.070879,43.930543],[1088,4861,-121.071136,43.930567],[1117,4860,-121.071238,43.930596],[1148,4859,-121.071323,43.930657],[1236,4855,-121.071469,43.930873],[1306,4853,-121.071644,43.93102],[1408,4850,-121.071834,43.931261],[1488,4848,-121.072011,43.931439],[1568,4845,-121.072188,43.931618],[1639,4842,-121.072397,43.931744],[1711,4839,-121.072607,43.93187],[1783,4835,-121.072816,43.931996],[1854,4832,-121.073025,43.932122],[1950,4827,-121.073329,43.932268],[2046,4822,-121.073633,43.932414],[2113,4818,-121.073819,43.932538],[2180,4814,-121.074006,43.932662],[2231,4811,-121.074129,43.932773],[2339,4805,-121.074359,43.933017],[2423,4802,-121.074513,43.933219],[2494,4799,-121.074677,43.933375],[2577,4796,-121.074923,43.933515],[2659,4795,-121.07517,43.933655],[2728,4795,-121.075356,43.933786],[2812,4793,-121.075554,43.933969],[2892,4792,-121.075714,43.934155],[2912,4793,-121.07578,43.934183],[2933,4793,-121.075857,43.93417],[2978,4798,-121.075962,43.934073],[2990,4799,-121.076006,43.934062],[3016,4799,-121.076097,43.934092],[3044,4799,-121.076161,43.93415],[3100,4798,-121.076252,43.934289],[3187,4792,-121.076304,43.934525],[3283,4785,-121.076439,43.934771],[3309,4785,-121.076496,43.934827],[3388,4786,-121.076756,43.93494],[3468,4787,-121.077015,43.935053],[3506,4786,-121.077111,43.935132],[3575,4784,-121.077238,43.935296],[3643,4778,-121.077391,43.935447],[3695,4778,-121.07755,43.93553],[3766,4780,-121.077801,43.935607],[3805,4779,-121.077922,43.935666],[3830,4778,-121.077981,43.935722],[3857,4774,-121.077999,43.935794],[3895,4772,-121.077933,43.935886],[3957,4765,-121.07778,43.936016],[3999,4758,-121.077707,43.936119],[4087,4742,-121.077472,43.936289],[4153,4733,-121.077357,43.936451],[4220,4721,-121.077242,43.936614],[4286,4710,-121.077127,43.936776],[4331,4703,-121.077083,43.936896],[4387,4691,-121.077061,43.937047],[4422,4685,-121.077017,43.937138],[4470,4673,-121.076889,43.937231],[4564,4658,-121.076593,43.937379],[4658,4637,-121.07628,43.937501],[4686,4632,-121.076214,43.937562],[4712,4624,-121.076174,43.937627],[4792,4599,-121.076103,43.93784],[4820,4594,-121.076035,43.9379],[4937,4567,-121.075688,43.938103],[4966,4559,-121.075628,43.938167],[5069,4540,-121.07555,43.938445],[5186,4504,-121.075328,43.938722],[5217,4495,-121.075248,43.938787],[5260,4487,-121.075118,43.938856],[5288,4477,-121.075053,43.938916],[5385,4456,-121.074956,43.939172],[5482,4438,-121.07486,43.939429],[5578,4416,-121.074782,43.939688],[5666,4400,-121.074674,43.939915],[5753,4381,-121.074596,43.940146],[5785,4375,-121.074527,43.940219],[5850,4363,-121.074359,43.94035],[5872,4356,-121.074301,43.940396],[5918,4348,-121.074166,43.940474],[5950,4341,-121.074087,43.94054],[6047,4312,-121.073881,43.940762],[6114,4294,-121.073818,43.94094],[6148,4286,-121.073743,43.941016],[6204,4269,-121.073584,43.941117],[6248,4261,-121.073501,43.941222],[6294,4249,-121.073465,43.941345],[6335,4235,-121.073402,43.94145],[6362,4227,-121.073344,43.941509],[6447,4210,-121.073086,43.941649],[6478,4197,-121.07307,43.941735],[6564,4176,-121.073161,43.94196],[6667,4140,-121.073106,43.94224],[6716,4126,-121.073101,43.942374],[6815,4093,-121.073242,43.942626],[6912,4062,-121.073365,43.942877],[6957,4045,-121.07339,43.942998],[7032,4023,-121.073374,43.943204],[7107,3999,-121.073357,43.943409],[7136,3993,-121.073368,43.943488],[7164,3984,-121.073409,43.943558],[7182,3975,-121.073461,43.943591],[7241,3962,-121.073668,43.943653],[7315,3948,-121.07391,43.94376],[7344,3941,-121.073987,43.943817],[7393,3929,-121.074075,43.943934],[7428,3914,-121.074119,43.944026],[7473,3899,-121.074118,43.944149],[7522,3885,-121.074074,43.944279],[7564,3872,-121.074068,43.944394],[7609,3860,-121.074107,43.944514],[7729,3839,-121.074264,43.944824],[7807,3826,-121.074274,43.945037],[7839,3823,-121.074242,43.945122],[7966,3787,-121.073989,43.945419],[8057,3778,-121.073876,43.945655],[8148,3770,-121.073763,43.94589],[8200,3766,-121.073683,43.94602],[8281,3761,-121.073508,43.946203],[8348,3760,-121.073307,43.946318],[8416,3758,-121.073107,43.946433],[8483,3757,-121.072906,43.946548],[8529,3757,-121.072758,43.946614],[8613,3755,-121.072461,43.946702],[8678,3754,-121.072243,43.946787]]}