{"trail":"Homestead","distance":2249,"gain":0,"loss":0,"min":2677,"max":2684,"profile":[[0,2673,-121.138964,44.367705],[72,2677,-121.138693,44.367735],[96,2677,-121.138608,44.367761],[129,2678,-121.138521,44.367827],[161,2682,-121.138405,44.367855],[204,2682,-121.138257,44.367913],[223,2682,-121.138186,44.367913],[279,2682,-121.137982,44.36796],[296,2681,-121.137949,44.367999],[314,2682,-121.137888,44.368023],[336,2684,-121.137806,44.36804],[355,2682,-121.137746,44.368068],[371,2684,-121.137688,44.368081],[377,2684,-121.137668,44.368091],[388,2681,-121.137675,44.36812],[406,2680,-121.137649,44.368165],[432,2680,-121.137566,44.368207],[462,2681,-121.137456,44.368223],[506,2680,-121.137285,44.368235],[561,2679,-121.137095,44.368296],[580,2680,-121.137042,44.368331],[617,2678,-121.136907,44.368366],[638,2679,-121.136825,44.368374],[663,2678,-121.136751,44.368414],[684,2680,-121.136682,44.368445],[715,2680,-121.136626,44.368521],[771,2675,-121.136578,44.368671],[796,2674,-121.136544,44.368734],[873,2676,-121.136506,44.368942],[909,2676,-121.136503,44.369041],[1005,2676,-121.13652,44.369304],[1101,2677,-121.136536,44.369566],[1211,2677,-121.136622,44.369862],[1330,2677,-121.136628,44.370189],[1449,2679,-121.136718,44.370508],[1527,2684,-121.136692,44.370722],[1611,2681,-121.136815,44.370933],[1704,2682,-121.136847,44.371186],[1784,2682,-121.136912,44.371401],[1853,2683,-121.13696,44.371587],[1917,2683,-121.137051,44.371752],[1951,2682,-121.137073,44.371842],[2017,2683,-121.137089,44.372022],[2060,2684,-121.137132,44.372137],[2107,2683,-121.13718,44.372262],[2177,2683,-121.137164,44.372454],[2249,2685,-121.137086,44.372643]]}