{"trail":"Hot Dust","distance":9997,"gain":0,"loss":1327,"min":6383,"max":7738,"profile":[[0,7742,-121.685774,43.990687],[23,7741,-121.685787,43.99075],[34,7739,-121.68579,43.990781],[52,7739,-121.685799,43.990829],[88,7732,-121.685846,43.990921],[124,7733,-121.685881,43.991016],[161,7718,-121.685957,43.991103],[200,7711,-121.686049,43.991188],[239,7704,-121.686171,43.991249],[268,7697,-121.686256,43.991298],[298,7691,-121.686355,43.991341],[320,7692,-121.686429,43.991365],[357,7692,-121.686571,43.991355],[394,7691,-121.686711,43.99136],[443,7683,-121.686897,43.991375],[466,7677,-121.68697,43.991409],[479,7674,-121.686989,43.991441],[494,7671,-121.686945,43.991468],[508,7671,-121.686898,43.991485],[547,7670,-121.686763,43.99153],[571,7671,-121.686682,43.991563],[599,7664,-121.686634,43.991631],[616,7656,-121.686661,43.991674],[642,7648,-121.686746,43.99171],[725,7642,-121.687059,43.991748],[758,7629,-121.687177,43.991774],[791,7627,-121.687305,43.991774],[850,7625,-121.68751,43.991706],[865,7629,-121.687557,43.991685],[881,7626,-121.687607,43.991661],[895,7626,-121.687659,43.991674],[907,7619,-121.687667,43.991705],[924,7622,-121.687637,43.991749],[962,7613,-121.687596,43.991848],[1031,7594,-121.687563,43.992035],[1084,7572,-121.687448,43.992156],[1141,7558,-121.687333,43.992286],[1164,7555,-121.687291,43.992342],[1200,7552,-121.687246,43.992436],[1238,7546,-121.687177,43.992528],[1267,7546,-121.687082,43.992568],[1279,7552,-121.687038,43.992577],[1291,7552,-121.686998,43.992591],[1313,7555,-121.686914,43.992598],[1335,7557,-121.686836,43.992618],[1379,7551,-121.686697,43.992685],[1385,7545,-121.686678,43.992697],[1392,7545,-121.686673,43.992715],[1407,7538,-121.686687,43.992756],[1417,7539,-121.686721,43.992769],[1427,7539,-121.686757,43.992778],[1450,7539,-121.686842,43.992779],[1474,7538,-121.686933,43.992787],[1504,7537,-121.687048,43.992779],[1517,7533,-121.687097,43.992781],[1532,7531,-121.687132,43.992815],[1542,7531,-121.687123,43.992842],[1553,7531,-121.687098,43.992866],[1569,7530,-121.687049,43.99289],[1581,7530,-121.687016,43.992914],[1593,7526,-121.687028,43.992944],[1610,7525,-121.68709,43.99296],[1637,7521,-121.687192,43.99296],[1655,7516,-121.687253,43.992981],[1674,7513,-121.687272,43.993033],[1695,7514,-121.68722,43.993078],[1717,7516,-121.687138,43.993084],[1741,7517,-121.68705,43.993065],[1770,7515,-121.686943,43.993072],[1782,7515,-121.686904,43.993094],[1793,7515,-121.686898,43.993123],[1870,7501,-121.687126,43.993255],[1895,7497,-121.687154,43.993322],[1917,7497,-121.687104,43.993369],[1959,7491,-121.687178,43.99347],[1985,7485,-121.687259,43.993516],[2012,7480,-121.687234,43.993587],[2063,7475,-121.687058,43.993643],[2135,7453,-121.686787,43.993681],[2208,7446,-121.686516,43.993719],[2280,7432,-121.686245,43.993758],[2352,7428,-121.685974,43.993796],[2425,7417,-121.685703,43.993834],[2554,7420,-121.685216,43.993798],[2570,7416,-121.685156,43.993816],[2600,7413,-121.685116,43.993891],[2632,7411,-121.685094,43.993979],[2670,7406,-121.685197,43.994051],[2757,7389,-121.685526,43.99408],[2860,7362,-121.685839,43.994251],[2970,7347,-121.686137,43.994462],[3014,7334,-121.686216,43.994569],[3045,7328,-121.686296,43.994632],[3109,7323,-121.686522,43.994695],[3138,7325,-121.686629,43.994713],[3149,7316,-121.686655,43.994739],[3162,7316,-121.68664,43.994771],[3173,7304,-121.686609,43.994794],[3192,7302,-121.686537,43.994794],[3256,7299,-121.686299,43.994831],[3278,7287,-121.686246,43.994878],[3309,7279,-121.686213,43.994958],[3338,7276,-121.686126,43.995009],[3391,7275,-121.685992,43.995115],[3434,7277,-121.685858,43.995187],[3456,7277,-121.685805,43.995233],[3468,7281,-121.685761,43.995241],[3483,7281,-121.685706,43.995236],[3526,7274,-121.685553,43.995188],[3599,7255,-121.685278,43.995174],[3671,7248,-121.685003,43.995161],[3709,7244,-121.684865,43.995193],[3761,7234,-121.684743,43.995306],[3823,7243,-121.684523,43.995366],[3853,7243,-121.684411,43.995377],[3872,7240,-121.684339,43.995377],[3882,7234,-121.684299,43.995376],[3899,7234,-121.684247,43.9954],[3911,7223,-121.684242,43.995434],[3922,7223,-121.684258,43.995463],[3941,7218,-121.684321,43.995489],[3988,7220,-121.684497,43.995514],[4018,7216,-121.684604,43.995491],[4033,7208,-121.684662,43.995489],[4046,7208,-121.684688,43.995518],[4057,7198,-121.684687,43.995549],[4065,7198,-121.684674,43.99557],[4117,7198,-121.684482,43.995607],[4162,7197,-121.684325,43.995654],[4176,7183,-121.68431,43.995689],[4186,7186,-121.684332,43.995713],[4200,7186,-121.684385,43.995711],[4300,7170,-121.684761,43.995666],[4317,7170,-121.684825,43.995665],[4335,7166,-121.684868,43.995705],[4344,7159,-121.684866,43.995728],[4351,7159,-121.684852,43.995747],[4367,7162,-121.684794,43.995746],[4400,7167,-121.68467,43.99576],[4450,7165,-121.684492,43.995808],[4461,7166,-121.684461,43.99583],[4473,7155,-121.684475,43.995862],[4484,7154,-121.684499,43.995886],[4502,7154,-121.684567,43.995896],[4525,7152,-121.684654,43.995885],[4537,7148,-121.684696,43.995894],[4544,7137,-121.684716,43.995909],[4583,7127,-121.684781,43.996004],[4672,7114,-121.685002,43.996191],[4697,7107,-121.685083,43.996223],[4734,7117,-121.685221,43.996241],[4771,7119,-121.68535,43.996286],[4789,7119,-121.685377,43.99633],[4800,7111,-121.68536,43.996359],[4822,7108,-121.685288,43.996385],[4857,7099,-121.685154,43.996384],[4883,7094,-121.685056,43.996376],[4929,7083,-121.684879,43.996356],[4978,7084,-121.684701,43.996325],[5081,7084,-121.684309,43.996315],[5207,7098,-121.683889,43.996146],[5261,7086,-121.683692,43.996101],[5313,7081,-121.683496,43.996116],[5376,7075,-121.683255,43.996124],[5386,7075,-121.683227,43.996142],[5403,7066,-121.683229,43.996189],[5414,7056,-121.68325,43.996215],[5542,7074,-121.683729,43.99627],[5601,7062,-121.683933,43.996342],[5628,7065,-121.684005,43.996395],[5645,7054,-121.684005,43.996442],[5662,7042,-121.683978,43.996484],[5680,7040,-121.683913,43.996494],[5744,7031,-121.683672,43.99647],[5786,7035,-121.683513,43.996446],[5813,7031,-121.68341,43.996442],[5862,7008,-121.683227,43.99646],[5891,7003,-121.683114,43.996464],[5904,6999,-121.683075,43.996485],[5911,6999,-121.683058,43.996499],[5916,6999,-121.68306,43.996514],[5930,6990,-121.683097,43.99654],[5944,6994,-121.683142,43.996562],[5967,6998,-121.683224,43.99658],[6020,6997,-121.683426,43.996598],[6082,7010,-121.683654,43.996638],[6097,7000,-121.683694,43.99667],[6113,6992,-121.683721,43.996709],[6128,6989,-121.683698,43.996747],[6140,6989,-121.68366,43.996764],[6264,6958,-121.683196,43.99682],[6334,6930,-121.682979,43.996932],[6348,6922,-121.682965,43.996971],[6375,6926,-121.683049,43.997011],[6425,6934,-121.683241,43.996996],[6471,6934,-121.683402,43.997042],[6553,6930,-121.683668,43.997163],[6626,6919,-121.683851,43.997311],[6698,6896,-121.684034,43.997459],[6717,6895,-121.684066,43.997506],[6795,6878,-121.684326,43.99761],[6873,6866,-121.684585,43.997714],[6938,6855,-121.684745,43.997851],[6953,6846,-121.684706,43.99788],[6992,6844,-121.684568,43.997923],[7067,6847,-121.684282,43.997926],[7177,6850,-121.683865,43.997921],[7264,6848,-121.683538,43.997876],[7285,6843,-121.683461,43.997888],[7338,6831,-121.683313,43.997985],[7379,6825,-121.683158,43.998],[7438,6806,-121.682975,43.998097],[7455,6799,-121.682949,43.998139],[7477,6796,-121.682879,43.998172],[7493,6792,-121.682818,43.998181],[7513,6789,-121.682745,43.998174],[7543,6785,-121.682632,43.998164],[7577,6779,-121.682503,43.998177],[7616,6769,-121.682361,43.998212],[7642,6767,-121.682263,43.998227],[7672,6761,-121.682154,43.998243],[7694,6752,-121.68207,43.998249],[7710,6759,-121.682007,43.998248],[7728,6755,-121.68194,43.998239],[7747,6752,-121.681882,43.998208],[7768,6754,-121.681817,43.998174],[7794,6750,-121.68173,43.998144],[7809,6756,-121.681679,43.998124],[7819,6756,-121.681672,43.998096],[7841,6757,-121.681648,43.99804],[7847,6757,-121.681637,43.998026],[7852,6757,-121.681616,43.998022],[7862,6757,-121.681583,43.998032],[7869,6757,-121.681577,43.998052],[7887,6752,-121.681584,43.9981],[7919,