{"trail":"Houston Valley ORV 181N","distance":9137,"gain":288,"loss":280,"min":938,"max":1072,"profile":[[0,1011,-85.122671,34.773874],[25,1014,-85.122634,34.773935],[50,1019,-85.122597,34.773996],[75,1023,-85.122559,34.774057],[100,1026,-85.122522,34.774119],[125,1031,-85.122485,34.77418],[150,1036,-85.122447,34.774241],[175,1041,-85.12241,34.774303],[200,1043,-85.122373,34.774364],[225,1046,-85.122298,34.774393],[250,1049,-85.122222,34.77442],[275,1052,-85.122145,34.774447],[300,1053,-85.122068,34.774475],[325,1053,-85.121992,34.774502],[350,1054,-85.121915,34.774529],[375,1054,-85.121839,34.774556],[400,1054,-85.121762,34.774584],[424,1055,-85.121699,34.774625],[449,1055,-85.121648,34.774679],[474,1056,-85.121597,34.774734],[499,1056,-85.121546,34.774788],[524,1058,-85.121494,34.774842],[549,1059,-85.121443,34.774896],[574,1058,-85.121392,34.77495],[599,1058,-85.121341,34.775004],[624,1053,-85.12129,34.775058],[649,1056,-85.121238,34.775112],[674,1056,-85.121187,34.775166],[699,1062,-85.121136,34.77522],[723,1062,-85.121061,34.775245],[748,1067,-85.12098,34.775263],[773,1069,-85.1209,34.77528],[798,1071,-85.120819,34.775298],[823,1070,-85.120738,34.775315],[848,1072,-85.120658,34.775333],[873,1071,-85.120577,34.77535],[898,1070,-85.120497,34.775368],[923,1068,-85.120416,34.775386],[948,1066,-85.120335,34.775403],[973,1061,-85.120255,34.775421],[998,1058,-85.120174,34.775438],[1023,1052,-85.120093,34.775456],[1048,1052,-85.120013,34.775474],[1073,1047,-85.119932,34.775491],[1098,1046,-85.119851,34.775509],[1123,1042,-85.119771,34.775526],[1147,1039,-85.119692,34.775513],[1172,1035,-85.119613,34.77549],[1197,1033,-85.119534,34.775468],[1222,1030,-85.119455,34.775445],[1247,1024,-85.119376,34.775423],[1272,1020,-85.119298,34.7754],[1297,1016,-85.119219,34.775378],[1322,1013,-85.11914,34.775355],[1347,1009,-85.119061,34.775333],[1372,1007,-85.118982,34.77531],[1397,1006,-85.118904,34.775288],[1422,1004,-85.118825,34.775265],[1447,1002,-85.118745,34.775251],[1472,1000,-85.118663,34.775261],[1497,996,-85.11858,34.775271],[1522,993,-85.118497,34.775281],[1547,989,-85.118415,34.775291],[1572,986,-85.118332,34.775301],[1597,982,-85.11825,34.775311],[1620,981,-85.118179,34.775333],[1645,980,-85.118144,34.775396],[1670,979,-85.11811,34.775458],[1695,979,-85.118076,34.775521],[1720,981,-85.118042,34.775583],[1745,982,-85.118008,34.775646],[1770,983,-85.117974,34.775708],[1795,983,-85.11794,34.775771],[1820,984,-85.117906,34.775834],[1845,986,-85.117871,34.775896],[1870,987,-85.117837,34.775959],[1895,985,-85.117803,34.776021],[1920,985,-85.117769,34.776084],[1945,984,-85.117735,34.776146],[1970,985,-85.117701,34.776209],[1995,983,-85.117667,34.776271],[2020,981,-85.117633,34.776334],[2045,980,-85.117579,34.776386],[2070,978,-85.117524,34.776437],[2095,973,-85.117468,34.776488],[2120,972,-85.117412,34.776539],[2145,972,-85.117357,34.77659],[2170,973,-85.117301,34.776641],[2195,977,-85.117245,34.776692],[2220,984,-85.11719,34.776743],[2245,986,-85.117134,34.776794],[2270,989,-85.117078,34.776845],[2295,990,-85.117023,34.776897],[2320,993,-85.116967,34.776948],[2345,993,-85.116911,34.776999],[2370,996,-85.116856,34.77705],[2395,997,-85.1168,34.777101],[2420,996,-85.116744,34.777152],[2445,998,-85.116689,34.777203],[2470,999,-85.116633,34.777254],[2495,1001,-85.116577,34.777305],[2520,999,-85.116521,34.777356],[2545,1002,-85.116466,34.777407],[2570,1002,-85.11641,34.777458],[2595,1002,-85.116354,34.777509],[2620,1003,-85.116299,34.77756],[2645,1005,-85.116243,34.777611],[2670,1002,-85.116187,34.777662],[2694,1002,-85.116125,34.777705],[2719,999,-85.116046,34.777728],[2744,995,-85.115968,34.777751],[2769,993,-85.115889,34.777774],[2794,993,-85.115811,34.777797],[2819,990,-85.115732,34.777819],[2844,987,-85.115653,34.777842],[2869,984,-85.115575,34.777865],[2894,981,-85.115496,34.777888],[2916,982,-85.115483,34.777949],[2941,983,-85.115483,34.778018],[2966,984,-85.115483,34.778086],[2991,984,-85.115483,34.778155],[3016,984,-85.115483,34.778223],[3041,984,-85.115483,34.778292],[3066,985,-85.115483,34.77836],[3091,985,-85.115455,34.778422],[3116,984,-85.11541,34.77848],[3141,989,-85.115365,34.778538],[3163,991,-85.11531,34.778578],[3188,992,-85.115226,34.778572],[3213,993,-85.115143,34.778567],[3238,991,-85.11506,34.778561],[3263,991,-85.114977,34.778556],[3288,991,-85.114894,34.778551],[3313,990,-85.114811,34.778545],[3338,989,-85.114727,34.77854],[3363,988,-85.114644,34.778534],[3388,987,-85.114561,34.778529],[3413,985,-85.114478,34.778523],[3438,981,-85.114395,34.778518],[3463,975,-85.114312,34.778512],[3488,969,-85.114228,34.778507],[3513,966,-85.114145,34.778501],[3538,964,-85.114062,34.778496],[3563,963,-85.113979,34.77849],[3588,962,-85.113896,34.778485],[3613,962,-85.113813,34.77848],[3638,962,-85.113729,34.778474],[3662,961,-85.113669,34.778429],[3687,960,-85.11361,34.77838],[3712,960,-85.113551,34.778332],[3737,960,-85.113492,34.778283],[3762,960,-85.113433,34.778235],[3787,960,-85.113374,34.778186],[3812,959,-85.113315,34.778138],[3837,958,-85.113256,34.77809],[3862,957,-85.113197,34.778041],[3887,955,-85.113138,34.777993],[3912,954,-85.113079,34.777944],[3937,953,-85.11302,34.777896],[3962,952,-85.112938,34.777889],[3987,952,-85.112855,34.777886],[4012,952,-85.112771,34.777883],[4037,952,-85.112688,34.77788],[4062,952,-85.112605,34.777877],[4086,951,-85.112525,34.777885],[4111,951,-85.112457,34.777924],[4136,954,-85.112389,34.777963],[4160,953,-85.112318,34.777998],[4185,950,-85.112235,34.778004],[4210,948,-85.112152,34.77801],[4235,947,-85.112069,34.778016],[4260,947,-85.111986,34.778021],[4285,946,-85.111903,34.778027],[4310,945,-85.11182,34.778033],[4335,945,-85.111738,34.77802],[4360,946,-85.111656,34.778006],[4385,945,-85.111574,34.777992],[4410,946,-85.111493,34.777979],[4435,947,-85.111411,34.777965],[4460,946,-85.111329,34.777951],[4485,946,-85.111248,34.777937],[4499,945,-85.111212,34.777914],[4524,944,-85.111278,34.777873],[4549,943,-85.111344,34.777831],[4574,941,-85.11141,34.777789],[4599,939,-85.111476,34.777747],[4624,939,-85.111542,34.777705],[4649,938,-85.111609,34.777664],[4674,939,-85.111675,34.777622],[4699,942,-85.111741,34.77758],[4724,944,-85.111818,34.777555],[4749,947,-85.111897,34.777533],[4774,946,-85.111976,34.777511],[4799,948,-85.112055,34.777488],[4824,948,-85.112134,34.777466],[4849,947,-85.112213,34.777444],[4874,947,-85.112291,34.777421],[4899,946,-85.11237,34.777399],[4924,947,-85.112437,34.777358],[4949,948,-85.112505,34.777318],[4974,949,-85.112572,34.777277],[4999,951,-85.112639,34.777236],[5024,953,-85.112706,34.777195],[5049,955,-85.112773,34.777154],[5074,961,-85.11284,34.777114],[5099,962,-85.112907,34.777073],[5124,964,-85.112974,34.777032],[5149,966,-85.113041,34.776991],[5174,967,-85.113108,34.77695],[5199,969,-85.113175,34.77691],[5224,973,-85.113242,34.776869],[5249,975,-85.113309,34.776828],[5274,976,-85.113376,34.776787],[5299,978,-85.113443,34.776747],[5324,979,-85.11351,34.776706],[5348,980,-85.113588,34.776686],[5373,976,-85.11367,34.776674],[5398,973,-85.113752,34.776663],[5423,974,-85.113835,34.776651],[5448,971,-85.113917,34.77664],[5473,970,-85.113999,34.776628],[5498,972,-85.114081,34.776617],[5523,970,-85.114164,34.776606],[5548,969,-85.114246,34.776594],[5573,969,-85.114328,34.776583],[5598,968,-85.11441,34.776571],[5623,966,-85.114493,34.77656],[5648,966,-85.114575,34.776549],[5673,964,-85.114657,34.776537],[5698,962,-85.11474,34.776526],[5723,961,-85.114822,34.776514],[5748,959,-85.114904,34.776503],[5773,958,-85.114986,34.776491],[5798,956,-85.115065,34.776473],[5823,955,-85.115125,34.776426],[5848,956,-85.115185,34.776378],[5873,959,-85.115245,34.776331],[5898,959,-85.115305,34.776283],[5923,961,-85.115365,34.776235],[5948,963,-85.115425,34.776188],[5973,963,-85.115485,34.77614],[5998,966,-85.115545,34.776093],[6023,965,-85.115605,34.776045],[6048,965,-85.115665,34.775997],[6072,967,-85.1157,34.775937],[6097,969,-85.11573,34.775873],[6122,971,-85.11576,34.775809],[6147,971,-85.11579,