{"trail":"Houston Valley ORV 181A","distance":1152,"gain":120,"loss":2,"min":975,"max":1093,"profile":[[0,975,-85.129452,34.789012],[25,976,-85.129535,34.789007],[50,977,-85.129618,34.789002],[75,978,-85.129701,34.788997],[100,978,-85.129785,34.788992],[125,979,-85.129868,34.788987],[150,980,-85.129951,34.788982],[175,981,-85.130034,34.788976],[200,982,-85.130117,34.788971],[225,982,-85.130201,34.788966],[250,983,-85.130284,34.788961],[275,983,-85.130367,34.788956],[300,985,-85.13045,34.788951],[325,987,-85.130533,34.788945],[350,989,-85.130616,34.788947],[375,993,-85.130697,34.788962],[400,994,-85.130779,34.788978],[425,997,-85.13086,34.788993],[450,1001,-85.130941,34.789008],[475,1004,-85.131023,34.789023],[500,1008,-85.131104,34.789038],[525,1011,-85.131186,34.789054],[550,1015,-85.131267,34.789069],[575,1018,-85.131348,34.789084],[600,1021,-85.13143,34.789099],[625,1023,-85.131511,34.789115],[650,1026,-85.131592,34.78913],[675,1030,-85.131674,34.789145],[700,1032,-85.131755,34.78916],[723,1036,-85.131827,34.789188],[748,1042,-85.131876,34.789243],[773,1046,-85.131925,34.789298],[798,1053,-85.131974,34.789354],[823,1058,-85.132023,34.789409],[848,1066,-85.132072,34.789465],[873,1069,-85.132121,34.78952],[897,1073,-85.13218,34.789565],[922,1073,-85.132259,34.789585],[947,1074,-85.132339,34.789606],[972,1072,-85.132418,34.789626],[997,1073,-85.132498,34.789647],[1022,1076,-85.132523,34.789712],[1047,1080,-85.132547,34.789777],[1072,1084,-85.132571,34.789843],[1097,1085,-85.132596,34.789909],[1122,1088,-85.13262,34.789974],[1147,1091,-85.132644,34.79004],[1152,1093,-85.132649,34.790052]]}