{"trail":"Houston Valley ORV 181G","distance":1154,"gain":114,"loss":9,"min":984,"max":1097,"profile":[[0,992,-85.131125,34.786087],[25,993,-85.131169,34.786029],[50,993,-85.131213,34.785971],[75,992,-85.131257,34.785912],[100,992,-85.131301,34.785854],[125,992,-85.131345,34.785796],[150,992,-85.131389,34.785738],[174,991,-85.131455,34.785701],[199,990,-85.131533,34.785676],[224,990,-85.13161,34.785651],[249,986,-85.131688,34.785626],[274,985,-85.131766,34.785602],[297,984,-85.131807,34.785549],[322,984,-85.131831,34.785483],[347,985,-85.131855,34.785418],[372,988,-85.131879,34.785352],[397,992,-85.131903,34.785286],[422,994,-85.131927,34.785221],[447,997,-85.131951,34.785155],[472,998,-85.131975,34.785089],[497,1001,-85.131999,34.785024],[522,1001,-85.132023,34.784958],[547,1004,-85.132047,34.784893],[571,1008,-85.132115,34.784855],[596,1010,-85.132186,34.784819],[621,1014,-85.132257,34.784783],[646,1019,-85.132328,34.784748],[671,1021,-85.132411,34.784736],[696,1026,-85.132493,34.784725],[721,1031,-85.132575,34.784714],[746,1036,-85.132658,34.784703],[771,1039,-85.13274,34.784691],[796,1043,-85.132822,34.78468],[819,1049,-85.132882,34.784718],[844,1061,-85.132934,34.784771],[869,1067,-85.132986,34.784825],[894,1073,-85.133038,34.784878],[919,1077,-85.13309,34.784932],[944,1081,-85.133142,34.784985],[969,1087,-85.133194,34.785039],[994,1088,-85.133247,34.785093],[1017,1091,-85.133314,34.785124],[1042,1092,-85.133397,34.785136],[1067,1093,-85.133479,34.785148],[1092,1095,-85.133561,34.785159],[1117,1095,-85.133643,34.785171],[1142,1095,-85.133726,34.785183],[1154,1097,-85.133765,34.785188]]}