{"trail":"Houston Valley ORV 181U","distance":209,"gain":8,"loss":0,"min":974,"max":982,"profile":[[0,974,-85.130332,34.785417],[25,975,-85.130411,34.785439],[50,976,-85.13049,34.785461],[75,977,-85.130569,34.785482],[99,978,-85.130626,34.785529],[124,979,-85.130676,34.785584],[149,979,-85.130727,34.785639],[174,980,-85.130777,34.785693],[199,981,-85.130827,34.785748],[209,982,-85.130847,34.78577]]}