{"trail":"Houston Valley ORV 181S","distance":3744,"gain":129,"loss":129,"min":946,"max":1024,"profile":[[0,1003,-85.128186,34.77791],[25,1004,-85.128124,34.777955],[50,1005,-85.128061,34.778001],[75,1005,-85.127999,34.778047],[100,1007,-85.127937,34.778092],[125,1006,-85.127875,34.778138],[150,1004,-85.127812,34.778184],[175,1002,-85.12775,34.778229],[200,1001,-85.127688,34.778275],[225,997,-85.127626,34.77832],[249,996,-85.127576,34.778373],[274,996,-85.127549,34.778438],[299,995,-85.127522,34.778503],[324,997,-85.127495,34.778567],[349,1000,-85.127468,34.778632],[374,999,-85.127441,34.778697],[399,1001,-85.127415,34.778762],[424,1002,-85.127388,34.778827],[449,1001,-85.127361,34.778892],[474,1002,-85.127334,34.778957],[499,1001,-85.127307,34.779022],[524,1002,-85.127281,34.779087],[549,1002,-85.127254,34.779151],[574,1001,-85.127227,34.779216],[599,1001,-85.1272,34.779281],[624,1002,-85.12713,34.779316],[649,1003,-85.127057,34.77935],[674,1003,-85.126984,34.779384],[699,1003,-85.126911,34.779417],[724,1003,-85.126839,34.779451],[749,1001,-85.126766,34.779484],[774,999,-85.126693,34.779518],[799,999,-85.126621,34.779552],[824,1001,-85.126548,34.779585],[849,1004,-85.126475,34.779619],[874,1008,-85.126402,34.779652],[899,1010,-85.12633,34.779686],[924,1013,-85.126257,34.779719],[949,1018,-85.126184,34.779753],[972,1018,-85.12617,34.779814],[997,1020,-85.126173,34.779883],[1022,1022,-85.126175,34.779951],[1047,1023,-85.126177,34.78002],[1072,1024,-85.126179,34.780088],[1097,1024,-85.126181,34.780157],[1122,1023,-85.126183,34.780225],[1147,1021,-85.126185,34.780294],[1172,1018,-85.126188,34.780362],[1197,1014,-85.12619,34.780431],[1220,1011,-85.126236,34.780483],[1245,1009,-85.126297,34.78053],[1270,1005,-85.126358,34.780576],[1295,1002,-85.126419,34.780623],[1320,999,-85.12648,34.78067],[1338,993,-85.126487,34.78072],[1363,990,-85.126435,34.780773],[1388,984,-85.126382,34.780826],[1413,983,-85.12633,34.78088],[1438,982,-85.126277,34.780933],[1463,984,-85.126225,34.780986],[1488,988,-85.126173,34.78104],[1513,992,-85.12612,34.781093],[1538,1000,-85.126068,34.781146],[1560,1000,-85.126127,34.78118],[1585,997,-85.126202,34.78121],[1610,993,-85.126276,34.781241],[1635,990,-85.126351,34.781271],[1660,987,-85.126426,34.781302],[1685,985,-85.1265,34.781333],[1710,985,-85.126575,34.781363],[1735,983,-85.12665,34.781394],[1760,981,-85.126724,34.781425],[1785,980,-85.126799,34.781455],[1810,978,-85.126873,34.781486],[1835,977,-85.126948,34.781517],[1859,977,-85.127024,34.781535],[1884,973,-85.127102,34.781512],[1909,971,-85.127181,34.78149],[1934,969,-85.12726,34.781467],[1959,966,-85.127339,34.781445],[1984,964,-85.127417,34.781422],[2007,961,-85.127494,34.78144],[2032,958,-85.127569,34.781469],[2057,956,-85.127645,34.781497],[2082,953,-85.127721,34.781526],[2107,950,-85.127796,34.781555],[2132,949,-85.127872,34.781584],[2157,948,-85.127947,34.781613],[2182,948,-85.128023,34.781642],[2203,947,-85.128091,34.781649],[2228,946,-85.12814,34.781593],[2253,947,-85.128189,34.781538],[2278,947,-85.128238,34.781482],[2303,948,-85.128286,34.781426],[2328,948,-85.128335,34.781371],[2353,948,-85.128384,34.781315],[2378,948,-85.128433,34.78126],[2401,950,-85.12846,34.7812],[2426,951,-85.128446,34.781132],[2451,952,-85.128431,34.781065],[2476,955,-85.128417,34.780997],[2501,957,-85.128403,34.78093],[2526,959,-85.128389,34.780862],[2551,962,-85.128375,34.780795],[2576,964,-85.128361,34.780727],[2600,964,-85.128397,34.78067],[2625,963,-85.128447,34.780615],[2650,963,-85.128498,34.780561],[2675,962,-85.128548,34.780506],[2700,960,-85.128598,34.780451],[2725,959,-85.128649,34.780397],[2750,959,-85.128699,34.780342],[2775,959,-85.12875,34.780288],[2799,957,-85.128775,34.780224],[2824,959,-85.12879,34.780157],[2849,961,-85.128805,34.780089],[2874,960,-85.12882,34.780022],[2899,962,-85.128834,34.779954],[2924,964,-85.128849,34.779887],[2949,963,-85.128864,34.779819],[2974,964,-85.128879,34.779752],[2999,965,-85.128893,34.779685],[3024,963,-85.128908,34.779617],[3046,965,-85.128884,34.779561],[3071,966,-85.128821,34.779515],[3096,968,-85.128759,34.779469],[3121,968,-85.128697,34.779424],[3146,968,-85.128635,34.779378],[3171,967,-85.128572,34.779333],[3196,967,-85.12851,34.779287],[3221,967,-85.128448,34.779241],[3246,967,-85.128386,34.779196],[3271,969,-85.128323,34.77915],[3296,970,-85.128297,34.779087],[3321,971,-85.128276,34.77902],[3346,972,-85.128256,34.778954],[3371,974,-85.128235,34.778887],[3396,974,-85.128214,34.778821],[3421,975,-85.128194,34.778755],[3446,975,-85.128173,34.778688],[3471,976,-85.128153,34.778622],[3496,976,-85.128132,34.778555],[3521,979,-85.128111,34.778489],[3546,980,-85.128091,34.778423],[3571,985,-85.12807,34.778356],[3596,988,-85.12805,34.77829],[3620,993,-85.128046,34.778224],[3645,998,-85.128078,34.778161],[3670,1000,-85.128111,34.778098],[3695,999,-85.128143,34.778035],[3720,1001,-85.128175,34.777972],[3744,1003,-85.128207,34.77791]]}