{"trail":"Houston Valley ORV 181","distance":11891,"gain":324,"loss":279,"min":948,"max":1124,"profile":[[0,971,-85.129409,34.789858],[25,973,-85.129411,34.78979],[50,973,-85.129413,34.789721],[75,973,-85.129415,34.789653],[100,973,-85.129417,34.789584],[125,973,-85.129419,34.789516],[150,974,-85.129421,34.789447],[175,974,-85.129423,34.789379],[200,974,-85.129426,34.78931],[225,974,-85.129428,34.789242],[250,975,-85.12943,34.789173],[275,975,-85.129432,34.789105],[300,975,-85.129434,34.789036],[325,975,-85.129436,34.788968],[350,975,-85.129438,34.788899],[375,975,-85.12944,34.788831],[400,975,-85.129442,34.788762],[425,975,-85.129444,34.788694],[450,975,-85.129446,34.788625],[475,974,-85.129448,34.788557],[500,974,-85.129451,34.788488],[525,974,-85.129453,34.78842],[550,973,-85.129455,34.788351],[575,973,-85.129457,34.788283],[600,972,-85.129459,34.788214],[625,972,-85.129461,34.788146],[650,971,-85.129463,34.788077],[675,971,-85.129465,34.788009],[700,971,-85.129467,34.78794],[725,970,-85.129469,34.787872],[750,970,-85.129471,34.787803],[775,969,-85.129472,34.787735],[800,969,-85.129463,34.787667],[825,967,-85.129455,34.787598],[850,965,-85.129446,34.78753],[875,961,-85.129437,34.787462],[900,957,-85.129429,34.787394],[925,953,-85.12942,34.787326],[950,950,-85.129412,34.787258],[975,948,-85.129403,34.787189],[1000,948,-85.129394,34.787121],[1025,948,-85.129386,34.787053],[1050,948,-85.129377,34.786985],[1075,948,-85.129368,34.786917],[1098,950,-85.129411,34.786865],[1123,951,-85.129474,34.786821],[1148,952,-85.129538,34.786776],[1173,954,-85.129601,34.786731],[1198,955,-85.129664,34.786686],[1223,957,-85.129727,34.786641],[1248,959,-85.12979,34.786596],[1273,960,-85.129853,34.786551],[1298,961,-85.129916,34.786506],[1323,963,-85.129979,34.786462],[1348,964,-85.130042,34.786417],[1373,965,-85.130105,34.786372],[1398,966,-85.130168,34.786327],[1423,968,-85.130231,34.786282],[1448,969,-85.130294,34.786237],[1473,971,-85.130358,34.786192],[1498,973,-85.130421,34.786148],[1523,976,-85.130484,34.786103],[1548,977,-85.130547,34.786058],[1573,979,-85.13061,34.786013],[1598,981,-85.130673,34.785968],[1623,981,-85.130736,34.785923],[1648,982,-85.130799,34.785878],[1673,982,-85.130862,34.785834],[1698,983,-85.130925,34.785789],[1723,983,-85.130988,34.785744],[1748,984,-85.131051,34.785699],[1773,985,-85.131114,34.785654],[1798,987,-85.131177,34.785609],[1823,988,-85.131241,34.785564],[1848,988,-85.131304,34.785519],[1873,987,-85.131367,34.785475],[1898,986,-85.13143,34.78543],[1923,985,-85.131493,34.785385],[1948,985,-85.131556,34.78534],[1973,985,-85.131619,34.785295],[1998,986,-85.131682,34.78525],[2023,989,-85.131745,34.785205],[2045,990,-85.131764,34.785146],[2070,990,-85.131756,34.785078],[2095,991,-85.131747,34.78501],[2120,992,-85.131739,34.784942],[2145,992,-85.131731,34.784873],[2170,991,-85.131723,34.784805],[2195,991,-85.131714,34.784737],[2220,991,-85.131706,34.784669],[2245,992,-85.13174,34.784608],[2270,993,-85.131781,34.784548],[2295,994,-85.131822,34.784488],[2320,994,-85.131863,34.784429],[2345,994,-85.131903,34.784369],[2370,995,-85.131944,34.784309],[2395,994,-85.131985,34.784249],[2420,992,-85.132026,34.78419],[2445,991,-85.132067,34.78413],[2470,991,-85.132108,34.78407],[2495,991,-85.132148,34.78401],[2520,991,-85.132189,34.78395],[2543,992,-85.132179,34.783886],[2568,991,-85.132155,34.783821],[2593,992,-85.13213,34.783755],[2618,992,-85.132105,34.78369],[2643,994,-85.132081,34.783624],[2668,995,-85.132056,34.783559],[2693,996,-85.132031,34.783493],[2718,995,-85.132007,34.783428],[2743,994,-85.131982,34.783363],[2768,994,-85.131957,34.783297],[2793,993,-85.131933,34.783232],[2818,993,-85.131908,34.783166],[2843,991,-85.131884,34.783101],[2868,990,-85.131859,34.783035],[2893,988,-85.131834,34.78297],[2918,986,-85.131869,34.782908],[2943,983,-85.131905,34.782846],[2968,981,-85.131941,34.782784],[2993,980,-85.131977,34.782722],[3018,979,-85.132013,34.782661],[3043,979,-85.132049,34.782599],[3068,980,-85.132085,34.782537],[3092,979,-85.132082,34.78247],[3117,978,-85.132072,34.782402],[3142,976,-85.132062,34.782334],[3167,976,-85.132051,34.782266],[3192,976,-85.132041,34.782198],[3217,977,-85.132031,34.78213],[3242,976,-85.13202,34.782062],[3267,977,-85.13201,34.781994],[3292,977,-85.132011,34.781926],[3317,976,-85.132023,34.781858],[3342,976,-85.132034,34.78179],[3367,975,-85.132045,34.781722],[3392,973,-85.132056,34.781655],[3417,971,-85.132068,34.781587],[3442,969,-85.132079,34.781519],[3467,967,-85.13209,34.781451],[3492,967,-85.132102,34.781383],[3517,965,-85.132113,34.781315],[3542,965,-85.132124,34.781247],[3567,964,-85.132138,34.78118],[3592,963,-85.132171,34.781117],[3617,963,-85.132204,34.781054],[3642,961,-85.132238,34.780991],[3667,961,-85.132271,34.780928],[3692,960,-85.132304,34.780866],[3717,958,-85.132337,34.780803],[3742,957,-85.13237,34.78074],[3767,957,-85.132404,34.780677],[3792,958,-85.132409,34.78061],[3817,961,-85.132403,34.780542],[3842,964,-85.132397,34.780473],[3867,967,-85.132391,34.780405],[3892,969,-85.132386,34.780337],[3917,970,-85.13238,34.780268],[3942,971,-85.132374,34.7802],[3967,971,-85.132368,34.780132],[3992,971,-85.132362,34.780063],[4017,971,-85.132356,34.779995],[4042,972,-85.132351,34.779926],[4066,971,-85.132369,34.779861],[4091,972,-85.132401,34.779798],[4116,972,-85.132433,34.779735],[4141,973,-85.132465,34.779672],[4166,972,-85.132497,34.779608],[4191,973,-85.132529,34.779545],[4216,974,-85.132561,34.779482],[4241,975,-85.132593,34.779419],[4266,974,-85.132626,34.779355],[4291,975,-85.132658,34.779292],[4316,976,-85.13269,34.779229],[4341,977,-85.132722,34.779165],[4366,977,-85.132754,34.779102],[4391,977,-85.132786,34.779039],[4416,978,-85.132818,34.778976],[4441,979,-85.13285,34.778912],[4466,979,-85.132882,34.778849],[4491,980,-85.132914,34.778786],[4516,980,-85.132946,34.778723],[4541,981,-85.132978,34.778659],[4566,982,-85.133,34.778594],[4591,984,-85.133013,34.778526],[4616,985,-85.133026,34.778458],[4641,986,-85.133039,34.778391],[4666,987,-85.133052,34.778323],[4691,988,-85.133065,34.778255],[4716,988,-85.133078,34.778188],[4741,989,-85.133092,34.77812],[4766,989,-85.133105,34.778052],[4791,989,-85.133118,34.777985],[4816,989,-85.133131,34.777917],[4841,989,-85.133144,34.777849],[4866,989,-85.133157,34.777782],[4891,989,-85.13317,34.777714],[4916,988,-85.133183,34.777646],[4941,989,-85.133197,34.777579],[4966,989,-85.13321,34.777511],[4991,989,-85.133223,34.777443],[5016,990,-85.133236,34.777376],[5041,990,-85.133249,34.777308],[5066,990,-85.133262,34.77724],[5091,990,-85.133275,34.777172],[5116,990,-85.133288,34.777105],[5141,990,-85.133302,34.777037],[5166,989,-85.133315,34.776969],[5191,988,-85.133328,34.776902],[5216,986,-85.133341,34.776834],[5241,986,-85.133354,34.776766],[5266,987,-85.133367,34.776699],[5291,987,-85.13338,34.776631],[5316,988,-85.133393,34.776563],[5341,990,-85.133406,34.776496],[5366,990,-85.13342,34.776428],[5391,991,-85.133433,34.77636],[5416,993,-85.133446,34.776293],[5441,993,-85.133459,34.776225],[5466,994,-85.133472,34.776157],[5491,994,-85.133485,34.77609],[5516,995,-85.133498,34.776022],[5541,995,-85.133511,34.775954],[5566,995,-85.133525,34.775887],[5590,996,-85.133506,34.775822],[5615,995,-85.133473,34.775759],[5640,994,-85.133439,34.775697],[5665,995,-85.133406,34.775634],[5690,994,-85.133373,34.775571],[5715,992,-85.13334,34.775508],[5740,991,-85.133306,34.775445],[5765,991,-85.133273,34.775382],[5790,990,-85.13324,34.775319],[5815,988,-85.133207,34.775257],[5840,987,-85.133173,34.775194],[5865,985,-85.13314,34.775131],[5890,985,-85.133107,34.775068],[5915,983,-85.133095,34.775001],[5940,983,-85.133089,34.774933],[5965,981,-85.133084,34.774864],[5990,979,-85.133078,34.774796],[6015,977,-85.133073,34.774727],[6040,975,-85.133067,34.774659],[6065,973,-85.133061,34.774591],[6090,971,-85.133056,34.774522],[6115,970,-85.13305,34.774454],[6140,970,-85.133044,34.774386],[6165,971,-85.133039,34.774317],[6190,974,-85.133033,34.774249],[6215,977,-85.133027,