{"trail":"Houston Valley ORV 181E","distance":6468,"gain":430,"loss":425,"min":997,"max":1197,"profile":[[0,1167,-85.136404,34.792114],[25,1161,-85.136475,34.792078],[50,1153,-85.136546,34.792042],[75,1149,-85.136617,34.792006],[99,1147,-85.136682,34.791968],[124,1143,-85.136665,34.791901],[149,1138,-85.136648,34.791834],[174,1134,-85.136631,34.791767],[199,1129,-85.136614,34.791699],[224,1125,-85.136598,34.791632],[249,1121,-85.136581,34.791565],[274,1116,-85.136564,34.791498],[299,1112,-85.136547,34.791431],[323,1109,-85.136537,34.791364],[348,1106,-85.136565,34.7913],[373,1108,-85.136593,34.791235],[398,1111,-85.136621,34.791171],[423,1110,-85.136649,34.791106],[448,1115,-85.136677,34.791042],[473,1119,-85.136705,34.790977],[498,1118,-85.136733,34.790912],[523,1122,-85.136761,34.790848],[548,1121,-85.13679,34.790783],[573,1123,-85.136818,34.790719],[598,1125,-85.136846,34.790654],[623,1123,-85.136847,34.790588],[648,1122,-85.136835,34.79052],[673,1117,-85.136824,34.790452],[698,1116,-85.136812,34.790384],[723,1114,-85.136801,34.790316],[748,1109,-85.136789,34.790248],[773,1107,-85.136778,34.79018],[798,1104,-85.136766,34.790112],[823,1101,-85.136755,34.790045],[847,1098,-85.13676,34.789979],[872,1099,-85.136797,34.789918],[897,1098,-85.136834,34.789856],[922,1094,-85.136872,34.789795],[947,1092,-85.136909,34.789734],[972,1092,-85.136946,34.789672],[997,1090,-85.136984,34.789611],[1022,1087,-85.137021,34.78955],[1047,1087,-85.137058,34.789488],[1072,1083,-85.137096,34.789427],[1097,1073,-85.137133,34.789366],[1122,1069,-85.13717,34.789305],[1147,1070,-85.137208,34.789243],[1172,1070,-85.137245,34.789182],[1197,1077,-85.137282,34.789121],[1221,1087,-85.13731,34.789057],[1246,1094,-85.137322,34.788989],[1271,1101,-85.137333,34.788921],[1296,1106,-85.137345,34.788853],[1321,1112,-85.137357,34.788786],[1346,1114,-85.137369,34.788718],[1371,1115,-85.137381,34.78865],[1396,1116,-85.13739,34.788582],[1421,1116,-85.13738,34.788514],[1446,1116,-85.137369,34.788446],[1471,1116,-85.137359,34.788378],[1496,1116,-85.137349,34.78831],[1521,1114,-85.137338,34.788242],[1546,1115,-85.137328,34.788174],[1571,1118,-85.137318,34.788106],[1596,1120,-85.137307,34.788038],[1621,1123,-85.137297,34.78797],[1646,1122,-85.137286,34.787902],[1671,1121,-85.137291,34.787834],[1696,1118,-85.1373,34.787766],[1721,1115,-85.137309,34.787698],[1746,1112,-85.137318,34.78763],[1771,1108,-85.137328,34.787562],[1796,1104,-85.137337,34.787493],[1821,1101,-85.137346,34.787425],[1846,1101,-85.137355,34.787357],[1871,1101,-85.137364,34.787289],[1895,1100,-85.137354,34.787224],[1920,1095,-85.137316,34.787163],[1945,1089,-85.137279,34.787101],[1970,1086,-85.137242,34.78704],[1995,1082,-85.137204,34.786979],[2020,1081,-85.137167,34.786917],[2038,1080,-85.137108,34.786924],[2063,1076,-85.137038,34.786962],[2088,1075,-85.136969,34.787],[2113,1073,-85.1369,34.787038],[2138,1073,-85.13683,34.787076],[2163,1075,-85.136761,34.787114],[2188,1076,-85.136691,34.787152],[2213,1078,-85.136622,34.78719],[2238,1079,-85.136552,34.787228],[2263,1079,-85.136483,34.787266],[2288,1084,-85.136414,34.787304],[2313,1082,-85.136344,34.787342],[2337,1084,-85.136306,34.787398],[2362,1093,-85.136285,34.787464],[2387,1098,-85.136265,34.787531],[2412,1105,-85.136245,34.787597],[2437,1112,-85.136225,34.787663],[2452,1115,-85.13619,34.787694],[2477,1113,-85.136126,34.78765],[2502,1113,-85.136062,34.787606],[2527,1115,-85.135998,34.787563],[2551,1115,-85.135928,34.787531],[2576,1120,-85.135845,34.787526],[2601,1122,-85.135761,34.787521],[2626,1125,-85.135678,34.787516],[2651,1123,-85.135595,34.787511],[2676,1125,-85.135512,34.787506],[2701,1126,-85.135428,34.787501],[2722,1127,-85.135357,34.787502],[2747,1135,-85.13541,34.787555],[2772,1138,-85.135463,34.787608],[2797,1145,-85.135515,34.787661],[2822,1148,-85.135568,34.787714],[2847,1155,-85.135621,34.787767],[2872,1157,-85.135674,34.78782],[2897,1160,-85.135726,34.787874],[2922,1161,-85.135779,34.787927],[2945,1164,-85.135819,34.78798],[2970,1168,-85.135775,34.788039],[2995,1171,-85.135731,34.788097],[3020,1173,-85.135688,34.788156],[3043,1173,-85.135636,34.788201],[3068,1173,-85.135552,34.788199],[3093,1172,-85.135469,34.788196],[3118,1170,-85.135386,34.788193],[3143,1168,-85.135302,34.788191],[3168,1166,-85.135219,34.788188],[3193,1162,-85.135136,34.788185],[3217,1159,-85.13506,34.788205],[3242,1158,-85.134992,34.788245],[3267,1156,-85.134925,34.788285],[3292,1154,-85.134857,34.788325],[3317,1152,-85.134789,34.788365],[3342,1147,-85.134722,34.788405],[3367,1144,-85.134654,34.788445],[3392,1137,-85.134586,34.788485],[3416,1131,-85.134509,34.788505],[3441,1126,-85.134426,34.788511],[3466,1121,-85.134343,34.788517],[3491,1118,-85.13426,34.788523],[3516,1113,-85.134177,34.788529],[3541,1108,-85.134094,34.788535],[3565,1103,-85.134011,34.78853],[3590,1099,-85.133928,34.78852],[3615,1094,-85.133846,34.78851],[3640,1094,-85.133763,34.7885],[3665,1089,-85.133681,34.78849],[3690,1084,-85.133598,34.78848],[3715,1077,-85.133516,34.78847],[3740,1075,-85.133433,34.78846],[3765,1069,-85.133351,34.78845],[3790,1063,-85.133268,34.78844],[3815,1063,-85.133185,34.78843],[3840,1057,-85.133103,34.78842],[3865,1050,-85.13302,34.78841],[3890,1043,-85.132938,34.7884],[3915,1039,-85.132855,34.78839],[3940,1032,-85.132773,34.78838],[3957,1029,-85.132796,34.788422],[3982,1026,-85.132846,34.788477],[4007,1023,-85.132896,34.788532],[4032,1014,-85.132947,34.788586],[4057,1011,-85.132997,34.788641],[4079,1001,-85.132987,34.788699],[4104,997,-85.132946,34.788759],[4129,1000,-85.132905,34.788819],[4154,1003,-85.132864,34.788878],[4179,1009,-85.132823,34.788938],[4203,1013,-85.132863,34.788996],[4228,1015,-85.132907,34.789054],[4253,1019,-85.132952,34.789112],[4276,1021,-85.133018,34.789144],[4301,1020,-85.1331,34.789158],[4326,1023,-85.133182,34.789172],[4351,1022,-85.133263,34.789186],[4376,1021,-85.133345,34.7892],[4401,1022,-85.133427,34.789214],[4426,1020,-85.133509,34.789228],[4451,1019,-85.13359,34.789242],[4476,1016,-85.133672,34.789257],[4501,1014,-85.133754,34.789271],[4526,1013,-85.133835,34.789285],[4551,1013,-85.133917,34.789299],[4576,1015,-85.133999,34.789313],[4601,1016,-85.13408,34.789327],[4626,1017,-85.134162,34.789341],[4651,1023,-85.134244,34.789355],[4676,1024,-85.134326,34.789363],[4701,1025,-85.134409,34.789355],[4726,1025,-85.134491,34.789348],[4751,1020,-85.134574,34.789341],[4776,1019,-85.134657,34.789334],[4801,1019,-85.13474,34.789326],[4826,1020,-85.134823,34.789319],[4851,1021,-85.134906,34.789314],[4876,1023,-85.134977,34.78935],[4901,1025,-85.135047,34.789386],[4926,1028,-85.135118,34.789422],[4951,1032,-85.135189,34.789458],[4976,1038,-85.13526,34.789495],[5001,1044,-85.135331,34.789531],[5026,1052,-85.135402,34.789567],[5051,1059,-85.135473,34.789603],[5075,1062,-85.135533,34.789647],[5100,1070,-85.135564,34.78971],[5125,1076,-85.135595,34.789774],[5150,1080,-85.135626,34.789838],[5174,1085,-85.13565,34.789901],[5199,1094,-85.135623,34.789966],[5224,1099,-85.135597,34.790031],[5249,1104,-85.135571,34.790096],[5274,1107,-85.135544,34.790161],[5295,1110,-85.135504,34.790209],[5320,1108,-85.135421,34.790204],[5345,1104,-85.135338,34.790198],[5370,1096,-85.135255,34.790192],[5395,1094,-85.135172,34.790186],[5420,1096,-85.135088,34.79018],[5445,1101,-85.135005,34.790174],[5470,1107,-85.134922,34.790168],[5495,1111,-85.134839,34.790163],[5516,1113,-85.134769,34.790172],[5541,1118,-85.134751,34.790239],[5566,1124,-85.134733,34.790306],[5590,1126,-85.134762,34.790368],[5615,1131,-85.134803,34.790425],[5640,1133,-85.134881,34.79045],[5665,1131,-85.134959,34.790474],[5690,1132,-85.135037,34.790499],[5715,1135,-85.135115,34.790523],[5740,1139,-85.135193,34.790548],[5765,1139,-85.135271,34.790573],[5790,1144,-85.135349,34.790597],[5815,1148,-85.135427,34.790622],[5840,1147,-85.135504,34.790646],[5865,1149,-85.135582,34.790671],[5887,1149,-85.135638,34.790711],[5912,1154,-85.135655,34.790778],[5937,1158,-85.135673,34.790845],[5962,1160,-85.13569,34.790912],[5987,1164,-85.135707,