{"trail":"Houston Valley ORV 181F","distance":10738,"gain":601,"loss":602,"min":963,"max":1205,"profile":[[0,1076,-85.136082,34.773063],[25,1077,-85.13609,34.773131],[50,1079,-85.136099,34.773199],[73,1082,-85.136078,34.773259],[98,1081,-85.136018,34.773305],[123,1081,-85.135957,34.773352],[148,1081,-85.135896,34.773399],[173,1079,-85.135835,34.773446],[198,1079,-85.135775,34.773493],[222,1078,-85.135728,34.773548],[247,1077,-85.135702,34.773613],[272,1075,-85.135675,34.773678],[296,1071,-85.135657,34.773743],[321,1068,-85.135685,34.773807],[346,1066,-85.135713,34.773872],[371,1062,-85.135741,34.773937],[396,1056,-85.135768,34.774001],[421,1048,-85.135796,34.774066],[446,1040,-85.135824,34.77413],[471,1033,-85.135852,34.774195],[496,1031,-85.13588,34.77426],[521,1031,-85.135907,34.774324],[544,1028,-85.135846,34.774361],[569,1027,-85.135772,34.774393],[594,1025,-85.135699,34.774425],[619,1024,-85.135625,34.774458],[644,1025,-85.135552,34.77449],[669,1026,-85.135478,34.774523],[694,1027,-85.135405,34.774555],[718,1028,-85.135342,34.774596],[743,1029,-85.135307,34.774659],[768,1027,-85.135272,34.774721],[793,1024,-85.135237,34.774783],[818,1017,-85.135202,34.774845],[843,1010,-85.135167,34.774907],[868,1000,-85.135132,34.774969],[893,994,-85.135097,34.775032],[917,991,-85.135077,34.775096],[942,991,-85.135085,34.775164],[967,994,-85.135093,34.775232],[992,996,-85.135101,34.7753],[1017,999,-85.13511,34.775369],[1040,1001,-85.135129,34.775431],[1065,1002,-85.135201,34.775466],[1090,1002,-85.135272,34.775501],[1115,1003,-85.135344,34.775537],[1140,1006,-85.135416,34.775572],[1165,1009,-85.135487,34.775607],[1190,1013,-85.135559,34.775642],[1215,1016,-85.13563,34.775678],[1240,1019,-85.135702,34.775713],[1265,1021,-85.135773,34.775748],[1290,1024,-85.135845,34.775783],[1315,1025,-85.135916,34.775819],[1340,1026,-85.135988,34.775854],[1365,1028,-85.136059,34.775889],[1390,1027,-85.136131,34.775924],[1415,1027,-85.136203,34.77596],[1440,1029,-85.136274,34.775995],[1465,1028,-85.136337,34.776039],[1490,1030,-85.136396,34.776088],[1515,1033,-85.136455,34.776136],[1540,1034,-85.136514,34.776185],[1565,1036,-85.136573,34.776233],[1590,1038,-85.136632,34.776282],[1615,1038,-85.136693,34.776327],[1640,1035,-85.13677,34.776354],[1665,1032,-85.136847,34.776381],[1690,1026,-85.136923,34.776408],[1715,1026,-85.137,34.776435],[1740,1022,-85.137077,34.776462],[1765,1020,-85.137154,34.776489],[1790,1019,-85.13723,34.776516],[1815,1022,-85.137307,34.776543],[1840,1025,-85.137384,34.77657],[1865,1030,-85.13746,34.776597],[1890,1034,-85.137537,34.776624],[1915,1034,-85.137614,34.776651],[1940,1038,-85.13769,34.776678],[1965,1042,-85.137767,34.776705],[1990,1045,-85.137844,34.776732],[2015,1044,-85.13792,34.776759],[2040,1047,-85.137997,34.776786],[2065,1051,-85.138076,34.776807],[2090,1049,-85.138157,34.776823],[2115,1051,-85.138239,34.776838],[2140,1048,-85.13832,34.776853],[2165,1045,-85.138401,34.776869],[2190,1046,-85.138483,34.776884],[2215,1043,-85.138564,34.7769],[2240,1043,-85.138645,34.776915],[2265,1039,-85.138726,34.77693],[2290,1039,-85.138808,34.776946],[2315,1037,-85.138889,34.776961],[2340,1036,-85.13897,34.776977],[2365,1032,-85.139052,34.776992],[2390,1030,-85.139133,34.777007],[2414,1030,-85.139197,34.777049],[2439,1031,-85.139256,34.777097],[2464,1032,-85.139315,34.777146],[2489,1037,-85.139334,34.777211],[2514,1039,-85.139347,34.777279],[2539,1042,-85.13936,34.777346],[2564,1045,-85.139373,34.777414],[2589,1046,-85.139386,34.777482],[2613,1045,-85.139346,34.77754],[2638,1044,-85.139302,34.777599],[2662,1044,-85.139288,34.777661],[2687,1044,-85.139304,34.777728],[2712,1044,-85.139321,34.777795],[2737,1045,-85.139338,34.777863],[2762,1045,-85.139355,34.77793],[2787,1046,-85.139371,34.777997],[2812,1046,-85.139388,34.778064],[2837,1047,-85.139405,34.778131],[2862,1051,-85.139421,34.778198],[2887,1053,-85.139438,34.778265],[2912,1057,-85.139455,34.778333],[2937,1058,-85.139472,34.7784],[2961,1057,-85.139424,34.778455],[2986,1057,-85.139373,34.778509],[3011,1059,-85.139323,34.778563],[3036,1060,-85.139272,34.778618],[3057,1059,-85.139296,34.778672],[3082,1064,-85.139347,34.778725],[3107,1073,-85.139399,34.778779],[3132,1079,-85.13945,34.778833],[3155,1087,-85.139487,34.778888],[3180,1085,-85.139444,34.778946],[3205,1085,-85.1394,34.779005],[3230,1085,-85.139356,34.779063],[3255,1083,-85.139312,34.779121],[3280,1082,-85.139269,34.77918],[3305,1081,-85.139225,34.779238],[3330,1081,-85.139181,34.779296],[3355,1081,-85.139131,34.77935],[3380,1081,-85.139066,34.779393],[3405,1088,-85.139001,34.779436],[3430,1101,-85.138936,34.779478],[3455,1108,-85.138871,34.779521],[3471,1107,-85.138852,34.779564],[3496,1100,-85.138917,34.779607],[3521,1091,-85.138982,34.77965],[3546,1090,-85.139048,34.779693],[3571,1089,-85.139113,34.779735],[3592,1090,-85.139143,34.779788],[3617,1091,-85.139123,34.779855],[3642,1090,-85.139104,34.779921],[3667,1092,-85.139085,34.779988],[3692,1094,-85.139065,34.780055],[3717,1094,-85.139046,34.780121],[3742,1096,-85.139068,34.780186],[3767,1097,-85.139097,34.780251],[3792,1102,-85.139125,34.780315],[3815,1101,-85.139087,34.780372],[3840,1099,-85.139038,34.780427],[3865,1098,-85.138989,34.780483],[3889,1099,-85.138963,34.780542],[3914,1103,-85.138977,34.78061],[3939,1108,-85.138991,34.780677],[3964,1110,-85.139005,34.780745],[3989,1114,-85.139019,34.780812],[4014,1121,-85.139033,34.78088],[4039,1127,-85.139047,34.780948],[4064,1131,-85.139061,34.781015],[4089,1135,-85.139075,34.781083],[4107,1137,-85.139068,34.781132],[4132,1137,-85.138985,34.781121],[4157,1138,-85.138903,34.78111],[4182,1141,-85.138821,34.781099],[4207,1147,-85.138738,34.781087],[4232,1156,-85.138656,34.781076],[4257,1163,-85.138574,34.781065],[4282,1165,-85.138492,34.781054],[4304,1168,-85.138422,34.781069],[4329,1173,-85.13837,34.781122],[4354,1177,-85.138319,34.781176],[4379,1181,-85.138267,34.78123],[4404,1185,-85.138215,34.781284],[4426,1184,-85.138142,34.781273],[4451,1184,-85.138065,34.781248],[4476,1181,-85.137987,34.781223],[4501,1178,-85.137909,34.781199],[4526,1177,-85.137831,34.781174],[4551,1175,-85.137753,34.781149],[4576,1172,-85.137676,34.781124],[4601,1170,-85.137598,34.781099],[4626,1171,-85.13752,34.781074],[4651,1169,-85.137442,34.78105],[4676,1169,-85.13736,34.78105],[4701,1168,-85.137276,34.781053],[4726,1166,-85.137193,34.781056],[4751,1161,-85.13711,34.781059],[4776,1156,-85.137026,34.781062],[4801,1152,-85.136943,34.781065],[4826,1144,-85.13686,34.781068],[4851,1136,-85.136776,34.781071],[4876,1130,-85.136693,34.781074],[4901,1126,-85.13661,34.781077],[4926,1122,-85.136526,34.78108],[4951,1119,-85.136443,34.781083],[4976,1116,-85.136359,34.781086],[5001,1114,-85.136276,34.781089],[5026,1111,-85.136193,34.781092],[5051,1108,-85.136109,34.781096],[5076,1106,-85.136026,34.781099],[5100,1103,-85.135948,34.781081],[5125,1100,-85.135872,34.781051],[5150,1096,-85.135797,34.781022],[5175,1094,-85.135722,34.780993],[5200,1092,-85.135646,34.780963],[5225,1088,-85.135571,34.780934],[5250,1084,-85.135496,34.780904],[5275,1081,-85.13542,34.780875],[5300,1075,-85.135345,34.780846],[5325,1070,-85.135269,34.780816],[5350,1065,-85.135194,34.780787],[5375,1062,-85.135119,34.780758],[5400,1059,-85.135043,34.780728],[5425,1055,-85.134968,34.780699],[5450,1051,-85.134893,34.780669],[5475,1048,-85.134817,34.78064],[5500,1044,-85.134742,34.780611],[5525,1038,-85.134666,34.780581],[5550,1034,-85.134591,34.780552],[5575,1029,-85.134516,34.780523],[5600,1025,-85.13444,34.780493],[5625,1021,-85.134365,34.780464],[5650,1019,-85.13429,34.780434],[5675,1016,-85.134214,34.780405],[5700,1014,-85.134139,34.780376],[5725,1009,-85.134063,34.780346],[5750,1005,-85.133988,34.780317],[5775,1002,-85.133913,34.780287],[5800,1001,-85.133837,34.780258],[5825,998,-85.133762,34.780229],[5850,995,-85.133687,34.780199],[5875,992,-85.133611,34.78017],[5900,990,-85.133536,34.780141],[5925,987,-85.133461,34.780114],[5950,985,-85.133387,34.780147],[5975,983,-85.133313,34.780179],[6000,983,-85.13324,