{"trail":"Houston Valley ORV 181P","distance":10313,"gain":514,"loss":897,"min":947,"max":1367,"profile":[[0,1330,-85.126598,34.771917],[25,1331,-85.126556,34.771976],[50,1330,-85.126514,34.772036],[75,1330,-85.126473,34.772095],[100,1331,-85.126431,34.772154],[125,1329,-85.126389,34.772214],[150,1328,-85.126347,34.772273],[175,1325,-85.126306,34.772332],[200,1323,-85.126264,34.772392],[225,1319,-85.126222,34.772451],[250,1316,-85.126181,34.77251],[275,1312,-85.126139,34.77257],[300,1307,-85.126097,34.772629],[325,1299,-85.126055,34.772688],[350,1293,-85.126029,34.772753],[375,1281,-85.126013,34.77282],[400,1273,-85.125996,34.772887],[425,1269,-85.12598,34.772954],[450,1257,-85.125963,34.773021],[475,1250,-85.125946,34.773089],[500,1240,-85.12593,34.773156],[525,1236,-85.125913,34.773223],[550,1232,-85.125897,34.77329],[575,1223,-85.12588,34.773357],[600,1219,-85.125863,34.773424],[625,1213,-85.125847,34.773491],[650,1209,-85.12583,34.773559],[675,1207,-85.125814,34.773626],[700,1200,-85.125797,34.773693],[725,1195,-85.12578,34.77376],[750,1190,-85.125764,34.773827],[775,1184,-85.125735,34.773892],[800,1176,-85.125705,34.773955],[825,1168,-85.125674,34.774019],[850,1164,-85.125643,34.774083],[875,1157,-85.125613,34.774146],[900,1152,-85.125582,34.77421],[925,1149,-85.125551,34.774274],[950,1145,-85.125521,34.774338],[975,1142,-85.12549,34.774401],[1000,1140,-85.125459,34.774465],[1025,1138,-85.125429,34.774529],[1050,1135,-85.125398,34.774593],[1074,1134,-85.125318,34.774596],[1099,1130,-85.125234,34.774596],[1119,1129,-85.125176,34.774621],[1144,1131,-85.125159,34.774688],[1169,1136,-85.125143,34.774756],[1194,1138,-85.125127,34.774823],[1218,1144,-85.125095,34.774884],[1243,1150,-85.125044,34.774939],[1268,1155,-85.124993,34.774993],[1293,1163,-85.124942,34.775047],[1318,1167,-85.124892,34.775102],[1343,1175,-85.124841,34.775156],[1368,1179,-85.12479,34.77521],[1393,1187,-85.124739,34.775264],[1418,1196,-85.124688,34.775319],[1443,1201,-85.124621,34.77536],[1468,1208,-85.124554,34.7754],[1493,1214,-85.124487,34.775441],[1518,1223,-85.12442,34.775482],[1543,1229,-85.124353,34.775522],[1568,1238,-85.124286,34.775563],[1593,1247,-85.124219,34.775604],[1617,1251,-85.124182,34.775661],[1642,1259,-85.124161,34.775728],[1667,1264,-85.124141,34.775794],[1690,1271,-85.1241,34.775849],[1715,1278,-85.124034,34.775892],[1740,1281,-85.123968,34.775934],[1765,1285,-85.123903,34.775976],[1790,1288,-85.123837,34.776018],[1815,1295,-85.123771,34.776061],[1840,1299,-85.123706,34.776103],[1865,1305,-85.12364,34.776145],[1890,1311,-85.123602,34.776206],[1915,1315,-85.123566,34.776268],[1940,1319,-85.12353,34.77633],[1965,1324,-85.123494,34.776391],[1990,1329,-85.123458,34.776453],[2015,1332,-85.123422,34.776515],[2040,1335,-85.123386,34.776577],[2065,1337,-85.123328,34.776625],[2090,1342,-85.123265,34.77667],[2115,1344,-85.123203,34.776715],[2140,1348,-85.12314,34.776761],[2165,1351,-85.123077,34.776806],[2190,1354,-85.123015,34.776851],[2215,1359,-85.122952,34.776896],[2240,1364,-85.122889,34.776942],[2265,1367,-85.122827,34.776987],[2290,1367,-85.122764,34.777032],[2315,1367,-85.122701,34.777077],[2340,1367,-85.122646,34.777128],[2365,1367,-85.122599,34.777184],[2390,1366,-85.122551,34.777241],[2415,1365,-85.122503,34.777297],[2440,1361,-85.122456,34.777353],[2465,1359,-85.122408,34.777409],[2490,1357,-85.12236,34.777466],[2514,1354,-85.122324,34.777526],[2539,1350,-85.122312,34.777593],[2564,1344,-85.122301,34.777661],[2589,1336,-85.122289,34.777729],[2610,1331,-85.122229,34.777759],[2635,1331,-85.122147,34.777771],[2660,1329,-85.122065,34.777783],[2685,1324,-85.121983,34.777796],[2710,1323,-85.121901,34.777808],[2735,1320,-85.121819,34.77782],[2760,1312,-85.121737,34.777832],[2785,1307,-85.121654,34.777844],[2810,1302,-85.121572,34.777856],[2835,1296,-85.12149,34.777868],[2859,1290,-85.121416,34.777895],[2884,1286,-85.12135,34.777937],[2909,1281,-85.121284,34.777978],[2934,1278,-85.121217,34.77802],[2957,1273,-85.121169,34.778069],[2982,1273,-85.121169,34.778138],[3007,1273,-85.121169,34.778206],[3030,1274,-85.121213,34.778258],[3055,1273,-85.121275,34.778304],[3080,1272,-85.121338,34.778349],[3105,1271,-85.1214,34.778395],[3130,1270,-85.121463,34.77844],[3155,1265,-85.121525,34.778485],[3179,1268,-85.121523,34.77855],[3204,1276,-85.12151,34.778618],[3229,1280,-85.121497,34.778685],[3254,1283,-85.121484,34.778753],[3279,1286,-85.121471,34.778821],[3304,1291,-85.121458,34.778888],[3329,1291,-85.121445,34.778956],[3354,1290,-85.121432,34.779024],[3379,1292,-85.121419,34.779091],[3404,1291,-85.121405,34.779159],[3429,1288,-85.121392,34.779227],[3454,1290,-85.121379,34.779294],[3479,1287,-85.121366,34.779362],[3504,1283,-85.121353,34.77943],[3529,1284,-85.12134,34.779498],[3554,1281,-85.121327,34.779565],[3579,1278,-85.121314,34.779633],[3604,1274,-85.121301,34.779701],[3629,1275,-85.121288,34.779768],[3654,1271,-85.121273,34.779835],[3679,1273,-85.121228,34.779893],[3704,1273,-85.121184,34.779951],[3729,1274,-85.121139,34.780009],[3754,1275,-85.121095,34.780067],[3779,1275,-85.12105,34.780125],[3804,1276,-85.121006,34.780183],[3829,1275,-85.120961,34.780241],[3854,1274,-85.120917,34.780299],[3879,1275,-85.120872,34.780357],[3904,1273,-85.120827,34.780415],[3929,1271,-85.120783,34.780473],[3953,1269,-85.120757,34.780536],[3978,1266,-85.120749,34.780604],[4003,1261,-85.120741,34.780672],[4028,1259,-85.120733,34.78074],[4053,1253,-85.120725,34.780809],[4078,1248,-85.120717,34.780877],[4103,1242,-85.120709,34.780945],[4128,1236,-85.120701,34.781013],[4148,1236,-85.120655,34.781051],[4173,1241,-85.120572,34.781059],[4198,1241,-85.120489,34.781068],[4223,1244,-85.120406,34.781076],[4248,1245,-85.120324,34.781084],[4273,1247,-85.120241,34.781093],[4298,1244,-85.120158,34.781101],[4323,1246,-85.120075,34.781109],[4348,1247,-85.119992,34.781118],[4373,1247,-85.11991,34.781126],[4398,1247,-85.119827,34.781134],[4423,1241,-85.119744,34.781143],[4448,1241,-85.119661,34.781151],[4472,1240,-85.11958,34.781138],[4497,1247,-85.119499,34.781121],[4522,1246,-85.119419,34.781103],[4547,1251,-85.119338,34.781086],[4572,1249,-85.119257,34.781069],[4597,1255,-85.119177,34.781051],[4622,1254,-85.119096,34.781034],[4647,1262,-85.119015,34.781016],[4672,1262,-85.118935,34.780999],[4697,1268,-85.118854,34.780981],[4721,1262,-85.118776,34.780996],[4746,1261,-85.1187,34.781024],[4771,1257,-85.118624,34.781052],[4796,1259,-85.118548,34.781081],[4821,1260,-85.118472,34.781109],[4846,1264,-85.118397,34.781138],[4871,1266,-85.118343,34.78119],[4896,1275,-85.118289,34.781242],[4921,1279,-85.118235,34.781294],[4946,1286,-85.11818,34.781347],[4969,1292,-85.118146,34.781404],[4994,1297,-85.118152,34.781472],[5019,1302,-85.118158,34.781541],[5044,1311,-85.118165,34.781609],[5069,1313,-85.118232,34.781648],[5094,1318,-85.118302,34.781686],[5119,1322,-85.118371,34.781724],[5144,1323,-85.118441,34.781762],[5169,1322,-85.11851,34.7818],[5194,1322,-85.11858,34.781838],[5215,1321,-85.118611,34.78189],[5240,1322,-85.118601,34.781958],[5265,1326,-85.118591,34.782026],[5290,1325,-85.118582,34.782094],[5315,1324,-85.118572,34.782162],[5340,1322,-85.118562,34.782231],[5365,1320,-85.118552,34.782299],[5390,1323,-85.118543,34.782367],[5415,1321,-85.118533,34.782435],[5440,1322,-85.118504,34.782498],[5465,1323,-85.118465,34.782558],[5490,1320,-85.118426,34.782619],[5515,1322,-85.118387,34.78268],[5540,1322,-85.118349,34.782741],[5565,1322,-85.11831,34.782801],[5590,1322,-85.118271,34.782862],[5615,1323,-85.118233,34.782923],[5640,1323,-85.118194,34.782983],[5665,1322,-85.118155,34.783044],[5690,1324,-85.118116,34.783105],[5715,1323,-85.118078,34.783166],[5740,1319,-85.118039,34.783226],[5765,1318,-85.118,34.783287],[5790,1318,-85.117962,34.783348],[5815,1316,-85.117923,34.783408],[5840,1314,-85.117884,34.783469],[5865,1314,-85.117845,34.78353],[5890,1311,-85.117807,34.78359],[5915,1307,-85.117768,34.783651],[5940,1304,-85.117729,34.783712],[5965,1304,-85.117691,34.783773],[5990,1296,-85.117652,34.783833],[6015,