{"trail":"Houston Valley ORV 181C","distance":5273,"gain":273,"loss":273,"min":1029,"max":1209,"profile":[[0,1093,-85.132649,34.790052],[25,1095,-85.132687,34.790113],[50,1098,-85.132725,34.790174],[75,1100,-85.132763,34.790235],[100,1102,-85.132801,34.790296],[125,1103,-85.132839,34.790357],[150,1105,-85.132877,34.790418],[175,1108,-85.132915,34.790479],[200,1109,-85.132953,34.79054],[225,1112,-85.13299,34.790601],[250,1115,-85.133028,34.790662],[275,1120,-85.133066,34.790724],[300,1123,-85.133104,34.790785],[325,1127,-85.133142,34.790846],[349,1130,-85.133195,34.790895],[374,1132,-85.133267,34.790929],[399,1133,-85.13334,34.790963],[424,1134,-85.133412,34.790998],[449,1135,-85.133484,34.791032],[474,1136,-85.133557,34.791066],[499,1137,-85.133629,34.7911],[524,1139,-85.133701,34.791134],[549,1142,-85.133774,34.791168],[574,1145,-85.133846,34.791203],[599,1148,-85.133918,34.791237],[624,1151,-85.133991,34.791271],[649,1152,-85.134063,34.791305],[674,1152,-85.134135,34.791339],[699,1154,-85.134208,34.791374],[724,1156,-85.13428,34.791408],[749,1157,-85.134352,34.791442],[774,1159,-85.134425,34.791476],[799,1162,-85.134497,34.79151],[824,1167,-85.134569,34.791544],[849,1171,-85.134642,34.791579],[874,1177,-85.134714,34.791613],[898,1180,-85.134794,34.791615],[923,1184,-85.134877,34.791608],[948,1187,-85.13496,34.791601],[973,1192,-85.135043,34.791593],[998,1197,-85.135126,34.791586],[1023,1199,-85.135202,34.791612],[1048,1204,-85.135276,34.791643],[1073,1208,-85.135351,34.791674],[1098,1208,-85.135425,34.791705],[1123,1209,-85.1355,34.791736],[1148,1208,-85.135574,34.791767],[1173,1206,-85.135648,34.791798],[1198,1202,-85.135723,34.791829],[1223,1200,-85.135797,34.79186],[1248,1195,-85.135871,34.791892],[1273,1189,-85.135946,34.791923],[1298,1182,-85.13602,34.791954],[1323,1180,-85.136095,34.791985],[1348,1176,-85.136169,34.792016],[1373,1172,-85.136243,34.792047],[1398,1170,-85.136318,34.792078],[1423,1167,-85.136392,34.792109],[1442,1169,-85.136349,34.79215],[1467,1172,-85.136284,34.792193],[1492,1176,-85.136219,34.792235],[1517,1178,-85.136154,34.792278],[1542,1184,-85.136089,34.792321],[1567,1187,-85.136024,34.792364],[1592,1195,-85.135966,34.792412],[1617,1195,-85.135933,34.792475],[1642,1198,-85.135899,34.792537],[1667,1199,-85.135866,34.7926],[1692,1196,-85.135832,34.792663],[1717,1194,-85.135798,34.792725],[1742,1190,-85.135765,34.792788],[1766,1187,-85.135725,34.792848],[1791,1187,-85.135666,34.792896],[1816,1185,-85.135607,34.792944],[1841,1183,-85.135548,34.792993],[1866,1180,-85.135489,34.793041],[1891,1177,-85.13543,34.79309],[1916,1175,-85.135371,34.793138],[1941,1176,-85.135299,34.793172],[1966,1178,-85.135226,34.793207],[1991,1181,-85.135154,34.793241],[2016,1183,-85.135082,34.793276],[2041,1186,-85.13501,34.79331],[2066,1189,-85.134938,34.793345],[2091,1189,-85.134866,34.793379],[2116,1191,-85.134794,34.793414],[2141,1192,-85.134722,34.793448],[2166,1194,-85.13465,34.793483],[2191,1197,-85.134578,34.793517],[2216,1199,-85.134506,34.793552],[2241,1201,-85.134434,34.793587],[2266,1201,-85.134361,34.793621],[2291,1198,-85.134281,34.793633],[2316,1195,-85.134198,34.793638],[2341,1192,-85.134114,34.793643],[2363,1188,-85.134043,34.793637],[2388,1186,-85.134037,34.793568],[2413,1181,-85.134032,34.7935],[2438,1176,-85.134026,34.793432],[2456,1174,-85.134046,34.793384],[2481,1175,-85.134129,34.793388],[2506,1178,-85.134213,34.793392],[2531,1181,-85.134296,34.793396],[2556,1183,-85.134379,34.7934],[2581,1185,-85.134453,34.793371],[2606,1184,-85.134526,34.793338],[2631,1181,-85.1346,34.793305],[2656,1179,-85.134673,34.793272],[2681,1177,-85.134746,34.793239],[2706,1176,-85.134819,34.793206],[2731,1172,-85.134892,34.793173],[2756,1169,-85.134966,34.79314],[2781,1167,-85.135039,34.793107],[2806,1165,-85.135112,34.793074],[2831,1166,-85.135185,34.793041],[2856,1170,-85.135258,34.793008],[2873,1170,-85.135262,34.792961],[2898,1170,-85.135216,34.792903],[2923,1169,-85.135171,34.792846],[2948,1173,-85.135126,34.792788],[2972,1173,-85.135071,34.79274],[2997,1175,-85.134995,34.792712],[3022,1176,-85.134918,34.792685],[3047,1176,-85.134842,34.792657],[3072,1173,-85.134766,34.79263],[3097,1175,-85.134689,34.792602],[3122,1173,-85.134613,34.792574],[3147,1171,-85.134536,34.792547],[3172,1167,-85.13446,34.792519],[3197,1165,-85.134384,34.792492],[3222,1163,-85.134307,34.792464],[3247,1158,-85.134231,34.792437],[3270,1154,-85.13421,34.792377],[3295,1153,-85.134203,34.792308],[3320,1151,-85.134197,34.79224],[3345,1149,-85.13419,34.792172],[3370,1149,-85.134183,34.792103],[3395,1150,-85.134177,34.792035],[3415,1149,-85.134144,34.791988],[3440,1143,-85.134061,34.791979],[3465,1138,-85.133978,34.791971],[3490,1135,-85.133895,34.791962],[3515,1133,-85.133812,34.791954],[3540,1131,-85.13373,34.791945],[3565,1128,-85.133647,34.791937],[3590,1126,-85.133564,34.791928],[3615,1123,-85.133481,34.791921],[3640,1122,-85.133402,34.791942],[3665,1118,-85.133322,34.791962],[3690,1115,-85.133242,34.791983],[3715,1109,-85.133163,34.792003],[3740,1103,-85.133083,34.792024],[3765,1096,-85.133004,34.792045],[3790,1088,-85.132924,34.792065],[3815,1084,-85.132844,34.792086],[3840,1076,-85.132765,34.792106],[3857,1073,-85.132727,34.792072],[3882,1073,-85.132714,34.792004],[3907,1069,-85.132702,34.791936],[3930,1070,-85.132674,34.791877],[3955,1067,-85.132599,34.791847],[3975,1063,-85.13253,34.791855],[4000,1061,-85.132467,34.7919],[4025,1056,-85.132404,34.791944],[4050,1053,-85.13234,34.791989],[4075,1048,-85.132277,34.792033],[4100,1046,-85.132214,34.792078],[4125,1042,-85.13215,34.792123],[4144,1041,-85.132089,34.79213],[4169,1040,-85.13203,34.792081],[4194,1037,-85.131971,34.792033],[4219,1035,-85.131912,34.791984],[4244,1032,-85.131853,34.791936],[4269,1031,-85.131794,34.791887],[4294,1031,-85.131735,34.791839],[4318,1029,-85.131683,34.791788],[4343,1030,-85.131682,34.791719],[4368,1032,-85.131682,34.791651],[4393,1036,-85.131681,34.791582],[4418,1040,-85.13168,34.791514],[4443,1044,-85.131679,34.791445],[4468,1047,-85.131678,34.791377],[4493,1050,-85.131678,34.791308],[4518,1051,-85.131677,34.79124],[4543,1052,-85.131676,34.791171],[4568,1051,-85.131675,34.791103],[4593,1050,-85.131674,34.791034],[4618,1048,-85.131674,34.790966],[4643,1046,-85.131673,34.790897],[4668,1045,-85.131672,34.790829],[4693,1044,-85.131671,34.79076],[4718,1046,-85.13167,34.790691],[4743,1050,-85.131669,34.790623],[4768,1054,-85.131669,34.790554],[4793,1056,-85.131668,34.790486],[4818,1058,-85.131667,34.790417],[4843,1059,-85.131666,34.790349],[4868,1059,-85.131665,34.79028],[4893,1060,-85.131665,34.790212],[4918,1060,-85.131664,34.790143],[4943,1060,-85.131663,34.790075],[4968,1060,-85.131662,34.790006],[4986,1063,-85.131715,34.789985],[5011,1069,-85.131798,34.789991],[5036,1074,-85.131882,34.789997],[5061,1078,-85.131965,34.790003],[5086,1082,-85.132048,34.790009],[5111,1084,-85.132131,34.790014],[5136,1087,-85.132214,34.79002],[5161,1088,-85.132297,34.790026],[5186,1089,-85.13238,34.790032],[5211,1090,-85.132464,34.790038],[5236,1090,-85.132547,34.790044],[5261,1091,-85.13263,34.790049],[5273,1093,-85.13267,34.790052]]}