{"trail":"Houston Valley ORV 181O","distance":904,"gain":6,"loss":123,"min":1006,"max":1128,"profile":[[0,1128,-85.125182,34.774596],[25,1125,-85.125101,34.774614],[50,1123,-85.125021,34.774632],[74,1124,-85.124943,34.774645],[99,1120,-85.124907,34.774583],[124,1112,-85.124871,34.774521],[149,1102,-85.124835,34.774459],[174,1090,-85.124799,34.774398],[199,1083,-85.124763,34.774336],[224,1075,-85.124727,34.774274],[246,1070,-85.124667,34.77424],[271,1067,-85.124584,34.774232],[296,1064,-85.124502,34.774224],[321,1063,-85.124419,34.774217],[346,1063,-85.124336,34.774209],[371,1062,-85.124253,34.774201],[396,1062,-85.12417,34.774193],[421,1057,-85.124087,34.774186],[446,1057,-85.124004,34.774178],[471,1056,-85.123921,34.77417],[496,1055,-85.123838,34.774162],[520,1050,-85.123757,34.774152],[545,1045,-85.123683,34.774119],[570,1043,-85.12361,34.774086],[595,1040,-85.123537,34.774053],[620,1037,-85.123464,34.77402],[645,1034,-85.12339,34.773988],[670,1031,-85.123317,34.773955],[695,1027,-85.123244,34.773922],[720,1023,-85.123171,34.773889],[745,1019,-85.123097,34.773856],[770,1016,-85.123024,34.773823],[795,1012,-85.122951,34.773791],[820,1008,-85.122878,34.773758],[842,1007,-85.122809,34.773744],[867,1006,-85.122754,34.773796],[892,1010,-85.122699,34.773848],[904,1011,-85.122671,34.773874]]}