{"trail":"Houston Valley ORV 181R","distance":1981,"gain":57,"loss":70,"min":948,"max":1006,"profile":[[0,1003,-85.128186,34.77791],[25,1003,-85.128221,34.777847],[50,1003,-85.128256,34.777785],[75,1004,-85.128291,34.777723],[100,1003,-85.128326,34.777661],[125,1003,-85.128361,34.777599],[150,1002,-85.128396,34.777536],[175,1001,-85.12843,34.777474],[200,1002,-85.128465,34.777412],[225,1005,-85.1285,34.77735],[250,1006,-85.128535,34.777287],[275,1005,-85.12857,34.777225],[300,1003,-85.12865,34.777211],[325,1001,-85.128732,34.777199],[350,1000,-85.128815,34.777187],[375,997,-85.128897,34.777175],[400,996,-85.128979,34.777163],[425,995,-85.129061,34.777151],[450,993,-85.129143,34.777139],[475,990,-85.129225,34.777127],[500,988,-85.129307,34.777115],[525,985,-85.12939,34.777103],[550,982,-85.129472,34.777091],[575,980,-85.129554,34.777079],[600,976,-85.129636,34.777067],[625,973,-85.129718,34.777055],[650,970,-85.1298,34.777043],[675,968,-85.129882,34.777031],[700,966,-85.129965,34.777019],[725,964,-85.130047,34.777007],[750,961,-85.130129,34.776995],[775,958,-85.130211,34.776983],[800,955,-85.130293,34.776971],[825,952,-85.130375,34.776959],[850,951,-85.130457,34.776947],[871,950,-85.130517,34.776912],[896,950,-85.130548,34.776849],[921,950,-85.13058,34.776785],[946,950,-85.130611,34.776722],[971,951,-85.130642,34.776658],[996,951,-85.130674,34.776595],[1021,952,-85.130705,34.776531],[1046,954,-85.130736,34.776468],[1071,955,-85.130767,34.776404],[1096,956,-85.130799,34.77634],[1121,956,-85.13083,34.776277],[1146,959,-85.130861,34.776213],[1167,955,-85.130931,34.776216],[1192,952,-85.131011,34.776236],[1217,951,-85.131091,34.776256],[1242,949,-85.13117,34.776276],[1267,949,-85.13125,34.776296],[1292,949,-85.13133,34.776316],[1317,948,-85.13141,34.776336],[1342,949,-85.13149,34.776355],[1367,950,-85.131569,34.776375],[1392,951,-85.131649,34.776395],[1417,952,-85.131729,34.776415],[1442,953,-85.131809,34.776435],[1467,954,-85.13188,34.776467],[1492,955,-85.13194,34.776515],[1517,957,-85.132,34.776563],[1542,958,-85.13206,34.77661],[1567,960,-85.132119,34.776658],[1592,961,-85.132179,34.776706],[1617,963,-85.132239,34.776754],[1642,965,-85.132299,34.776802],[1667,966,-85.132359,34.776849],[1692,968,-85.132418,34.776897],[1717,969,-85.132478,34.776945],[1742,970,-85.132538,34.776993],[1767,973,-85.132598,34.77704],[1791,975,-85.132661,34.777084],[1816,978,-85.132741,34.777102],[1841,981,-85.132821,34.77712],[1866,984,-85.132902,34.777139],[1891,986,-85.132982,34.777157],[1916,987,-85.133063,34.777175],[1941,988,-85.133143,34.777193],[1966,989,-85.133224,34.777212],[1981,990,-85.133271,34.777222]]}