{"trail":"Houston Valley ORV 181H","distance":1891,"gain":130,"loss":17,"min":975,"max":1088,"profile":[[0,975,-85.133014,34.774015],[25,980,-85.133097,34.774018],[50,984,-85.13318,34.77402],[75,986,-85.133264,34.774023],[100,988,-85.133347,34.774026],[125,990,-85.13343,34.774029],[150,994,-85.133514,34.774032],[175,997,-85.133597,34.774035],[200,999,-85.133681,34.774038],[225,1001,-85.133764,34.774041],[250,1001,-85.133847,34.774044],[275,1001,-85.133931,34.774047],[300,1001,-85.134013,34.774053],[325,1001,-85.134092,34.774075],[350,1001,-85.134171,34.774097],[375,1001,-85.13425,34.77412],[400,1001,-85.134329,34.774142],[425,1002,-85.134408,34.774164],[450,1002,-85.134487,34.774186],[475,1003,-85.134566,34.774208],[500,1004,-85.134645,34.77423],[525,1004,-85.134724,34.774252],[550,1007,-85.134803,34.774274],[575,1008,-85.134882,34.774296],[600,1012,-85.134961,34.774318],[619,1012,-85.135025,34.774308],[644,1012,-85.135065,34.774248],[669,1016,-85.135105,34.774188],[692,1019,-85.135128,34.77413],[717,1022,-85.135068,34.774083],[742,1023,-85.135008,34.774035],[767,1026,-85.134948,34.773988],[792,1030,-85.134887,34.77394],[817,1033,-85.134827,34.773893],[842,1031,-85.134767,34.773845],[867,1038,-85.134707,34.773798],[892,1039,-85.134647,34.77375],[916,1037,-85.134592,34.773699],[941,1042,-85.134556,34.773638],[966,1048,-85.13452,34.773576],[991,1049,-85.134483,34.773514],[1016,1048,-85.134447,34.773453],[1041,1047,-85.134411,34.773391],[1066,1046,-85.134374,34.773329],[1091,1043,-85.134338,34.773268],[1116,1042,-85.134302,34.773206],[1135,1039,-85.134307,34.773154],[1160,1039,-85.134377,34.773116],[1185,1040,-85.134447,34.773079],[1210,1041,-85.134517,34.773042],[1235,1040,-85.134587,34.773004],[1260,1040,-85.134657,34.772967],[1284,1038,-85.13473,34.772944],[1309,1043,-85.13481,34.772963],[1334,1044,-85.13489,34.772982],[1359,1048,-85.13497,34.773001],[1384,1049,-85.135051,34.77302],[1409,1053,-85.135131,34.773038],[1434,1053,-85.135211,34.773057],[1459,1057,-85.135291,34.773076],[1484,1057,-85.135371,34.773095],[1509,1061,-85.135452,34.773114],[1534,1061,-85.135532,34.773133],[1559,1065,-85.135612,34.773151],[1584,1068,-85.135692,34.77317],[1608,1069,-85.135772,34.773182],[1633,1069,-85.135848,34.773154],[1658,1070,-85.135924,34.773126],[1683,1072,-85.136,34.773097],[1708,1076,-85.136076,34.773069],[1733,1080,-85.136152,34.773041],[1757,1081,-85.136216,34.773],[1782,1084,-85.136267,34.772946],[1807,1085,-85.136318,34.772892],[1832,1087,-85.136369,34.772838],[1857,1088,-85.13642,34.772783],[1882,1088,-85.136472,34.772729],[1891,1088,-85.13649,34.77271]]}