{"trail":"Houston Valley ORV 181T","distance":5342,"gain":106,"loss":100,"min":942,"max":985,"profile":[[0,969,-85.128636,34.788131],[25,968,-85.128577,34.788083],[50,968,-85.128518,34.788034],[75,967,-85.128459,34.787986],[100,966,-85.1284,34.787938],[125,965,-85.128341,34.787889],[150,964,-85.128282,34.787841],[175,963,-85.128223,34.787792],[197,963,-85.128229,34.787733],[222,963,-85.12826,34.787669],[247,961,-85.128291,34.787605],[272,960,-85.128321,34.787541],[297,959,-85.128352,34.787478],[322,959,-85.128383,34.787414],[347,957,-85.128413,34.78735],[372,956,-85.128444,34.787286],[397,955,-85.128475,34.787223],[422,953,-85.128505,34.787159],[447,952,-85.12853,34.787094],[472,950,-85.128536,34.787026],[497,949,-85.128541,34.786957],[522,948,-85.128546,34.786889],[547,946,-85.128552,34.786821],[572,944,-85.128557,34.786752],[597,943,-85.128562,34.786684],[622,944,-85.128568,34.786615],[645,947,-85.128557,34.786553],[670,947,-85.128492,34.78651],[695,949,-85.128427,34.786466],[720,951,-85.128363,34.786423],[745,957,-85.128298,34.78638],[770,960,-85.128233,34.786337],[795,963,-85.128168,34.786294],[820,964,-85.128104,34.78625],[845,968,-85.128039,34.786207],[870,968,-85.127974,34.786164],[895,969,-85.127909,34.786121],[910,969,-85.127929,34.786081],[935,972,-85.128,34.786044],[960,973,-85.12807,34.786007],[985,975,-85.12814,34.78597],[1010,977,-85.128215,34.785944],[1035,978,-85.128298,34.785936],[1060,979,-85.128381,34.785929],[1085,981,-85.128464,34.785922],[1110,983,-85.128547,34.785915],[1135,984,-85.12863,34.785908],[1160,984,-85.128713,34.785901],[1185,984,-85.128796,34.785893],[1210,985,-85.128879,34.785886],[1235,983,-85.128962,34.785879],[1259,981,-85.129038,34.785857],[1284,980,-85.129109,34.78582],[1309,980,-85.129179,34.785784],[1334,979,-85.12925,34.785747],[1359,979,-85.12932,34.78571],[1384,979,-85.129391,34.785674],[1409,978,-85.129462,34.785637],[1434,977,-85.129532,34.785601],[1459,976,-85.129606,34.78557],[1484,975,-85.129686,34.78555],[1509,975,-85.129766,34.785531],[1534,974,-85.129846,34.785511],[1559,974,-85.129926,34.785492],[1584,974,-85.130006,34.785472],[1609,974,-85.130086,34.785453],[1634,974,-85.130166,34.785433],[1659,974,-85.130246,34.785414],[1684,974,-85.130326,34.785394],[1698,974,-85.130354,34.785361],[1723,973,-85.130302,34.785308],[1748,973,-85.13025,34.785254],[1773,973,-85.130198,34.785201],[1798,972,-85.130146,34.785147],[1823,972,-85.130093,34.785094],[1848,971,-85.130041,34.78504],[1871,970,-85.130057,34.784979],[1896,969,-85.130089,34.784916],[1921,968,-85.130121,34.784852],[1946,967,-85.130153,34.784789],[1971,966,-85.130185,34.784726],[1996,965,-85.130217,34.784663],[2021,965,-85.130245,34.784599],[2046,965,-85.130235,34.784531],[2071,965,-85.130225,34.784463],[2096,963,-85.130215,34.784395],[2121,962,-85.130205,34.784327],[2146,961,-85.130195,34.784259],[2171,960,-85.130185,34.78419],[2196,959,-85.130175,34.784122],[2221,958,-85.130166,34.784054],[2246,957,-85.130156,34.783986],[2271,957,-85.130146,34.783918],[2295,956,-85.130125,34.783855],[2320,955,-85.130067,34.783805],[2345,954,-85.13001,34.783755],[2370,952,-85.129953,34.783705],[2395,951,-85.129895,34.783655],[2420,950,-85.129838,34.783606],[2445,949,-85.129781,34.783556],[2470,948,-85.129723,34.783506],[2495,947,-85.129666,34.783456],[2520,946,-85.129609,34.783407],[2545,945,-85.129551,34.783357],[2570,944,-85.129494,34.783307],[2595,943,-85.129437,34.783257],[2618,942,-85.129393,34.783206],[2643,943,-85.129429,34.783144],[2668,942,-85.129465,34.783082],[2693,942,-85.129501,34.78302],[2718,942,-85.129537,34.782959],[2743,942,-85.129573,34.782897],[2768,942,-85.129609,34.782835],[2793,942,-85.129646,34.782774],[2818,943,-85.129716,34.782737],[2843,944,-85.129787,34.782701],[2868,945,-85.129858,34.782665],[2893,946,-85.129929,34.782628],[2918,946,-85.129999,34.782592],[2943,947,-85.13007,34.782556],[2968,948,-85.130141,34.782519],[2992,947,-85.130176,34.782461],[3017,948,-85.130199,34.782395],[3042,948,-85.130222,34.782329],[3067,948,-85.130244,34.782263],[3092,949,-85.130267,34.782197],[3117,950,-85.130289,34.782131],[3142,952,-85.130312,34.782065],[3167,954,-85.130335,34.781999],[3189,957,-85.130368,34.781944],[3214,961,-85.130451,34.781935],[3239,965,-85.130534,34.781926],[3264,968,-85.130616,34.781916],[3289,970,-85.130699,34.781907],[3314,970,-85.130782,34.781898],[3339,971,-85.130864,34.781889],[3364,971,-85.130947,34.78188],[3389,972,-85.13103,34.781871],[3414,972,-85.131112,34.781861],[3439,973,-85.131187,34.781835],[3464,973,-85.131256,34.781797],[3489,973,-85.131325,34.781758],[3514,973,-85.131394,34.781719],[3539,973,-85.131463,34.781681],[3564,973,-85.131532,34.781642],[3589,972,-85.131601,34.781604],[3614,972,-85.13167,34.781565],[3637,971,-85.131687,34.781503],[3662,970,-85.131691,34.781434],[3687,970,-85.131694,34.781366],[3712,969,-85.131698,34.781297],[3737,968,-85.131702,34.781229],[3762,966,-85.131695,34.781162],[3787,963,-85.131672,34.781096],[3812,961,-85.131649,34.78103],[3837,957,-85.131625,34.780964],[3862,954,-85.131602,34.780898],[3887,951,-85.131578,34.780833],[3912,949,-85.131555,34.780767],[3937,949,-85.131531,34.780701],[3962,951,-85.131508,34.780635],[3987,952,-85.131485,34.78057],[4012,953,-85.131461,34.780504],[4036,954,-85.131458,34.780438],[4061,956,-85.131484,34.780373],[4086,957,-85.131509,34.780308],[4111,958,-85.131535,34.780243],[4136,959,-85.13156,34.780177],[4161,959,-85.131586,34.780112],[4186,960,-85.131612,34.780047],[4211,961,-85.131637,34.779982],[4236,962,-85.131662,34.779916],[4261,962,-85.131662,34.779848],[4286,962,-85.131662,34.779779],[4311,962,-85.131662,34.779711],[4336,962,-85.131662,34.779642],[4361,962,-85.131662,34.779574],[4385,963,-85.131675,34.779508],[4410,963,-85.131711,34.779446],[4435,963,-85.131747,34.779384],[4460,964,-85.131783,34.779322],[4485,964,-85.131819,34.77926],[4510,964,-85.131855,34.779199],[4535,964,-85.131891,34.779137],[4560,964,-85.131927,34.779075],[4585,965,-85.131963,34.779013],[4610,966,-85.131999,34.778951],[4635,966,-85.132035,34.77889],[4660,967,-85.132071,34.778828],[4685,967,-85.132107,34.778766],[4710,968,-85.132143,34.778704],[4735,968,-85.132179,34.778642],[4760,969,-85.132215,34.77858],[4785,969,-85.132251,34.778519],[4810,970,-85.132287,34.778457],[4835,970,-85.132323,34.778395],[4860,971,-85.132359,34.778333],[4885,972,-85.132395,34.778271],[4910,973,-85.132431,34.77821],[4935,974,-85.132467,34.778148],[4960,975,-85.132503,34.778086],[4985,976,-85.132539,34.778024],[5010,977,-85.132575,34.777962],[5034,978,-85.132605,34.777899],[5059,978,-85.132594,34.777831],[5084,977,-85.132584,34.777763],[5109,976,-85.132574,34.777695],[5134,976,-85.132564,34.777627],[5159,976,-85.132554,34.777559],[5184,976,-85.132544,34.777491],[5209,975,-85.132534,34.777423],[5234,974,-85.132524,34.777355],[5259,973,-85.13254,34.77729],[5284,974,-85.132573,34.777227],[5309,974,-85.132606,34.777164],[5334,975,-85.132639,34.777101],[5342,975,-85.132649,34.777081]]}