{"trail":"Houston Valley ORV 181M","distance":5123,"gain":342,"loss":105,"min":1113,"max":1350,"profile":[[0,1113,-85.126362,34.768674],[25,1113,-85.126421,34.768625],[50,1115,-85.12648,34.768577],[75,1115,-85.126539,34.768528],[100,1115,-85.126598,34.76848],[124,1119,-85.126634,34.76842],[149,1125,-85.126657,34.768355],[174,1128,-85.12668,34.768289],[199,1133,-85.126703,34.768223],[224,1135,-85.126726,34.768157],[249,1137,-85.126748,34.768091],[274,1139,-85.126771,34.768025],[299,1140,-85.126794,34.767959],[324,1143,-85.126817,34.767893],[349,1144,-85.12684,34.767827],[374,1146,-85.126863,34.767762],[399,1146,-85.126886,34.767696],[424,1148,-85.126909,34.76763],[449,1145,-85.126932,34.767564],[474,1146,-85.126955,34.767498],[499,1144,-85.126978,34.767432],[524,1146,-85.127001,34.767366],[549,1149,-85.127023,34.7673],[574,1154,-85.127046,34.767234],[599,1159,-85.127069,34.767169],[624,1164,-85.127092,34.767103],[649,1168,-85.127115,34.767037],[674,1173,-85.127142,34.766972],[699,1177,-85.127186,34.766914],[724,1183,-85.12723,34.766856],[749,1184,-85.127275,34.766798],[774,1189,-85.127319,34.76674],[799,1189,-85.127364,34.766682],[824,1193,-85.127408,34.766624],[849,1196,-85.127453,34.766566],[874,1197,-85.127497,34.766508],[899,1200,-85.127542,34.76645],[924,1203,-85.127586,34.766392],[949,1203,-85.127631,34.766334],[974,1206,-85.127675,34.766276],[999,1210,-85.127719,34.766218],[1024,1211,-85.127764,34.76616],[1049,1215,-85.127808,34.766102],[1074,1220,-85.127853,34.766044],[1099,1218,-85.127919,34.766005],[1124,1220,-85.127992,34.765972],[1149,1218,-85.128065,34.76594],[1174,1212,-85.128138,34.765907],[1199,1213,-85.128212,34.765874],[1224,1215,-85.128285,34.765841],[1249,1218,-85.128358,34.765808],[1274,1224,-85.128431,34.765775],[1299,1228,-85.128505,34.765743],[1324,1235,-85.128578,34.76571],[1349,1240,-85.128651,34.765677],[1374,1240,-85.128724,34.765644],[1399,1240,-85.128798,34.765611],[1423,1237,-85.128852,34.76556],[1448,1236,-85.128903,34.765506],[1473,1234,-85.128954,34.765452],[1498,1234,-85.128938,34.765387],[1523,1236,-85.128917,34.765321],[1548,1234,-85.128895,34.765254],[1573,1233,-85.128874,34.765188],[1597,1238,-85.128795,34.765177],[1622,1242,-85.128712,34.76517],[1647,1242,-85.128629,34.765162],[1672,1244,-85.128546,34.765155],[1697,1243,-85.128463,34.765148],[1722,1243,-85.12838,34.76514],[1747,1241,-85.128297,34.765133],[1771,1241,-85.128218,34.765147],[1796,1243,-85.128139,34.76517],[1821,1243,-85.128061,34.765194],[1846,1244,-85.127982,34.765217],[1871,1245,-85.127904,34.765241],[1896,1246,-85.127826,34.765264],[1921,1246,-85.127755,34.765299],[1946,1246,-85.127688,34.76534],[1971,1247,-85.127622,34.765381],[1996,1247,-85.127555,34.765423],[2021,1248,-85.127488,34.765464],[2046,1251,-85.127421,34.765505],[2071,1252,-85.127355,34.765546],[2096,1255,-85.127288,34.765587],[2121,1256,-85.127221,34.765628],[2146,1257,-85.127154,34.765669],[2169,1258,-85.127081,34.765694],[2194,1259,-85.126998,34.765692],[2219,1259,-85.126915,34.76569],[2244,1260,-85.126831,34.765688],[2269,1260,-85.126748,34.765687],[2294,1260,-85.126664,34.765685],[2319,1260,-85.126581,34.765683],[2344,1258,-85.126498,34.765681],[2369,1257,-85.126414,34.765679],[2394,1255,-85.126332,34.765681],[2419,1254,-85.126257,34.76571],[2444,1253,-85.126181,34.76574],[2469,1253,-85.126106,34.76577],[2494,1251,-85.126031,34.765799],[2519,1251,-85.125956,34.765829],[2544,1250,-85.125881,34.765859],[2569,1251,-85.125805,34.765888],[2594,1251,-85.12573,34.765918],[2619,1250,-85.125655,34.765948],[2644,1249,-85.12558,34.765977],[2669,1246,-85.125505,34.766007],[2694,1244,-85.125429,34.766036],[2719,1243,-85.125354,34.766066],[2744,1241,-85.125279,34.766096],[2769,1243,-85.125204,34.766125],[2794,1244,-85.125129,34.766155],[2819,1241,-85.125053,34.766185],[2844,1245,-85.124978,34.766214],[2869,1249,-85.124903,34.766244],[2894,1251,-85.124828,34.766274],[2919,1252,-85.124753,34.766303],[2944,1253,-85.124677,34.766333],[2969,1248,-85.124602,34.766363],[2994,1251,-85.124527,34.766392],[3019,1252,-85.124452,34.766422],[3044,1254,-85.124377,34.766452],[3069,1257,-85.124301,34.766481],[3094,1260,-85.124226,34.766511],[3119,1257,-85.124151,34.766541],[3144,1259,-85.124076,34.76657],[3169,1260,-85.124,34.7666],[3194,1262,-85.123925,34.76663],[3219,1262,-85.12385,34.766659],[3244,1261,-85.123775,34.766689],[3269,1260,-85.1237,34.766719],[3291,1260,-85.123655,34.766765],[3316,1266,-85.123647,34.766834],[3341,1271,-85.12364,34.766902],[3366,1275,-85.123633,34.76697],[3391,1278,-85.123625,34.767039],[3416,1281,-85.123618,34.767107],[3441,1279,-85.12361,34.767175],[3466,1281,-85.123603,34.767243],[3491,1284,-85.123596,34.767312],[3516,1286,-85.123588,34.76738],[3541,1287,-85.123581,34.767448],[3566,1288,-85.123573,34.767516],[3591,1285,-85.123566,34.767585],[3616,1288,-85.123558,34.767653],[3641,1294,-85.123551,34.767721],[3666,1293,-85.123475,34.767748],[3691,1294,-85.123398,34.767775],[3716,1293,-85.123321,34.767802],[3741,1295,-85.123245,34.767828],[3766,1295,-85.123168,34.767855],[3791,1293,-85.123091,34.767882],[3816,1289,-85.123014,34.767909],[3838,1288,-85.122945,34.767885],[3863,1283,-85.122879,34.767843],[3888,1281,-85.122814,34.767801],[3913,1279,-85.122748,34.767759],[3938,1277,-85.122682,34.767717],[3963,1277,-85.122616,34.767675],[3988,1275,-85.12255,34.767633],[4013,1277,-85.122484,34.767591],[4038,1277,-85.122418,34.767549],[4063,1280,-85.122343,34.767519],[4088,1283,-85.122267,34.767491],[4113,1290,-85.122192,34.767462],[4138,1291,-85.122116,34.767434],[4163,1293,-85.12204,34.767405],[4188,1292,-85.121964,34.767377],[4213,1289,-85.121888,34.767348],[4238,1289,-85.121812,34.76732],[4263,1286,-85.121736,34.767291],[4288,1286,-85.121661,34.767262],[4313,1286,-85.121616,34.767205],[4338,1290,-85.121571,34.767147],[4363,1297,-85.121525,34.76709],[4388,1305,-85.12148,34.767032],[4413,1311,-85.121434,34.766975],[4438,1315,-85.121389,34.766917],[4463,1318,-85.121344,34.76686],[4488,1315,-85.121298,34.766802],[4513,1313,-85.121253,34.766745],[4538,1312,-85.121207,34.766687],[4563,1312,-85.121162,34.76663],[4587,1314,-85.121153,34.766565],[4612,1319,-85.121161,34.766497],[4637,1324,-85.121169,34.766428],[4662,1323,-85.121176,34.76636],[4687,1327,-85.121184,34.766292],[4712,1328,-85.121192,34.766224],[4737,1331,-85.1212,34.766155],[4762,1334,-85.121207,34.766087],[4785,1334,-85.121236,34.766027],[4810,1333,-85.121294,34.765977],[4835,1335,-85.121351,34.765927],[4860,1337,-85.121409,34.765878],[4885,1342,-85.121466,34.765828],[4910,1340,-85.121524,34.765779],[4935,1343,-85.121581,34.765729],[4960,1343,-85.121639,34.765679],[4985,1346,-85.121673,34.765617],[5010,1345,-85.121706,34.765554],[5035,1347,-85.12174,34.765491],[5060,1348,-85.121773,34.765429],[5085,1349,-85.121806,34.765366],[5110,1350,-85.121839,34.765303],[5123,1350,-85.121856,34.765272]]}