{"trail":"Houston Valley ORV 181J","distance":11084,"gain":518,"loss":314,"min":991,"max":1196,"profile":[[0,991,-85.133915,34.772552],[25,995,-85.133933,34.772485],[50,996,-85.133952,34.772418],[75,1000,-85.13397,34.772351],[100,1003,-85.133988,34.772284],[125,1007,-85.134006,34.772217],[150,1009,-85.134025,34.77215],[175,1010,-85.134043,34.772084],[200,1014,-85.134061,34.772017],[225,1015,-85.13408,34.77195],[250,1019,-85.134098,34.771883],[275,1020,-85.134116,34.771816],[300,1024,-85.134134,34.771749],[325,1025,-85.134153,34.771682],[350,1025,-85.134171,34.771616],[375,1029,-85.134189,34.771549],[400,1029,-85.134208,34.771482],[425,1032,-85.134226,34.771415],[450,1032,-85.134244,34.771348],[475,1034,-85.134262,34.771281],[500,1033,-85.134281,34.771214],[525,1031,-85.134299,34.771148],[550,1031,-85.134317,34.771081],[575,1028,-85.134336,34.771014],[598,1028,-85.134385,34.770967],[623,1029,-85.13446,34.770937],[648,1029,-85.134535,34.770907],[673,1030,-85.13461,34.770878],[698,1027,-85.134685,34.770848],[723,1023,-85.13476,34.770818],[748,1019,-85.134836,34.770789],[773,1016,-85.134911,34.770759],[796,1019,-85.134989,34.770773],[821,1019,-85.135067,34.770795],[846,1022,-85.135146,34.770818],[871,1023,-85.135225,34.770841],[896,1027,-85.135304,34.770863],[921,1028,-85.135382,34.770886],[946,1027,-85.135461,34.770909],[971,1028,-85.13554,34.770932],[996,1029,-85.135618,34.770954],[1021,1027,-85.135697,34.770977],[1046,1030,-85.135761,34.771019],[1071,1031,-85.13582,34.771067],[1096,1032,-85.135879,34.771116],[1121,1034,-85.135938,34.771164],[1146,1035,-85.135997,34.771213],[1171,1040,-85.136027,34.771277],[1196,1047,-85.136056,34.771341],[1221,1048,-85.136086,34.771405],[1246,1051,-85.136116,34.771469],[1271,1056,-85.136146,34.771533],[1296,1057,-85.136176,34.771597],[1321,1058,-85.136206,34.771661],[1346,1059,-85.136236,34.771725],[1371,1061,-85.136266,34.771789],[1396,1061,-85.136295,34.771853],[1421,1062,-85.136325,34.771917],[1446,1065,-85.136355,34.771981],[1471,1066,-85.136385,34.772045],[1496,1065,-85.136415,34.772109],[1521,1068,-85.136445,34.772173],[1546,1069,-85.136475,34.772237],[1570,1073,-85.136481,34.772302],[1595,1077,-85.136464,34.772369],[1620,1083,-85.136446,34.772436],[1645,1086,-85.136428,34.772503],[1670,1087,-85.13641,34.77257],[1695,1088,-85.136393,34.772637],[1712,1088,-85.136418,34.772679],[1737,1087,-85.136501,34.772689],[1759,1086,-85.136565,34.77266],[1784,1085,-85.136618,34.772607],[1809,1081,-85.136671,34.772554],[1834,1078,-85.136724,34.772501],[1859,1073,-85.136777,34.772449],[1884,1071,-85.136831,34.772396],[1909,1070,-85.136844,34.772329],[1934,1071,-85.136855,34.772261],[1959,1072,-85.136867,34.772193],[1984,1078,-85.136878,34.772125],[2009,1080,-85.13689,34.772057],[2034,1082,-85.136901,34.771989],[2059,1083,-85.136913,34.771921],[2084,1088,-85.136924,34.771853],[2109,1088,-85.136936,34.771785],[2134,1089,-85.136947,34.771718],[2159,1089,-85.136958,34.77165],[2184,1093,-85.13697,34.771582],[2209,1093,-85.136981,34.771514],[2234,1093,-85.136993,34.771446],[2259,1094,-85.137004,34.771378],[2284,1097,-85.137016,34.77131],[2309,1097,-85.137028,34.771243],[2334,1100,-85.137052,34.771177],[2359,1100,-85.137075,34.771111],[2384,1104,-85.137099,34.771045],[2409,1103,-85.137123,34.77098],[2434,1107,-85.137146,34.770914],[2459,1107,-85.13717,34.770848],[2484,1110,-85.137193,34.770783],[2509,1109,-85.137217,34.770717],[2534,1113,-85.137241,34.770651],[2559,1116,-85.137264,34.770585],[2584,1116,-85.137288,34.77052],[2608,1116,-85.137297,34.770454],[2633,1115,-85.137266,34.770391],[2658,1113,-85.137235,34.770327],[2683,1111,-85.137204,34.770264],[2708,1109,-85.137173,34.7702],[2733,1109,-85.137142,34.770136],[2758,1107,-85.137111,34.770073],[2783,1106,-85.13708,34.770009],[2808,1105,-85.137049,34.769945],[2833,1104,-85.137018,34.769882],[2858,1103,-85.136987,34.769818],[2883,1102,-85.136956,34.769755],[2908,1097,-85.136925,34.769691],[2927,1094,-85.136986,34.769675],[2952,1092,-85.137069,34.76967],[2977,1090,-85.137152,34.769665],[3002,1088,-85.137236,34.76966],[3027,1085,-85.137319,34.769655],[3052,1083,-85.137402,34.76965],[3077,1080,-85.137485,34.769645],[3102,1072,-85.137568,34.76964],[3127,1068,-85.137652,34.769636],[3152,1065,-85.137735,34.769631],[3177,1063,-85.137818,34.769626],[3202,1059,-85.137901,34.769621],[3227,1056,-85.137985,34.769616],[3252,1052,-85.138068,34.769611],[3277,1049,-85.138149,34.769616],[3302,1046,-85.138229,34.769638],[3327,1046,-85.138308,34.769659],[3352,1045,-85.138387,34.769681],[3377,1044,-85.138466,34.769703],[3400,1044,-85.138544,34.769701],[3425,1043,-85.138622,34.769676],[3450,1044,-85.138699,34.769651],[3475,1042,-85.138777,34.769625],[3500,1040,-85.138854,34.7696],[3525,1040,-85.138932,34.769574],[3550,1043,-85.139009,34.769549],[3563,1045,-85.139007,34.769514],[3588,1048,-85.138941,34.769472],[3613,1055,-85.138875,34.76943],[3638,1059,-85.138809,34.769388],[3663,1061,-85.138743,34.769346],[3688,1064,-85.138677,34.769304],[3713,1068,-85.138611,34.769262],[3738,1075,-85.138546,34.76922],[3763,1078,-85.13848,34.769177],[3788,1076,-85.138405,34.769148],[3813,1070,-85.138328,34.769121],[3838,1069,-85.138251,34.769095],[3863,1065,-85.138174,34.769069],[3888,1065,-85.138097,34.769043],[3913,1062,-85.13802,34.769017],[3938,1063,-85.137943,34.768991],[3963,1065,-85.137865,34.768965],[3988,1060,-85.137788,34.768939],[4012,1055,-85.137719,34.768904],[4037,1054,-85.137668,34.76885],[4062,1055,-85.137617,34.768796],[4087,1056,-85.137566,34.768741],[4112,1062,-85.137515,34.768687],[4137,1065,-85.137464,34.768633],[4162,1071,-85.137413,34.768579],[4187,1073,-85.137362,34.768524],[4212,1077,-85.137311,34.76847],[4237,1074,-85.13726,34.768416],[4262,1074,-85.137209,34.768362],[4287,1072,-85.137159,34.768307],[4312,1072,-85.137108,34.768253],[4337,1072,-85.137057,34.768199],[4362,1076,-85.137006,34.768145],[4387,1082,-85.136955,34.76809],[4412,1084,-85.136904,34.768036],[4437,1088,-85.136853,34.767982],[4462,1088,-85.136802,34.767928],[4487,1091,-85.136751,34.767873],[4512,1088,-85.1367,34.767819],[4537,1090,-85.136649,34.767765],[4562,1089,-85.136598,34.76771],[4586,1090,-85.13657,34.767649],[4611,1092,-85.13656,34.767581],[4636,1093,-85.136549,34.767513],[4661,1094,-85.136539,34.767445],[4685,1094,-85.13655,34.76738],[4710,1095,-85.13659,34.76732],[4735,1096,-85.136631,34.76726],[4760,1095,-85.136672,34.7672],[4785,1095,-85.136712,34.76714],[4810,1094,-85.136753,34.767081],[4835,1097,-85.136793,34.767021],[4860,1100,-85.136834,34.766961],[4885,1100,-85.136875,34.766901],[4910,1103,-85.136915,34.766841],[4935,1105,-85.136956,34.766781],[4960,1107,-85.136997,34.766722],[4985,1108,-85.137037,34.766662],[5010,1108,-85.137078,34.766602],[5035,1110,-85.137118,34.766542],[5059,1112,-85.137152,34.766482],[5084,1111,-85.137119,34.766419],[5109,1115,-85.137087,34.766355],[5134,1120,-85.137055,34.766292],[5159,1122,-85.137022,34.766229],[5184,1125,-85.13699,34.766166],[5209,1127,-85.136958,34.766103],[5234,1130,-85.136925,34.76604],[5259,1129,-85.136893,34.765977],[5284,1127,-85.13686,34.765913],[5309,1125,-85.136828,34.76585],[5331,1125,-85.136831,34.765788],[5356,1128,-85.13687,34.765728],[5381,1131,-85.13691,34.765667],[5406,1133,-85.136949,34.765607],[5431,1134,-85.136992,34.765549],[5456,1138,-85.137062,34.765513],[5481,1138,-85.137133,34.765476],[5506,1139,-85.137203,34.765439],[5530,1141,-85.137283,34.765439],[5555,1143,-85.137365,34.76545],[5580,1142,-85.137447,34.765462],[5603,1142,-85.137508,34.765501],[5628,1144,-85.137556,34.765557],[5653,1143,-85.137604,34.765613],[5678,1142,-85.137652,34.765669],[5703,1141,-85.137701,34.765725],[5728,1140,-85.137749,34.765781],[5753,1139,-85.137797,34.765837],[5778,1138,-85.137841,34.765894],[5803,1138,-85.137827,34.765961],[5828,1140,-85.137813,34.766029],[5853,1139,-85.137799,34.766096],[5878,1138,-85.137785,34.766164],[5903,1138,-85.13777,34.766231],[5928,1137,-85.137756,34.766299],[5953,1136,-85.137742,34.766367],[5978,1136,-85.137728,34.766434],[6003,1135,