{"trail":"Houston Valley ORV 181Q","distance":3611,"gain":417,"loss":46,"min":959,"max":1331,"profile":[[0,959,-85.130868,34.7762],[25,959,-85.130886,34.776133],[50,961,-85.130903,34.776066],[75,960,-85.130921,34.775999],[100,962,-85.130938,34.775932],[125,961,-85.130956,34.775865],[150,962,-85.130974,34.775798],[175,963,-85.130991,34.775731],[200,962,-85.131009,34.775664],[225,963,-85.131027,34.775597],[250,964,-85.131038,34.77553],[275,964,-85.131032,34.775462],[300,965,-85.131026,34.775393],[325,965,-85.131021,34.775325],[350,966,-85.131015,34.775256],[375,967,-85.131009,34.775188],[400,969,-85.131003,34.77512],[425,972,-85.130997,34.775051],[450,975,-85.130991,34.774983],[475,977,-85.130986,34.774915],[500,980,-85.13098,34.774846],[525,982,-85.130974,34.774778],[550,985,-85.130968,34.77471],[575,988,-85.130962,34.774641],[600,990,-85.130956,34.774573],[623,992,-85.13098,34.774511],[648,993,-85.131028,34.774455],[673,994,-85.131075,34.774398],[698,994,-85.131122,34.774341],[723,992,-85.131169,34.774285],[748,991,-85.131216,34.774228],[773,991,-85.131263,34.774172],[798,991,-85.13131,34.774115],[823,990,-85.131357,34.774058],[848,990,-85.131404,34.774002],[873,989,-85.131451,34.773945],[898,988,-85.131498,34.773889],[923,987,-85.131545,34.773832],[948,986,-85.131592,34.773775],[973,984,-85.131639,34.773719],[998,980,-85.131686,34.773662],[1023,980,-85.131733,34.773606],[1048,980,-85.13178,34.773549],[1073,981,-85.131827,34.773492],[1098,982,-85.131874,34.773436],[1123,987,-85.131849,34.773372],[1148,990,-85.131819,34.773308],[1173,994,-85.13179,34.773244],[1198,1000,-85.13176,34.77318],[1223,1005,-85.131731,34.773116],[1248,1010,-85.131701,34.773051],[1273,1016,-85.131672,34.772987],[1298,1019,-85.131642,34.772923],[1323,1027,-85.131613,34.772859],[1348,1035,-85.131584,34.772795],[1373,1043,-85.131554,34.772731],[1398,1048,-85.131525,34.772667],[1423,1053,-85.131495,34.772603],[1448,1057,-85.131466,34.772538],[1473,1062,-85.131436,34.772474],[1498,1069,-85.131407,34.77241],[1522,1075,-85.13137,34.772352],[1547,1079,-85.131297,34.772318],[1572,1084,-85.131225,34.772284],[1597,1088,-85.131152,34.77225],[1622,1091,-85.13108,34.772216],[1647,1093,-85.131008,34.772182],[1672,1097,-85.130935,34.772148],[1697,1100,-85.130863,34.772114],[1722,1102,-85.13079,34.77208],[1747,1105,-85.130737,34.772028],[1772,1107,-85.130685,34.771974],[1797,1110,-85.130634,34.77192],[1822,1112,-85.130583,34.771865],[1847,1115,-85.130532,34.771811],[1872,1120,-85.130481,34.771757],[1897,1124,-85.130429,34.771703],[1922,1129,-85.130378,34.771649],[1947,1132,-85.130327,34.771595],[1972,1135,-85.130276,34.771541],[1997,1137,-85.130225,34.771487],[2022,1142,-85.130173,34.771433],[2047,1144,-85.130122,34.771379],[2072,1147,-85.130071,34.771325],[2097,1151,-85.13002,34.77127],[2122,1155,-85.129968,34.771216],[2147,1162,-85.129917,34.771162],[2171,1166,-85.129881,34.771104],[2196,1167,-85.129881,34.771035],[2221,1168,-85.129881,34.770967],[2246,1170,-85.129881,34.770898],[2271,1171,-85.129881,34.77083],[2296,1171,-85.129881,34.770761],[2321,1169,-85.129881,34.770693],[2342,1167,-85.129853,34.77064],[2367,1161,-85.129774,34.770619],[2392,1155,-85.129695,34.770597],[2416,1148,-85.12962,34.770623],[2441,1149,-85.129546,34.770654],[2466,1148,-85.129471,34.770684],[2491,1149,-85.129396,34.770715],[2516,1153,-85.129322,34.770745],[2538,1149,-85.129255,34.770722],[2563,1151,-85.12919,34.770678],[2588,1154,-85.129126,34.770635],[2613,1163,-85.129061,34.770591],[2638,1169,-85.128997,34.770548],[2663,1177,-85.128931,34.770506],[2688,1185,-85.128849,34.770494],[2713,1188,-85.128767,34.770482],[2738,1195,-85.128685,34.770469],[2763,1201,-85.128603,34.770457],[2788,1209,-85.128521,34.770445],[2809,1219,-85.12845,34.770454],[2834,1224,-85.128405,34.770512],[2859,1229,-85.128359,34.770569],[2884,1233,-85.128313,34.770626],[2909,1237,-85.128267,34.770684],[2934,1239,-85.128222,34.770741],[2959,1242,-85.128176,34.770798],[2984,1245,-85.12813,34.770856],[3009,1247,-85.128084,34.770913],[3034,1251,-85.128039,34.77097],[3059,1253,-85.127993,34.771028],[3084,1260,-85.127947,34.771085],[3109,1262,-85.127901,34.771142],[3134,1263,-85.127856,34.771199],[3159,1265,-85.12781,34.771257],[3184,1265,-85.127764,34.771314],[3209,1265,-85.127718,34.771371],[3234,1268,-85.127673,34.771429],[3259,1269,-85.127627,34.771486],[3284,1272,-85.12757,34.771535],[3309,1282,-85.127504,34.771576],[3334,1286,-85.127437,34.771618],[3359,1295,-85.127371,34.77166],[3384,1300,-85.127305,34.771701],[3409,1302,-85.127238,34.771742],[3434,1307,-85.127159,34.771764],[3459,1313,-85.12708,34.771785],[3484,1319,-85.127,34.771807],[3509,1321,-85.126921,34.771829],[3534,1326,-85.126842,34.77185],[3559,1330,-85.126763,34.771872],[3584,1331,-85.126684,34.771894],[3609,1330,-85.126605,34.771915],[3611,1330,-85.126598,34.771917]]}