{"trail":"Houston Valley ORV 181K","distance":2394,"gain":116,"loss":117,"min":1079,"max":1157,"profile":[[0,1157,-85.135524,34.761165],[25,1157,-85.135582,34.761214],[50,1155,-85.13564,34.761263],[75,1153,-85.135698,34.761312],[100,1149,-85.135756,34.761362],[125,1148,-85.135814,34.761411],[150,1146,-85.135872,34.76146],[175,1140,-85.13593,34.761509],[200,1141,-85.135988,34.761559],[225,1137,-85.136046,34.761608],[250,1139,-85.136104,34.761657],[274,1134,-85.136147,34.761712],[299,1132,-85.136147,34.76178],[324,1129,-85.136147,34.761849],[349,1127,-85.136147,34.761917],[374,1126,-85.136147,34.761986],[399,1124,-85.136147,34.762054],[422,1124,-85.136164,34.762118],[447,1123,-85.136213,34.762173],[472,1123,-85.136263,34.762228],[497,1120,-85.136313,34.762283],[522,1119,-85.136362,34.762339],[547,1115,-85.136412,34.762394],[572,1113,-85.136461,34.762449],[597,1108,-85.136511,34.762504],[622,1110,-85.13659,34.762484],[647,1109,-85.13667,34.762464],[672,1109,-85.13675,34.762444],[697,1108,-85.13683,34.762424],[722,1106,-85.136909,34.762404],[747,1103,-85.136989,34.762383],[772,1101,-85.137069,34.762363],[797,1096,-85.137118,34.762418],[822,1093,-85.137167,34.762474],[847,1088,-85.137216,34.762529],[871,1083,-85.137278,34.762572],[896,1080,-85.137354,34.762601],[921,1079,-85.137429,34.762631],[946,1080,-85.137504,34.76266],[971,1084,-85.137579,34.76269],[996,1088,-85.137655,34.762719],[1021,1091,-85.13773,34.762749],[1046,1096,-85.137805,34.762778],[1071,1100,-85.137881,34.762808],[1096,1104,-85.137956,34.762837],[1121,1105,-85.138031,34.762867],[1146,1108,-85.138106,34.762896],[1171,1109,-85.138182,34.762926],[1196,1111,-85.138257,34.762955],[1221,1111,-85.138332,34.762985],[1246,1113,-85.138408,34.763014],[1271,1113,-85.138483,34.763044],[1296,1112,-85.138558,34.763073],[1321,1110,-85.138634,34.763103],[1346,1110,-85.138717,34.763105],[1371,1111,-85.1388,34.763107],[1396,1111,-85.138883,34.763108],[1421,1111,-85.138967,34.76311],[1446,1110,-85.13905,34.763112],[1471,1109,-85.139134,34.763113],[1496,1107,-85.139217,34.763115],[1521,1105,-85.1393,34.763116],[1546,1102,-85.139384,34.763118],[1571,1099,-85.139467,34.76312],[1596,1097,-85.139551,34.763121],[1620,1093,-85.139577,34.763182],[1645,1092,-85.139597,34.763248],[1668,1089,-85.139563,34.763306],[1693,1086,-85.139515,34.763362],[1718,1085,-85.139467,34.763418],[1743,1084,-85.139418,34.763474],[1768,1082,-85.13937,34.76353],[1793,1080,-85.139322,34.763586],[1818,1081,-85.139274,34.763642],[1843,1085,-85.139225,34.763697],[1868,1086,-85.139177,34.763753],[1893,1086,-85.13913,34.763809],[1918,1089,-85.139174,34.763867],[1943,1091,-85.139219,34.763925],[1968,1091,-85.139264,34.763983],[1991,1095,-85.139334,34.764007],[2016,1101,-85.139417,34.764013],[2041,1107,-85.1395,34.764019],[2066,1114,-85.139583,34.764026],[2091,1118,-85.139666,34.764032],[2116,1118,-85.139749,34.764038],[2141,1121,-85.139832,34.764045],[2166,1125,-85.139915,34.764051],[2191,1128,-85.139998,34.764057],[2216,1132,-85.140081,34.764063],[2241,1135,-85.140164,34.76407],[2266,1139,-85.140247,34.764076],[2291,1143,-85.140331,34.764082],[2316,1147,-85.140414,34.764089],[2341,1150,-85.140497,34.764095],[2366,1153,-85.14058,34.764101],[2391,1156,-85.140663,34.764108],[2394,1156,-85.140674,34.764108]]}