{"trail":"Houston Valley ORV 181D","distance":3200,"gain":177,"loss":124,"min":1046,"max":1167,"profile":[[0,1114,-85.13325,34.792008],[25,1114,-85.133283,34.792071],[50,1114,-85.133316,34.792134],[75,1112,-85.133349,34.792197],[100,1110,-85.133382,34.79226],[125,1109,-85.133415,34.792323],[150,1110,-85.133448,34.792386],[175,1112,-85.133481,34.792449],[200,1115,-85.133514,34.792512],[225,1119,-85.133547,34.792575],[250,1121,-85.13358,34.792637],[275,1121,-85.133613,34.7927],[300,1122,-85.133646,34.792763],[325,1122,-85.133679,34.792826],[350,1121,-85.133712,34.792889],[368,1118,-85.133664,34.79292],[393,1115,-85.133584,34.792939],[418,1113,-85.133504,34.792958],[443,1110,-85.133424,34.792977],[468,1108,-85.133343,34.792996],[493,1106,-85.133263,34.793015],[518,1102,-85.133183,34.793033],[543,1102,-85.133106,34.793058],[568,1102,-85.133041,34.793101],[593,1105,-85.132976,34.793143],[618,1106,-85.132911,34.793186],[643,1112,-85.132845,34.793229],[668,1112,-85.13278,34.793272],[693,1113,-85.132715,34.793315],[718,1113,-85.132666,34.793369],[743,1113,-85.132626,34.793429],[768,1115,-85.132586,34.793489],[791,1113,-85.132569,34.793552],[816,1113,-85.132582,34.79362],[841,1114,-85.132595,34.793688],[866,1112,-85.132608,34.793755],[891,1111,-85.132621,34.793823],[916,1109,-85.132635,34.793891],[941,1104,-85.132648,34.793958],[966,1100,-85.132705,34.794006],[991,1101,-85.132767,34.794052],[1016,1100,-85.13283,34.794098],[1041,1095,-85.132892,34.794143],[1066,1092,-85.132954,34.794189],[1091,1091,-85.133016,34.794235],[1116,1088,-85.133078,34.794281],[1141,1086,-85.133157,34.794301],[1166,1084,-85.133237,34.794321],[1191,1089,-85.133317,34.794341],[1216,1084,-85.133397,34.79436],[1241,1087,-85.133477,34.79438],[1266,1082,-85.133557,34.7944],[1291,1084,-85.133637,34.79442],[1316,1078,-85.133717,34.79444],[1341,1073,-85.133796,34.794459],[1366,1074,-85.133876,34.794479],[1391,1066,-85.133956,34.794499],[1416,1065,-85.134036,34.794519],[1441,1060,-85.134116,34.794539],[1466,1060,-85.134196,34.794558],[1491,1055,-85.134278,34.794567],[1516,1054,-85.134362,34.794572],[1541,1054,-85.134445,34.794577],[1566,1053,-85.134528,34.794582],[1591,1052,-85.134611,34.794587],[1616,1052,-85.134695,34.794591],[1641,1051,-85.134778,34.794596],[1665,1050,-85.134855,34.79458],[1690,1052,-85.134928,34.794546],[1715,1052,-85.135,34.794512],[1740,1054,-85.135073,34.794478],[1765,1055,-85.135145,34.794444],[1790,1056,-85.135217,34.79441],[1805,1054,-85.135268,34.794409],[1830,1050,-85.135271,34.794477],[1855,1047,-85.135274,34.794546],[1880,1046,-85.135277,34.794614],[1905,1047,-85.135281,34.794683],[1930,1050,-85.135284,34.794751],[1955,1054,-85.135287,34.79482],[1977,1062,-85.135333,34.794868],[2002,1067,-85.135403,34.794904],[2023,1074,-85.135471,34.794923],[2048,1075,-85.135525,34.79487],[2073,1078,-85.135579,34.794818],[2098,1083,-85.135633,34.794766],[2123,1085,-85.135686,34.794713],[2148,1087,-85.13574,34.794661],[2173,1089,-85.135794,34.794609],[2198,1093,-85.135848,34.794557],[2223,1095,-85.135902,34.794504],[2248,1097,-85.135956,34.794452],[2273,1099,-85.13601,34.7944],[2298,1103,-85.136064,34.794347],[2323,1105,-85.136118,34.794295],[2348,1105,-85.13617,34.794242],[2373,1107,-85.136201,34.794178],[2398,1105,-85.136231,34.794114],[2423,1105,-85.136262,34.794051],[2448,1105,-85.136292,34.793987],[2473,1106,-85.136323,34.793923],[2498,1104,-85.136354,34.793859],[2523,1105,-85.136384,34.793796],[2548,1106,-85.136415,34.793732],[2573,1105,-85.136445,34.793668],[2598,1112,-85.136501,34.793617],[2623,1115,-85.136558,34.793567],[2648,1119,-85.136615,34.793517],[2673,1128,-85.136672,34.793467],[2698,1133,-85.136729,34.793417],[2721,1138,-85.136767,34.793362],[2746,1139,-85.13676,34.793293],[2771,1139,-85.136753,34.793225],[2796,1133,-85.136747,34.793157],[2821,1133,-85.13674,34.793089],[2846,1133,-85.136734,34.79302],[2871,1133,-85.136727,34.792952],[2896,1134,-85.13672,34.792884],[2921,1137,-85.136714,34.792815],[2946,1141,-85.136707,34.792747],[2971,1143,-85.1367,34.792679],[2996,1148,-85.136694,34.79261],[3021,1152,-85.136687,34.792542],[3046,1156,-85.136666,34.792478],[3071,1158,-85.136623,34.792419],[3096,1161,-85.136581,34.79236],[3121,1162,-85.136538,34.792301],[3146,1164,-85.136496,34.792242],[3171,1164,-85.136453,34.792183],[3196,1164,-85.136411,34.792124],[3200,1167,-85.136404,34.792114]]}