{"trail":"Hudon Spur","distance":3063,"gain":52,"loss":54,"min":926,"max":974,"profile":[[0,974,-85.129409,34.788466],[25,974,-85.129335,34.788435],[50,974,-85.129261,34.788403],[75,973,-85.129186,34.788372],[100,973,-85.129112,34.78834],[125,972,-85.129038,34.788309],[150,972,-85.128964,34.788277],[175,971,-85.12889,34.788246],[200,970,-85.128816,34.788215],[225,969,-85.128742,34.788183],[250,969,-85.128667,34.788152],[275,968,-85.128593,34.78812],[300,968,-85.128519,34.788089],[325,967,-85.128445,34.788057],[350,966,-85.128371,34.788026],[375,966,-85.128297,34.787994],[400,965,-85.128223,34.787963],[425,964,-85.128148,34.787932],[450,963,-85.128074,34.7879],[475,963,-85.128,34.787869],[500,962,-85.127926,34.787837],[525,960,-85.127852,34.787806],[550,958,-85.127778,34.787774],[575,957,-85.127704,34.787743],[600,955,-85.12763,34.787711],[625,955,-85.127555,34.78768],[650,954,-85.127481,34.787649],[674,954,-85.127402,34.787648],[699,955,-85.127321,34.787663],[724,955,-85.12724,34.787678],[749,956,-85.127158,34.787694],[774,956,-85.127077,34.787709],[799,955,-85.126996,34.787724],[823,955,-85.126914,34.787713],[848,954,-85.126833,34.787699],[873,953,-85.126751,34.787684],[898,953,-85.12667,34.787669],[923,951,-85.126588,34.787654],[948,950,-85.126507,34.78764],[973,949,-85.126425,34.787625],[998,948,-85.126344,34.78761],[1023,946,-85.126262,34.787596],[1048,944,-85.126181,34.787581],[1073,943,-85.126099,34.787566],[1098,941,-85.126018,34.787551],[1123,941,-85.125936,34.787537],[1147,939,-85.125858,34.787552],[1172,938,-85.125782,34.787579],[1196,937,-85.125715,34.787614],[1221,937,-85.125699,34.787681],[1246,937,-85.125683,34.787748],[1267,936,-85.125632,34.78779],[1292,935,-85.125553,34.787811],[1317,933,-85.125473,34.787832],[1342,931,-85.125394,34.787853],[1367,929,-85.125315,34.787874],[1392,928,-85.125235,34.787895],[1417,927,-85.125156,34.787916],[1442,927,-85.125076,34.787937],[1467,927,-85.124995,34.787922],[1492,926,-85.124914,34.787907],[1517,926,-85.124832,34.787892],[1542,926,-85.124751,34.787876],[1567,926,-85.12467,34.787861],[1592,926,-85.124588,34.787845],[1617,926,-85.124507,34.78783],[1642,927,-85.124426,34.787815],[1667,927,-85.124345,34.787799],[1692,927,-85.124263,34.787784],[1717,927,-85.124182,34.787768],[1742,928,-85.124101,34.787753],[1767,928,-85.124019,34.787738],[1791,928,-85.123941,34.787735],[1816,929,-85.12387,34.787772],[1841,929,-85.123799,34.787808],[1864,929,-85.123795,34.78787],[1889,928,-85.123806,34.787938],[1906,929,-85.123749,34.787939],[1931,929,-85.12367,34.787917],[1956,929,-85.12359,34.787895],[1978,929,-85.123516,34.787904],[2003,928,-85.123447,34.787942],[2028,928,-85.123377,34.78798],[2053,928,-85.123308,34.788018],[2078,927,-85.123238,34.788056],[2103,927,-85.123169,34.788094],[2128,927,-85.123099,34.788131],[2153,927,-85.123016,34.788134],[2178,926,-85.122933,34.788138],[2203,926,-85.122849,34.788141],[2228,926,-85.122766,34.788144],[2253,927,-85.122683,34.788147],[2278,927,-85.122602,34.788139],[2303,927,-85.122526,34.78811],[2328,928,-85.122451,34.788081],[2353,928,-85.122375,34.788052],[2378,930,-85.1223,34.788023],[2403,931,-85.122224,34.787993],[2428,933,-85.122149,34.787964],[2453,934,-85.122073,34.787935],[2478,936,-85.121998,34.787906],[2502,938,-85.121928,34.787871],[2527,939,-85.121873,34.787819],[2552,940,-85.121819,34.787767],[2577,941,-85.121765,34.787715],[2602,943,-85.12171,34.787663],[2627,943,-85.121656,34.787611],[2652,943,-85.121602,34.787559],[2677,944,-85.121544,34.787511],[2702,947,-85.121467,34.787484],[2727,948,-85.12139,34.787457],[2752,949,-85.121313,34.787431],[2777,950,-85.121236,34.787404],[2802,952,-85.12116,34.787378],[2827,953,-85.121077,34.78737],[2852,956,-85.120994,34.787365],[2877,959,-85.120911,34.787361],[2902,961,-85.120828,34.787356],[2927,964,-85.120744,34.787351],[2952,967,-85.120661,34.787347],[2977,969,-85.120578,34.787342],[3001,970,-85.120496,34.787343],[3026,972,-85.12043,34.787384],[3051,972,-85.120363,34.787425],[3063,972,-85.120332,34.787444]]}