{"trail":"Hudon Loop","distance":1459,"gain":34,"loss":34,"min":940,"max":972,"profile":[[0,972,-85.120332,34.787444],[25,972,-85.120288,34.787502],[50,972,-85.120244,34.78756],[75,972,-85.1202,34.787618],[100,971,-85.120155,34.787677],[125,970,-85.120111,34.787735],[150,970,-85.120067,34.787793],[175,967,-85.120023,34.787851],[199,965,-85.120012,34.787916],[224,963,-85.120015,34.787985],[249,960,-85.120018,34.788053],[274,959,-85.12002,34.788122],[299,957,-85.120023,34.78819],[324,955,-85.120026,34.788259],[349,954,-85.120028,34.788327],[374,952,-85.120031,34.788396],[399,952,-85.120044,34.788463],[424,950,-85.12006,34.788531],[449,948,-85.120077,34.788598],[474,947,-85.120093,34.788665],[499,945,-85.120109,34.788732],[524,943,-85.120126,34.788799],[547,941,-85.120154,34.788857],[572,941,-85.120235,34.788875],[597,940,-85.120316,34.788893],[622,940,-85.120396,34.78891],[645,940,-85.120474,34.788916],[670,941,-85.120542,34.788876],[695,942,-85.120609,34.788836],[720,942,-85.120676,34.788795],[745,943,-85.120744,34.788755],[770,944,-85.120811,34.788714],[795,945,-85.120879,34.788674],[820,945,-85.120946,34.788633],[845,945,-85.121013,34.788593],[869,948,-85.121016,34.788527],[894,949,-85.121012,34.788458],[919,951,-85.121009,34.78839],[944,953,-85.121005,34.788321],[969,955,-85.121002,34.788253],[994,955,-85.120998,34.788184],[1018,957,-85.121038,34.788129],[1043,957,-85.121094,34.788077],[1068,956,-85.121149,34.788026],[1091,957,-85.121159,34.787965],[1116,958,-85.121145,34.787897],[1141,958,-85.12113,34.78783],[1166,960,-85.121115,34.787762],[1191,959,-85.1211,34.787695],[1216,959,-85.121085,34.787628],[1239,960,-85.121009,34.787615],[1264,963,-85.120926,34.78761],[1289,965,-85.120843,34.787604],[1314,967,-85.120759,34.787599],[1339,969,-85.120676,34.787594],[1364,970,-85.120593,34.787588],[1388,972,-85.120518,34.787566],[1413,972,-85.120453,34.787523],[1438,972,-85.120388,34.78748],[1459,972,-85.120332,34.787444]]}