{"trail":"Hummingbird","distance":6345,"gain":63,"loss":126,"min":3094,"max":3238,"profile":[[0,3161,-121.314365,44.277202],[29,3162,-121.314325,44.277129],[76,3166,-121.314286,44.277001],[100,3167,-121.314257,44.276939],[117,3170,-121.314197,44.276922],[133,3170,-121.314138,44.27691],[151,3173,-121.314088,44.276944],[170,3173,-121.314084,44.276995],[237,3170,-121.314119,44.277177],[270,3169,-121.314119,44.277269],[305,3167,-121.31406,44.277354],[344,3173,-121.313949,44.277424],[363,3173,-121.313875,44.277435],[377,3176,-121.313836,44.277409],[399,3176,-121.313847,44.277351],[460,3176,-121.313925,44.277193],[493,3177,-121.313904,44.277102],[519,3181,-121.31386,44.27704],[543,3183,-121.313867,44.276973],[573,3184,-121.31383,44.276896],[595,3186,-121.313758,44.276863],[612,3188,-121.313693,44.276866],[628,3188,-121.313645,44.276891],[667,3187,-121.313643,44.277],[706,3185,-121.31363,44.277105],[751,3187,-121.313535,44.277207],[765,3188,-121.313515,44.277244],[783,3187,-121.313519,44.277294],[807,3187,-121.313515,44.277359],[829,3187,-121.313465,44.277407],[841,3190,-121.313422,44.277416],[856,3190,-121.313376,44.277392],[902,3194,-121.313311,44.277275],[938,3194,-121.3133,44.277175],[988,3196,-121.313313,44.277039],[1019,3199,-121.31325,44.276967],[1046,3199,-121.313204,44.2769],[1060,3202,-121.313161,44.276879],[1072,3202,-121.313115,44.27688],[1084,3204,-121.313083,44.276903],[1137,3200,-121.313148,44.277042],[1167,3197,-121.313192,44.277116],[1216,3198,-121.313179,44.277252],[1233,3198,-121.313129,44.277281],[1254,3200,-121.313048,44.277278],[1283,3203,-121.312979,44.277217],[1313,3204,-121.312931,44.277141],[1344,3207,-121.312892,44.277062],[1356,3208,-121.312885,44.277029],[1374,3208,-121.312903,44.276981],[1411,3209,-121.312922,44.276882],[1432,3210,-121.312901,44.276826],[1445,3210,-121.312866,44.276801],[1456,3214,-121.312825,44.276788],[1470,3213,-121.312783,44.276812],[1489,3216,-121.312742,44.276854],[1505,3212,-121.312768,44.276894],[1522,3211,-121.312794,44.276936],[1566,3209,-121.312781,44.277056],[1597,3209,-121.31279,44.277143],[1630,3211,-121.312725,44.277219],[1648,3213,-121.312662,44.277236],[1668,3213,-121.312584,44.277228],[1685,3216,-121.312547,44.277189],[1724,3217,-121.312534,44.277084],[1751,3218,-121.31251,44.277011],[1784,3219,-121.312512,44.276922],[1808,3222,-121.312486,44.276857],[1848,3225,-121.312405,44.276767],[1872,3226,-121.312323,44.276732],[1892,3227,-121.312254,44.27675],[1917,3227,-121.312202,44.276807],[1947,3227,-121.312175,44.276889],[1970,3227,-121.312143,44.276945],[2013,3228,-121.311999,44.277008],[2054,3230,-121.311871,44.27707],[2078,3230,-121.311839,44.277132],[2133,3229,-121.311869,44.277281],[2169,3228,-121.311843,44.277378],[2188,3229,-121.311785,44.277409],[2207,3229,-121.311735,44.277371],[2262,3231,-121.311663,44.27723],[2289,3233,-121.311607,44.277166],[2305,3234,-121.311572,44.277129],[2320,3235,-121.311515,44.277135],[2340,3236,-121.311463,44.277174],[2357,3236,-121.311431,44.277214],[2395,3235,-121.311448,44.277318],[2426,3235,-121.311363,44.277376],[2450,3237,-121.311272,44.277373],[2475,3238,-121.311181,44.277347],[2501,3239,-121.311109,44.2773],[2523,3240,-121.311025,44.2773],[2548,3241,-121.310944,44.27734],[2567,3239,-121.310957,44.27739],[2598,3238,-121.310992,44.277471],[2631,3239,-121.310949,44.277556],[2671,3239,-121.310857,44.277645],[2737,3237,-121.310725,44.277797],[2746,3237,-121.310695,44.277811],[2786,3238,-121.310564,44.27787],[2810,3237,-121.31051,44.277922],[2829,3236,-121.31051,44.277974],[2862,3235,-121.310603,44.278033],[2915,3233,-121.310799,44.27808],[2943,3232,-121.310892,44.278114],[2979,3230,-121.310999,44.27818],[3023,3229,-121.311164,44.27817],[3061,3229,-121.31129,44.278118],[3085,3228,-121.311381,44.278104],[3125,3228,-121.311524,44.278144],[3165,3226,-121.311674,44.278124],[3183,3226,-121.311743,44.278132],[3207,3225,-121.311789,44.278187],[3260,3222,-121.311813,44.27833],[3297,3221,-121.311785,44.278432],[3324,3220,-121.311711,44.278481],[3361,3220,-121.311583,44.278526],[3390,3219,-121.311513,44.27859],[3431,3219,-121.311455,44.278693],[3478,3217,-121.311348,44.278798],[3492,3215,-121.311366,44.278834],[3504,3214,-121.311387,44.278864],[3537,3213,-121.311511,44.27887],[3574,3209,-121.31165,44.278885],[3607,3209,-121.311763,44.278843],[3644,3209,-121.311856,44.278767],[3684,3211,-121.311973,44.278694],[3697,3210,-121.312015,44.278674],[3715,3212,-121.312056,44.278635],[3732,3210,-121.312119,44.278635],[3764,3207,-121.312204,44.278699],[3792,3204,-121.312275,44.278758],[3816,3202,-121.312291,44.278822],[3838,3200,-121.312262,44.278879],[3864,3199,-121.312199,44.278934],[3882,3197,-121.312195,44.278982],[3921,3196,-121.312095,44.279064],[3962,3193,-121.311984,44.279143],[3978,3195,-121.311954,44.279182],[4017,3190,-121.311947,44.279288],[4039,3187,-121.311904,44.279341],[4078,3189,-121.311791,44.279411],[4112,3188,-121.311676,44.27945],[4137,3188,-121.311633,44.27951],[4197,3181,-121.311624,44.279677],[4230,3174,-121.311613,44.279767],[4246,3171,-121.311583,44.279806],[4309,3168,-121.31142,44.27993],[4327,3168,-121.31139,44.279975],[4347,3165,-121.31139,44.280029],[4366,3163,-121.311352,44.280076],[4399,3162,-121.311253,44.280129],[4446,3157,-121.311161,44.280239],[4490,3155,-121.31104,44.280326],[4538,3156,-121.310886,44.280393],[4580,3159,-121.310725,44.280418],[4622,3154,-121.310597,44.280485],[4657,3155,-121.310471,44.280522],[4699,3153,-121.310317,44.280547],[4737,3156,-121.310171,44.280544],[4763,3157,-121.310074,44.280556],[4783,3159,-121.310002,44.280581],[4803,3157,-121.309987,44.280633],[4831,3152,-121.310063,44.280687],[4850,3149,-121.310137,44.28069],[4910,3140,-121.310352,44.280746],[4940,3139,-121.310467,44.280737],[4955,3142,-121.310514,44.280715],[4967,3141,-121.31056,44.280712],[4989,3137,-121.310636,44.280741],[5020,3136,-121.310753,44.280741],[5042,3135,-121.310836,44.280734],[5056,3134,-121.310888,44.280749],[5074,3131,-121.310905,44.280796],[5125,3130,-121.310771,44.280898],[5148,3126,-121.310779,44.28096],[5169,3124,-121.310797,44.281016],[5231,3120,-121.310994,44.281108],[5278,3118,-121.311083,44.28122],[5307,3118,-121.311103,44.281301],[5339,3117,-121.311072,44.281385],[5362,3117,-121.311075,44.281449],[5390,3116,-121.311114,44.281518],[5440,3112,-121.311222,44.28163],[5483,3110,-121.311227,44.281749],[5531,3109,-121.31117,44.281875],[5550,3108,-121.311192,44.281924],[5574,3107,-121.311281,44.28194],[5596,3105,-121.311342,44.281982],[5633,3104,-121.311446,44.28205],[5668,3103,-121.311581,44.28205],[5686,3103,-121.311648,44.28205],[5724,3102,-121.311793,44.282036],[5746,3102,-121.311879,44.282039],[5760,3102,-121.311924,44.282057],[5776,3101,-121.311982,44.282072],[5789,3101,-121.312031,44.28207],[5826,3100,-121.312166,44.282036],[5861,3101,-121.312236,44.281955],[5881,3101,-121.312294,44.28192],[5904,3101,-121.31237,44.281884],[5941,3100,-121.312504,44.281859],[5972,3100,-121.312625,44.281851],[5998,3099,-121.312722,44.281857],[6075,3098,-121.313009,44.281908],[6097,3098,-121.313093,44.281904],[6132,3097,-121.313221,44.281877],[6186,3096,-121.313419,44.28192],[6254,3095,-121.313652,44.282004],[6292,3094,-121.313789,44.282036],[6315,3094,-121.313878,44.282021],[6339,3093,-121.313957,44.281992],[6345,3093,-121.313974,44.281978]]}