{"trail":"Indigo Extension","distance":7632,"gain":10,"loss":746,"min":5911,"max":6658,"profile":[[0,6639,-122.091509,43.388556],[29,6645,-122.091617,43.388575],[87,6651,-122.091821,43.388519],[155,6660,-122.092033,43.388414],[223,6659,-122.092245,43.38831],[276,6674,-122.09244,43.388287],[343,6668,-122.092637,43.388168],[451,6661,-122.092921,43.387959],[487,6661,-122.093012,43.387883],[528,6657,-122.093135,43.387815],[563,6649,-122.09317,43.387907],[605,6645,-122.09315,43.38802],[674,6627,-122.093143,43.388211],[726,6619,-122.093189,43.388348],[799,6601,-122.093286,43.388536],[872,6573,-122.093382,43.388725],[946,6561,-122.093479,43.388913],[1030,6541,-122.093678,43.389093],[1115,6524,-122.093838,43.389294],[1157,6516,-122.093944,43.389381],[1212,6499,-122.094146,43.389407],[1241,6493,-122.094221,43.389466],[1295,6499,-122.094178,43.389612],[1326,6502,-122.094222,43.389691],[1400,6483,-122.09446,43.389797],[1429,6476,-122.094519,43.389862],[1471,6491,-122.094476,43.389975],[1569,6493,-122.094573,43.390234],[1600,6496,-122.09453,43.390312],[1658,6517,-122.094374,43.390423],[1686,6519,-122.094344,43.390497],[1769,6527,-122.094351,43.390723],[1821,6531,-122.094376,43.390865],[1915,6527,-122.094512,43.391104],[2009,6529,-122.094648,43.391343],[2081,6521,-122.094794,43.391507],[2152,6514,-122.09494,43.391671],[2237,6512,-122.09508,43.391881],[2322,6507,-122.09522,43.392091],[2347,6502,-122.095278,43.392145],[2457,6495,-122.095458,43.392417],[2487,6492,-122.095469,43.392335],[2570,6491,-122.095372,43.392118],[2676,6490,-122.095338,43.391829],[2775,6479,-122.09531,43.391559],[2796,6473,-122.095377,43.391592],[2858,6469,-122.095463,43.39175],[2892,6474,-122.095519,43.391832],[2961,6459,-122.095656,43.391995],[3031,6440,-122.095792,43.392158],[3101,6430,-122.095929,43.392321],[3185,6399,-122.096153,43.392486],[3315,6387,-122.096407,43.392791],[3398,6378,-122.096634,43.392946],[3480,6367,-122.096861,43.393102],[3563,6355,-122.097088,43.393257],[3643,6344,-122.097359,43.39335],[3722,6328,-122.09763,43.393442],[3803,6324,-122.09785,43.393598],[3847,6322,-122.098006,43.393637],[3930,6306,-122.097864,43.393434],[3967,6307,-122.097834,43.393335],[4047,6299,-122.098087,43.393453],[4121,6285,-122.098326,43.393558],[4195,6278,-122.098564,43.393664],[4263,6276,-122.098756,43.393789],[4331,6271,-122.098948,43.393913],[4400,6261,-122.09914,43.394038],[4445,6258,-122.099253,43.39413],[4527,6258,-122.099336,43.394346],[4564,6259,-122.099382,43.394444],[4591,6251,-122.099484,43.394456],[4656,6243,-122.099602,43.394302],[4691,6236,-122.099709,43.394243],[4724,6222,-122.099833,43.39423],[4762,6225,-122.099848,43.394332],[4877,6223,-122.099982,43.394632],[4936,6213,-122.100086,43.394775],[4966,6214,-122.100125,43.394853],[4996,6207,-122.10023,43.394878],[5016,6200,-122.100292,43.394844],[5071,6191,-122.100374,43.394707],[5092,6182,-122.100433,43.39467],[5140,6178,-122.10053,43.394783],[5187,6174,-122.100605,43.3949],[5231,6169,-122.100694,43.395001],[5249,6169,-122.100758,43.394984],[5298,6158,-122.100793,43.394853],[5324,6157,-122.100807,43.394781],[5399,6152,-122.100788,43.394578],[5473,6146,-122.10077,43.394375],[5531,6143,-122.100791,43.394216],[5660,6128,-122.100887,43.393869],[5737,6133,-122.100836,43.393662],[5774,6124,-122.100857,43.393563],[5803,6116,-122.100951,43.393608],[5865,6109,-122.101057,43.393757],[5892,6101,-122.101116,43.393818],[5964,6096,-122.101238,43.393996],[6036,6092,-122.101333,43.394181],[6108,6089,-122.101428,43.394365],[6150,6084,-122.101499,43.394467],[6235,6075,-122.101699,43.394648],[6319,6060,-122.1019,43.394829],[6404,6052,-122.1021,43.39501],[6480,6042,-122.102271,43.395177],[6515,6035,-122.102354,43.395253],[6552,6024,-122.102447,43.395177],[6594,6012,-122.102516,43.395074],[6693,5991,-122.102672,43.394828],[6719,5989,-122.102724,43.394768],[6755,5978,-122.102788,43.394682],[6775,5972,-122.102853,43.394652],[6822,5969,-122.10296,43.394756],[6864,5967,-122.10306,43.394845],[6907,5965,-122.103137,43.394948],[6956,5958,-122.103261,43.395048],[7013,5952,-122.103475,43.395074],[7055,5946,-122.103631,43.395069],[7125,5939,-122.103889,43.395028],[7195,5932,-122.104148,43.394986],[7254,5928,-122.104368,43.395005],[7315,5924,-122.104575,43.395081],[7398,5921,-122.104787,43.395247],[7424,5916,-122.104883,43.395266],[7465,5914,-122.10503,43.395236],[7546,5908,-122.105245,43.395079],[7587,5905,-122.105398,43.395064],[7632,5905,-122.105522,43.394976]]}