{"trail":"Indigo Lake","distance":14455,"gain":0,"loss":580,"min":5321,"max":5927,"profile":[[0,5911,-122.105457,43.394582],[45,5909,-122.105592,43.394659],[68,5907,-122.105637,43.394713],[98,5906,-122.10564,43.394795],[171,5905,-122.105522,43.394976],[227,5902,-122.10561,43.395113],[271,5899,-122.10572,43.395206],[319,5896,-122.105784,43.395327],[371,5895,-122.105795,43.395471],[431,5895,-122.105774,43.395635],[475,5897,-122.105741,43.395752],[515,5899,-122.105629,43.395826],[584,5906,-122.105388,43.395892],[638,5906,-122.105357,43.396041],[720,5910,-122.105302,43.396262],[767,5912,-122.105275,43.396387],[807,5914,-122.105259,43.396496],[847,5915,-122.105361,43.396578],[892,5914,-122.105511,43.396636],[996,5903,-122.105902,43.39666],[1035,5897,-122.106042,43.396687],[1097,5894,-122.106197,43.396816],[1171,5887,-122.106348,43.396987],[1244,5889,-122.106401,43.397182],[1337,5863,-122.106621,43.397381],[1433,5862,-122.106661,43.397644],[1512,5849,-122.106691,43.397858],[1590,5853,-122.106721,43.398071],[1660,5849,-122.10682,43.39825],[1734,5838,-122.107045,43.398367],[1850,5840,-122.107292,43.398632],[1915,5839,-122.107474,43.398749],[1980,5836,-122.107699,43.398819],[2069,5836,-122.107861,43.399034],[2144,5828,-122.108139,43.398991],[2171,5827,-122.108225,43.39903],[2208,5825,-122.108296,43.399115],[2329,5816,-122.108646,43.399329],[2403,5810,-122.108822,43.399485],[2476,5802,-122.108998,43.399642],[2546,5790,-122.109239,43.39972],[2605,5780,-122.109459,43.399704],[2635,5776,-122.109566,43.399735],[2673,5773,-122.109534,43.399836],[2756,5775,-122.109346,43.400016],[2838,5777,-122.10925,43.40023],[2878,5778,-122.109132,43.4003],[2954,5786,-122.108847,43.400289],[3020,5786,-122.108676,43.400421],[3075,5791,-122.108483,43.400476],[3131,5790,-122.108361,43.400601],[3174,5789,-122.108247,43.400686],[3210,5790,-122.108225,43.400784],[3300,5777,-122.108238,43.40103],[3381,5767,-122.108236,43.401251],[3461,5764,-122.108139,43.401458],[3511,5759,-122.108059,43.401583],[3573,5753,-122.107874,43.401687],[3660,5754,-122.107549,43.401727],[3676,5749,-122.107555,43.401771],[3739,5743,-122.107759,43.401859],[3800,5742,-122.107989,43.401856],[3836,5741,-122.108123,43.401852],[3892,5742,-122.1083,43.401766],[3967,5741,-122.1085,43.401623],[4040,5746,-122.10866,43.401458],[4106,5745,-122.108799,43.40131],[4144,5747,-122.108907,43.401238],[4174,5739,-122.109019,43.401236],[4276,5728,-122.108971,43.401513],[4373,5716,-122.109078,43.401766],[4424,5703,-122.109202,43.401875],[4469,5697,-122.10933,43.401953],[4514,5688,-122.109497,43.401984],[4578,5683,-122.109652,43.401852],[4608,5679,-122.109765,43.401863],[4676,5670,-122.109944,43.401998],[4745,5657,-122.110124,43.402132],[4791,5649,-122.110296,43.402148],[4858,5644,-122.110543,43.402196],[4926,5635,-122.110789,43.402245],[4994,5625,-122.111036,43.402293],[5039,5617,-122.111208,43.402288],[5122,5601,-122.11144,43.40244],[5191,5598,-122.111621,43.402575],[5312,5597,-122.111882,43.402848],[5388,5597,-122.112014,43.403032],[5463,5597,-122.112147,43.403216],[5482,5597,-122.112157,43.403266],[5555,5598,-122.112093,43.403461],[5629,5594,-122.112276,43.403612],[5696,5588,-122.112469,43.403734],[5764,5581,-122.112661,43.403856],[5832,5574,-122.112854,43.403978],[5880,5568,-122.113011,43.404047],[5999,5558,-122.113426,43.404165],[6051,5556,-122.113599,43.404233],[6136,5549,-122.11385,43.404379],[6191,5543,-122.113993,43.404489],[6237,5541,-122.114121,43.404576],[6312,5530,-122.114137,43.404779],[6366,5529,-122.11422,43.404916],[6421,5529,-122.114279,43.405059],[6469,5531,-122.114373,43.405172],[6540,5528,-122.114263,43.40535],[6639,5525,-122.114228,43.40562],[6694,5522,-122.114084,43.40573],[6776,5518,-122.113897,43.405909],[6843,5511,-122.113719,43.406038],[6910,5506,-122.113541,43.406168],[6977,5496,-122.113362,43.406297],[7003,5496,-122.113309,43.406357],[7041,5492,-122.113262,43.406457],[7097,5492,-122.113272,43.406608],[7145,5494,-122.113339,43.406733],[7227,5496,-122.11351,43.40692],[7299,5497,-122.113708,43.407053],[7370,5499,-122.113905,43.407186],[7441,5497,-122.114102,43.407318],[7512,5494,-122.114299,43.407451],[7630,5489,-122.114652,43.407647],[7700,5485,-122.114881,43.407743],[7770,5486,-122.115109,43.407838],[7840,5480,-122.115338,43.407934],[7896,5478,-122.115517,43.408014],[7926,5475,-122.115568,43.408088],[7946,5467,-122.115517,43.408129],[8009,5462,-122.115281,43.408149],[8036,5457,-122.115179,43.408152],[8129,5446,-122.11483,43.408115],[8223,5441,-122.114481,43.408077],[8334,5434,-122.114076,43.408001],[8402,5424,-122.11382,43.407981],[8470,5420,-122.113564,43.407961],[8496,5416,-122.113468,43.407966],[8520,5407,-122.113385,43.407994],[8550,5400,-122.113348,43.408071],[8575,5397,-122.11339,43.408133],[8689,5394,-122.113789,43.408247],[8791,5391,-122.114114,43.408396],[8918,5383,-122.114544,43.408553],[8970,5381,-122.114708,43.408632],[9064,5369,-122.114968,43.408805],[9157,5356,-122.115228,43.408977],[9226,5345,-122.11542,43.409103],[9294,5336,-122.115613,43.409228],[9363,5328,-122.115805,43.409354],[9426,5331,-122.11603,43.409408],[9504,5323,-122.116234,43.409564],[9553,5321,-122.116411,43.409599],[9633,5317,-122.116636,43.409749],[9714,5309,-122.11686,43.409899],[9714,5907,-122.105637,43.394713],[9777,5911,-122.105814,43.394598],[9862,5924,-122.106023,43.394421],[9908,5926,-122.106195,43.394424],[9932,5928,-122.106248,43.39437],[9957,5930,-122.106195,43.394313],[9992,5931,-122.106187,43.394218],[10052,5927,-122.106015,43.394113],[10106,5926,-122.10593,43.393977],[10139,5924,-122.105902,43.393889],[10190,5925,-122.10578,43.39378],[10225,5925,-122.105683,43.393717],[10292,5927,-122.105495,43.393596],[10338,5928,-122.105382,43.393497],[10397,5928,-122.105288,43.393352],[10445,5926,-122.105216,43.393232],[10511,5926,-122.105188,43.39305],[10578,5924,-122.105159,43.392869],[10696,5925,-122.105205,43.392547],[10751,5927,-122.1052,43.392397],[10875,5921,-122.104945,43.392111],[10952,5927,-122.105039,43.39191],[11018,5926,-122.104988,43.391735],[11119,5922,-122.104948,43.39146],[11183,5926,-122.104854,43.391296],[11268,5926,-122.104575,43.391183],[11322,5922,-122.104374,43.391169],[11422,5924,-122.104081,43.390996],[11476,5922,-122.10392,43.390904],[11550,5924,-122.103918,43.390702],[11631,5922,-122.103813,43.390493],[11752,5922,-122.103765,43.390164],[11810,5921,-122.103649,43.390027],[11864,5921,-122.103464,43.389965],[11920,5925,-122.103255,43.389971],[11977,5936,-122.103041,43.39],[12081,5927,-122.102689,43.390123],[12165,5921,-122.102391,43.390207],[12218,5920,-122.102231,43.390288],[12293,5920,-122.102134,43.390482],[12368,5920,-122.102037,43.390676],[12459,5920,-122.102059,43.390926],[12507,5920,-122.101976,43.391041],[12555,5921,-122.101957,43.391173],[12587,5922,-122.101852,43.391216],[12666,5923,-122.101819,43.391431],[12740,5922,-122.101906,43.391624],[12818,5921,-122.102013,43.391822],[12927,5920,-122.102252,43.392068],[12998,5920,-122.102335,43.392251],[13064,5920,-122.102452,43.392411],[13130,5919,-122.102569,43.392571],[13193,5920,-122.102665,43.392729],[13282,5920,-122.102799,43.392953],[13341,5920,-122.102823,43.393113],[13450,5921,-122.102767,43.393411],[13535,5921,-122.102888,43.393625],[13652,5920,-122.103169,43.393873],[13712,5920,-122.103389,43.393916],[13769,5921,-122.103537,43.394027],[13797,5920,-122.103633,43.394058],[13878,5918,-122.103939,43.39406],[13921,5918,-122.104095,43.394091],[14007,5917,-122.104339,43.394249],[14067,5917,-122.104484,43.394374],[14129,5918,-122.10454,43.394539],[14185,5918,-122.104636,43.394676],[14254,5916,-122.104875,43.394754],[14340,5911,-122.105197,43.39475],[14393,5910,-122.105358,43.394662],[14455,5909,-122.105592,43.394659]]}