{"trail":"Inner Loop 1","distance":5145,"gain":164,"loss":180,"min":702,"max":796,"profile":[[0,764,-85.175393,35.118364],[25,764,-85.175319,35.118332],[50,765,-85.175245,35.118299],[75,765,-85.175171,35.118267],[98,764,-85.175112,35.118226],[123,766,-85.175102,35.118158],[148,767,-85.175093,35.11809],[173,769,-85.175084,35.118022],[198,771,-85.175075,35.117954],[218,773,-85.175115,35.117909],[243,775,-85.175192,35.117881],[268,778,-85.175268,35.117853],[293,782,-85.175345,35.117826],[318,786,-85.175421,35.117798],[343,788,-85.175488,35.117758],[368,791,-85.175546,35.117709],[393,793,-85.175603,35.117659],[418,794,-85.175661,35.117609],[443,795,-85.175719,35.11756],[468,796,-85.175776,35.11751],[493,796,-85.175834,35.11746],[517,796,-85.175871,35.117402],[542,796,-85.175884,35.117334],[567,795,-85.175898,35.117267],[592,794,-85.175911,35.117199],[617,794,-85.175925,35.117132],[642,793,-85.175938,35.117064],[667,793,-85.175952,35.116996],[692,792,-85.175965,35.116929],[717,792,-85.175979,35.116861],[742,791,-85.175992,35.116793],[767,790,-85.176006,35.116726],[791,790,-85.17601,35.116658],[816,788,-85.175993,35.116591],[841,787,-85.175977,35.116524],[866,784,-85.175961,35.116457],[891,782,-85.175944,35.116389],[916,780,-85.175928,35.116322],[941,778,-85.175911,35.116255],[966,777,-85.175895,35.116188],[990,773,-85.175902,35.116123],[1015,770,-85.175936,35.11606],[1040,765,-85.17597,35.115998],[1065,763,-85.176045,35.115968],[1090,760,-85.176121,35.11594],[1106,763,-85.176173,35.115953],[1131,770,-85.17619,35.11602],[1156,776,-85.176208,35.116087],[1181,781,-85.176225,35.116154],[1203,781,-85.176293,35.116178],[1228,781,-85.176375,35.116188],[1253,779,-85.176458,35.116199],[1270,776,-85.17651,35.116178],[1295,770,-85.176515,35.11611],[1320,764,-85.176519,35.116041],[1345,759,-85.176523,35.115973],[1370,754,-85.176528,35.115904],[1384,753,-85.176568,35.115889],[1409,755,-85.176642,35.115921],[1434,755,-85.176716,35.115954],[1459,755,-85.17679,35.115986],[1475,753,-85.176812,35.115944],[1500,751,-85.176816,35.115876],[1525,749,-85.17682,35.115807],[1550,747,-85.176824,35.115739],[1575,745,-85.176828,35.11567],[1598,743,-85.176854,35.115611],[1623,742,-85.17692,35.115569],[1648,742,-85.176986,35.115527],[1673,741,-85.177052,35.115485],[1698,742,-85.177118,35.115443],[1723,743,-85.177184,35.115401],[1743,742,-85.177199,35.115348],[1768,741,-85.177164,35.115286],[1793,739,-85.177129,35.115223],[1818,738,-85.177095,35.115161],[1843,736,-85.17706,35.115099],[1868,733,-85.177025,35.115036],[1890,732,-85.177018,35.114976],[1915,732,-85.177068,35.114922],[1940,733,-85.177119,35.114867],[1965,733,-85.177169,35.114812],[1990,734,-85.177219,35.114757],[2014,732,-85.177263,35.1147],[2039,730,-85.177278,35.114632],[2064,729,-85.177293,35.114565],[2089,728,-85.177309,35.114498],[2114,726,-85.177322,35.114431],[2139,725,-85.177272,35.114376],[2164,724,-85.177222,35.114321],[2183,722,-85.177162,35.114309],[2208,722,-85.17709,35.114345],[2233,720,-85.177019,35.114381],[2258,717,-85.176948,35.114417],[2283,716,-85.176876,35.114452],[2308,712,-85.176805,35.114488],[2333,708,-85.176733,35.114524],[2358,707,-85.176662,35.11456],[2382,704,-85.176608,35.114611],[2407,702,-85.176564,35.114669],[2432,702,-85.17652,35.114727],[2457,703,-85.176476,35.114785],[2482,702,-85.176432,35.114844],[2507,705,-85.176388,35.114902],[2530,707,-85.176332,35.114947],[2555,710,-85.176251,35.114965],[2580,710,-85.17617,35.114983],[2605,713,-85.176089,35.115001],[2630,713,-85.176009,35.115019],[2655,715,-85.175928,35.115037],[2680,715,-85.175847,35.115055],[2705,717,-85.175766,35.115073],[2730,716,-85.175685,35.115091],[2755,716,-85.175604,35.115109],[2780,714,-85.175523,35.115127],[2805,714,-85.175443,35.115145],[2830,711,-85.175362,35.115162],[2855,711,-85.175281,35.11518],[2880,710,-85.1752,35.115198],[2905,710,-85.175119,35.115216],[2929,710,-85.175065,35.115262],[2954,713,-85.175024,35.115322],[2979,715,-85.174983,35.115382],[3004,716,-85.174942,35.115441],[3029,719,-85.174901,35.115501],[3054,720,-85.174859,35.115561],[3079,719,-85.174818,35.11562],[3104,720,-85.174777,35.11568],[3129,721,-85.174736,35.11574],[3152,722,-85.174685,35.11579],[3177,724,-85.174606,35.115811],[3202,723,-85.174526,35.115833],[3227,725,-85.174447,35.115855],[3252,726,-85.174367,35.115876],[3277,725,-85.174288,35.115898],[3302,726,-85.174208,35.11592],[3327,725,-85.174129,35.115941],[3352,726,-85.174049,35.115963],[3377,726,-85.17397,35.115985],[3401,725,-85.173908,35.116025],[3426,726,-85.173861,35.116082],[3451,727,-85.173814,35.116139],[3476,728,-85.173767,35.116196],[3501,728,-85.17372,35.116252],[3526,729,-85.173673,35.116309],[3551,730,-85.173626,35.116366],[3576,730,-85.173579,35.116423],[3601,731,-85.173532,35.116479],[3626,730,-85.173486,35.116536],[3651,731,-85.173441,35.116593],[3676,734,-85.17349,35.116649],[3701,736,-85.173539,35.116704],[3724,737,-85.173523,35.116767],[3749,738,-85.173494,35.116832],[3774,738,-85.173465,35.116896],[3799,738,-85.173436,35.11696],[3824,739,-85.173407,35.117024],[3849,739,-85.173378,35.117089],[3874,738,-85.173349,35.117153],[3884,738,-85.173316,35.11716],[3909,735,-85.173281,35.117098],[3934,733,-85.173245,35.117036],[3959,730,-85.173209,35.116974],[3984,726,-85.173173,35.116912],[4007,723,-85.173135,35.116857],[4032,721,-85.173063,35.116893],[4057,715,-85.172992,35.116929],[4082,706,-85.172921,35.116965],[4106,702,-85.17286,35.117006],[4131,702,-85.172855,35.117074],[4156,702,-85.172849,35.117143],[4181,703,-85.172844,35.117211],[4206,702,-85.172841,35.117279],[4231,702,-85.172874,35.117342],[4256,707,-85.172908,35.117405],[4281,712,-85.172942,35.117467],[4306,715,-85.172975,35.11753],[4331,714,-85.173009,35.117593],[4356,716,-85.173042,35.117656],[4381,717,-85.173076,35.117719],[4406,716,-85.17311,35.117781],[4430,715,-85.173148,35.11784],[4455,719,-85.173226,35.117866],[4480,719,-85.173303,35.117891],[4505,719,-85.173381,35.117917],[4530,721,-85.173459,35.117942],[4555,719,-85.173537,35.117967],[4580,720,-85.173614,35.117993],[4605,719,-85.173692,35.118018],[4630,722,-85.17377,35.118044],[4655,725,-85.173848,35.118069],[4678,726,-85.173907,35.118111],[4703,726,-85.173945,35.118172],[4728,727,-85.173982,35.118233],[4753,728,-85.17402,35.118295],[4777,730,-85.174071,35.118346],[4802,734,-85.174141,35.118384],[4827,736,-85.17421,35.118422],[4852,737,-85.17428,35.118461],[4877,738,-85.174349,35.118499],[4902,738,-85.174419,35.118537],[4927,738,-85.174488,35.118576],[4952,739,-85.174558,35.118614],[4977,740,-85.174627,35.118652],[5002,741,-85.174697,35.11869],[5027,743,-85.174766,35.118729],[5052,746,-85.174836,35.118767],[5077,747,-85.174905,35.118805],[5102,748,-85.174975,35.118843],[5127,748,-85.175044,35.118882],[5145,748,-85.175092,35.118908]]}