{"trail":"Inner Loop 2","distance":10439,"gain":279,"loss":286,"min":693,"max":776,"profile":[[0,701,-85.170844,35.123559],[25,708,-85.170812,35.123496],[50,714,-85.170781,35.123432],[72,721,-85.170771,35.123371],[97,721,-85.170824,35.123318],[122,724,-85.170878,35.123266],[147,725,-85.170932,35.123213],[172,728,-85.170985,35.12316],[197,728,-85.171039,35.123108],[222,732,-85.171081,35.123051],[247,737,-85.171089,35.122983],[272,741,-85.171096,35.122915],[297,744,-85.171103,35.122846],[322,746,-85.17111,35.122778],[347,748,-85.171118,35.12271],[372,751,-85.171125,35.122642],[397,753,-85.171132,35.122573],[422,755,-85.171139,35.122505],[447,756,-85.171147,35.122437],[472,758,-85.171154,35.122369],[497,760,-85.171161,35.1223],[522,760,-85.171162,35.122232],[547,761,-85.171152,35.122164],[572,762,-85.171143,35.122096],[597,764,-85.171133,35.122028],[622,765,-85.171124,35.12196],[647,765,-85.171114,35.121892],[672,766,-85.171105,35.121824],[697,766,-85.171095,35.121755],[722,765,-85.171086,35.121687],[747,765,-85.171076,35.121619],[772,764,-85.171067,35.121551],[795,763,-85.171064,35.121488],[820,763,-85.171147,35.121479],[845,762,-85.17123,35.121471],[870,762,-85.171286,35.121522],[895,763,-85.171342,35.121574],[920,763,-85.171397,35.121625],[944,763,-85.171474,35.121606],[969,761,-85.171553,35.121582],[994,760,-85.171631,35.121558],[1019,760,-85.171709,35.121534],[1042,760,-85.171768,35.121491],[1067,759,-85.171811,35.121432],[1092,759,-85.171854,35.121373],[1117,759,-85.171897,35.121314],[1142,758,-85.17194,35.121255],[1167,757,-85.171982,35.121196],[1192,758,-85.172025,35.121138],[1217,757,-85.172068,35.121079],[1242,756,-85.172111,35.12102],[1267,755,-85.172154,35.120961],[1292,756,-85.172197,35.120902],[1317,755,-85.172247,35.120848],[1342,756,-85.172306,35.120799],[1367,756,-85.172364,35.12075],[1392,758,-85.172422,35.120701],[1417,759,-85.172481,35.120651],[1442,760,-85.172539,35.120602],[1467,761,-85.172597,35.120553],[1492,761,-85.172656,35.120504],[1517,763,-85.172714,35.120455],[1542,763,-85.172772,35.120405],[1567,762,-85.172831,35.120356],[1592,764,-85.172889,35.120307],[1616,764,-85.172966,35.120288],[1641,766,-85.173049,35.120278],[1666,768,-85.173132,35.120268],[1691,769,-85.173215,35.120259],[1716,770,-85.173298,35.120249],[1741,772,-85.173381,35.12024],[1766,773,-85.173464,35.12023],[1791,773,-85.173547,35.12022],[1816,774,-85.17363,35.120211],[1841,775,-85.173712,35.120201],[1866,776,-85.173795,35.120192],[1891,775,-85.173878,35.120182],[1916,775,-85.173961,35.120173],[1941,775,-85.174044,35.120163],[1966,774,-85.174127,35.120153],[1991,774,-85.17421,35.120144],[2016,773,-85.174293,35.120134],[2041,773,-85.174376,35.120125],[2066,771,-85.174459,35.120115],[2091,770,-85.174542,35.120105],[2116,769,-85.174625,35.120096],[2141,768,-85.174708,35.120086],[2163,767,-85.174748,35.120034],[2188,765,-85.174774,35.119969],[2213,763,-85.174801,35.119904],[2238,763,-85.174827,35.119839],[2263,761,-85.174854,35.119774],[2288,760,-85.174884,35.119711],[2313,761,-85.174946,35.119665],[2338,761,-85.175008,35.11962],[2363,762,-85.175071,35.119574],[2388,762,-85.175133,35.119528],[2413,761,-85.175196,35.119483],[2438,761,-85.175258,35.119437],[2460,760,-85.175281,35.119379],[2485,758,-85.175272,35.11931],[2510,757,-85.175264,35.119242],[2535,756,-85.175192,35.119208],[2560,755,-85.175119,35.119173],[2585,753,-85.175047,35.119139],[2610,752,-85.174974,35.119105],[2635,752,-85.174902,35.11907],[2658,751,-85.174827,35.119058],[2683,751,-85.174749,35.119083],[2708,751,-85.174671,35.119107],[2733,750,-85.174593,35.119132],[2758,749,-85.174515,35.119157],[2782,747,-85.174435,35.119168],[2807,744,-85.174352,35.119159],[2832,742,-85.174269,35.11915],[2857,740,-85.174186,35.119141],[2882,739,-85.174103,35.119132],[2907,737,-85.17402,35.119123],[2932,735,-85.173936,35.119114],[2957,735,-85.173853,35.119105],[2982,733,-85.17377,35.119096],[3007,732,-85.173687,35.119087],[3030,733,-85.173619,35.119113],[3055,734,-85.173559,35.119161],[3080,736,-85.1735,35.11921],[3105,737,-85.173441,35.119258],[3130,738,-85.173382,35.119307],[3155,740,-85.173322,35.119355],[3180,740,-85.173263,35.119404],[3205,742,-85.173204,35.119452],[3230,742,-85.173141,35.119496],[3255,742,-85.173067,35.119529],[3280,741,-85.172994,35.119562],[3305,741,-85.17292,35.119595],[3330,740,-85.172847,35.119628],[3355,739,-85.172773,35.11966],[3380,737,-85.172699,35.119693],[3405,737,-85.172626,35.119726],[3430,735,-85.172552,35.119759],[3455,734,-85.172479,35.119792],[3479,735,-85.172422,35.11984],[3504,735,-85.172374,35.119896],[3529,736,-85.172327,35.119952],[3554,735,-85.172279,35.120009],[3578,737,-85.17226,35.120072],[3603,739,-85.17226,35.120141],[3628,740,-85.17226,35.120209],[3653,741,-85.17226,35.120278],[3678,743,-85.17226,35.120347],[3703,740,-85.17218,35.120329],[3728,738,-85.172099,35.120311],[3753,736,-85.172019,35.120293],[3778,736,-85.171938,35.120274],[3800,736,-85.171871,35.120246],[3825,736,-85.171861,35.120178],[3850,736,-85.171851,35.12011],[3875,735,-85.17184,35.120042],[3897,735,-85.171827,35.119983],[3922,736,-85.171784,35.120042],[3947,737,-85.171741,35.120101],[3972,738,-85.171698,35.120159],[3997,739,-85.171655,35.120218],[4022,739,-85.171612,35.120277],[4045,739,-85.171577,35.120336],[4070,739,-85.171618,35.120396],[4095,738,-85.171659,35.120456],[4120,737,-85.171699,35.120516],[4145,737,-85.17174,35.120575],[4170,737,-85.171781,35.120635],[4190,737,-85.171719,35.120654],[4215,737,-85.171636,35.120663],[4240,737,-85.171553,35.120673],[4265,737,-85.17147,35.120683],[4290,738,-85.171387,35.120692],[4307,739,-85.171336,35.120671],[4332,741,-85.171332,35.120603],[4357,742,-85.171328,35.120535],[4382,743,-85.171325,35.120466],[4407,744,-85.171321,35.120398],[4432,744,-85.171317,35.120329],[4455,743,-85.171344,35.12027],[4480,742,-85.171402,35.12022],[4505,741,-85.171459,35.12017],[4530,740,-85.171516,35.12012],[4555,740,-85.171574,35.12007],[4580,739,-85.171631,35.12002],[4605,738,-85.171689,35.11997],[4630,737,-85.171746,35.119921],[4655,735,-85.171804,35.119871],[4680,730,-85.171861,35.119821],[4705,726,-85.171918,35.119771],[4730,722,-85.171976,35.119721],[4753,720,-85.171997,35.119661],[4778,720,-85.171988,35.119593],[4803,723,-85.171979,35.119525],[4828,724,-85.17197,35.119457],[4853,727,-85.17196,35.119389],[4878,726,-85.171987,35.119325],[4903,729,-85.172017,35.119261],[4928,727,-85.172048,35.119197],[4953,726,-85.172078,35.119133],[4978,727,-85.172109,35.119069],[5003,725,-85.172139,35.119005],[5028,722,-85.17217,35.118942],[5053,722,-85.1722,35.118878],[5078,725,-85.17223,35.118814],[5103,723,-85.172261,35.11875],[5128,719,-85.172291,35.118686],[5152,721,-85.172289,35.118621],[5177,727,-85.172267,35.118555],[5202,728,-85.172245,35.118489],[5225,736,-85.172187,35.118446],[5250,739,-85.172114,35.118412],[5275,742,-85.172041,35.118378],[5300,745,-85.171968,35.118345],[5325,745,-85.171895,35.118311],[5350,744,-85.171909,35.118243],[5375,743,-85.171923,35.118176],[5400,742,-85.171936,35.118108],[5425,740,-85.17195,35.118041],[5447,738,-85.171985,35.117987],[5472,736,-85.172064,35.117963],[5497,731,-85.172142,35.117938],[5522,728,-85.17222,35.117913],[5543,726,-85.172273,35.117952],[5568,725,-85.172319,35.118009],[5593,723,-85.172364,35.118067],[5618,720,-85.17241,35.118124],[5643,713,-85.172455,35.118182],[5656,710,-85.172496,35.118171],[5681,710,-85.172534,35.118109],[5706,708,-85.172571,35.118048],[5730,705,-85.1726,35.117986],[5755,708,-85.172579,35.11792],[5780,707,-85.172558,35.117853],[5805,711,-85.172538,35.117787],[5830,710,-85.172517,35.117721],[5855,712,-85.172496,35.117654],[5880,710,-85.172475,35.117588],[5905,706,-85.172454,35.117521],[5930,711,-85.172433,35.117455],[5955,707,-85.172412,35.117389],[5980,709,-85.172392,35.117322],[6005,704,-85.172371,35.117256],[6030,704,-85.17235,35.11719],[6055,699,-85.172329,35.117123],[6080,699,-85.172308,35.117057],[6105,696,-85.172287,35.11699],[6130,696,-85.172266,35.116924],[6155,695,-85.172245,35.116858],[6180,695,