{"trail":"Jedi Trail","distance":4967,"gain":72,"loss":174,"min":1460,"max":1606,"profile":[[0,1583,-85.376773,34.920476],[25,1582,-85.376699,34.920508],[50,1582,-85.376625,34.92054],[75,1582,-85.376552,34.920572],[100,1582,-85.376478,34.920605],[125,1584,-85.376404,34.920637],[150,1585,-85.37633,34.920669],[175,1588,-85.376257,34.920701],[200,1587,-85.376183,34.920734],[222,1587,-85.37611,34.920747],[247,1589,-85.376041,34.920709],[272,1590,-85.375971,34.920671],[297,1593,-85.375902,34.920633],[322,1594,-85.375832,34.920595],[347,1594,-85.375763,34.920557],[372,1594,-85.375693,34.920519],[397,1594,-85.375624,34.920481],[418,1594,-85.375595,34.920533],[443,1594,-85.375573,34.920599],[468,1596,-85.375551,34.920665],[493,1598,-85.375529,34.920731],[518,1600,-85.375507,34.920797],[543,1601,-85.375485,34.920863],[568,1602,-85.375413,34.920898],[593,1604,-85.375341,34.920934],[618,1606,-85.37527,34.920969],[643,1606,-85.375198,34.921004],[666,1606,-85.375156,34.921056],[691,1603,-85.375143,34.921124],[716,1602,-85.375129,34.921191],[741,1600,-85.375115,34.921259],[766,1599,-85.375101,34.921326],[790,1599,-85.375115,34.921393],[815,1599,-85.375133,34.92146],[840,1598,-85.375151,34.921527],[865,1598,-85.37517,34.921594],[890,1596,-85.375188,34.921661],[915,1595,-85.375207,34.921728],[940,1594,-85.375225,34.921794],[965,1591,-85.375243,34.921861],[990,1589,-85.37523,34.921927],[1015,1587,-85.375202,34.921991],[1040,1586,-85.375174,34.922056],[1065,1583,-85.375146,34.92212],[1090,1582,-85.375118,34.922185],[1115,1582,-85.37509,34.922249],[1140,1579,-85.375062,34.922314],[1165,1578,-85.375034,34.922378],[1190,1578,-85.375006,34.922443],[1215,1576,-85.374977,34.922507],[1240,1576,-85.374949,34.922572],[1263,1575,-85.374935,34.922636],[1288,1573,-85.374967,34.922699],[1313,1570,-85.374999,34.922763],[1338,1566,-85.375031,34.922826],[1363,1563,-85.375024,34.922893],[1388,1563,-85.375011,34.922961],[1413,1561,-85.374999,34.923029],[1438,1561,-85.374986,34.923096],[1463,1559,-85.374973,34.923164],[1488,1558,-85.374961,34.923232],[1513,1556,-85.374948,34.9233],[1538,1554,-85.374936,34.923367],[1563,1553,-85.374923,34.923435],[1588,1552,-85.37491,34.923503],[1613,1550,-85.374898,34.923571],[1638,1549,-85.374885,34.923638],[1663,1548,-85.374889,34.923707],[1688,1548,-85.374894,34.923775],[1713,1547,-85.374899,34.923844],[1738,1546,-85.374904,34.923912],[1763,1544,-85.374909,34.92398],[1788,1543,-85.374914,34.924049],[1813,1542,-85.374919,34.924117],[1838,1539,-85.374924,34.924186],[1862,1537,-85.374918,34.924252],[1887,1535,-85.374872,34.924309],[1912,1532,-85.374826,34.924366],[1937,1532,-85.37478,34.924424],[1962,1529,-85.374734,34.924481],[1987,1528,-85.374688,34.924538],[2012,1524,-85.374642,34.924595],[2037,1520,-85.374596,34.924652],[2062,1520,-85.37455,34.92471],[2087,1519,-85.374504,34.924767],[2112,1519,-85.374458,34.924824],[2137,1521,-85.374412,34.924881],[2162,1520,-85.374366,34.924938],[2187,1521,-85.37432,34.924996],[2212,1521,-85.374274,34.925053],[2237,1519,-85.374247,34.925117],[2262,1518,-85.374227,34.925183],[2287,1515,-85.374207,34.92525],[2312,1513,-85.374186,34.925316],[2337,1511,-85.374166,34.925383],[2361,1509,-85.374129,34.925442],[2386,1506,-85.374071,34.925491],[2411,1505,-85.374014,34.925541],[2436,1504,-85.373956,34.92559],[2461,1500,-85.373898,34.92564],[2486,1500,-85.37384,34.92569],[2511,1497,-85.373783,34.925739],[2536,1498,-85.373725,34.925789],[2560,1494,-85.373702,34.92585],[2585,1490,-85.373698,34.925919],[2610,1487,-85.373693,34.925987],[2635,1485,-85.373689,34.926056],[2660,1483,-85.373685,34.926124],[2685,1484,-85.373681,34.926193],[2710,1482,-85.373677,34.926261],[2735,1480,-85.373673,34.926329],[2760,1479,-85.373668,34.926398],[2785,1479,-85.373664,34.926466],[2808,1479,-85.373641,34.926528],[2833,1481,-85.373583,34.926578],[2858,1481,-85.373525,34.926627],[2883,1484,-85.373467,34.926677],[2908,1483,-85.37341,34.926726],[2933,1483,-85.373352,34.926776],[2958,1484,-85.373294,34.926825],[2983,1483,-85.373236,34.926875],[3008,1484,-85.373179,34.926924],[3033,1485,-85.373121,34.926974],[3058,1486,-85.373063,34.927023],[3083,1486,-85.373006,34.927073],[3108,1488,-85.372948,34.927123],[3133,1488,-85.37289,34.927172],[3158,1486,-85.372832,34.927222],[3183,1486,-85.372775,34.927271],[3208,1485,-85.372722,34.927324],[3233,1484,-85.372677,34.927382],[3258,1483,-85.372632,34.92744],[3283,1481,-85.372587,34.927497],[3308,1481,-85.372543,34.927555],[3333,1480,-85.372498,34.927613],[3358,1480,-85.372453,34.927671],[3383,1479,-85.372408,34.927729],[3408,1477,-85.372363,34.927787],[3433,1477,-85.372319,34.927845],[3458,1476,-85.372274,34.927902],[3483,1474,-85.372229,34.92796],[3508,1474,-85.372184,34.928018],[3533,1472,-85.37214,34.928076],[3558,1472,-85.372095,34.928134],[3583,1473,-85.37205,34.928192],[3608,1471,-85.371994,34.928241],[3633,1471,-85.371929,34.928285],[3658,1473,-85.371864,34.928328],[3683,1472,-85.371799,34.928371],[3708,1472,-85.371734,34.928414],[3733,1471,-85.371669,34.928457],[3758,1472,-85.371604,34.928501],[3783,1472,-85.37154,34.928544],[3808,1471,-85.371475,34.928587],[3833,1471,-85.37141,34.92863],[3858,1472,-85.371345,34.928673],[3883,1471,-85.371317,34.928738],[3908,1468,-85.37129,34.928803],[3933,1467,-85.371263,34.928867],[3958,1467,-85.371235,34.928932],[3983,1465,-85.371208,34.928997],[4008,1465,-85.371181,34.929062],[4033,1462,-85.371153,34.929127],[4058,1461,-85.371126,34.929191],[4083,1461,-85.371099,34.929256],[4108,1460,-85.371072,34.929321],[4133,1461,-85.371044,34.929386],[4158,1461,-85.371017,34.92945],[4183,1460,-85.37099,34.929515],[4208,1462,-85.370962,34.92958],[4233,1464,-85.370934,34.929644],[4258,1464,-85.370894,34.929704],[4283,1465,-85.370853,34.929764],[4308,1466,-85.370812,34.929824],[4333,1467,-85.370771,34.929884],[4358,1467,-85.37073,34.929943],[4383,1467,-85.370689,34.930003],[4408,1468,-85.370649,34.930063],[4433,1469,-85.370608,34.930123],[4458,1469,-85.370567,34.930183],[4483,1470,-85.370526,34.930242],[4508,1472,-85.370485,34.930302],[4533,1473,-85.370444,34.930362],[4558,1473,-85.370403,34.930422],[4583,1474,-85.370363,34.930482],[4608,1473,-85.370322,34.930541],[4633,1473,-85.370281,34.930601],[4658,1474,-85.37024,34.930661],[4683,1474,-85.370199,34.930721],[4708,1475,-85.370158,34.930781],[4733,1476,-85.370118,34.93084],[4758,1478,-85.370077,34.9309],[4783,1476,-85.370036,34.93096],[4808,1477,-85.369995,34.93102],[4833,1479,-85.369954,34.931079],[4858,1479,-85.369913,34.931139],[4883,1480,-85.369873,34.931199],[4908,1481,-85.369832,34.931259],[4933,1480,-85.369791,34.931319],[4958,1480,-85.36975,34.931378],[4967,1481,-85.369735,34.931401]]}