{"trail":"John Henry","distance":2721,"gain":86,"loss":47,"min":1803,"max":1852,"profile":[[0,1813,-85.423679,34.869894],[25,1812,-85.423672,34.869963],[50,1811,-85.423665,34.870031],[75,1810,-85.423659,34.870099],[100,1809,-85.423613,34.870156],[125,1807,-85.423563,34.870211],[150,1805,-85.423514,34.870266],[175,1804,-85.423464,34.870321],[200,1803,-85.423415,34.870376],[225,1803,-85.423365,34.870431],[248,1804,-85.423287,34.870442],[273,1806,-85.423204,34.870444],[298,1808,-85.42312,34.870445],[323,1809,-85.423037,34.870447],[348,1810,-85.422953,34.870449],[373,1811,-85.42287,34.870451],[398,1812,-85.422786,34.870453],[423,1813,-85.422703,34.870455],[448,1813,-85.422619,34.870456],[473,1814,-85.422537,34.870451],[498,1818,-85.422458,34.870429],[523,1823,-85.422378,34.870408],[548,1830,-85.422299,34.870387],[573,1833,-85.422219,34.870366],[598,1833,-85.42214,34.870345],[623,1836,-85.42206,34.870324],[648,1835,-85.421981,34.870302],[673,1834,-85.421901,34.870281],[698,1834,-85.421822,34.87026],[723,1831,-85.421743,34.870239],[748,1829,-85.421663,34.870218],[773,1824,-85.421584,34.870196],[798,1823,-85.421504,34.870175],[823,1823,-85.421425,34.870154],[848,1820,-85.421345,34.870133],[873,1817,-85.421266,34.870112],[898,1816,-85.421187,34.870091],[923,1816,-85.421107,34.870069],[948,1817,-85.421028,34.870048],[973,1815,-85.420948,34.870027],[998,1815,-85.420869,34.870006],[1023,1815,-85.420798,34.869971],[1048,1815,-85.42073,34.869931],[1073,1817,-85.420661,34.869892],[1098,1818,-85.420593,34.869852],[1123,1820,-85.420525,34.869812],[1148,1822,-85.420457,34.869773],[1173,1824,-85.420389,34.869733],[1198,1825,-85.420321,34.869693],[1223,1826,-85.420253,34.869653],[1248,1826,-85.420185,34.869614],[1273,1826,-85.420117,34.869574],[1298,1826,-85.420049,34.869534],[1323,1825,-85.419981,34.869495],[1348,1825,-85.419913,34.869455],[1372,1826,-85.419861,34.869404],[1397,1827,-85.419824,34.869342],[1422,1829,-85.419787,34.869281],[1447,1831,-85.419749,34.86922],[1472,1835,-85.419712,34.869158],[1497,1836,-85.419674,34.869097],[1522,1833,-85.419637,34.869036],[1547,1833,-85.4196,34.868975],[1572,1836,-85.419562,34.868913],[1597,1834,-85.419525,34.868852],[1622,1834,-85.419488,34.868791],[1647,1836,-85.41945,34.868729],[1672,1837,-85.419413,34.868668],[1697,1837,-85.419376,34.868607],[1722,1835,-85.419338,34.868545],[1747,1836,-85.419301,34.868484],[1772,1838,-85.419264,34.868423],[1797,1835,-85.419226,34.868362],[1822,1834,-85.419209,34.868295],[1847,1834,-85.419198,34.868227],[1872,1835,-85.419188,34.868159],[1897,1836,-85.419178,34.868091],[1922,1836,-85.419167,34.868023],[1947,1837,-85.419157,34.867955],[1972,1837,-85.419146,34.867887],[1997,1838,-85.419136,34.867819],[2022,1837,-85.419126,34.867751],[2047,1837,-85.419115,34.867683],[2072,1837,-85.419105,34.867615],[2097,1837,-85.419095,34.867547],[2122,1837,-85.419084,34.867479],[2147,1838,-85.419074,34.867411],[2172,1838,-85.419064,34.867343],[2197,1839,-85.419053,34.867275],[2222,1839,-85.419043,34.867207],[2247,1840,-85.419032,34.867139],[2272,1841,-85.419022,34.867071],[2297,1842,-85.419012,34.867003],[2322,1844,-85.419001,34.866935],[2347,1844,-85.418991,34.866867],[2372,1845,-85.418981,34.866799],[2397,1846,-85.41897,34.866731],[2422,1847,-85.41896,34.866663],[2447,1847,-85.41895,34.866595],[2472,1846,-85.418939,34.866527],[2497,1845,-85.418939,34.866459],[2522,1845,-85.418941,34.866391],[2547,1846,-85.418943,34.866322],[2572,1847,-85.418946,34.866254],[2597,1848,-85.418948,34.866185],[2622,1849,-85.41895,34.866116],[2647,1850,-85.418952,34.866048],[2672,1851,-85.418954,34.865979],[2697,1852,-85.418957,34.865911],[2721,1852,-85.418959,34.865845]]}