{"trail":"June Lake","distance":11132,"gain":353,"loss":76,"min":5350,"max":5653,"profile":[[0,5326,-122.118007,43.409695],[55,5337,-122.118182,43.409612],[141,5344,-122.118489,43.409542],[226,5360,-122.118796,43.409471],[306,5363,-122.119082,43.409405],[348,5371,-122.119212,43.409339],[419,5381,-122.119399,43.409197],[510,5396,-122.119635,43.409017],[545,5398,-122.119708,43.408937],[574,5404,-122.119697,43.408857],[627,5418,-122.119595,43.408732],[744,5434,-122.119756,43.408434],[816,5444,-122.119897,43.408265],[848,5445,-122.119937,43.408183],[886,5451,-122.120023,43.408101],[931,5446,-122.12017,43.408035],[989,5446,-122.120327,43.407927],[1058,5450,-122.120449,43.407758],[1121,5449,-122.120608,43.40763],[1205,5465,-122.120755,43.407427],[1297,5473,-122.120979,43.407233],[1345,5481,-122.121131,43.407162],[1445,5477,-122.121479,43.407058],[1517,5482,-122.121743,43.407007],[1590,5491,-122.122007,43.406956],[1670,5485,-122.122309,43.406925],[1789,5510,-122.122742,43.406842],[1846,5509,-122.122953,43.406821],[1910,5521,-122.123192,43.406788],[1981,5519,-122.123449,43.406733],[2069,5522,-122.123761,43.406647],[2112,5527,-122.123632,43.406575],[2179,5533,-122.12339,43.406529],[2264,5539,-122.123105,43.406419],[2380,5552,-122.12268,43.406346],[2412,5555,-122.122569,43.406312],[2438,5559,-122.122492,43.406269],[2521,5567,-122.122303,43.406087],[2604,5568,-122.122115,43.405904],[2659,5566,-122.121976,43.405792],[2782,5568,-122.121604,43.405589],[2831,5567,-122.121478,43.405492],[2909,5564,-122.12133,43.405307],[2987,5561,-122.121182,43.405123],[3065,5557,-122.121033,43.404938],[3143,5558,-122.120885,43.404753],[3218,5559,-122.120727,43.404583],[3265,5559,-122.120633,43.404475],[3373,5562,-122.120559,43.404183],[3456,5580,-122.120601,43.403958],[3486,5587,-122.120644,43.40388],[3517,5594,-122.120743,43.403835],[3601,5608,-122.121015,43.403721],[3684,5624,-122.121288,43.403607],[3756,5628,-122.121559,43.403596],[3825,5632,-122.121817,43.403582],[3893,5634,-122.122076,43.403568],[3930,5639,-122.122207,43.403534],[4018,5644,-122.122484,43.403404],[4092,5646,-122.122691,43.403265],[4159,5646,-122.12284,43.403117],[4226,5652,-122.122988,43.402968],[4337,5646,-122.123365,43.402834],[4376,5650,-122.123465,43.402757],[4413,5655,-122.123587,43.40271],[4481,5657,-122.123841,43.402686],[4600,5664,-122.124289,43.402714],[4673,5659,-122.124558,43.40276],[4746,5655,-122.124826,43.402807],[4796,5649,-122.124984,43.402884],[4827,5649,-122.125096,43.4029],[4851,5651,-122.12517,43.402861],[4935,5647,-122.125449,43.402752],[5019,5644,-122.125728,43.402643],[5086,5643,-122.125918,43.402522],[5118,5646,-122.126025,43.40248],[5198,5651,-122.12629,43.402378],[5234,5656,-122.126421,43.40235],[5268,5654,-122.126537,43.402389],[5361,5645,-122.126797,43.402563],[5433,5646,-122.127029,43.402663],[5481,5640,-122.127168,43.402749],[5561,5644,-122.127435,43.402848],[5640,5640,-122.127703,43.402947],[5726,5635,-122.127972,43.403081],[5813,5631,-122.12824,43.403214],[5848,5627,-122.128359,43.403257],[5925,5626,-122.128637,43.403322],[6006,5629,-122.12894,43.403319],[6095,5628,-122.129268,43.403373],[6176,5636,-122.129569,43.403336],[6231,5639,-122.129776,43.403326],[6312,5642,-122.13008,43.403349],[6414,5638,-122.130443,43.403446],[6449,5637,-122.130553,43.403499],[6553,5628,-122.13083,43.403701],[6611,5620,-122.130998,43.403801],[6652,5615,-122.131128,43.403863],[6765,5621,-122.131525,43.403976],[6885,5613,-122.131888,43.404171],[6977,5616,-122.132184,43.404305],[7045,5615,-122.132371,43.404433],[7143,5615,-122.132663,43.404595],[7178,5619,-122.132781,43.404638],[7225,5634,-122.132955,43.404666],[7352,5661,-122.133413,43.404559],[7383,5661,-122.13353,43.404552],[7460,5656,-122.133817,43.404572],[7507,5644,-122.133993,43.404561],[7530,5636,-122.134076,43.404537],[7558,5637,-122.134136,43.404474],[7629,5626,-122.134191,43.404283],[7701,5611,-122.134245,43.404092],[7774,5607,-122.134257,43.403892],[7847,5604,-122.134269,43.403691],[7926,5598,-122.134228,43.403478],[8004,5587,-122.134187,43.403264],[8080,5591,-122.134128,43.403061],[8156,5590,-122.134068,43.402858],[8214,5597,-122.134052,43.402699],[8338,5585,-122.134067,43.40236],[8373,5585,-122.134103,43.402267],[8442,5579,-122.134211,43.402095],[8511,5576,-122.13432,43.401924],[8580,5567,-122.134428,43.401752],[8641,5568,-122.134483,43.401589],[8714,5561,-122.134594,43.401406],[8762,5561,-122.134584,43.401274],[8838,5562,-122.13453,43.401069],[8914,5560,-122.134476,43.400864],[8986,5561,-122.13438,43.400681],[9063,5563,-122.13425,43.400492],[9135,5566,-122.134166,43.400302],[9208,5569,-122.134082,43.400113],[9280,5578,-122.133978,43.399931],[9383,5585,-122.133899,43.399655],[9415,5589,-122.133888,43.399567],[9498,5594,-122.133903,43.399339],[9611,5601,-122.133821,43.399036],[9654,5603,-122.133824,43.398918],[9715,5603,-122.133924,43.398769],[9740,5603,-122.133937,43.398701],[9814,5602,-122.133906,43.398497],[9912,5603,-122.133759,43.398253],[9978,5603,-122.133616,43.398102],[10045,5603,-122.133473,43.397952],[10149,5604,-122.133271,43.397707],[10261,5605,-122.132977,43.397487],[10354,5614,-122.13266,43.397381],[10440,5625,-122.132334,43.397378],[10465,5627,-122.132256,43.397339],[10537,5630,-122.132063,43.3972],[10562,5630,-122.132018,43.39714],[10641,5632,-122.131993,43.396924],[10771,5635,-122.131838,43.396587],[10800,5636,-122.131821,43.396509],[10854,5635,-122.131885,43.396367],[10905,5635,-122.131904,43.396229],[10959,5635,-122.131914,43.396081],[11018,5637,-122.131692,43.396077],[11088,5638,-122.13151,43.395939],[11132,5640,-122.131469,43.395822]]}