{"trail":"Juniper Trailhead","distance":728,"gain":10,"loss":0,"min":3108,"max":3126,"profile":[[0,3101,-121.28215,44.244736],[96,3100,-121.282046,44.244482],[193,3102,-121.281943,44.244229],[286,3108,-121.281751,44.244012],[380,3117,-121.281639,44.243769],[470,3122,-121.281398,44.243591],[532,3124,-121.281294,44.243439],[597,3127,-121.281223,44.243268],[641,3129,-121.28113,44.243166],[651,3129,-121.281104,44.243149],[728,3128,-121.28089,44.243001]]}