{"trail":"K.G.B.","distance":20878,"gain":395,"loss":127,"min":3962,"max":4197,"profile":[[0,3982,-121.399277,44.025601],[18,3982,-121.399312,44.025642],[35,3982,-121.399341,44.025684],[48,3983,-121.399364,44.025715],[60,3984,-121.399392,44.025742],[78,3984,-121.399447,44.025772],[85,3984,-121.399471,44.025783],[95,3984,-121.399505,44.025795],[108,3985,-121.39955,44.025809],[119,3985,-121.39959,44.025814],[134,3985,-121.399643,44.025827],[143,3985,-121.399675,44.025838],[155,3986,-121.399711,44.025858],[167,3986,-121.39974,44.025884],[184,3986,-121.399786,44.025915],[215,3986,-121.399894,44.025952],[231,3987,-121.399956,44.025955],[253,3987,-121.400038,44.025945],[274,3987,-121.400115,44.025929],[290,3987,-121.400176,44.025934],[306,3987,-121.400228,44.025956],[339,3987,-121.400348,44.025983],[439,3987,-121.40073,44.025985],[460,3987,-121.400807,44.026002],[527,3987,-121.401061,44.026004],[539,3987,-121.401104,44.025994],[590,3986,-121.401299,44.025999],[661,3986,-121.40157,44.026019],[733,3985,-121.401842,44.026002],[768,3985,-121.401975,44.025993],[788,3985,-121.40205,44.026006],[864,3984,-121.402339,44.026016],[940,3983,-121.402628,44.026026],[965,3983,-121.402719,44.02605],[985,3982,-121.402792,44.026063],[1017,3982,-121.402913,44.02607],[1068,3982,-121.403108,44.026065],[1091,3982,-121.403188,44.026043],[1111,3982,-121.403267,44.026044],[1134,3982,-121.403348,44.026062],[1201,3982,-121.403604,44.026068],[1268,3983,-121.403861,44.026074],[1392,3985,-121.40433,44.0261],[1432,3986,-121.404482,44.026089],[1468,3986,-121.40462,44.026093],[1499,3987,-121.404736,44.026078],[1547,3988,-121.404918,44.026088],[1601,3990,-121.405122,44.026074],[1650,3990,-121.405308,44.026064],[1682,3990,-121.405432,44.026054],[1726,3991,-121.405597,44.026072],[1786,3992,-121.405825,44.026084],[1865,3993,-121.406128,44.026081],[1945,3994,-121.40643,44.026077],[2024,3995,-121.406733,44.026074],[2104,3995,-121.407035,44.026071],[2156,3996,-121.407234,44.026065],[2176,3996,-121.407309,44.026054],[2235,3996,-121.407534,44.026042],[2286,3997,-121.407719,44.025995],[2311,3998,-121.407809,44.025978],[2327,3998,-121.407868,44.025986],[2361,3998,-121.407983,44.026032],[2389,3998,-121.408086,44.026048],[2462,3999,-121.408364,44.026047],[2504,3999,-121.408524,44.02604],[2541,4000,-121.40866,44.02607],[2571,3999,-121.40876,44.026111],[2592,4000,-121.408838,44.02612],[2621,4000,-121.408943,44.026092],[2703,4001,-121.409251,44.026114],[2773,4002,-121.409508,44.026055],[2885,4001,-121.409898,44.02618],[2929,4001,-121.410063,44.026198],[2957,4001,-121.410162,44.026221],[2982,4002,-121.410233,44.026266],[3024,4009,-121.410325,44.026361],[3056,4015,-121.410409,44.026425],[3129,4033,-121.410633,44.026547],[3155,4041,-121.410707,44.026591],[3186,4045,-121.410717,44.026676],[3205,4048,-121.410693,44.026727],[3248,4044,-121.410591,44.026818],[3339,4051,-121.410441,44.027042],[3401,4056,-121.41042,44.027212],[3410,4059,-121.410436,44.027234],[3442,4065,-121.41052,44.027298],[3460,4067,-121.410551,44.027343],[3484,4069,-121.410573,44.027406],[3519,4071,-121.410577,44.027501],[3544,4074,-121.410589,44.027569],[3567,4077,-121.410641,44.027621],[3589,4079,-121.410677,44.027676],[3614,4082,-121.410697,44.027741],[3641,4084,-121.410728,44.027811],[3680,4087,-121.410812,44.027901],[3705,4089,-121.410873,44.027953],[3730,4089,-121.410958,44.027984],[3779,4089,-121.41113,44.028034],[3799,4089,-121.411197,44.028061],[3819,4089,-121.411271,44.028075],[3846,4090,-121.41137,44.028056],[3873,4089,-121.411469,44.02803],[3899,4091,-121.411552,44.027994],[3925,4093,-121.411597,44.02793],[3981,4096,-121.411634,44.027778],[4029,4099,-121.41166,44.02765],[4062,4101,-121.411709,44.027566],[4108,4103,-121.411782,44.027451],[4130,4105,-121.411825,44.0274],[4151,4107,-121.411888,44.027363],[4166,4107,-121.411941,44.027349],[4195,4108,-121.412052,44.027335],[4212,4109,-121.412101,44.027305],[4240,4109,-121.412132,44.027231],[4293,4110,-121.412194,44.027094],[4326,4109,-121.412223,44.027004],[4353,4111,-121.412275,44.026941],[4366,4112,-121.412317,44.026923],[4377,4112,-121.41236,44.026918],[4395,4113,-121.412421,44.026936],[4419,4114,-121.412493,44.026976],[4446,4115,-121.412593,44.027001],[4469,4115,-121.412676,44.027011],[4482,4115,-121.412725,44.026999],[4503,4117,-121.412767,44.02695],[4531,4118,-121.412773,44.026874],[4595,4119,-121.412759,44.026697],[4660,4119,-121.412775,44.026521],[4736,4120,-121.412853,44.02632],[4802,4118,-121.412912,44.026144],[4868,4123,-121.413003,44.025975],[4925,4122,-121.413068,44.025826],[4991,4123,-121.413161,44.025659],[5067,4128,-121.4134,44.02554],[5099,4131,-121.413491,44.02548],[5133,4134,-121.413575,44.025412],[5196,4139,-121.413713,44.025269],[5223,4140,-121.413732,44.025197],[5277,4143,-121.413804,44.025057],[5370,4145,-121.413941,44.024822],[5447,4147,-121.414054,44.024626],[5576,4148,-121.414255,44.024304],[5616,4147,-121.414344,44.024216],[5660,4147,-121.414484,44.02415],[5696,4147,-121.414607,44.024106],[5732,4148,-121.414744,44.024102],[5805,4149,-121.415023,44.024081],[5914,4155,-121.415434,44.024057],[6022,4161,-121.415844,44.024031],[6083,4164,-121.416074,44.023999],[6168,4168,-121.416396,44.024018],[6248,4171,-121.416674,44.024111],[6324,4172,-121.416923,44.024217],[6435,4174,-121.417286,44.024373],[6499,4175,-121.417481,44.024478],[6518,4175,-121.417553,44.024488],[6541,4175,-121.41764,44.024488],[6564,4176,-121.417717,44.024458],[6631,4179,-121.417906,44.024333],[6684,4181,-121.418019,44.024212],[6749,4184,-121.418207,44.024098],[6781,4185,-121.41832,44.024065],[6807,4189,-121.418419,44.024067],[6843,4189,-121.418538,44.024116],[6905,4193,-121.418726,44.024222],[6971,4193,-121.418915,44.02434],[7027,4193,-121.419073,44.024442],[7068,4195,-121.419208,44.024501],[7119,4198,-121.419387,44.024555],[7177,4199,-121.419579,44.024634],[7224,4200,-121.419721,44.024709],[7266,4199,-121.419855,44.024772],[7318,4199,-121.420042,44.024823],[7402,4198,-121.420355,44.024875],[7486,4195,-121.42066,44.024945],[7528,4191,-121.420798,44.025002],[7607,4187,-121.421093,44.025051],[7647,4188,-121.421238,44.02508],[7687,4186,-121.421345,44.025157],[7719,4182,-121.42142,44.025229],[7744,4180,-121.42143,44.025295],[7790,4176,-121.421325,44.025397],[7831,4173,-121.42118,44.025436],[7897,4172,-121.420929,44.025455],[7958,4168,-121.4207,44.025482],[8019,4163,-121.420476,44.025533],[8035,4163,-121.420434,44.025563],[8049,4160,-121.420437,44.025602],[8089,4161,-121.420579,44.025644],[8136,4159,-121.420748,44.025689],[8162,4157,-121.420818,44.025739],[8189,4153,-121.42081,44.025812],[8189,4083,-121.419601,44.027201],[8213,4082,-121.41957,44.027263],[8263,4079,-121.419522,44.027395],[8354,4067,-121.419343,44.027609],[8400,4064,-121.419295,44.027729],[8441,4064,-121.419284,44.027843],[8493,4063,-121.41934,44.02798],[8545,4065,-121.419386,44.028117],[8581,4061,-121.41938,44.028217],[8624,4053,-121.419327,44.028327],[8676,4051,-121.419221,44.028448],[8720,4047,-121.419074,44.028506],[8764,4046,-121.418943,44.028583],[8828,4044,-121.418755,44.028695],[8928,4041,-121.418442,44.028851],[8935,4043,-121.418458,44.028866],[9003,4052,-121.418605,44.029019],[9090,4061,-121.418818,44.029202],[9137,4066,-121.418916,44.02931],[9189,4072,-121.418999,44.029438],[9249,4077,-121.419045,44.0296],[9301,4082,-121.419129,44.029727],[9341,4088,-121.419225,44.029815],[9372,4090,-121.419239,44.029899],[9401,4092,-121.419256,44.029977],[9412,4095,-121.419285,44.030001],[9436,4099,-121.419373,44.030013],[9461,4102,-121.419469,44.030011],[9482,4105,-121.41954,44.030035],[9510,4108,-121.419586,44.030106],[9544,4110,-121.41959,44.030199],[9586,4110,-121.419541,44.030307],[9615,4109,-121.419532,44.030386],[9687,4101,-121.419581,44.030582],[9744,4103,-121.419658,44.030728],[9820,4108,-121.419741,44.030929],[9884,4110,-121.419756,44.031102],[9941,4113,-121.419734,44.031257],[9991,4116,-121.41966,44.031384],[10046,4122,-121.419529,44.031502],[10081,4123,-121.419436,44.031573],[10128,4129,-121.419319,44.03167],[10165,4131,