{"trail":"Karman Line","distance":1507,"gain":57,"loss":0,"min":4002,"max":4060,"profile":[[0,4015,-121.305123,44.25352],[19,4009,-121.305101,44.253472],[45,4001,-121.305038,44.253416],[85,3998,-121.304953,44.253324],[166,3997,-121.304821,44.253125],[187,3997,-121.304805,44.253067],[201,3997,-121.304777,44.253035],[215,4008,-121.304763,44.252998],[228,4008,-121.304738,44.252966],[237,4008,-121.304716,44.252949],[255,4010,-121.304693,44.252902],[283,4020,-121.304668,44.252828],[304,4020,-121.304671,44.25277],[322,4021,-121.304657,44.25272],[337,4020,-121.304622,44.25269],[359,4029,-121.304568,44.252643],[402,4033,-121.304487,44.252539],[412,4033,-121.304468,44.252517],[422,4031,-121.304457,44.252491],[433,4031,-121.304431,44.252466],[452,4039,-121.304377,44.252431],[479,4047,-121.304312,44.252373],[519,4054,-121.304216,44.25229],[584,4066,-121.304046,44.252159],[621,4062,-121.303965,44.252075],[655,4060,-121.303894,44.251996],[723,4053,-121.303683,44.25189],[754,4055,-121.303584,44.251841],[804,4047,-121.303425,44.251767],[820,4052,-121.303365,44.251778],[918,4059,-121.303182,44.252012],[1011,4052,-121.302969,44.252217],[1079,4039,-121.30282,44.252369],[1154,4045,-121.302714,44.252562],[1230,4047,-121.302607,44.252754],[1348,4063,-121.3024,44.253041],[1404,4068,-121.302301,44.25318],[1463,4069,-121.302185,44.253318],[1507,4068,-121.302093,44.253419]]}