{"trail":"Kinder Garden","distance":2594,"gain":57,"loss":160,"min":1765,"max":1873,"profile":[[0,1868,-85.447776,34.830027],[25,1871,-85.447859,34.830016],[50,1870,-85.447941,34.830004],[75,1872,-85.448023,34.829993],[100,1873,-85.448106,34.829982],[125,1872,-85.448188,34.829971],[150,1872,-85.44827,34.829959],[175,1872,-85.448353,34.829948],[200,1869,-85.448435,34.829937],[225,1869,-85.448517,34.829926],[250,1869,-85.4486,34.829914],[275,1866,-85.448682,34.829903],[300,1865,-85.448765,34.829892],[320,1865,-85.448825,34.829916],[345,1866,-85.448862,34.829978],[366,1862,-85.448877,34.830032],[391,1868,-85.4488,34.830058],[416,1869,-85.448723,34.830085],[441,1871,-85.448646,34.830111],[466,1872,-85.448569,34.830138],[491,1871,-85.448492,34.830164],[516,1870,-85.448415,34.83019],[539,1869,-85.448358,34.830234],[564,1868,-85.448321,34.830296],[589,1869,-85.448283,34.830357],[612,1870,-85.448254,34.830415],[637,1871,-85.448337,34.830422],[662,1871,-85.44842,34.830429],[687,1873,-85.448503,34.830437],[712,1872,-85.448586,34.830444],[737,1872,-85.448669,34.830451],[762,1870,-85.448752,34.830458],[787,1868,-85.448835,34.830466],[812,1870,-85.448918,34.830473],[837,1868,-85.449001,34.83048],[862,1867,-85.449084,34.830487],[887,1864,-85.449167,34.830495],[912,1859,-85.44925,34.830502],[937,1861,-85.449319,34.830538],[962,1856,-85.449388,34.830578],[987,1855,-85.449456,34.830617],[1012,1852,-85.449525,34.830656],[1037,1854,-85.449593,34.830695],[1062,1852,-85.449662,34.830735],[1087,1849,-85.44973,34.830774],[1112,1851,-85.449799,34.830813],[1137,1849,-85.449867,34.830852],[1162,1854,-85.449936,34.830891],[1187,1852,-85.450004,34.830931],[1212,1850,-85.450072,34.83097],[1237,1851,-85.450141,34.831009],[1262,1849,-85.450209,34.831048],[1287,1849,-85.450278,34.831088],[1312,1846,-85.450346,34.831127],[1322,1845,-85.450379,34.831138],[1347,1846,-85.45033,34.831083],[1372,1843,-85.45028,34.831028],[1397,1842,-85.45023,34.830972],[1422,1839,-85.45018,34.830917],[1447,1838,-85.450131,34.830862],[1472,1833,-85.450081,34.830807],[1497,1832,-85.450031,34.830752],[1522,1829,-85.449982,34.830697],[1547,1828,-85.449918,34.830654],[1572,1829,-85.449848,34.830617],[1597,1828,-85.449778,34.830579],[1622,1830,-85.449708,34.830542],[1647,1833,-85.449638,34.830505],[1649,1830,-85.449633,34.830501],[1674,1827,-85.449705,34.830536],[1699,1825,-85.449777,34.830571],[1724,1825,-85.449849,34.830605],[1749,1824,-85.449921,34.83064],[1774,1824,-85.449993,34.830675],[1799,1826,-85.450065,34.83071],[1824,1826,-85.450137,34.830744],[1849,1824,-85.450209,34.830779],[1874,1825,-85.450281,34.830814],[1899,1823,-85.450353,34.830849],[1924,1821,-85.450425,34.830884],[1949,1822,-85.450496,34.830918],[1974,1820,-85.450568,34.830953],[1999,1818,-85.45064,34.830988],[2024,1818,-85.450712,34.831023],[2049,1816,-85.450784,34.831058],[2063,1813,-85.45077,34.831022],[2088,1813,-85.450727,34.830963],[2113,1808,-85.450685,34.830904],[2138,1802,-85.450642,34.830845],[2163,1803,-85.4506,34.830786],[2188,1800,-85.450557,34.830727],[2212,1797,-85.450509,34.830673],[2237,1798,-85.450436,34.83064],[2262,1800,-85.450363,34.830607],[2287,1802,-85.450289,34.830574],[2311,1800,-85.450367,34.830573],[2336,1795,-85.450451,34.830573],[2361,1790,-85.450534,34.830573],[2386,1784,-85.450618,34.830573],[2404,1783,-85.450572,34.830539],[2429,1778,-85.450504,34.830499],[2454,1780,-85.450436,34.830459],[2479,1781,-85.450368,34.83042],[2504,1780,-85.4503,34.83038],[2529,1781,-85.450233,34.83034],[2549,1779,-85.450191,34.830297],[2574,1768,-85.450245,34.830245],[2594,1765,-85.450287,34.830203]]}