{"trail":"King Castle","distance":20768,"gain":1626,"loss":35,"min":1239,"max":2860,"profile":[[0,1238,-122.224416,44.167591],[100,1239,-122.224043,44.167538],[199,1240,-122.223668,44.167499],[283,1241,-122.223346,44.167511],[363,1238,-122.223048,44.167562],[401,1238,-122.222906,44.167561],[452,1241,-122.222794,44.167445],[476,1242,-122.222803,44.16738],[506,1243,-122.222885,44.167321],[582,1245,-122.223126,44.167207],[635,1254,-122.223292,44.167122],[670,1257,-122.223356,44.167037],[707,1263,-122.223367,44.166937],[736,1266,-122.22327,44.166899],[778,1271,-122.22311,44.166887],[847,1280,-122.222852,44.166933],[911,1283,-122.22264,44.167015],[945,1286,-122.22253,44.166964],[980,1290,-122.222466,44.16688],[1062,1296,-122.222342,44.166672],[1125,1302,-122.222342,44.166499],[1181,1307,-122.22246,44.166372],[1244,1317,-122.222685,44.166312],[1289,1319,-122.222858,44.166322],[1341,1318,-122.223045,44.166279],[1387,1322,-122.223201,44.166218],[1461,1337,-122.223362,44.166052],[1504,1342,-122.223351,44.165933],[1583,1348,-122.223221,44.165738],[1617,1352,-122.223121,44.16568],[1669,1357,-122.222922,44.165687],[1718,1359,-122.222734,44.165702],[1781,1361,-122.22252,44.165779],[1842,1367,-122.222289,44.165764],[1900,1366,-122.222074,44.165717],[1933,1369,-122.221951,44.165729],[2004,1374,-122.221703,44.165652],[2074,1377,-122.221455,44.165575],[2118,1378,-122.221373,44.165471],[2183,1385,-122.221346,44.165295],[2296,1398,-122.221459,44.164996],[2369,1407,-122.221468,44.164794],[2441,1414,-122.221396,44.164605],[2506,1420,-122.221366,44.164428],[2560,1416,-122.221287,44.164292],[2600,1421,-122.221162,44.164224],[2645,1427,-122.221162,44.164101],[2674,1428,-122.221259,44.164067],[2723,1433,-122.221372,44.163959],[2777,1439,-122.221404,44.163813],[2839,1446,-122.221345,44.163647],[2943,1457,-122.221377,44.163362],[3003,1463,-122.221268,44.163217],[3042,1467,-122.221132,44.163178],[3074,1464,-122.221014,44.163204],[3145,1465,-122.220896,44.16338],[3197,1471,-122.220724,44.163452],[3233,1475,-122.220642,44.163374],[3314,1487,-122.220533,44.163165],[3378,1493,-122.22037,44.163035],[3459,1494,-122.220152,44.162879],[3539,1503,-122.219934,44.162723],[3602,1518,-122.219692,44.162735],[3639,1527,-122.219628,44.162824],[3691,1538,-122.219676,44.162962],[3744,1540,-122.219773,44.163089],[3811,1553,-122.219789,44.163274],[3880,1551,-122.219778,44.163462],[3937,1562,-122.219639,44.163582],[3985,1563,-122.219527,44.163687],[4024,1567,-122.219382,44.1637],[4066,1576,-122.219309,44.163596],[4116,1581,-122.219327,44.163459],[4173,1587,-122.219241,44.163315],[4238,1591,-122.219054,44.163201],[4353,1600,-122.218652,44.16307],[4427,1603,-122.218372,44.163068],[4496,1604,-122.218108,44.163094],[4565,1613,-122.217877,44.163185],[4635,1619,-122.217645,44.163276],[4711,1629,-122.217358,44.163314],[4775,1635,-122.217112,44.163301],[4850,1643,-122.216885,44.163178],[4929,1643,-122.216722,44.162995],[4974,1652,-122.216559,44.162956],[5017,1663,-122.216459,44.163047],[5086,1668,-122.216431,44.163236],[5152,1675,-122.216377,44.163412],[5223,1680,-122.216223,44.163575],[5286,1684,-122.216069,44.163708],[5323,1690,-122.215932,44.163731],[5369,1694,-122.21579,44.163661],[5449,1702,-122.215593,44.163491],[5540,1712,-122.215343,44.163318],[5631,1717,-122.215093,44.163146],[5698,1724,-122.214891,44.163031],[5766,1728,-122.214688,44.162916],[5834,1737,-122.214485,44.162801],[5934,1744,-122.214149,44.16267],[5988,1755,-122.213947,44.162631],[6048,1760,-122.213733,44.162689],[6086,1765,-122.21362,44.162754],[6173,1773,-122.213314,44.162847],[6226,1778,-122.21311,44.16285],[6310,1781,-122.212815,44.162762],[6389,1784,-122.212552,44.162658],[6457,1783,-122.21229,44.162658],[6540,1783,-122.211992,44.162729],[6622,1787,-122.211694,44.162801],[6687,1787,-122.211496,44.162908],[6746,1789,-122.211356,44.163035],[6810,1785,-122.211254,44.163197],[6892,1789,-122.210983,44.163308],[6952,1790,-122.210847,44.163438],[7006,1787,-122.21072,44.163556],[7067,1788,-122.210502,44.163614],[7118,1790,-122.210311,44.163645],[7171,1787,-122.210117,44.163686],[7269,1798,-122.209763,44.163778],[7341,1792,-122.209489,44.163778],[7418,1793,-122.2092,44.163747],[7476,1793,-122.208996,44.163682],[7531,1795,-122.208787,44.163678],[7562,1798,-122.208669,44.163689],[7652,1803,-122.208422,44.163863],[7751,1809,-122.208196,44.164078],[7826,1808,-122.207934,44.164163],[7899,1807,-122.207655,44.164182],[7923,1809,-122.207564,44.164182],[7957,1808,-122.207451,44.164228],[7995,1815,-122.20736,44.164309],[8025,1817,-122.207252,44.164282],[8056,1822,-122.207188,44.164209],[8121,1825,-122.207129,44.164036],[8222,1839,-122.207167,44.163762],[8264,1839,-122.207302,44.163698],[8327,1849,-122.207541,44.163702],[8363,1852,-122.207677,44.163689],[8381,1858,-122.207736,44.16366],[8401,1862,-122.207722,44.163608],[8430,1866,-122.20765,44.163546],[8488,1861,-122.207441,44.163497],[8525,1861,-122.2073,44.1635],[8597,1866,-122.207043,44.163574],[8718,1885,-122.206652,44.163751],[8822,1880,-122.206346,44.163932],[8847,1886,-122.206255,44.163951],[8868,1891,-122.206185,44.163921],[8898,1905,-122.20624,44.163849],[8937,1899,-122.206335,44.163766],[9021,1911,-122.206544,44.163593],[9070,1922,-122.206652,44.163482],[9151,1922,-122.206882,44.163332],[9278,1938,-122.207198,44.163068],[9336,1943,-122.207366,44.162967],[9402,1954,-122.207526,44.162827],[9485,1969,-122.207655,44.16262],[9579,1976,-122.207832,44.162393],[9616,1984,-122.207816,44.162292],[9653,1988,-122.207692,44.162246],[9699,1995,-122.207515,44.162231],[9734,1996,-122.207392,44.162266],[9821,2009,-122.207183,44.16245],[9926,2022,-122.207011,44.162712],[9979,2024,-122.206861,44.162808],[10035,2035,-122.206668,44.162874],[10114,2039,-122.206378,44.162931],[10189,2035,-122.20609,44.16295],[10262,2049,-122.205836,44.162869],[10344,2047,-122.205613,44.162709],[10445,2053,-122.205436,44.162465],[10524,2055,-122.205341,44.16226],[10603,2054,-122.205245,44.162055],[10696,2042,-122.205105,44.16182],[10789,2031,-122.204964,44.161586],[10920,2026,-122.204682,44.161289],[11049,2029,-122.204342,44.161032],[11130,2017,-122.204144,44.160861],[11211,2011,-122.203947,44.16069],[11308,2010,-122.203725,44.160479],[11404,2021,-122.203503,44.160267],[11517,2015,-122.203324,44.159986],[11582,2023,-122.203247,44.159816],[11619,2033,-122.203253,44.159714],[11634,2033,-122.203288,44.159685],[11668,2038,-122.203395,44.159739],[11726,2049,-122.203529,44.159866],[11761,2053,-122.203632,44.159928],[11826,2062,-122.203827,44.160039],[11872,2063,-122.203974,44.160108],[11895,2072,-122.204058,44.160089],[11916,2072,-122.204103,44.160044],[11955,2082,-122.204071,44.159937],[12065,2097,-122.203931,44.159654],[12133,2106,-122.203841,44.159479],[12164,2110,-122.203835,44.159396],[12190,2116,-122.203892,44.159336],[12219,2120,-122.204002,44.159331],[12271,2124,-122.204199,44.159359],[12315,2122,-122.204342,44.159418],[12415,2130,-122.204645,44.159587],[12505,2135,-122.204863,44.159778],[12568,2142,-122.205074,44.159862],[12588,2145,-122.205125,44.159822],[12641,2151,-122.205112,44.159678],[12708,2158,-122.205005,44.159512],[12804,2156,-122.204935,44.159252],[12902,2166,-122.204771,44.159012],[13022,2177,-122.204435,44.158789],[13099,2185,-122.204203,44.158655],[13173,2196,-122.203975,44.158536],[13228,2199,-122.203768,44.158523],[13272,2204,-122.203615,44.158471],[13310,2206,-122.203503,44.158404],[13348,2214,-122.20346,44.158306],[13381,2217,-122.203572,44.158263],[13445,2218,-122.203798,44.158196],[13485,2228,-122.203948,44.158179],[13532,2236,-122.204128,44.158161],[13584,2241,-122.204326,44.158161],[13654,2248,-122.204592,44.158142],[13773,2270,-122.205018,44.158254],[13795,2273,-122.205053,44.158198],[13833,2278,-122.205019,44.158098],[13868,2288,-122.204983,44.158005],[13933,2294,-122.204812,44.157875],[13971,2298,-122.204747,44.157782],[14005,2306,-122.204876,44.157767],[14068,2320,-122.205101,44.157824],[14187,2320,-122.205445,44.15804],[14215,2325,-122.205546,44.158059],[14240,2328,-122.205632,44.158025],[14261,