{"trail":"Kiwa Butte","distance":7223,"gain":76,"loss":112,"min":5507,"max":5627,"profile":[[0,5535,-121.517708,43.962134],[57,5537,-121.517925,43.962119],[90,5541,-121.518034,43.962078],[112,5544,-121.518096,43.962034],[158,5550,-121.518189,43.961929],[198,5553,-121.51826,43.961831],[241,5559,-121.518295,43.961715],[264,5562,-121.518328,43.961658],[299,5565,-121.518425,43.961593],[319,5565,-121.518492,43.961567],[345,5568,-121.518578,43.961531],[382,5570,-121.518646,43.961443],[399,5572,-121.518659,43.961397],[419,5574,-121.518688,43.961345],[442,5577,-121.518752,43.961303],[478,5577,-121.518875,43.961257],[523,5579,-121.519037,43.961218],[567,5580,-121.519202,43.961213],[599,5582,-121.519303,43.961159],[634,5582,-121.519431,43.96114],[655,5582,-121.519511,43.961135],[685,5584,-121.519622,43.961113],[722,5587,-121.519743,43.961062],[745,5586,-121.519804,43.961014],[762,5589,-121.519858,43.960991],[781,5589,-121.519928,43.960983],[800,5589,-121.519986,43.960949],[844,5594,-121.520084,43.960853],[860,5593,-121.520136,43.960827],[906,5595,-121.520302,43.960787],[963,5599,-121.520468,43.960687],[979,5599,-121.520518,43.960664],[992,5598,-121.520551,43.960638],[1015,5602,-121.52058,43.960576],[1045,5608,-121.52059,43.960497],[1101,5613,-121.520585,43.960341],[1123,5616,-121.520613,43.960286],[1140,5619,-121.520664,43.960258],[1194,5621,-121.52085,43.960193],[1234,5623,-121.52097,43.960126],[1262,5626,-121.521041,43.960069],[1285,5625,-121.521097,43.96002],[1311,5628,-121.521138,43.959955],[1323,5630,-121.521175,43.959938],[1340,5629,-121.521241,43.959933],[1353,5629,-121.52129,43.959943],[1374,5626,-121.521355,43.959977],[1398,5625,-121.521435,43.960007],[1452,5622,-121.521634,43.959976],[1491,5623,-121.52176,43.959918],[1577,5624,-121.522017,43.959773],[1663,5628,-121.522274,43.959627],[1748,5627,-121.522531,43.959482],[1857,5629,-121.522843,43.959289],[1926,5633,-121.52301,43.95914],[1979,5628,-121.523158,43.959041],[2054,5622,-121.523397,43.958931],[2115,5620,-121.523553,43.958807],[2199,5625,-121.523701,43.958602],[2284,5628,-121.523848,43.958396],[2381,5624,-121.524057,43.958175],[2488,5621,-121.524195,43.9579],[2559,5620,-121.524316,43.957726],[2630,5608,-121.524437,43.957551],[2688,5604,-121.52452,43.957403],[2771,5600,-121.524597,43.957184],[2853,5595,-121.524674,43.956965],[2968,5589,-121.524833,43.956672],[3088,5586,-121.524924,43.956351],[3171,5580,-121.525033,43.956135],[3219,5582,-121.525073,43.956008],[3313,5585,-121.525087,43.95575],[3407,5585,-121.525053,43.955495],[3506,5588,-121.524974,43.955227],[3545,5587,-121.524962,43.955122],[3600,5582,-121.525016,43.954975],[3628,5584,-121.524985,43.954903],[3692,5582,-121.524935,43.95473],[3761,5584,-121.524919,43.954543],[3846,5587,-121.524832,43.954317],[3932,5591,-121.524745,43.954091],[4052,5588,-121.524727,43.953761],[4094,5586,-121.524721,43.953648],[4193,5583,-121.52467,43.953377],[4274,5585,-121.524644,43.953158],[4354,5585,-121.524619,43.952939],[4434,5587,-121.524593,43.952719],[4514,5593,-121.524567,43.9525],[4542,5594,-121.524573,43.952424],[4616,5593,-121.52463,43.952224],[4691,5591,-121.524686,43.952025],[4762,5587,-121.524759,43.951838],[4832,5585,-121.524831,43.951651],[4899,5582,-121.524932,43.951484],[4965,5581,-121.525033,43.951317],[5043,5580,-121.525109,43.951112],[5120,5579,-121.525185,43.950907],[5198,5579,-121.525261,43.950702],[5279,5578,-121.525326,43.950482],[5361,5579,-121.52539,43.950263],[5432,5582,-121.525422,43.95007],[5503,5583,-121.525454,43.949877],[5570,5586,-121.525442,43.949694],[5636,5591,-121.525431,43.949512],[5687,5589,-121.525465,43.949374],[5817,5583,-121.52571,43.949066],[5891,5584,-121.525797,43.948872],[5933,5584,-121.525877,43.948773],[6008,5582,-121.526076,43.948626],[6073,5578,-121.526226,43.948485],[6104,5577,-121.52632,43.948431],[6130,5575,-121.526412,43.948407],[6208,5569,-121.526703,43.948371],[6288,5560,-121.526995,43.948307],[6368,5553,-121.527287,43.948243],[6448,5547,-121.527579,43.948179],[6519,5542,-121.527809,43.948076],[6587,5535,-121.528041,43.947996],[6687,5529,-121.528346,43.947832],[6754,5522,-121.52859,43.947779],[6796,5519,-121.528733,43.947729],[6863,5517,-121.52892,43.947601],[6973,5513,-121.52925,43.947417],[7072,5507,-121.529606,43.947329],[7130,5503,-121.529821,43.947296],[7177,5503,-121.529988,43.947245],[7223,5502,-121.530124,43.947165]]}