{"trail":"Krebs Cycle","distance":5784,"gain":354,"loss":278,"min":897,"max":1085,"profile":[[0,897,-85.057719,35.044245],[25,897,-85.05778,35.044292],[50,899,-85.057841,35.044339],[75,901,-85.057902,35.044386],[100,901,-85.057963,35.044433],[125,905,-85.058024,35.04448],[149,905,-85.058082,35.044526],[174,907,-85.057999,35.044523],[199,911,-85.057915,35.044521],[224,914,-85.057831,35.044518],[249,917,-85.057748,35.044515],[274,921,-85.057664,35.044513],[299,925,-85.05758,35.04451],[310,927,-85.057549,35.044522],[335,925,-85.057617,35.044563],[360,925,-85.057684,35.044603],[385,924,-85.057752,35.044643],[408,928,-85.057762,35.044708],[433,931,-85.057762,35.044776],[454,934,-85.057694,35.044783],[479,936,-85.057611,35.044776],[492,938,-85.057582,35.044803],[517,942,-85.057611,35.044868],[542,945,-85.057639,35.044932],[567,944,-85.057667,35.044997],[592,948,-85.057696,35.045061],[617,950,-85.057724,35.045126],[642,953,-85.057752,35.04519],[665,955,-85.057813,35.04523],[690,959,-85.05789,35.045257],[715,966,-85.057967,35.045284],[740,970,-85.058044,35.045312],[765,976,-85.058121,35.045339],[790,983,-85.058197,35.045366],[805,987,-85.058235,35.045391],[830,986,-85.058154,35.045406],[855,984,-85.058072,35.045422],[880,985,-85.057991,35.045437],[905,981,-85.057909,35.045453],[930,985,-85.057828,35.045468],[955,985,-85.057746,35.045484],[980,992,-85.057665,35.0455],[999,987,-85.057599,35.045488],[1024,983,-85.057565,35.045426],[1049,976,-85.05753,35.045363],[1074,973,-85.057495,35.045301],[1099,972,-85.057461,35.045239],[1124,972,-85.057426,35.045176],[1148,970,-85.057385,35.04512],[1173,973,-85.057305,35.0451],[1198,978,-85.057225,35.045079],[1223,977,-85.057145,35.045059],[1248,983,-85.057065,35.045038],[1273,985,-85.056985,35.045017],[1298,987,-85.056906,35.044997],[1323,991,-85.056826,35.044976],[1348,993,-85.056746,35.044956],[1373,996,-85.056666,35.044935],[1395,999,-85.056611,35.044973],[1420,1000,-85.056565,35.04503],[1445,1002,-85.056518,35.045087],[1470,1001,-85.056472,35.045144],[1494,1000,-85.056435,35.045202],[1519,1002,-85.056461,35.045267],[1544,1001,-85.056488,35.045332],[1563,1006,-85.056552,35.04534],[1588,1010,-85.056633,35.045324],[1605,1012,-85.056671,35.045356],[1630,1014,-85.056677,35.045425],[1655,1016,-85.056684,35.045493],[1676,1016,-85.056708,35.045548],[1701,1020,-85.05679,35.045562],[1726,1023,-85.056873,35.045575],[1751,1023,-85.056955,35.045588],[1775,1024,-85.057027,35.045615],[1800,1028,-85.057079,35.045668],[1825,1030,-85.057131,35.045722],[1850,1034,-85.057183,35.045776],[1875,1037,-85.057235,35.04583],[1900,1040,-85.057287,35.045883],[1925,1043,-85.057339,35.045937],[1950,1044,-85.057391,35.045991],[1972,1046,-85.057408,35.04605],[1997,1040,-85.057385,35.046116],[2022,1035,-85.057362,35.046182],[2047,1024,-85.057339,35.046248],[2071,1017,-85.057346,35.046315],[2096,1017,-85.057363,35.046382],[2121,1015,-85.057381,35.046448],[2146,1022,-85.057399,35.046515],[2171,1024,-85.057417,35.046582],[2196,1026,-85.057435,35.046649],[2219,1028,-85.057404,35.046707],[2244,1020,-85.057353,35.046762],[2269,1016,-85.057301,35.046816],[2294,1017,-85.05725,35.04687],[2319,1016,-85.057199,35.046924],[2344,1019,-85.057148,35.046979],[2369,1020,-85.057097,35.047033],[2393,1021,-85.057069,35.047095],[2418,1023,-85.05706,35.047163],[2443,1023,-85.05705,35.047231],[2468,1023,-85.05704,35.047299],[2490,1021,-85.057048,35.047357],[2515,1024,-85.057129,35.047372],[2540,1026,-85.057211,35.047387],[2565,1025,-85.057293,35.047402],[2590,1027,-85.057374,35.047417],[2615,1025,-85.057456,35.047432],[2640,1028,-85.057538,35.047447],[2665,1028,-85.057619,35.047462],[2690,1030,-85.057701,35.047477],[2715,1031,-85.057783,35.047492],[2740,1031,-85.057864,35.047507],[2765,1033,-85.057946,35.047522],[2790,1033,-85.058028,35.047537],[2814,1036,-85.058105,35.04756],[2839,1032,-85.058172,35.047601],[2864,1031,-85.05824,35.047642],[2889,1029,-85.058307,35.047682],[2914,1026,-85.058374,35.047723],[2939,1023,-85.058442,35.047764],[2964,1020,-85.058513,35.047798],[2989,1020,-85.058593,35.047817],[3014,1027,-85.058674,35.047836],[3039,1032,-85.058754,35.047855],[3064,1040,-85.058835,35.047874],[3089,1044,-85.058915,35.047893],[3114,1048,-85.058985,35.047928],[3139,1047,-85.05905,35.047971],[3164,1050,-85.059116,35.048014],[3189,1049,-85.059181,35.048057],[3214,1049,-85.059246,35.0481],[3239,1051,-85.059311,35.048143],[3264,1058,-85.059376,35.048186],[3289,1061,-85.059441,35.048229],[3314,1064,-85.059507,35.048272],[3339,1064,-85.059572,35.048315],[3360,1066,-85.059643,35.048326],[3383,1071,-85.059712,35.048298],[3408,1075,-85.059682,35.048234],[3433,1081,-85.059652,35.04817],[3458,1084,-85.059622,35.048106],[3483,1085,-85.059578,35.04805],[3508,1083,-85.059519,35.048],[3533,1082,-85.059461,35.047951],[3558,1078,-85.059403,35.047902],[3583,1078,-85.059345,35.047853],[3608,1081,-85.059286,35.047803],[3633,1079,-85.059228,35.047754],[3658,1080,-85.05917,35.047705],[3683,1074,-85.059112,35.047656],[3708,1071,-85.059054,35.047606],[3733,1069,-85.058995,35.047557],[3747,1068,-85.058999,35.047519],[3772,1071,-85.059077,35.047496],[3797,1068,-85.059156,35.047473],[3821,1067,-85.059236,35.047464],[3846,1063,-85.059319,35.047474],[3871,1057,-85.059402,35.047484],[3896,1050,-85.059485,35.047494],[3921,1046,-85.059568,35.047504],[3946,1039,-85.05965,35.047514],[3971,1034,-85.059733,35.047524],[3996,1038,-85.059816,35.047535],[4021,1037,-85.059899,35.047545],[4046,1037,-85.059982,35.047555],[4071,1039,-85.060064,35.047565],[4096,1044,-85.060147,35.047575],[4121,1045,-85.06023,35.047585],[4146,1046,-85.060313,35.047595],[4168,1044,-85.060373,35.047629],[4193,1041,-85.060405,35.047692],[4218,1039,-85.060438,35.047755],[4243,1033,-85.060471,35.047818],[4268,1028,-85.060503,35.047881],[4293,1023,-85.060536,35.047944],[4318,1026,-85.060569,35.048008],[4342,1027,-85.06061,35.048065],[4367,1023,-85.060682,35.048099],[4392,1020,-85.060754,35.048134],[4417,1019,-85.060826,35.048169],[4442,1013,-85.060899,35.048203],[4467,1007,-85.060971,35.048238],[4492,1003,-85.061043,35.048272],[4517,998,-85.061115,35.048307],[4542,993,-85.061187,35.048342],[4565,990,-85.061229,35.048396],[4590,986,-85.061249,35.048462],[4615,983,-85.061269,35.048529],[4640,980,-85.061289,35.048595],[4665,982,-85.06131,35.048661],[4690,981,-85.06133,35.048728],[4715,985,-85.06135,35.048794],[4739,984,-85.061362,35.048861],[4764,979,-85.061337,35.048926],[4789,980,-85.061312,35.048992],[4814,978,-85.061287,35.049057],[4839,982,-85.061262,35.049123],[4864,983,-85.061237,35.049188],[4889,984,-85.061213,35.049253],[4914,987,-85.061188,35.049319],[4939,990,-85.061148,35.049377],[4964,989,-85.061088,35.049424],[4989,988,-85.061027,35.049471],[5014,988,-85.060967,35.049519],[5039,985,-85.060906,35.049566],[5064,986,-85.060846,35.049614],[5089,983,-85.060785,35.049661],[5114,983,-85.060725,35.049708],[5138,982,-85.060672,35.04976],[5163,981,-85.060643,35.049824],[5188,979,-85.060613,35.049888],[5213,980,-85.060583,35.049952],[5238,977,-85.060553,35.050016],[5263,973,-85.060524,35.05008],[5288,973,-85.060494,35.050144],[5313,971,-85.060464,35.050209],[5338,969,-85.060426,35.050268],[5363,969,-85.060366,35.050316],[5388,967,-85.060307,35.050365],[5413,969,-85.060248,35.050413],[5438,970,-85.060189,35.050462],[5463,968,-85.06013,35.05051],[5488,970,-85.06007,35.050559],[5513,968,-85.060011,35.050607],[5537,968,-85.05996,35.05066],[5562,966,-85.059924,35.050722],[5587,969,-85.059888,35.050784],[5612,969,-85.059853,35.050846],[5637,968,-85.059817,35.050908],[5662,965,-85.059781,35.05097],[5687,966,-85.059745,35.051032],[5712,967,-85.05971,35.051094],[5737,972,-85.059674,35.051156],[5762,971,-85.059638,35.051218],[5784,973,-85.059607,35.051272]]}