{"trail":"Lake Creek","distance":22820,"gain":303,"loss":153,"min":2983,"max":3452,"profile":[[0,3146,-121.700056,44.439103],[78,3145,-121.69984,44.439253],[157,3143,-121.699625,44.439403],[235,3142,-121.699409,44.439553],[313,3141,-121.699166,44.439679],[399,3139,-121.698881,44.439795],[485,3137,-121.698595,44.439912],[570,3135,-121.69831,44.440028],[645,3134,-121.698076,44.440148],[720,3133,-121.697843,44.440268],[795,3131,-121.697609,44.440388],[870,3130,-121.697376,44.440508],[945,3129,-121.697142,44.440628],[1020,3127,-121.696909,44.440748],[1095,3126,-121.696675,44.440868],[1163,3125,-121.696492,44.441003],[1232,3124,-121.696309,44.441137],[1300,3122,-121.696126,44.441272],[1382,3121,-121.695948,44.441455],[1463,3120,-121.695769,44.441638],[1544,3119,-121.695591,44.441821],[1613,3118,-121.695401,44.44195],[1681,3117,-121.69521,44.442079],[1749,3116,-121.694991,44.442182],[1798,3116,-121.694817,44.442228],[1864,3115,-121.694571,44.442273],[1930,3114,-121.694326,44.442318],[1996,3113,-121.69408,44.442364],[2062,3112,-121.693835,44.442409],[2128,3111,-121.693589,44.442454],[2234,3109,-121.6932,44.442545],[2304,3108,-121.692953,44.442616],[2373,3107,-121.692706,44.442688],[2454,3106,-121.692427,44.442784],[2535,3105,-121.692147,44.442881],[2616,3104,-121.691868,44.442977],[2671,3103,-121.691671,44.443032],[2755,3102,-121.691349,44.443064],[2840,3101,-121.691027,44.443095],[2969,3099,-121.690557,44.443208],[3079,3098,-121.690179,44.443342],[3156,3097,-121.689926,44.443453],[3234,3096,-121.689674,44.443563],[3311,3094,-121.689421,44.443674],[3372,3094,-121.689209,44.443747],[3463,3093,-121.688878,44.443823],[3538,3092,-121.688594,44.443866],[3614,3091,-121.68831,44.443909],[3690,3090,-121.688026,44.443952],[3758,3089,-121.687775,44.444011],[3827,3088,-121.687523,44.444071],[3896,3088,-121.687272,44.44413],[3975,3087,-121.686972,44.444163],[4055,3086,-121.686671,44.444195],[4134,3085,-121.686371,44.444228],[4254,3084,-121.685927,44.444314],[4358,3082,-121.685533,44.44436],[4444,3081,-121.685202,44.444379],[4531,3080,-121.68487,44.444398],[4603,3079,-121.684596,44.444423],[4675,3077,-121.684322,44.444448],[4783,3076,-121.683908,44.444458],[4854,3075,-121.683638,44.444484],[4925,3073,-121.683368,44.44451],[4996,3073,-121.683097,44.444537],[5067,3072,-121.682827,44.444563],[5138,3071,-121.682557,44.444589],[5210,3070,-121.682302,44.444667],[5282,3069,-121.682046,44.444744],[5355,3068,-121.681791,44.444822],[5433,3067,-121.681506,44.444896],[5512,3067,-121.681221,44.444969],[5540,3066,-121.681117,44.444986],[5567,3066,-121.681016,44.445003],[5675,3065,-121.680604,44.444976],[5745,3064,-121.680334,44.444975],[5816,3063,-121.680063,44.444975],[5881,3063,-121.679816,44.444997],[5947,3062,-121.679575,44.445053],[6013,3061,-121.679333,44.445108],[6104,3060,-121.67902,44.445217],[6194,3058,-121.678706,44.445326],[6267,3057,-121.678465,44.445428],[6341,3056,-121.678223,44.445529],[6414,3055,-121.677982,44.445631],[6487,3054,-121.67774,44.445733],[6581,3053,-121.677469,44.445904],[6675,3052,-121.677197,44.446075],[6743,3052,-121.677023,44.446215],[6812,3052,-121.676848,44.446354],[6880,3051,-121.676674,44.446494],[6956,3051,-121.676501,44.446663],[7032,3050,-121.676328,44.446832],[7109,3049,-121.676156,44.447],[7185,3049,-121.675983,44.447169],[7261,3048,-121.67581,44.447338],[7352,3048,-121.675622,44.447548],[7443,3047,-121.675434,44.447758],[7525,3046,-121.67523,44.447927],[7606,3045,-121.675026,44.448097],[7652,3045,-121.674904,44.448188],[7745,3044,-121.674634,44.448355],[7838,3043,-121.674365,44.448521],[7911,3042,-121.674167,44.448664],[7985,3041,-121.673969,44.448808],[8053,3041,-121.673757,44.448919],[8121,3040,-121.673546,44.44903],[8190,3039,-121.673362,44.449165],[8259,3038,-121.673178,44.449299],[8327,3037,-121.672993,44.449433],[8396,3036,-121.672809,44.449568],[8510,3035,-121.672477,44.449772],[8605,3033,-121.672166,44.449905],[8699,3032,-121.671855,44.450039],[8770,3031,-121.671601,44.450111],[8871,3031,-121.67122,44.450158],[8920,3030,-121.671031,44.450158],[9051,3029,-121.670532,44.450195],[9126,3029,-121.670253,44.450243],[9171,3028,-121.670091,44.450287],[9239,3027,-121.669861,44.450376],[9307,3026,-121.66963,44.450465],[9375,3026,-121.6694,44.450555],[9444,3025,-121.66917,44.450644],[9563,3024,-121.668746,44.450771],[9621,3023,-121.668568,44.450867],[9742,3021,-121.668246,44.451105],[9811,3020,-121.668049,44.45123],[9899,3019,-121.66778,44.451376],[9957,3017,-121.667574,44.451438],[10074,3016,-121.667132,44.451497],[10123,3015,-121.666956,44.451543],[10200,3014,-121.6667,44.451647],[10276,3012,-121.666444,44.451751],[10353,3011,-121.666188,44.451855],[10427,3010,-121.66596,44.451975],[10501,3009,-121.665733,44.452096],[10574,3008,-121.665505,44.452216],[10659,3007,-121.66526,44.452369],[10764,3006,-121.664995,44.452585],[10764,3006,-121.664995,44.452585],[10879,3005,-121.664704,44.452821],[10953,3004,-121.664532,44.452983],[11027,3003,-121.66436,44.453144],[11101,3003,-121.664188,44.453306],[11167,3002,-121.664001,44.453429],[11233,3002,-121.663815,44.453553],[11299,3002,-121.663628,44.453676],[11366,3001,-121.663441,44.453799],[11459,3000,-121.663151,44.453949],[11552,3000,-121.662862,44.454099],[11647,2999,-121.662553,44.45424],[11741,2998,-121.662249,44.454378],[11770,2998,-121.662148,44.454412],[11852,2997,-121.661846,44.454476],[11925,2997,-121.66157,44.45451],[11998,2996,-121.661295,44.454545],[12071,2996,-121.661019,44.454579],[12159,2995,-121.660692,44.454642],[12280,2993,-121.660271,44.454782],[12397,2992,-121.659848,44.454891],[12479,2991,-121.659538,44.454924],[12560,2991,-121.659229,44.454957],[12642,2991,-121.658919,44.45499],[12700,2990,-121.658703,44.455034],[12779,2990,-121.658422,44.455109],[12857,2989,-121.65814,44.455185],[12930,2989,-121.657866,44.455233],[13004,2988,-121.657592,44.455281],[13077,2988,-121.657319,44.455328],[13151,2987,-121.657045,44.455376],[13216,2987,-121.656806,44.45543],[13326,2986,-121.656423,44.455561],[13392,2985,-121.656225,44.455673],[13458,2985,-121.656027,44.455786],[13524,2985,-121.65583,44.455898],[13590,2984,-121.655632,44.45601],[13658,2984,-121.655414,44.456114],[13726,2983,-121.655196,44.456218],[13816,2982,-121.654868,44.456292],[13905,2981,-121.654541,44.456366],[13905,3146,-121.700056,44.439103],[13977,3147,-121.700212,44.438941],[14017,3148,-121.700298,44.438849],[14036,3148,-121.700333,44.438805],[14116,3149,-121.70053,44.438637],[14196,3151,-121.700727,44.438468],[14284,3153,-121.700974,44.438302],[14343,3155,-121.701159,44.438212],[14421,3157,-121.701434,44.438125],[14551,3160,-121.701906,44.438005],[14620,3163,-121.702136,44.43791],[14690,3165,-121.702366,44.437815],[14759,3166,-121.702595,44.437721],[14828,3167,-121.702825,44.437626],[14897,3169,-121.703055,44.437531],[14998,3171,-121.70341,44.43742],[15071,3172,-121.703689,44.437394],[15144,3173,-121.703968,44.437368],[15218,3175,-121.704246,44.437341],[15291,3177,-121.704525,44.437315],[15349,3179,-121.704742,44.437275],[15392,3179,-121.704889,44.437225],[15469,3181,-121.705142,44.437116],[15546,3183,-121.705396,44.437007],[15623,3185,-121.705649,44.436899],[15700,3187,-121.705903,44.43679],[15777,3189,-121.706156,44.436681],[15862,3192,-121.706446,44.436574],[15901,3193,-121.706566,44.436511],[15959,3195,-121.706719,44.436393],[16010,3196,-121.706881,44.436314],[16085,3198,-121.707143,44.436229],[16175,3201,-121.707445,44.43611],[16265,3204,-121.707746,44.43599],[16335,3205,-121.707967,44.43588],[16405,3208,-121.708189,44.435771],[16475,3209,-121.708416,44.43567],[16545,3212,-121.708643,44.43557],[16614,3215,-121.70887,44.435469],[16682,3217,-121.709108,44.435396],[16749,3220,-121.709345,44.435324],[16816,3223,-121.709583,44.435251],[16883,3228,-121.70982,44.435178],[16951,3231,-121.710058,44.435106],[17018,3235,-121.710295,44.435033],[17060,3237,-121.71042,44.434962],[17147,3241,-121.710616,44.434768],[17172,3242,-121.710701,44.434738],[17239,3246,-121.710955,44.434699],[17307,3249,-121.711209,44.43466],[17430,3254,