{"trail":"Larison Creek","distance":30228,"gain":0,"loss":219,"min":2690,"max":2911,"profile":[[0,2905,-122.529041,43.68456],[34,2908,-122.529106,43.68448],[104,2917,-122.529272,43.68433],[174,2918,-122.529439,43.684179],[214,2911,-122.529468,43.684072],[272,2904,-122.529453,43.683914],[344,2889,-122.529375,43.683726],[382,2881,-122.529354,43.683622],[416,2872,-122.529288,43.683543],[438,2862,-122.529219,43.683508],[474,2857,-122.529091,43.683474],[524,2847,-122.528901,43.683454],[545,2837,-122.528831,43.68343],[590,2819,-122.528704,43.683347],[603,2819,-122.528655,43.683339],[624,2812,-122.528582,43.683356],[687,2807,-122.528413,43.683479],[722,2803,-122.528341,43.68356],[793,2805,-122.528243,43.683741],[835,2801,-122.528125,43.683817],[933,2787,-122.527907,43.684035],[964,2789,-122.527877,43.684117],[992,2790,-122.527875,43.684196],[1061,2798,-122.527904,43.684382],[1129,2813,-122.527932,43.684569],[1163,2825,-122.527901,43.684658],[1256,2817,-122.52765,43.684838],[1314,2821,-122.52752,43.684967],[1407,2824,-122.527391,43.685202],[1502,2822,-122.527215,43.68543],[1597,2821,-122.52704,43.685659],[1655,2805,-122.526933,43.685519],[1735,2773,-122.526643,43.685457],[1817,2742,-122.526393,43.685322],[1883,2716,-122.526213,43.685198],[1949,2684,-122.526033,43.685073],[1995,2672,-122.525978,43.684953],[2065,2648,-122.525712,43.684953],[2162,2609,-122.525463,43.684759],[2210,2592,-122.525296,43.684815],[2324,2565,-122.524906,43.684945],[2401,2547,-122.524653,43.685051],[2429,2544,-122.524578,43.685106],[2487,2544,-122.524479,43.685248],[2582,2543,-122.524268,43.685458],[2677,2532,-122.524056,43.685668],[2733,2531,-122.523962,43.685808],[2802,2533,-122.523886,43.685988],[2903,2498,-122.523607,43.685798],[2980,2517,-122.523695,43.685998],[3056,2537,-122.523783,43.686197],[3127,2525,-122.523607,43.686344],[3173,2516,-122.523544,43.686463],[3284,2483,-122.523459,43.686759],[3393,2437,-122.523301,43.687036],[3478,2458,-122.523258,43.686805],[3505,2452,-122.523198,43.686745],[3584,2433,-122.523039,43.686561],[3663,2422,-122.52288,43.686378],[3781,2396,-122.522769,43.686064],[3866,2400,-122.522797,43.685833],[3891,2388,-122.52278,43.685763],[3916,2377,-122.5227,43.685728],[3935,2377,-122.52263,43.685721],[3983,2357,-122.522469,43.685783],[4101,2322,-122.522161,43.686018],[4220,2294,-122.521918,43.686291],[4275,2287,-122.521777,43.686404],[4350,2261,-122.521557,43.686534],[4425,2251,-122.521337,43.686664],[4467,2241,-122.521238,43.686754],[4525,2235,-122.521126,43.68689],[4606,2227,-122.521042,43.687105],[4682,2222,-122.52104,43.687313],[4758,2212,-122.521037,43.687521],[4836,2206,-122.521096,43.68773],[4906,2198,-122.520844,43.687668],[4970,2192,-122.520624,43.687594],[5012,2189,-122.520646,43.687708],[5036,2187,-122.520641,43.687775],[5087,2187,-122.520669,43.687913],[5146,2186,-122.520672,43.688075],[5184,2181,-122.520544,43.688033],[5223,2178,-122.520451,43.688118],[5286,2173,-122.520239,43.688192],[5386,2174,-122.519935,43.688358],[5434,2168,-122.519763,43.688402],[5466,2164,-122.519643,43.688412],[5543,2173,-122.519455,43.688572],[5612,2169,-122.519198,43.688614],[5682,2159,-122.518941,43.688657],[5710,2164,-122.518849,43.688695],[5735,2161,-122.518753,43.688709],[5800,2160,-122.518507,43.68871],[5858,2156,-122.518317,43.688634],[5941,2154,-122.518038,43.688525],[6035,2155,-122.517693,43.688584],[6082,2153,-122.517524,43.688544],[6172,2148,-122.51718,43.688536],[6212,2145,-122.517037,43.68857],[6254,2141,-122.51689,43.688529],[6305,2138,-122.516709,43.688579],[6349,2133,-122.516541,43.688576],[6456,2120,-122.516145,43.688519],[6503,2118,-122.515968,43.688544],[6571,2113,-122.515749,43.688641],[6638,2111,-122.51553,43.688737],[6738,2107,-122.515168,43.688816],[6783,2104,-122.515031,43.688888],[6902,2107,-122.514729,43.689131],[7017,2116,-122.514359,43.689295],[7074,2116,-122.514156,43.689349],[7100,2116,-122.514058,43.689341],[7185,2105,-122.513746,43.689277],[7271,2090,-122.513434,43.689213],[7341,2080,-122.51317,43.689185],[7431,2075,-122.512831,43.689178],[7500,2071,-122.512575,43.689221],[7600,2063,-122.512197,43.689257],[7624,2059,-122.512113,43.68928],[7643,2064,-122.512064,43.689317],[7692,2068,-122.511939,43.689417],[7820,2080,-122.511676,43.689712],[7851,2088,-122.511569,43.689747],[7888,2089,-122.51144,43.689704],[7936,2087,-122.511316,43.68961],[8017,2086,-122.511058,43.689492],[8125,2082,-122.51075,43.689297],[8147,2080,-122.510677,43.689268],[8229,2080,-122.510369,43.689225],[8258,2088,-122.510262,43.689239],[8331,2096,-122.510002,43.689308],[8404,2101,-122.509742,43.689376],[8477,2100,-122.509482,43.689445],[8508,2102,-122.509375,43.689479],[8548,2090,-122.50923,43.689514],[8586,2089,-122.509091,43.689538],[8623,2074,-122.508951,43.689553],[8645,2067,-122.508869,43.689545],[8730,2043,-122.508548,43.689525],[8820,2039,-122.508213,43.689486],[8894,2040,-122.507931,43.689489],[8939,2041,-122.507764,43.689512],[9029,2052,-122.507457,43.689619],[9082,2050,-122.507255,43.689613],[9119,2041,-122.507129,43.689571],[9182,2024,-122.50695,43.689454],[9262,2005,-122.506701,43.689329],[9302,2003,-122.50656,43.689288],[9384,2006,-122.50625,43.689307],[9466,2006,-122.505941,43.689326],[9516,2008,-122.505759,43.689362],[9610,2002,-122.505402,43.689372],[9633,2000,-122.505331,43.689409],[9679,2005,-122.505227,43.68951],[9726,2010,-122.505174,43.689631],[9780,2001,-122.505017,43.689536],[9829,1992,-122.504854,43.689471],[9928,1992,-122.504482,43.689427],[9989,1990,-122.504265,43.689373],[10099,1987,-122.503898,43.68923],[10169,1985,-122.503638,43.689188],[10239,1983,-122.503379,43.689146],[10324,1975,-122.503108,43.689021],[10366,1976,-122.502955,43.68899],[10430,1976,-122.502712,43.688983],[10468,1971,-122.502578,43.688944],[10545,1974,-122.50234,43.689069],[10623,1972,-122.502102,43.689193],[10680,1964,-122.501927,43.689284],[10734,1960,-122.501783,43.689392],[10773,1956,-122.50172,43.689487],[10843,1957,-122.501659,43.689675],[10917,1953,-122.501509,43.689844],[10977,1948,-122.501443,43.690004],[11007,1949,-122.50145,43.690086],[11032,1950,-122.501495,43.690144],[11085,1969,-122.501647,43.690241],[11106,1969,-122.501678,43.690294],[11158,1972,-122.501636,43.690433],[11210,1967,-122.501559,43.690563],[11244,1963,-122.501474,43.690633],[11318,1954,-122.501197,43.690674],[11416,1941,-122.500849,43.690768],[11514,1936,-122.500501,43.690862],[11535,1932,-122.500421,43.690865],[11590,1918,-122.500219,43.69083],[11678,1906,-122.499924,43.690721],[11720,1898,-122.499769,43.690686],[11740,1895,-122.499695,43.690699],[11822,1892,-122.499425,43.69081],[11906,1884,-122.499113,43.690857],[11945,1878,-122.498968,43.690856],[12014,1872,-122.49871,43.690826],[12072,1870,-122.498511,43.690757],[12126,1874,-122.498311,43.690725],[12195,1868,-122.498073,43.690647],[12223,1869,-122.497968,43.690628],[12338,1871,-122.497537,43.690591],[12451,1867,-122.497109,43.6906],[12558,1852,-122.496713,43.690533],[12617,1833,-122.496513,43.690459],[12658,1829,-122.49636,43.690442],[12732,1817,-122.496086,43.690485],[12827,1816,-122.495728,43.690484],[12904,1809,-122.495443,43.69043],[12982,1803,-122.495158,43.690377],[13040,1806,-122.494937,43.690381],[13112,1810,-122.494667,43.6904],[13179,1816,-122.494413,43.690374],[13291,1801,-122.494012,43.690277],[13360,1794,-122.493804,43.690164],[13428,1774,-122.493597,43.690051],[13460,1769,-122.493484,43.690019],[13566,1755,-122.493087,43.69006],[13660,1758,-122.492754,43.69015],[13703,1761,-122.492591,43.690154],[13810,1780,-122.49219,43.690107],[13911,1760,-122.491832,43.690006],[14018,1749,-122.49143,43.689964],[14115,1779,-122.491066,43.689996],[14221,1808,-122.490678,43.690066],[14307,1805,-122.490349,43.690078],[14331,1799,-122.490261,43.690062],[14411,1754,-122.490012,43.689937],[14437,1750,-122.489923,43.689911],[14478,1740,-122.489767,43.689909],[14550,1733,-122.489494,43.689933],[14618,1715,-122.489243,43.6899],[14697,1735,-122.488944,43.689915],[14747,1718,-122.488757,43.689891],[14804,1707,-122.488558,43.689829],[14839,1703,