{"trail":"Larison Rock","distance":16548,"gain":11,"loss":1024,"min":2311,"max":3341,"profile":[[0,3301,-122.469345,43.709957],[82,3311,-122.469398,43.710179],[159,3326,-122.469486,43.710379],[201,3343,-122.4695,43.710494],[226,3344,-122.469483,43.710562],[264,3350,-122.4694,43.710647],[306,3348,-122.469275,43.71072],[342,3345,-122.469188,43.710794],[361,3349,-122.469154,43.710841],[482,3351,-122.46903,43.71116],[552,3340,-122.468856,43.711303],[621,3328,-122.468681,43.711447],[646,3322,-122.468633,43.711506],[682,3321,-122.468608,43.711601],[751,3313,-122.468611,43.71179],[802,3306,-122.468654,43.711926],[849,3295,-122.46877,43.712026],[917,3301,-122.468995,43.712115],[962,3287,-122.469122,43.712197],[993,3283,-122.469175,43.712275],[1101,3245,-122.469285,43.712559],[1182,3248,-122.469333,43.712779],[1237,3247,-122.469337,43.71293],[1263,3232,-122.469319,43.713],[1363,3222,-122.469215,43.713264],[1405,3207,-122.469134,43.713362],[1485,3184,-122.468944,43.713534],[1530,3190,-122.468892,43.71365],[1611,3181,-122.46885,43.713869],[1658,3178,-122.468849,43.714],[1733,3175,-122.468912,43.7142],[1774,3175,-122.469,43.714292],[1839,3168,-122.469189,43.714405],[1924,3135,-122.469353,43.714608],[1989,3113,-122.469398,43.714781],[2075,3106,-122.469556,43.714988],[2114,3109,-122.469549,43.715096],[2201,3108,-122.469395,43.715307],[2257,3106,-122.46924,43.715409],[2340,3089,-122.468953,43.715503],[2456,3088,-122.46862,43.715711],[2511,3090,-122.468445,43.715792],[2582,3079,-122.468194,43.715869],[2654,3068,-122.467943,43.715946],[2692,3067,-122.46784,43.716019],[2790,3066,-122.467636,43.716241],[2874,3052,-122.467403,43.716399],[2925,3045,-122.467242,43.716478],[3000,3034,-122.466996,43.71658],[3075,3036,-122.466751,43.716682],[3149,3036,-122.466505,43.716784],[3235,3029,-122.466216,43.716889],[3320,3030,-122.465926,43.716995],[3405,3027,-122.465637,43.7171],[3487,3018,-122.465353,43.717192],[3569,3015,-122.46507,43.717284],[3635,3004,-122.464836,43.717349],[3701,2995,-122.464603,43.717414],[3737,2987,-122.464487,43.717463],[3779,2984,-122.464376,43.717545],[3866,2979,-122.46422,43.717755],[3950,2969,-122.464099,43.71797],[4035,2954,-122.463978,43.718186],[4113,2943,-122.46397,43.7184],[4183,2927,-122.464013,43.718587],[4252,2894,-122.464056,43.718775],[4319,2884,-122.464077,43.718958],[4386,2869,-122.464098,43.719141],[4487,2869,-122.464092,43.719418],[4526,2881,-122.464063,43.719522],[4580,2894,-122.463993,43.719662],[4700,2889,-122.463772,43.719949],[4762,2897,-122.463635,43.720086],[4831,2877,-122.463502,43.720252],[4901,2881,-122.463368,43.720417],[5015,2884,-122.463223,43.720709],[5059,2883,-122.463195,43.72083],[5115,2865,-122.46324,43.720978],[5199,2840,-122.463377,43.721188],[5251,2823,-122.463436,43.721323],[5330,2816,-122.46347,43.721539],[5410,2794,-122.463504,43.721756],[5539,2775,-122.46359,43.722104],[5590,2768,-122.463594,43.722245],[5661,2766,-122.463533,43.722434],[5722,2758,-122.463526,43.722602],[5792,2742,-122.463576,43.722789],[5861,2733,-122.463626,43.722976],[5917,2721,-122.463748,43.723099],[5947,2711,-122.463797,43.723174],[6014,2697,-122.463768,43.723358],[6129,2677,-122.463848,43.723666],[6223,2663,-122.463832,43.723925],[6294,2658,-122.463792,43.724118],[6365,2656,-122.463753,43.72431],[6459,2651,-122.463753,43.724566],[6552,2637,-122.463754,43.724822],[6642,2625,-122.463709,43.725065],[6714,2625,-122.463713,43.725263],[6806,2636,-122.463787,43.725511],[6851,2645,-122.463845,43.725625],[6979,2653,-122.464083,43.725931],[7004,2650,-122.464139,43.725987],[7038,2646,-122.464247,43.726039],[7083,2631,-122.464413,43.726065],[7158,2604,-122.464698,43.726068],[7233,2585,-122.464983,43.726072],[7258,2591,-122.465074,43.726092],[7283,2582,-122.465146,43.726135],[7379,2596,-122.465293,43.726376],[7475,2603,-122.46544,43.726617],[7504,2597,-122.4655,43.726683],[7575,2584,-122.465698,43.726817],[7647,2563,-122.465896,43.726951],[7718,2543,-122.466094,43.727085],[7790,2525,-122.466292,43.727219],[7868,2499,-122.466536,43.727341],[7947,2476,-122.466781,43.727463],[7972,2469,-122.466835,43.72752],[8005,2468,-122.466842,43.727612],[8027,2470,-122.46678,43.72765],[8073,2475,-122.466619,43.727697],[8130,2482,-122.466454,43.727799],[8159,2480,-122.46639,43.727864],[8220,2441,-122.46629,43.728014],[8289,2420,-122.466213,43.728195],[8358,2413,-122.466136,43.728377],[8383,2413,-122.466074,43.72843],[8409,2420,-122.465992,43.728467],[8440,2443,-122.465874,43.72848],[8508,2465,-122.465626,43.728431],[8576,2459,-122.465377,43.728381],[8644,2455,-122.465129,43.728332],[8693,2443,-122.464944,43.728326],[8771,2426,-122.464653,43.728285],[8875,2392,-122.464262,43.728257],[8935,2368,-122.464043,43.728213],[8956,2360,-122.463965,43.728229],[9018,2334,-122.46376,43.728313],[9082,2385,-122.463528,43.728364],[9121,2384,-122.463404,43.72842],[9158,2395,-122.463309,43.728497],[9183,2368,-122.463282,43.728563],[9256,2326,-122.463282,43.728763],[9329,2293,-122.463282,43.728963],[9402,2262,-122.463282,43.729162],[9475,2234,-122.463282,43.729362],[9520,2217,-122.463301,43.729485],[9575,2186,-122.463387,43.729621],[9609,2170,-122.463416,43.729713],[9671,2163,-122.463404,43.729883],[9749,2178,-122.46336,43.730094],[9827,2174,-122.463317,43.730306],[9902,2183,-122.463208,43.730494],[9976,2170,-122.463098,43.730683],[10092,2128,-122.462965,43.730986],[10121,2117,-122.462914,43.731056],[10160,2112,-122.462814,43.731133],[10192,2106,-122.462714,43.731185],[10290,2097,-122.462396,43.731322],[10399,2094,-122.462007,43.731425],[10447,2089,-122.461851,43.731492],[10495,2081,-122.461721,43.731587],[10547,2069,-122.461608,43.731701],[10626,2055,-122.461462,43.73189],[10704,2037,-122.461316,43.732079],[10800,2017,-122.461185,43.732324],[10839,2009,-122.461174,43.73243],[10877,1998,-122.461203,43.732533],[10896,1998,-122.46124,43.732576],[10923,1993,-122.461329,43.732612],[10949,1991,-122.461427,43.732618],[10997,1983,-122.46161,43.732601],[11033,1982,-122.461709,43.732536],[11072,1993,-122.461754,43.732434],[11145,1999,-122.461799,43.732236],[11173,2004,-122.461835,43.732163],[11217,2007,-122.461934,43.732066],[11327,1991,-122.46226,43.731879],[11384,1971,-122.462462,43.73182],[11423,1965,-122.462607,43.731806],[11475,1959,-122.462805,43.73181],[11537,1948,-122.463032,43.731851],[11604,1935,-122.463265,43.731928],[11672,1924,-122.463497,43.732006],[11738,1913,-122.463739,43.732055],[11804,1899,-122.46398,43.732103],[11855,1889,-122.464174,43.732119],[11939,1866,-122.464491,43.732103],[11964,1863,-122.46457,43.732067],[11993,1854,-122.464643,43.732007],[12044,1844,-122.46474,43.731886],[12123,1834,-122.464843,43.731681],[12191,1822,-122.464874,43.731498],[12258,1827,-122.464905,43.731314],[12363,1817,-122.464986,43.731034],[12401,1802,-122.465043,43.730937],[12419,1808,-122.465085,43.730897],[12442,1797,-122.465163,43.730869],[12475,1798,-122.465282,43.730895],[12531,1795,-122.46545,43.730989],[12614,1817,-122.465716,43.731108],[12696,1821,-122.465982,43.731226],[12727,1807,-122.466072,43.731283],[12746,1792,-122.466105,43.731328],[12824,1755,-122.466138,43.731539],[12891,1759,-122.466209,43.731715],[12958,1757,-122.466281,43.731892],[13025,1753,-122.466352,43.732068],[13137,1727,-122.466437,43.732371],[13205,1715,-122.466515,43.732548],[13286,1704,-122.466636,43.73275],[13366,1702,-122.466758,43.732952],[13464,1688,-122.466973,43.733171],[13540,1681,-122.467154,43.733334],[13616,1657,-122.467336,43.733496],[13677,1631,-122.46745,43.73364],[13727,1608,-122.467521,43.733769],[13840,1579,-122.467581,43.734074],[13862,1573,-122.467555,43.734132],[13873,1567,-122.467523,43.73415],[13899,1576,-122.467424,43.734152],[13925,1585,-122.467335,43.734118],[13978,1593,-122.467179,43.734028],[14065,1604,-122.466956,43.733852],[14109,1599,-122.466823,43.733778],[14196,1588,-122.466535,43.733663],[14290,1577,-122.466257,43.733502],[14315,1568,-122.466166,43.733479],[14341,1558,-122.46607,43.733482],[14369,1548,-122.465973,43.733513],[14428,1517,-122.465843,43.733647],[14462,1507,-122.465735,