{"trail":"Laurel Point","distance":13716,"gain":523,"loss":467,"min":1510,"max":1632,"profile":[[0,1576,-85.417907,35.044807],[25,1575,-85.417969,35.044761],[50,1573,-85.418031,35.044715],[75,1572,-85.418093,35.044669],[99,1568,-85.418159,35.044629],[124,1566,-85.418241,35.044615],[149,1564,-85.418323,35.044601],[174,1563,-85.418405,35.044587],[199,1563,-85.418487,35.044573],[224,1562,-85.418569,35.04456],[249,1561,-85.418651,35.044546],[274,1561,-85.418733,35.044532],[299,1559,-85.418815,35.044518],[324,1557,-85.418897,35.044504],[349,1554,-85.418979,35.04449],[374,1551,-85.419061,35.044476],[399,1548,-85.419142,35.044463],[424,1546,-85.419224,35.044449],[449,1543,-85.419306,35.044435],[474,1540,-85.419388,35.044421],[499,1537,-85.41947,35.044407],[522,1531,-85.419519,35.044359],[547,1531,-85.419554,35.044297],[572,1526,-85.419589,35.044235],[596,1525,-85.419589,35.04417],[621,1524,-85.419568,35.044104],[646,1526,-85.419546,35.044038],[671,1522,-85.419525,35.043971],[696,1523,-85.419503,35.043905],[721,1518,-85.419482,35.043839],[746,1520,-85.41946,35.043773],[771,1515,-85.419438,35.043706],[793,1519,-85.419379,35.04367],[818,1522,-85.4193,35.043649],[843,1523,-85.41922,35.043629],[868,1529,-85.41914,35.043608],[891,1531,-85.419077,35.043573],[916,1527,-85.419046,35.043509],[941,1525,-85.419015,35.043446],[964,1525,-85.418959,35.043399],[989,1527,-85.418887,35.043365],[1014,1528,-85.418814,35.043331],[1039,1529,-85.418741,35.043297],[1064,1527,-85.418664,35.043274],[1089,1531,-85.418581,35.043263],[1114,1534,-85.418499,35.043253],[1139,1530,-85.418416,35.043242],[1164,1528,-85.418333,35.043232],[1189,1527,-85.418251,35.043221],[1214,1527,-85.418168,35.04321],[1239,1527,-85.418085,35.0432],[1263,1531,-85.418006,35.043184],[1288,1529,-85.417948,35.043134],[1313,1528,-85.41789,35.043085],[1338,1532,-85.417831,35.043036],[1363,1529,-85.417773,35.042987],[1388,1530,-85.417715,35.042937],[1413,1529,-85.417657,35.042888],[1438,1528,-85.417599,35.042839],[1463,1530,-85.41754,35.04279],[1488,1523,-85.417482,35.04274],[1513,1521,-85.417424,35.042691],[1537,1521,-85.417364,35.042649],[1562,1523,-85.417289,35.04268],[1587,1533,-85.417215,35.04271],[1612,1538,-85.41714,35.042741],[1637,1538,-85.417065,35.042772],[1660,1538,-85.417012,35.042819],[1685,1537,-85.416982,35.042883],[1710,1540,-85.416952,35.042947],[1735,1539,-85.416922,35.043011],[1760,1537,-85.416891,35.043074],[1785,1539,-85.416861,35.043138],[1810,1538,-85.416831,35.043202],[1835,1538,-85.416801,35.043266],[1860,1540,-85.416771,35.04333],[1885,1539,-85.41672,35.043385],[1910,1538,-85.41667,35.043439],[1935,1539,-85.416619,35.043494],[1960,1540,-85.416568,35.043548],[1985,1544,-85.416517,35.043603],[2010,1547,-85.416467,35.043657],[2033,1550,-85.416409,35.043699],[2058,1552,-85.416326,35.043691],[2083,1553,-85.416243,35.043684],[2108,1554,-85.416184,35.043637],[2133,1554,-85.416128,35.043586],[2158,1556,-85.416072,35.043536],[2180,1554,-85.416045,35.043477],[2205,1551,-85.416055,35.043409],[2227,1549,-85.416091,35.043357],[2252,1547,-85.416169,35.043332],[2277,1544,-85.416247,35.043307],[2302,1542,-85.416325,35.043282],[2327,1538,-85.416403,35.043257],[2352,1531,-85.416481,35.043232],[2376,1526,-85.416553,35.043206],[2401,1527,-85.416494,35.043158],[2426,1528,-85.416434,35.043109],[2450,1525,-85.416431,35.043044],[2475,1523,-85.416435,35.042975],[2500,1520,-85.41644,35.042907],[2525,1516,-85.416445,35.042838],[2545,1510,-85.416428,35.042785],[2570,1513,-85.416344,35.042778],[2595,1515,-85.416261,35.042771],[2616,1519,-85.416205,35.042809],[2641,1524,-85.416162,35.042868],[2666,1525,-85.416119,35.042927],[2691,1529,-85.416077,35.042985],[2716,1533,-85.416034,35.043044],[2741,1538,-85.415991,35.043103],[2766,1538,-85.415949,35.043162],[2791,1541,-85.415906,35.043221],[2816,1541,-85.415863,35.04328],[2841,1541,-85.415823,35.04334],[2866,1545,-85.415798,35.043405],[2891,1547,-85.415773,35.043471],[2916,1552,-85.415748,35.043536],[2941,1552,-85.415723,35.043602],[2966,1555,-85.415699,35.043667],[2991,1553,-85.415674,35.043733],[3016,1552,-85.415649,35.043798],[3041,1555,-85.415624,35.043863],[3066,1554,-85.415599,35.043929],[3091,1556,-85.415575,35.043994],[3116,1555,-85.41555,35.04406],[3141,1554,-85.415525,35.044125],[3166,1554,-85.4155,35.044191],[3191,1553,-85.415475,35.044256],[3216,1554,-85.415451,35.044322],[3241,1552,-85.415426,35.044387],[3266,1552,-85.415401,35.044452],[3291,1550,-85.415376,35.044518],[3316,1550,-85.415351,35.044583],[3341,1550,-85.415326,35.044649],[3366,1550,-85.415302,35.044714],[3391,1553,-85.415277,35.04478],[3416,1554,-85.415252,35.044845],[3441,1555,-85.415201,35.044897],[3466,1555,-85.415141,35.044946],[3491,1554,-85.415082,35.044994],[3516,1556,-85.415023,35.045043],[3541,1556,-85.414964,35.045091],[3566,1557,-85.414905,35.04514],[3584,1557,-85.414842,35.045132],[3609,1557,-85.414778,35.045088],[3634,1557,-85.414714,35.045044],[3659,1558,-85.414649,35.045],[3684,1558,-85.414585,35.044956],[3709,1559,-85.414521,35.044912],[3734,1560,-85.414456,35.044868],[3759,1560,-85.414392,35.044824],[3779,1560,-85.414391,35.044771],[3804,1560,-85.414431,35.044711],[3829,1561,-85.414471,35.04465],[3851,1561,-85.414528,35.044612],[3876,1560,-85.414612,35.044607],[3901,1559,-85.414695,35.044601],[3925,1555,-85.414774,35.044593],[3950,1556,-85.414774,35.044524],[3975,1556,-85.414774,35.044456],[4000,1554,-85.414774,35.044387],[4025,1551,-85.414774,35.044319],[4050,1547,-85.414774,35.04425],[4069,1547,-85.414719,35.044224],[4094,1550,-85.414635,35.044218],[4119,1552,-85.414552,35.044213],[4144,1552,-85.414468,35.044207],[4169,1553,-85.414385,35.044202],[4194,1554,-85.414302,35.044196],[4217,1554,-85.41423,35.044177],[4242,1554,-85.414194,35.044115],[4267,1553,-85.414159,35.044053],[4292,1553,-85.414123,35.043991],[4317,1553,-85.414088,35.043929],[4342,1552,-85.414163,35.043899],[4367,1550,-85.414238,35.04387],[4392,1549,-85.414314,35.04384],[4417,1546,-85.414389,35.043811],[4442,1545,-85.414465,35.043781],[4467,1544,-85.41454,35.043751],[4489,1544,-85.414586,35.043704],[4514,1546,-85.414595,35.043636],[4539,1547,-85.414604,35.043568],[4564,1548,-85.414613,35.0435],[4589,1549,-85.414623,35.043432],[4614,1547,-85.414632,35.043364],[4639,1547,-85.414641,35.043296],[4663,1547,-85.414627,35.043231],[4688,1549,-85.41459,35.04317],[4713,1552,-85.414552,35.043108],[4737,1556,-85.414493,35.043064],[4762,1556,-85.414421,35.043029],[4787,1555,-85.414349,35.042994],[4812,1552,-85.414277,35.042959],[4837,1551,-85.414205,35.042924],[4862,1548,-85.414133,35.042889],[4885,1547,-85.414062,35.042861],[4910,1548,-85.414004,35.04291],[4935,1548,-85.413946,35.04296],[4960,1549,-85.413888,35.043009],[4985,1549,-85.41383,35.043058],[5010,1550,-85.413772,35.043108],[5035,1548,-85.413714,35.043157],[5060,1547,-85.413656,35.043207],[5085,1546,-85.413598,35.043256],[5110,1543,-85.41354,35.043305],[5135,1542,-85.413511,35.043369],[5160,1539,-85.413488,35.043435],[5185,1534,-85.413465,35.0435],[5210,1533,-85.413443,35.043566],[5235,1529,-85.41342,35.043632],[5260,1529,-85.413397,35.043698],[5285,1527,-85.413374,35.043764],[5310,1529,-85.413352,35.04383],[5335,1527,-85.413329,35.043896],[5360,1530,-85.413306,35.043962],[5385,1528,-85.413283,35.044028],[5410,1530,-85.413261,35.044094],[5434,1531,-85.413258,35.044161],[5459,1532,-85.413271,35.044229],[5484,1533,-85.413285,35.044296],[5509,1537,-85.413298,35.044364],[5534,1537,-85.413311,35.044432],[5558,1540,-85.413351,35.044489],[5583,1542,-85.413405,35.044541],[5608,1543,-85.41346,35.044593],[5633,1546,-85.413514,35.044645],[5658,1546,-85.413569,35.044697],[5683,1548,-85.413624,35.044749],[5708,1547,-85.413678,35.044801],[5733,1551,-85.413733,35.044853],[5758,1551,-85.413787,35.044905],[5783,1553,-85.413842,35.044957],[5808,1554,-85.413897,35.045009],[5833,1555,-85.413951,35.04506],[5856,1554,-85.413977,35.04512],[5881,1554,-85.413968,35.045188],[5906,1554,-85.41396,35.045256],[5930,1555,-85.413887,35.045279],[5955,1558,-85.413806,35.045295],[5977,1558,-85.413741,