{"trail":"Live Wire 1","distance":9349,"gain":965,"loss":382,"min":1252,"max":1835,"profile":[[0,1252,-85.385184,35.062513],[25,1254,-85.385184,35.062445],[50,1256,-85.385184,35.062376],[73,1256,-85.385138,35.062327],[98,1257,-85.38507,35.062286],[123,1260,-85.385003,35.062246],[148,1261,-85.384935,35.062205],[173,1264,-85.384868,35.062164],[198,1267,-85.3848,35.062124],[223,1268,-85.384733,35.062083],[248,1267,-85.384666,35.062043],[273,1270,-85.384598,35.062002],[298,1269,-85.384531,35.061961],[323,1270,-85.384463,35.061921],[348,1270,-85.384396,35.06188],[373,1272,-85.384328,35.06184],[398,1272,-85.384261,35.061799],[423,1270,-85.384193,35.061758],[448,1276,-85.384126,35.061718],[473,1271,-85.384059,35.061677],[489,1271,-85.384111,35.061691],[514,1281,-85.384189,35.061717],[539,1282,-85.384266,35.061743],[564,1283,-85.384344,35.061769],[589,1282,-85.384422,35.061795],[614,1285,-85.384499,35.06182],[639,1282,-85.384577,35.061846],[664,1282,-85.384654,35.061872],[689,1288,-85.384732,35.061898],[713,1290,-85.384674,35.061852],[738,1290,-85.384614,35.061805],[763,1293,-85.384553,35.061758],[788,1300,-85.384492,35.061711],[813,1303,-85.384431,35.061664],[838,1311,-85.38437,35.061617],[863,1311,-85.384309,35.06157],[888,1312,-85.384249,35.061523],[913,1314,-85.384188,35.061476],[938,1314,-85.384127,35.061429],[963,1311,-85.384066,35.061382],[988,1314,-85.384005,35.061334],[1013,1314,-85.383944,35.061287],[1038,1318,-85.383921,35.061222],[1063,1324,-85.383901,35.061156],[1088,1328,-85.38388,35.061089],[1113,1331,-85.38386,35.061023],[1138,1334,-85.38384,35.060956],[1163,1341,-85.38382,35.06089],[1188,1344,-85.383799,35.060824],[1213,1351,-85.383779,35.060757],[1238,1353,-85.383759,35.060691],[1263,1361,-85.383738,35.060624],[1288,1363,-85.383718,35.060558],[1313,1370,-85.383698,35.060491],[1336,1368,-85.383663,35.060435],[1361,1360,-85.383584,35.060414],[1386,1348,-85.383504,35.060392],[1408,1355,-85.383484,35.060333],[1433,1362,-85.383478,35.060264],[1458,1368,-85.383471,35.060196],[1482,1369,-85.383445,35.060134],[1507,1366,-85.383396,35.060078],[1532,1366,-85.383347,35.060023],[1557,1363,-85.383298,35.059967],[1582,1356,-85.383249,35.059911],[1607,1355,-85.3832,35.059856],[1632,1358,-85.38317,35.059792],[1657,1357,-85.383146,35.059727],[1682,1354,-85.383123,35.059661],[1707,1358,-85.383099,35.059595],[1732,1357,-85.383075,35.05953],[1757,1360,-85.383051,35.059464],[1782,1355,-85.383028,35.059398],[1806,1356,-85.383035,35.059334],[1831,1363,-85.383067,35.059271],[1856,1369,-85.383099,35.059207],[1878,1370,-85.383114,35.059146],[1903,1365,-85.383066,35.059089],[1928,1362,-85.383019,35.059033],[1953,1364,-85.382971,35.058976],[1978,1361,-85.382923,35.05892],[2003,1363,-85.382876,35.058864],[2028,1360,-85.382828,35.058807],[2053,1354,-85.382781,35.058751],[2078,1352,-85.382733,35.058694],[2103,1354,-85.382696,35.058636],[2128,1356,-85.382702,35.058567],[2153,1357,-85.382707,35.058499],[2178,1358,-85.382713,35.05843],[2202,1357,-85.382734,35.058367],[2227,1371,-85.382783,35.058311],[2252,1376,-85.382832,35.058256],[2277,1378,-85.382882,35.0582],[2302,1381,-85.382931,35.058145],[2327,1382,-85.38298,35.05809],[2352,1385,-85.38303,35.058034],[2377,1385,-85.383079,35.057979],[2402,1391,-85.383128,35.057924],[2427,1394,-85.383178,35.057868],[2452,1392,-85.383227,35.057813],[2477,1394,-85.383276,35.057758],[2500,1385,-85.383287,35.057695],[2525,1376,-85.383271,35.057628],[2550,1370,-85.383256,35.05756],[2575,1363,-85.38324,35.057493],[2600,1367,-85.383225,35.057426],[2625,1371,-85.38321,35.057358],[2650,1383,-85.383194,35.057291],[2675,1394,-85.383179,35.057224],[2699,1392,-85.383156,35.057158],[2724,1394,-85.383113,35.0571],[2749,1395,-85.38307,35.057041],[2774,1392,-85.383027,35.056982],[2799,1396,-85.382984,35.056923],[2823,1396,-85.38291,35.0569],[2848,1392,-85.382828,35.056886],[2870,1393,-85.382754,35.056885],[2895,1386,-85.382718,35.056947],[2920,1387,-85.382683,35.057009],[2945,1387,-85.382647,35.057071],[2970,1382,-85.382612,35.057133],[2995,1383,-85.382576,35.057195],[3020,1385,-85.382541,35.057257],[3045,1382,-85.382505,35.057319],[3070,1376,-85.38247,35.057381],[3095,1369,-85.382431,35.057441],[3120,1368,-85.382365,35.057483],[3145,1372,-85.382298,35.057525],[3170,1370,-85.382232,35.057567],[3195,1373,-85.382165,35.057609],[3220,1374,-85.382085,35.057624],[3245,1382,-85.382003,35.057637],[3270,1382,-85.38192,35.05765],[3295,1384,-85.381838,35.057663],[3320,1386,-85.381756,35.057676],[3345,1380,-85.381674,35.057689],[3369,1379,-85.381593,35.057697],[3394,1382,-85.381521,35.057662],[3419,1384,-85.381448,35.057627],[3444,1387,-85.381376,35.057592],[3469,1390,-85.381304,35.057558],[3494,1395,-85.381232,35.057523],[3519,1400,-85.38116,35.057488],[3544,1403,-85.381088,35.057453],[3569,1403,-85.381015,35.057419],[3594,1404,-85.380943,35.057384],[3619,1401,-85.380871,35.057349],[3644,1409,-85.380858,35.057281],[3669,1411,-85.380845,35.057214],[3694,1417,-85.380832,35.057146],[3719,1423,-85.380819,35.057078],[3744,1419,-85.380806,35.057011],[3769,1423,-85.380793,35.056943],[3794,1425,-85.38078,35.056875],[3819,1429,-85.380767,35.056808],[3844,1422,-85.380754,35.05674],[3869,1425,-85.380747,35.056673],[3894,1437,-85.380781,35.05661],[3919,1449,-85.380814,35.056547],[3944,1450,-85.380848,35.056485],[3969,1461,-85.380882,35.056422],[3989,1460,-85.380848,35.056374],[4014,1457,-85.38078,35.056333],[4039,1449,-85.380713,35.056293],[4064,1448,-85.380645,35.056252],[4089,1440,-85.380578,35.056212],[4114,1440,-85.380535,35.056153],[4139,1439,-85.380496,35.056093],[4164,1435,-85.380456,35.056033],[4189,1433,-85.380416,35.055972],[4214,1434,-85.380377,35.055912],[4239,1442,-85.380337,35.055852],[4264,1441,-85.380297,35.055791],[4287,1443,-85.380274,35.055729],[4312,1448,-85.380286,35.055661],[4337,1458,-85.380298,35.055593],[4362,1462,-85.38031,35.055525],[4387,1465,-85.380322,35.055457],[4412,1468,-85.380334,35.055389],[4436,1467,-85.38027,35.055352],[4461,1464,-85.380197,35.055318],[4486,1467,-85.380124,35.055285],[4511,1468,-85.380051,35.055251],[4534,1468,-85.37999,35.055211],[4559,1476,-85.379983,35.055143],[4584,1485,-85.379976,35.055075],[4609,1493,-85.379968,35.055006],[4634,1500,-85.379961,35.054938],[4659,1506,-85.379954,35.05487],[4681,1504,-85.379928,35.054813],[4706,1498,-85.379851,35.054786],[4731,1494,-85.379773,35.05476],[4756,1491,-85.379696,35.054734],[4781,1481,-85.379631,35.054773],[4806,1475,-85.379567,35.054817],[4831,1473,-85.379502,35.054861],[4856,1472,-85.379438,35.054905],[4881,1474,-85.379374,35.054949],[4906,1478,-85.379309,35.054993],[4931,1487,-85.379245,35.055036],[4956,1490,-85.379181,35.05508],[4981,1493,-85.379116,35.055124],[5006,1494,-85.379052,35.055168],[5031,1499,-85.378988,35.055212],[5056,1500,-85.378924,35.055256],[5081,1504,-85.378859,35.0553],[5106,1507,-85.378795,35.055343],[5127,1511,-85.378826,35.055291],[5152,1509,-85.378864,35.05523],[5177,1510,-85.378903,35.055169],[5202,1512,-85.378942,35.055109],[5227,1514,-85.378981,35.055048],[5252,1513,-85.37902,35.054987],[5277,1515,-85.379058,35.054926],[5302,1515,-85.379097,35.054866],[5327,1511,-85.379136,35.054805],[5352,1517,-85.379175,35.054744],[5377,1513,-85.379213,35.054684],[5402,1510,-85.379252,35.054623],[5427,1506,-85.379285,35.054561],[5452,1513,-85.379294,35.054493],[5477,1523,-85.379304,35.054424],[5502,1530,-85.379313,35.054356],[5527,1541,-85.379322,35.054288],[5547,1545,-85.379371,35.054247],[5572,1553,-85.379451,35.054229],[5596,1552,-85.379526,35.054246],[5621,1549,-85.379599,35.054281],[5646,1547,-85.379671,35.054315],[5671,1545,-85.379744,35.054349],[5696,1542,-85.379816,35.054384],[5721,1543,-85.379889,35.054418],[5746,1546,-85.379961,35.054452],[5771,1545,-85.380034,35.054487],[5796,1550,-85.380106,35.054521],[5821,1550,-85.380178,35.054555],[5846,1552,-85.380251,35.05459],[5869,1552,-85.380306,35.054637],[5894,1554,-85.380338,35.0547],[5919,1552,-85.380369,35.054763],[5944,1553,-85.380401,35.054827],[5969,1552,-85.380433,35.05489],[5994,1552,-85.380485,