{"trail":"Log Rhythm Bike Trail","distance":19046,"gain":696,"loss":590,"min":829,"max":973,"profile":[[0,829,-85.096407,35.091558],[25,831,-85.096485,35.091584],[50,832,-85.096563,35.091609],[75,833,-85.09664,35.091634],[100,835,-85.096718,35.091659],[125,836,-85.096796,35.091685],[150,835,-85.096874,35.09171],[175,836,-85.096952,35.091735],[200,837,-85.09703,35.09176],[225,836,-85.097108,35.091786],[250,837,-85.097185,35.091811],[275,838,-85.097263,35.091836],[300,839,-85.097341,35.091861],[325,838,-85.097419,35.091887],[350,839,-85.097497,35.091912],[375,840,-85.097575,35.091937],[400,840,-85.097653,35.091962],[425,839,-85.09773,35.091988],[450,839,-85.097808,35.092013],[475,838,-85.097886,35.092038],[500,837,-85.097964,35.092064],[525,838,-85.098042,35.092089],[550,838,-85.09812,35.092114],[575,839,-85.098198,35.092139],[600,838,-85.098275,35.092165],[625,838,-85.098353,35.09219],[650,838,-85.098431,35.092215],[675,837,-85.098509,35.09224],[700,837,-85.098587,35.092266],[725,837,-85.098665,35.092291],[750,837,-85.098743,35.092316],[775,835,-85.09882,35.092341],[800,835,-85.098898,35.092367],[825,836,-85.098962,35.092412],[850,837,-85.099025,35.092456],[875,838,-85.099089,35.092501],[900,838,-85.099153,35.092545],[925,838,-85.099217,35.092589],[950,840,-85.09928,35.092634],[975,839,-85.099344,35.092678],[1000,839,-85.099408,35.092723],[1025,838,-85.099472,35.092767],[1049,844,-85.09945,35.092831],[1067,848,-85.099458,35.092881],[1092,845,-85.099539,35.092899],[1117,843,-85.09962,35.092918],[1142,838,-85.0997,35.092936],[1167,834,-85.099781,35.092954],[1190,833,-85.099835,35.092997],[1215,835,-85.099866,35.093061],[1240,837,-85.099898,35.093124],[1263,834,-85.099966,35.093154],[1288,832,-85.100046,35.093175],[1313,831,-85.100126,35.093196],[1338,830,-85.100206,35.093216],[1363,831,-85.100286,35.093237],[1388,831,-85.100366,35.093258],[1413,832,-85.100446,35.093278],[1438,833,-85.100526,35.093299],[1463,833,-85.100605,35.09332],[1488,833,-85.100685,35.09334],[1507,833,-85.100713,35.093388],[1532,837,-85.100701,35.093455],[1553,839,-85.100758,35.093488],[1578,839,-85.100838,35.09351],[1603,837,-85.100917,35.093532],[1626,838,-85.100973,35.093575],[1651,840,-85.101005,35.093638],[1676,846,-85.101037,35.093701],[1700,849,-85.101078,35.093756],[1725,844,-85.101159,35.093775],[1750,842,-85.101239,35.093794],[1775,840,-85.10132,35.093813],[1798,840,-85.101382,35.09385],[1823,843,-85.101423,35.09391],[1848,846,-85.101463,35.09397],[1873,848,-85.101504,35.09403],[1898,854,-85.101545,35.09409],[1922,860,-85.101591,35.094146],[1947,863,-85.101662,35.094182],[1972,865,-85.101733,35.094219],[1997,867,-85.101803,35.094255],[2022,867,-85.101874,35.094292],[2047,866,-85.101945,35.094328],[2072,866,-85.102016,35.094365],[2097,864,-85.102087,35.094401],[2122,863,-85.102157,35.094438],[2147,872,-85.102104,35.09449],[2172,879,-85.10205,35.094543],[2197,888,-85.101997,35.094596],[2222,896,-85.101943,35.094648],[2247,888,-85.10202,35.094621],[2272,877,-85.102097,35.094593],[2297,869,-85.102173,35.094566],[2322,861,-85.10225,35.094538],[2327,861,-85.102255,35.094551],[2349,868,-85.102207,35.094597],[2374,863,-85.102287,35.094617],[2399,863,-85.102367,35.094638],[2424,859,-85.102447,35.094658],[2447,859,-85.102503,35.094702],[2472,860,-85.102542,35.094762],[2497,860,-85.102582,35.094823],[2522,862,-85.102621,35.094883],[2547,863,-85.102651,35.094946],[2572,866,-85.102651,35.095014],[2597,868,-85.102651,35.095083],[2620,874,-85.102625,35.095141],[2645,879,-85.102562,35.095187],[2670,894,-85.1025,35.095233],[2688,896,-85.102477,35.09528],[2713,892,-85.102534,35.09533],[2738,885,-85.102591,35.09538],[2763,883,-85.102648,35.09543],[2788,883,-85.102705,35.09548],[2811,882,-85.102733,35.095539],[2836,885,-85.102725,35.095607],[2861,887,-85.102717,35.095675],[2886,890,-85.102709,35.095743],[2911,892,-85.102701,35.095811],[2936,893,-85.102692,35.09588],[2961,895,-85.102684,35.095948],[2986,896,-85.102676,35.096016],[3011,899,-85.102668,35.096084],[3036,899,-85.10266,35.096152],[3061,900,-85.102652,35.096221],[3086,902,-85.102643,35.096289],[3111,906,-85.102635,35.096357],[3130,909,-85.102656,35.096407],[3155,902,-85.102739,35.096415],[3178,898,-85.102809,35.096437],[3203,902,-85.102842,35.0965],[3228,902,-85.102875,35.096563],[3253,901,-85.102908,35.096626],[3276,904,-85.102922,35.09669],[3301,907,-85.1029,35.096756],[3326,914,-85.102878,35.096822],[3351,915,-85.102855,35.096888],[3376,921,-85.102833,35.096954],[3396,917,-85.102865,35.097],[3421,911,-85.102939,35.097031],[3442,909,-85.103009,35.09704],[3467,907,-85.103062,35.096987],[3490,906,-85.103097,35.09693],[3515,906,-85.10308,35.096863],[3540,904,-85.103062,35.096796],[3565,902,-85.103044,35.096729],[3590,900,-85.103027,35.096662],[3615,898,-85.103009,35.096595],[3640,898,-85.102992,35.096528],[3665,898,-85.102974,35.096461],[3690,896,-85.102957,35.096394],[3715,895,-85.102939,35.096327],[3740,893,-85.102922,35.09626],[3764,892,-85.102915,35.096194],[3789,893,-85.10294,35.096128],[3814,892,-85.102965,35.096063],[3839,895,-85.10299,35.095998],[3864,894,-85.103015,35.095932],[3889,902,-85.103069,35.09588],[3914,905,-85.103124,35.095828],[3939,906,-85.103179,35.095776],[3964,909,-85.103233,35.095725],[3989,906,-85.103288,35.095673],[4013,908,-85.103369,35.095664],[4038,909,-85.103452,35.095661],[4063,909,-85.103536,35.095658],[4088,906,-85.10362,35.095655],[4113,903,-85.103703,35.095651],[4137,901,-85.103781,35.095661],[4162,899,-85.10384,35.095709],[4187,904,-85.1039,35.095758],[4212,904,-85.103959,35.095806],[4237,901,-85.104018,35.095854],[4262,904,-85.104077,35.095903],[4287,900,-85.104136,35.095951],[4310,899,-85.104213,35.095965],[4335,891,-85.104297,35.095965],[4357,885,-85.104363,35.09599],[4382,886,-85.104405,35.096049],[4407,889,-85.104446,35.096109],[4432,888,-85.104487,35.096168],[4457,891,-85.104528,35.096228],[4482,894,-85.10457,35.096288],[4507,895,-85.104611,35.096347],[4532,900,-85.104652,35.096407],[4557,903,-85.104694,35.096467],[4581,903,-85.104754,35.096511],[4606,902,-85.104827,35.096543],[4631,902,-85.104901,35.096576],[4656,901,-85.104975,35.096608],[4680,902,-85.105007,35.096667],[4705,904,-85.105029,35.096734],[4730,905,-85.10505,35.0968],[4755,907,-85.105072,35.096866],[4778,903,-85.105135,35.096906],[4803,899,-85.105208,35.09694],[4824,904,-85.105203,35.096996],[4849,907,-85.105173,35.09706],[4874,914,-85.105143,35.097124],[4897,916,-85.105129,35.097186],[4922,917,-85.105187,35.097235],[4947,917,-85.105245,35.097285],[4972,914,-85.105303,35.097334],[4997,916,-85.105361,35.097384],[5022,916,-85.105419,35.097433],[5047,915,-85.105476,35.097483],[5072,915,-85.105534,35.097533],[5094,916,-85.10556,35.097588],[5119,922,-85.105536,35.097654],[5144,923,-85.105512,35.09772],[5163,923,-85.105561,35.097757],[5185,923,-85.105615,35.097796],[5210,925,-85.105625,35.097865],[5235,925,-85.105634,35.097933],[5260,926,-85.105643,35.098001],[5285,928,-85.105652,35.098069],[5309,928,-85.105701,35.098119],[5334,925,-85.105767,35.098161],[5359,924,-85.105834,35.098203],[5384,922,-85.1059,35.098245],[5409,924,-85.105966,35.098287],[5434,923,-85.106032,35.098329],[5459,924,-85.106098,35.098371],[5484,925,-85.106164,35.098413],[5509,926,-85.10623,35.098455],[5534,928,-85.106296,35.098497],[5559,929,-85.106363,35.098539],[5584,929,-85.106428,35.098582],[5609,931,-85.106476,35.098638],[5634,932,-85.106524,35.098694],[5659,933,-85.106572,35.09875],[5684,933,-85.106621,35.098806],[5709,932,-85.106669,35.098862],[5734,933,-85.106717,35.098919],[5759,932,-85.106765,35.098975],[5784,933,-85.106813,35.099031],[5809,932,-85.106861,35.099087],[5834,933,-85.106909,35.099143],[5859,933,-85.106957,35.099199],[5884,933,-85.107005,35.099255],[5906,933,-85.107071,35.099283],[5931,933,-85.107155,35.099283],[5956,934,-85.107238,35.099283],[5980,935,-85.107318,35.099275],[6005,932,-85.10738,35.099229],[6030,931,-85.107442,35.099183],[6055,929,-85.107504,35.099137],[6072,929,-85.107561,35.099128],[6097,930,-85.10761,35.099184],[6122,934,