{"trail":"Lone Wolf","distance":7088,"gain":0,"loss":408,"min":4937,"max":5353,"profile":[[0,5359,-121.503583,43.937525],[47,5356,-121.503519,43.937645],[76,5353,-121.503498,43.937724],[94,5351,-121.503503,43.937772],[116,5351,-121.503498,43.937832],[132,5350,-121.503477,43.937872],[148,5348,-121.50342,43.937892],[163,5346,-121.503364,43.937892],[187,5344,-121.503273,43.937876],[212,5342,-121.503184,43.937855],[243,5340,-121.503069,43.937838],[268,5339,-121.502975,43.937849],[296,5337,-121.502876,43.937878],[320,5335,-121.502785,43.93789],[352,5331,-121.502664,43.937876],[379,5329,-121.502565,43.937886],[397,5326,-121.502498,43.937902],[417,5326,-121.502457,43.937948],[467,5320,-121.502323,43.938044],[521,5314,-121.502205,43.938164],[551,5311,-121.502119,43.938222],[582,5308,-121.502007,43.938243],[612,5307,-121.501894,43.938245],[637,5307,-121.501798,43.938236],[662,5307,-121.501704,43.938234],[676,5307,-121.50165,43.938243],[689,5307,-121.501604,43.938257],[699,5304,-121.501615,43.938282],[707,5304,-121.501642,43.938292],[717,5304,-121.50168,43.938297],[728,5304,-121.501722,43.938294],[748,5303,-121.501795,43.938284],[768,5303,-121.501873,43.93829],[789,5305,-121.501948,43.938305],[808,5303,-121.502009,43.938334],[840,5304,-121.502109,43.938386],[864,5302,-121.502186,43.938419],[897,5304,-121.502307,43.93844],[922,5302,-121.502401,43.938452],[930,5302,-121.502431,43.938458],[936,5302,-121.502431,43.938475],[946,5302,-121.502396,43.938485],[965,5300,-121.502323,43.938485],[1000,5298,-121.502192,43.938498],[1034,5288,-121.502068,43.938529],[1061,5286,-121.501977,43.938564],[1088,5281,-121.501899,43.938612],[1113,5276,-121.501883,43.93868],[1137,5272,-121.501878,43.938746],[1168,5269,-121.501827,43.938821],[1202,5266,-121.501728,43.938883],[1230,5264,-121.501645,43.938931],[1259,5261,-121.501553,43.938975],[1287,5259,-121.50147,43.939022],[1318,5255,-121.501385,43.939082],[1337,5255,-121.501342,43.939124],[1357,5252,-121.501309,43.939172],[1375,5248,-121.501288,43.939221],[1399,5244,-121.501296,43.939286],[1448,5234,-121.501358,43.939412],[1485,5229,-121.501427,43.939501],[1531,5220,-121.501553,43.939588],[1565,5215,-121.501666,43.93963],[1616,5214,-121.501848,43.939684],[1659,5208,-121.502001,43.939723],[1704,5200,-121.502168,43.939756],[1744,5198,-121.502315,43.939781],[1776,5199,-121.502436,43.939783],[1805,5202,-121.502546,43.939783],[1830,5204,-121.502642,43.939785],[1854,5206,-121.502734,43.939788],[1863,5206,-121.502758,43.939806],[1869,5201,-121.502742,43.939819],[1880,5201,-121.502702,43.939817],[1898,5199,-121.502634,43.939823],[1921,5197,-121.502551,43.939846],[1945,5190,-121.502484,43.939891],[1960,5190,-121.502463,43.939929],[1979,5185,-121.502455,43.939982],[1995,5179,-121.502422,43.940016],[2011,5179,-121.502382,43.940049],[2025,5174,-121.502337,43.940069],[2041,5174,-121.502278,43.940084],[2056,5174,-121.502221,43.94008],[2075,5179,-121.502154,43.940057],[2091,5179,-121.502101,43.940041],[2108,5181,-121.502036,43.94003],[2126,5183,-121.501969,43.940022],[2143,5185,-121.501905,43.940026],[2164,5186,-121.501824,43.940036],[2179,5186,-121.501773,43.940055],[2190,5182,-121.501744,43.940076],[2206,5182,-121.501728,43.940119],[2224,5176,-121.501736,43.940165],[2260,5163,-121.501776,43.940261],[2287,5158,-121.50183,43.940323],[2317,5153,-121.501921,43.940373],[2350,5150,-121.502031,43.940417],[2391,5144,-121.50217,43.940466],[2430,5140,-121.502304,43.940512],[2452,5141,-121.502388,43.940528],[2480,5142,-121.502492,43.940535],[2522,5146,-121.502651,43.940524],[2548,5149,-121.50275,43.940528],[2562,5152,-121.502798,43.940547],[2575,5147,-121.502817,43.940578],[2585,5147,-121.502795,43.940601],[2600,5139,-121.502739,43.940614],[2620,5137,-121.502672,43.940636],[2650,5135,-121.502567,43.940672],[2677,5129,-121.502465,43.940686],[2706,5127,-121.502372,43.940725],[2738,5121,-121.502259,43.940757],[2777,5115,-121.502125,43.940804],[2810,5115,-121.502007,43.940833],[2844,5111,-121.501889,43.940871],[2879,5112,-121.501765,43.940908],[2905,5110,-121.501666,43.940923],[2930,5113,-121.501578,43.940947],[2959,5114,-121.50148,43.940983],[2990,5110,-121.501397,43.941043],[3021,5100,-121.501333,43.941116],[3045,5100,-121.501274,43.941165],[3071,5095,-121.501204,43.941215],[3094,5090,-121.501131,43.94125],[3122,5090,-121.501035,43.941286],[3148,5086,-121.500955,43.941325],[3176,5082,-121.500861,43.94136],[3199,5082,-121.500794,43.941402],[3229,5080,-121.500729,43.94147],[3251,5079,-121.500668,43.94151],[3273,5080,-121.500595,43.941539],[3295,5079,-121.500528,43.941576],[3320,5077,-121.500456,43.94162],[3342,5077,-121.500383,43.941651],[3365,5075,-121.500327,43.9417],[3387,5073,-121.50027,43.941746],[3414,5071,-121.50019,43.941791],[3437,5072,-121.500115,43.941821],[3460,5072,-121.500034,43.941846],[3485,5073,-121.499946,43.941873],[3511,5071,-121.499866,43.941915],[3536,5072,-121.499791,43.941959],[3570,5071,-121.499697,43.942021],[3604,5070,-121.499584,43.942067],[3637,5068,-121.499485,43.942123],[3669,5066,-121.499377,43.942164],[3702,5067,-121.499267,43.942208],[3723,5065,-121.499206,43.942245],[3742,5063,-121.499166,43.942287],[3773,5061,-121.499141,43.942371],[3806,5059,-121.499136,43.942461],[3840,5056,-121.499147,43.942556],[3876,5054,-121.499139,43.942652],[3909,5050,-121.499117,43.942743],[3939,5048,-121.499088,43.942821],[3962,5046,-121.499053,43.942878],[3995,5043,-121.498991,43.942959],[4055,5036,-121.498886,43.943106],[4097,5033,-121.498801,43.9432],[4117,5030,-121.498771,43.943251],[4139,5028,-121.498747,43.943309],[4179,5024,-121.498752,43.943421],[4241,5017,-121.49875,43.943589],[4283,5012,-121.498742,43.943705],[4308,5010,-121.49872,43.94377],[4333,5008,-121.49868,43.943832],[4351,5007,-121.498626,43.943865],[4379,5006,-121.498527,43.943888],[4399,5002,-121.49846,43.943915],[4418,5000,-121.498409,43.943954],[4439,4999,-121.498358,43.943996],[4465,4995,-121.498275,43.944035],[4491,4994,-121.498184,43.944068],[4517,4990,-121.498093,43.944089],[4538,4989,-121.498015,43.944106],[4560,4988,-121.497937,43.944129],[4575,4985,-121.497883,43.944139],[4587,4985,-121.497835,43.944137],[4607,4987,-121.49776,43.944125],[4624,4987,-121.497701,43.94411],[4646,4987,-121.497618,43.944108],[4663,4987,-121.497553,43.944114],[4688,4985,-121.497465,43.944137],[4713,4985,-121.497379,43.94417],[4744,4983,-121.497277,43.94421],[4772,4982,-121.497189,43.944257],[4801,4980,-121.4971,43.9443],[4823,4977,-121.497022,43.944327],[4852,4976,-121.496918,43.94435],[4883,4975,-121.496802,43.944362],[4909,4974,-121.496703,43.944362],[4936,4972,-121.496599,43.944358],[4957,4972,-121.496521,43.944345],[4992,4973,-121.496403,43.944302],[5033,4974,-121.496263,43.944252],[5075,4973,-121.496113,43.944213],[5107,4974,-121.496009,43.944165],[5134,4975,-121.495923,43.944128],[5173,4974,-121.495781,43.944094],[5207,4974,-121.495666,43.944053],[5247,4975,-121.495529,43.944005],[5284,4974,-121.49539,43.94398],[5316,4974,-121.495272,43.943964],[5345,4975,-121.495164,43.943941],[5365,4975,-121.495092,43.943931],[5389,4975,-121.495001,43.943925],[5420,4974,-121.494883,43.943933],[5469,4974,-121.494695,43.943931],[5498,4974,-121.494588,43.943914],[5549,4974,-121.494394,43.943897],[5577,4975,-121.49429,43.943889],[5648,4974,-121.494019,43.943868],[5673,4974,-121.493927,43.943881],[5703,4974,-121.493812,43.943873],[5742,4974,-121.493667,43.94386],[5788,4973,-121.493493,43.94385],[5830,4972,-121.493332,43.943854],[5868,4972,-121.49319,43.943866],[5886,4972,-121.49312,43.94386],[5909,4971,-121.493034,43.943871],[5934,4970,-121.49294,43.943887],[5962,4970,-121.492836,43.943879],[5995,4969,-121.49271,43.943869],[6035,4967,-121.492557,43.943864],[6052,4967,-121.492494,43.943854],[6077,4966,-121.4924,43.943846],[6107,4965,-121.492287,43.943843],[6146,4965,-121.492137,43.943835],[6175,4965,-121.492027,43.943837],[6214,4964,-121.491879,43.943831],[6256,4966,-121.491718,43.943827],[6295,4964,-121.491571,43.943813],[6326,4964,-121.491456,43.9438],[6368,4962,-121.491303,43.943767],[6410,4961,