{"trail":"Long Branch Trail Horse Ford","distance":486,"gain":4,"loss":12,"min":1633,"max":1645,"profile":[[0,1645,-85.395505,34.876584],[25,1643,-85.395474,34.87652],[50,1643,-85.395443,34.876457],[75,1642,-85.395412,34.876393],[100,1641,-85.395381,34.876329],[125,1641,-85.395377,34.876262],[150,1641,-85.395377,34.876193],[175,1640,-85.395377,34.876125],[200,1640,-85.395377,34.876056],[225,1639,-85.395377,34.875988],[250,1637,-85.395377,34.875919],[275,1636,-85.395377,34.875851],[300,1634,-85.395377,34.875782],[325,1633,-85.395377,34.875713],[350,1633,-85.395379,34.875645],[375,1634,-85.395405,34.87558],[394,1635,-85.395458,34.875551],[419,1635,-85.39554,34.875564],[444,1636,-85.395622,34.875576],[469,1637,-85.395704,34.875589],[486,1637,-85.395763,34.875598]]}