{"trail":"Lorax","distance":4749,"gain":262,"loss":11,"min":5412,"max":5709,"profile":[[0,5431,-121.536953,43.982281],[16,5431,-121.537013,43.98229],[47,5440,-121.537132,43.982301],[86,5440,-121.537273,43.982328],[114,5444,-121.537367,43.982367],[166,5452,-121.537555,43.982412],[205,5455,-121.537696,43.982438],[247,5458,-121.537843,43.982486],[277,5458,-121.537951,43.982518],[312,5464,-121.538077,43.982544],[344,5467,-121.5382,43.98254],[358,5469,-121.538253,43.982531],[366,5469,-121.538253,43.982509],[378,5472,-121.53823,43.982483],[396,5469,-121.538168,43.982456],[407,5472,-121.538163,43.982428],[414,5472,-121.53819,43.982422],[442,5472,-121.538293,43.982445],[469,5477,-121.538395,43.982435],[501,5477,-121.538516,43.982445],[516,5480,-121.538565,43.982428],[529,5482,-121.538616,43.982428],[543,5480,-121.538663,43.982446],[571,5482,-121.538767,43.982456],[598,5486,-121.538867,43.982438],[638,5489,-121.539015,43.982413],[654,5489,-121.539077,43.982413],[665,5490,-121.539113,43.982395],[675,5494,-121.53911,43.982369],[683,5492,-121.539086,43.982354],[701,5492,-121.539025,43.982331],[710,5496,-121.539016,43.982309],[715,5496,-121.539021,43.982294],[726,5496,-121.539061,43.982295],[762,5498,-121.539197,43.982305],[794,5499,-121.539317,43.982289],[809,5500,-121.539364,43.982263],[820,5503,-121.539369,43.982235],[837,5502,-121.539312,43.982214],[874,5505,-121.539177,43.982179],[884,5504,-121.539155,43.982159],[893,5504,-121.539151,43.982133],[901,5509,-121.539174,43.98212],[924,5510,-121.539262,43.982118],[952,5510,-121.539367,43.9821],[996,5512,-121.539528,43.98207],[1037,5517,-121.539682,43.982055],[1065,5518,-121.539782,43.982027],[1075,5522,-121.539801,43.982004],[1085,5522,-121.539786,43.981979],[1109,5522,-121.5397,43.981958],[1116,5524,-121.539677,43.981945],[1125,5524,-121.539668,43.98192],[1134,5525,-121.539698,43.981908],[1164,5529,-121.539801,43.981877],[1175,5529,-121.539831,43.981854],[1190,5532,-121.539855,43.981817],[1204,5532,-121.5399,43.981798],[1228,5533,-121.539982,43.981767],[1263,5536,-121.54011,43.981743],[1299,5540,-121.540221,43.981683],[1325,5540,-121.540308,43.981653],[1346,5544,-121.540383,43.98163],[1371,5544,-121.540474,43.981607],[1399,5544,-121.54057,43.981575],[1439,5547,-121.540701,43.981522],[1477,5552,-121.540824,43.981464],[1497,5557,-121.540898,43.981449],[1537,5557,-121.54103,43.981396],[1566,5556,-121.54114,43.981402],[1614,5560,-121.541312,43.981358],[1625,5559,-121.541354,43.981359],[1637,5559,-121.541394,43.981375],[1653,5558,-121.541454,43.981372],[1666,5557,-121.541502,43.981364],[1674,5557,-121.54153,43.981356],[1679,5557,-121.541546,43.981349],[1703,5556,-121.541632,43.981328],[1753,5559,-121.541823,43.981324],[1837,5559,-121.542131,43.981263],[1905,5559,-121.54236,43.981171],[1973,5561,-121.542588,43.981084],[2053,5563,-121.542862,43.980989],[2095,5563,-121.54298,43.980914],[2142,5568,-121.543106,43.98082],[2218,5571,-121.543282,43.980655],[2278,5576,-121.543408,43.980517],[2323,5577,-121.543497,43.980413],[2380,5584,-121.543584,43.980268],[2425,5587,-121.543639,43.980152],[2452,5590,-121.543687,43.980088],[2466,5590,-121.543706,43.98005],[2474,5594,-121.543709,43.980029],[2487,5594,-121.543667,43.980012],[2504,5594,-121.543606,43.980031],[2512,5598,-121.543577,43.980024],[2542,5601,-121.543594,43.979942],[2598,5606,-121.543636,43.979794],[2629,5608,-121.543608,43.979709],[2664,5609,-121.543589,43.979614],[2699,5613,-121.543545,43.979525],[2739,5613,-121.54351,43.979419],[2770,5615,-121.543464,43.97934],[2795,5615,-121.543423,43.979278],[2820,5617,-121.543339,43.979249],[2845,5618,-121.543245,43.979236],[2890,5621,-121.54309,43.979295],[2922,5622,-121.542998,43.97935],[2946,5623,-121.542972,43.979413],[2995,5625,-121.542888,43.979533],[3017,5626,-121.542872,43.979592],[3034,5628,-121.542862,43.979639],[3045,5628,-121.542838,43.979662],[3069,5630,-121.542756,43.979691],[3092,5630,-121.542742,43.979752],[3118,5632,-121.542672,43.979803],[3134,5632,-121.542612,43.979796],[3186,5638,-121.542425,43.979744],[3247,5642,-121.542212,43.979678],[3304,5647,-121.542018,43.97961],[3342,5653,-121.541886,43.979568],[3376,5655,-121.541776,43.979517],[3402,5659,-121.541692,43.979478],[3436,5666,-121.541574,43.979445],[3446,5666,-121.541533,43.979445],[3460,5668,-121.541507,43.979478],[3503,5665,-121.541612,43.979567],[3567,5664,-121.541691,43.979735],[3624,5663,-121.541742,43.979887],[3679,5656,-121.541811,43.980028],[3697,5653,-121.541824,43.980077],[3711,5650,-121.541811,43.980114],[3722,5650,-121.541781,43.980134],[3734,5650,-121.541763,43.980104],[3745,5653,-121.541756,43.980073],[3752,5656,-121.541732,43.980066],[3761,5656,-121.541711,43.980086],[3782,5653,-121.541684,43.980141],[3799,5652,-121.541625,43.980157],[3815,5655,-121.541564,43.980164],[3838,5657,-121.541481,43.980186],[3850,5657,-121.541438,43.980173],[3866,5662,-121.541438,43.980131],[3882,5666,-121.54142,43.980088],[3898,5669,-121.541375,43.98006],[3914,5673,-121.541311,43.980059],[3939,5676,-121.541224,43.980082],[3954,5676,-121.541167,43.980082],[3971,5679,-121.541124,43.980045],[3987,5685,-121.5411,43.980004],[3995,5685,-121.541076,43.979993],[4006,5688,-121.541037,43.980001],[4019,5688,-121.540999,43.980027],[4035,5691,-121.540941,43.980021],[4049,5691,-121.540929,43.979985],[4065,5697,-121.540898,43.979946],[4080,5699,-121.54084,43.979952],[4097,5694,-121.5408,43.979989],[4116,5694,-121.54073,43.979998],[4136,5695,-121.540656,43.980005],[4149,5694,-121.540618,43.979982],[4163,5701,-121.540617,43.979942],[4186,5707,-121.540612,43.97988],[4212,5712,-121.540574,43.979813],[4227,5712,-121.540522,43.979801],[4253,5711,-121.540438,43.979839],[4277,5704,-121.540351,43.979856],[4302,5709,-121.540256,43.979844],[4329,5707,-121.540166,43.979808],[4355,5709,-121.540087,43.979765],[4373,5707,-121.54002,43.97976],[4373,5431,-121.536953,43.982281],[4383,5427,-121.536919,43.982266],[4388,5427,-121.5369,43.982272],[4397,5427,-121.536894,43.982294],[4423,5427,-121.536954,43.982351],[4454,5424,-121.537007,43.982429],[4493,5422,-121.537035,43.982533],[4520,5419,-121.537047,43.982607],[4535,5414,-121.537,43.982629],[4555,5414,-121.536924,43.982617],[4571,5412,-121.536877,43.982643],[4598,5411,-121.536898,43.982714],[4614,5411,-121.536885,43.982758],[4633,5411,-121.536815,43.982767],[4661,5411,-121.536712,43.982749],[4698,5412,-121.536574,43.982779],[4727,5412,-121.536463,43.982786],[4749,5413,-121.536403,43.982828]]}