{"trail":"Lost Dream","distance":27645,"gain":20,"loss":83,"min":3128,"max":3215,"profile":[[0,3203,-121.303017,44.216946],[43,3204,-121.302967,44.217059],[125,3205,-121.303093,44.217265],[208,3207,-121.303218,44.217472],[288,3206,-121.303401,44.217649],[368,3206,-121.303583,44.217826],[456,3206,-121.303808,44.218003],[543,3206,-121.304034,44.21818],[618,3206,-121.304211,44.218341],[693,3207,-121.304388,44.218503],[790,3208,-121.304634,44.218703],[888,3209,-121.304828,44.218933],[944,3210,-121.30501,44.21901],[1008,3209,-121.305257,44.21901],[1048,3209,-121.305364,44.218933],[1159,3207,-121.305686,44.218733],[1261,3206,-121.305997,44.218564],[1346,3207,-121.306297,44.21848],[1472,3206,-121.306726,44.218318],[1580,3206,-121.307102,44.218195],[1622,3206,-121.307231,44.218126],[1727,3206,-121.30737,44.217857],[1823,3206,-121.307596,44.217649],[1881,3206,-121.307746,44.217534],[1987,3206,-121.308121,44.217419],[2053,3206,-121.308357,44.217357],[2140,3207,-121.30869,44.21738],[2216,3207,-121.308947,44.217472],[2300,3207,-121.309216,44.217603],[2408,3207,-121.309495,44.217818],[2511,3208,-121.309752,44.218034],[2613,3207,-121.309988,44.218257],[2738,3208,-121.310256,44.218541],[2768,3208,-121.310351,44.218585],[2805,3209,-121.310471,44.218641],[2878,3211,-121.310546,44.218833],[2978,3213,-121.310621,44.219102],[3074,3214,-121.310718,44.219356],[3170,3215,-121.310814,44.21961],[3236,3215,-121.310826,44.21979],[3280,3215,-121.310836,44.21991],[3382,3216,-121.310782,44.220187],[3491,3217,-121.310804,44.220486],[3577,3216,-121.310675,44.220702],[3672,3216,-121.310364,44.22084],[3789,3215,-121.31001,44.221032],[3872,3215,-121.309741,44.221155],[3945,3215,-121.309666,44.221348],[4019,3214,-121.309548,44.221532],[4093,3213,-121.309323,44.221655],[4167,3213,-121.309076,44.221755],[4171,3213,-121.309064,44.221762],[4253,3212,-121.308819,44.221901],[4356,3210,-121.308561,44.222116],[4450,3209,-121.308293,44.222286],[4519,3208,-121.308175,44.222455],[4592,3207,-121.308068,44.222639],[4684,3206,-121.308035,44.222893],[4769,3206,-121.308057,44.223124],[4842,3205,-121.308057,44.223324],[4929,3205,-121.307939,44.223547],[5024,3205,-121.307692,44.223739],[5116,3206,-121.307467,44.223931],[5233,3207,-121.307166,44.224169],[5354,3208,-121.306823,44.224392],[5458,3207,-121.306501,44.224562],[5544,3207,-121.306254,44.224715],[5644,3205,-121.305943,44.224877],[5716,3206,-121.30575,44.225015],[5781,3205,-121.305643,44.225177],[5858,3205,-121.305589,44.225384],[5963,3202,-121.305697,44.225661],[6049,3200,-121.305858,44.225868],[6098,3199,-121.305924,44.225994],[6136,3199,-121.305934,44.226097],[6219,3198,-121.30589,44.226322],[6288,3199,-121.305789,44.226498],[6364,3201,-121.305516,44.226566],[6413,3202,-121.305398,44.226672],[6480,3205,-121.305315,44.226846],[6516,3206,-121.305308,44.226944],[6562,3210,-121.30527,44.227067],[6599,3211,-121.30521,44.227158],[6614,3211,-121.305215,44.2272],[6620,3211,-121.30521,44.227218],[6634,3210,-121.305202,44.227253],[6646,3213,-121.305189,44.227285],[6680,3216,-121.3051,44.227356],[6725,3214,-121.305064,44.227475],[6762,3211,-121.305053,44.227575],[6796,3208,-121.305171,44.227614],[6844,3204,-121.305342,44.227668],[6880,3201,-121.30545,44.227729],[6917,3197,-121.305428,44.227829],[6978,3196,-121.305265,44.227947],[7061,3193,-121.304978,44.228044],[7146,3192,-121.304742,44.228206],[7259,3193,-121.304431,44.228421],[7339,3196,-121.304237,44.22859],[7412,3195,-121.304087,44.228759],[7482,3195,-121.304023,44.228944],[7569,3194,-121.304034,44.229182],[7656,3195,-121.304055,44.22942],[7749,3194,-121.304098,44.229674],[7856,3193,-121.304098,44.229966],[7944,3197,-121.303905,44.230166],[8069,3197,-121.30368,44.230466],[8161,3200,-121.303465,44.230666],[8261,3198,-121.303272,44.230904],[8358,3195,-121.303057,44.231119],[8433,3196,-121.302907,44.231296],[8516,3198,-121.302757,44.231496],[8608,3201,-121.302575,44.231711],[8673,3200,-121.302532,44.231888],[8748,3197,-121.302467,44.232088],[8815,3197,-121.302467,44.232273],[8897,3194,-121.302489,44.232495],[8936,3192,-121.302489,44.232603],[8984,3193,-121.302381,44.232711],[9047,3197,-121.302177,44.232803],[9103,3195,-121.302038,44.232918],[9141,3195,-121.301952,44.233003],[9207,3199,-121.301716,44.233064],[9289,3198,-121.301469,44.233203],[9384,3193,-121.301191,44.233372],[9461,3193,-121.300901,44.23341],[9585,3199,-121.300461,44.233287],[9651,3203,-121.300236,44.233203],[9718,3203,-121.30001,44.233118],[9779,3203,-121.299806,44.233033],[9832,3203,-121.299613,44.232995],[9890,3202,-121.299399,44.233041],[9935,3202,-121.299259,44.23311],[10023,3197,-121.299152,44.233341],[10066,3196,-121.299088,44.233449],[10159,3199,-121.298733,44.233456],[10234,3202,-121.298444,44.233456],[10304,3201,-121.298186,44.23341],[10382,3199,-121.297907,44.233333],[10458,3203,-121.297639,44.233249],[10540,3203,-121.297328,44.233218],[10619,3200,-121.297028,44.233218],[10688,3197,-121.296792,44.233303],[10728,3197,-121.296641,44.233326],[10792,3196,-121.296405,44.23328],[10868,3197,-121.296126,44.233218],[10918,3199,-121.295955,44.233156],[10978,3202,-121.295729,44.233141],[11023,3202,-121.295558,44.233149],[11083,3203,-121.295354,44.233226],[11146,3203,-121.295139,44.233303],[11244,3196,-121.294828,44.233456],[11307,3195,-121.294614,44.233533],[11369,3195,-121.294378,44.233533],[11429,3196,-121.294174,44.233456],[11460,3199,-121.294152,44.233372],[11511,3202,-121.294174,44.233233],[11553,3204,-121.294174,44.233118],[11608,3204,-121.294056,44.232995],[11695,3202,-121.293873,44.232795],[11755,3202,-121.29382,44.232634],[11838,3200,-121.293723,44.232419],[11892,3199,-121.293648,44.23228],[11928,3200,-121.293702,44.232188],[11975,3201,-121.293798,44.23208],[12024,3202,-121.293873,44.231957],[12069,3200,-121.293895,44.231834],[12118,3198,-121.29382,44.231711],[12169,3197,-121.293712,44.231596],[12222,3197,-121.293712,44.23145],[12292,3198,-121.293841,44.231281],[12351,3199,-121.293938,44.231135],[12416,3199,-121.29397,44.230958],[12478,3200,-121.293873,44.230804],[12561,3199,-121.293605,44.230681],[12636,3199,-121.293348,44.230589],[12708,3199,-121.293101,44.230504],[12769,3200,-121.292876,44.230458],[12857,3199,-121.292543,44.230427],[12910,3199,-121.292339,44.230435],[12962,3200,-121.292168,44.230366],[13039,3201,-121.291889,44.230297],[13103,3200,-121.291642,44.230289],[13117,3200,-121.291592,44.230296],[13199,3201,-121.291277,44.230312],[13289,3202,-121.290934,44.230335],[13378,3203,-121.290612,44.230412],[13453,3203,-121.290365,44.23052],[13574,3202,-121.290032,44.23075],[13637,3203,-121.289893,44.230889],[13689,3203,-121.289839,44.231027],[13765,3202,-121.289861,44.231235],[13795,3203,-121.289818,44.231311],[13859,3204,-121.289657,44.231442],[13927,3203,-121.28955,44.231611],[13980,3203,-121.28941,44.231719],[14020,3202,-121.289271,44.231765],[14064,3202,-121.28912,44.231711],[14134,3203,-121.289045,44.231527],[14207,3202,-121.28882,44.231412],[14268,3201,-121.288595,44.231365],[14327,3202,-121.28837,44.231365],[14394,3202,-121.288123,44.231419],[14462,3202,-121.287919,44.231535],[14522,3201,-121.287779,44.231665],[14584,3199,-121.28764,44.231803],[14616,3198,-121.287543,44.231857],[14717,3200,-121.287157,44.231865],[14791,3200,-121.286878,44.231896],[14842,3199,-121.286685,44.231873],[14910,3199,-121.286449,44.231796],[14997,3200,-121.286116,44.23178],[15068,3197,-121.285848,44.231803],[15152,3193,-121.285537,44.231857],[15202,3195,-121.285344,44.23185],[15273,3196,-121.285119,44.231742],[15372,3200,-121.285022,44.231481],[15445,3202,-121.285054,44.231281],[15518,3203,-121.285205,44.231112],[15591,3203,-121.285312,44.230927],[15684,3203,-121.285408,44.230681],[15800,3203,-121.28558,44.230389],[15834,3203,-121.285601,44.230297],[15892,3202,-121.285494,44.230158],[15990,3199,-121.285323,44.22992],[16053,3198,-121.285269,44.229751],[16111,3197,-121.285129,44.229628],[16211,3197,-121.284904,44.229405],[16290,3198,-121.284732,44.229228],[16346,3198,-121.284614,44.229098],[16399,3199,-121.284496,44.228982],[16442,3199,