{"trail":"Lower Truck Trail","distance":12233,"gain":293,"loss":302,"min":646,"max":697,"profile":[[0,690,-85.388081,34.969461],[25,689,-85.388076,34.969529],[50,688,-85.388071,34.969597],[75,688,-85.388065,34.969666],[100,689,-85.38806,34.969734],[125,693,-85.388055,34.969803],[150,693,-85.38805,34.969871],[175,691,-85.388045,34.969939],[200,687,-85.388039,34.970008],[223,686,-85.387979,34.970045],[248,685,-85.387903,34.970073],[273,683,-85.387826,34.970101],[298,684,-85.38775,34.970128],[323,682,-85.387673,34.970156],[344,677,-85.387655,34.970213],[369,673,-85.387658,34.970282],[394,671,-85.387662,34.97035],[419,670,-85.387666,34.970419],[444,670,-85.38767,34.970487],[469,670,-85.387672,34.970555],[494,671,-85.387656,34.970623],[519,671,-85.38764,34.97069],[544,671,-85.387624,34.970757],[569,669,-85.387608,34.970824],[594,667,-85.387592,34.970892],[619,667,-85.387576,34.970959],[644,668,-85.38756,34.971026],[669,670,-85.387544,34.971094],[694,671,-85.387528,34.971161],[719,671,-85.387512,34.971228],[744,672,-85.387496,34.971295],[769,671,-85.38748,34.971363],[794,670,-85.387464,34.97143],[819,670,-85.387448,34.971497],[844,669,-85.387432,34.971564],[869,667,-85.387416,34.971632],[894,665,-85.3874,34.971699],[919,664,-85.387384,34.971766],[944,665,-85.387368,34.971833],[969,666,-85.387352,34.971901],[994,669,-85.387311,34.97196],[1019,670,-85.387268,34.972019],[1044,671,-85.387226,34.972078],[1069,671,-85.387183,34.972137],[1094,671,-85.38714,34.972195],[1119,672,-85.387097,34.972254],[1144,673,-85.387054,34.972313],[1169,673,-85.387011,34.972372],[1194,674,-85.386968,34.972431],[1219,674,-85.386926,34.97249],[1244,675,-85.386883,34.972549],[1269,673,-85.38684,34.972607],[1294,671,-85.386797,34.972666],[1319,671,-85.386754,34.972725],[1344,669,-85.386711,34.972784],[1369,667,-85.386668,34.972843],[1394,667,-85.386626,34.972902],[1419,665,-85.386583,34.97296],[1444,662,-85.386534,34.973015],[1469,662,-85.386476,34.973065],[1494,665,-85.386418,34.973114],[1519,663,-85.38636,34.973163],[1544,664,-85.386301,34.973213],[1569,666,-85.386243,34.973262],[1594,667,-85.386185,34.973312],[1619,671,-85.386127,34.973361],[1644,672,-85.386069,34.97341],[1669,673,-85.386011,34.97346],[1692,671,-85.386014,34.973523],[1717,668,-85.386033,34.97359],[1742,664,-85.386051,34.973657],[1767,662,-85.38607,34.973723],[1792,660,-85.386088,34.97379],[1817,661,-85.386106,34.973857],[1842,661,-85.386125,34.973924],[1867,659,-85.386143,34.973991],[1891,658,-85.386133,34.974056],[1916,659,-85.386106,34.974122],[1941,659,-85.38608,34.974187],[1966,656,-85.386054,34.974252],[1991,654,-85.386027,34.974317],[2016,653,-85.386001,34.974382],[2041,652,-85.385949,34.974435],[2066,651,-85.385896,34.974488],[2091,649,-85.385843,34.974541],[2116,649,-85.38579,34.974594],[2141,650,-85.385737,34.974647],[2166,651,-85.385684,34.9747],[2191,651,-85.385631,34.974753],[2215,651,-85.385607,34.974816],[2240,650,-85.385597,34.974884],[2265,649,-85.385588,34.974953],[2290,648,-85.385578,34.975021],[2315,648,-85.385568,34.975089],[2340,648,-85.385559,34.975157],[2365,648,-85.385549,34.975225],[2390,648,-85.38554,34.975293],[2415,648,-85.38553,34.975361],[2440,647,-85.38552,34.975429],[2465,647,-85.385511,34.975497],[2490,647,-85.385501,34.975565],[2515,647,-85.385491,34.975633],[2540,648,-85.385482,34.975701],[2565,647,-85.385472,34.975769],[2590,647,-85.385463,34.975837],[2615,646,-85.385453,34.975906],[2640,646,-85.385443,34.975974],[2664,646,-85.385383,34.976017],[2689,646,-85.385314,34.976056],[2714,648,-85.385245,34.976094],[2739,649,-85.385176,34.976133],[2764,649,-85.385107,34.976172],[2789,651,-85.385038,34.976211],[2814,651,-85.384969,34.976249],[2839,651,-85.3849,34.976288],[2864,651,-85.384831,34.976327],[2889,651,-85.384763,34.976366],[2914,651,-85.384694,34.976404],[2939,651,-85.384618,34.976433],[2964,650,-85.384542,34.976462],[2989,651,-85.384466,34.976491],[3014,651,-85.38439,34.976519],[3039,651,-85.384314,34.976548],[3064,652,-85.384238,34.976577],[3089,652,-85.384162,34.976605],[3114,653,-85.384086,34.976634],[3139,654,-85.38401,34.976663],[3164,655,-85.383934,34.976691],[3189,655,-85.383858,34.97672],[3214,655,-85.383782,34.976749],[3239,655,-85.383706,34.976778],[3264,656,-85.38363,34.976806],[3289,656,-85.383554,34.976835],[3314,656,-85.383478,34.976864],[3339,657,-85.383402,34.976892],[3364,659,-85.383327,34.976921],[3389,661,-85.383251,34.97695],[3414,663,-85.383175,34.976978],[3439,667,-85.383099,34.977007],[3464,671,-85.383023,34.977036],[3489,677,-85.382947,34.977064],[3514,679,-85.382871,34.977093],[3539,684,-85.382795,34.977122],[3564,686,-85.382728,34.977162],[3589,685,-85.382663,34.977206],[3614,684,-85.382598,34.977249],[3639,682,-85.382533,34.977292],[3664,682,-85.382469,34.977335],[3689,679,-85.382404,34.977379],[3714,681,-85.382339,34.977422],[3739,680,-85.382274,34.977465],[3764,682,-85.382209,34.977509],[3788,680,-85.382188,34.977573],[3813,682,-85.382172,34.97764],[3838,682,-85.382157,34.977708],[3863,682,-85.382141,34.977775],[3888,682,-85.382125,34.977842],[3908,682,-85.382083,34.977885],[3933,684,-85.381999,34.97789],[3958,686,-85.381916,34.977895],[3983,687,-85.381834,34.977903],[4008,687,-85.381773,34.97795],[4033,688,-85.381712,34.977997],[4058,689,-85.381652,34.978044],[4083,690,-85.381591,34.978092],[4108,693,-85.38153,34.978139],[4133,693,-85.38147,34.978186],[4158,693,-85.381409,34.978233],[4183,695,-85.381331,34.978258],[4208,697,-85.381253,34.978282],[4233,697,-85.381174,34.978305],[4258,697,-85.381096,34.978329],[4283,697,-85.381018,34.978353],[4308,695,-85.380939,34.978377],[4333,693,-85.380861,34.978401],[4358,693,-85.380782,34.978425],[4383,689,-85.380704,34.978449],[4406,685,-85.380641,34.978487],[4431,680,-85.3806,34.978547],[4456,675,-85.38056,34.978607],[4481,674,-85.38052,34.978667],[4506,672,-85.38048,34.978727],[4531,672,-85.380439,34.978787],[4556,673,-85.380399,34.978847],[4581,674,-85.380359,34.978907],[4606,675,-85.380319,34.978967],[4631,675,-85.380278,34.979027],[4656,676,-85.380238,34.979088],[4681,677,-85.380198,34.979148],[4706,676,-85.380158,34.979208],[4731,677,-85.380117,34.979268],[4756,674,-85.380077,34.979328],[4781,669,-85.38003,34.979384],[4806,669,-85.379974,34.979435],[4831,665,-85.379919,34.979486],[4856,666,-85.379864,34.979538],[4881,667,-85.379808,34.979589],[4906,667,-85.379753,34.97964],[4931,668,-85.379697,34.979692],[4956,670,-85.379642,34.979743],[4981,671,-85.379587,34.979794],[5006,667,-85.379531,34.979846],[5031,674,-85.379476,34.979897],[5056,669,-85.37942,34.979948],[5081,669,-85.379365,34.98],[5106,666,-85.379309,34.980051],[5131,673,-85.379254,34.980102],[5156,670,-85.379199,34.980154],[5181,672,-85.379143,34.980205],[5206,676,-85.379088,34.980256],[5231,672,-85.379056,34.980318],[5256,670,-85.379036,34.980384],[5281,661,-85.379016,34.980451],[5306,660,-85.378997,34.980517],[5331,653,-85.378977,34.980584],[5356,654,-85.378957,34.980651],[5381,649,-85.378937,34.980717],[5406,653,-85.378917,34.980784],[5431,653,-85.378898,34.98085],[5456,654,-85.378878,34.980917],[5481,655,-85.378881,34.980985],[5506,654,-85.378886,34.981054],[5531,653,-85.378892,34.981122],[5556,652,-85.378897,34.98119],[5581,650,-85.378903,34.981259],[5606,650,-85.378908,34.981327],[5631,650,-85.378914,34.981395],[5654,651,-85.378909,34.981461],[5679,652,-85.378853,34.981512],[5704,653,-85.378797,34.981562],[5729,654,-85.378741,34.981613],[5754,654,-85.378685,34.981664],[5779,655,-85.378629,34.981715],[5804,656,-85.378572,34.981766],[5829,657,-85.378516,34.981817],[5854,658,-85.37846,34.981868],[5879,658,-85.378404,34.981918],[5904,660,-85.378348,34.981969],[5929,659,-85.378304,34.982026],[5954,658,-85.378275,34.98209],[5979,658,-85.378245,34.982154],[6004,658,-85.378216,34.982219],[6029,658,-85.378186,34.982283],[6054,657,-85.378157,34.982347],[6079,657,-85.378127,34.982411],[6104,657,-85.378098,34.982475],[6129,657,-85.378068,34.982539],[6154,658,-85.378039,34.982603],[6179,660,-85.378009,34.982667],[6204,662,-85.37798,34.982732],[6229,