{"trail":"Lower Chunky","distance":3374,"gain":274,"loss":130,"min":1624,"max":1814,"profile":[[0,1670,-85.386257,35.056752],[25,1668,-85.386187,35.056715],[50,1664,-85.386116,35.056679],[75,1662,-85.386045,35.056642],[99,1660,-85.386004,35.056586],[124,1658,-85.385977,35.056521],[149,1655,-85.385951,35.056456],[174,1654,-85.385924,35.056391],[199,1649,-85.385898,35.056326],[216,1646,-85.385852,35.056356],[241,1643,-85.3858,35.05641],[266,1642,-85.385749,35.056464],[291,1638,-85.385671,35.056484],[316,1635,-85.385589,35.0565],[341,1634,-85.385508,35.056515],[365,1633,-85.385427,35.056515],[390,1634,-85.385346,35.056496],[415,1639,-85.385266,35.056478],[440,1640,-85.385185,35.056459],[462,1647,-85.385145,35.056406],[487,1654,-85.38512,35.056341],[512,1659,-85.385095,35.056276],[537,1661,-85.38507,35.05621],[553,1662,-85.385026,35.056189],[578,1655,-85.384958,35.056228],[603,1651,-85.384889,35.056267],[628,1643,-85.38482,35.056306],[651,1636,-85.384746,35.056327],[676,1629,-85.384663,35.056316],[701,1626,-85.38458,35.056306],[726,1624,-85.384498,35.056295],[751,1629,-85.384452,35.056238],[776,1631,-85.384407,35.05618],[801,1636,-85.384361,35.056123],[826,1641,-85.384316,35.056065],[851,1644,-85.384271,35.056008],[876,1649,-85.384225,35.05595],[901,1652,-85.38418,35.055892],[926,1658,-85.384134,35.055835],[951,1662,-85.384089,35.055777],[976,1662,-85.384044,35.05572],[1001,1664,-85.383998,35.055662],[1026,1665,-85.383953,35.055605],[1051,1665,-85.383907,35.055547],[1076,1664,-85.383862,35.055489],[1101,1663,-85.383817,35.055432],[1126,1662,-85.383771,35.055374],[1151,1661,-85.383726,35.055317],[1176,1658,-85.38368,35.055259],[1201,1658,-85.383635,35.055202],[1226,1657,-85.38359,35.055144],[1251,1655,-85.383544,35.055086],[1276,1654,-85.383499,35.055029],[1301,1655,-85.383453,35.054971],[1326,1654,-85.383408,35.054914],[1351,1658,-85.383345,35.054869],[1376,1655,-85.383279,35.054827],[1401,1655,-85.383214,35.054784],[1426,1651,-85.383149,35.054741],[1451,1650,-85.383083,35.054698],[1476,1648,-85.383018,35.054655],[1501,1642,-85.382952,35.054612],[1526,1641,-85.382887,35.05457],[1551,1636,-85.382815,35.054535],[1576,1638,-85.382741,35.054503],[1601,1637,-85.382667,35.054472],[1626,1636,-85.382592,35.05444],[1651,1635,-85.382518,35.054409],[1676,1637,-85.382444,35.054377],[1701,1632,-85.382369,35.054346],[1726,1633,-85.382295,35.054314],[1751,1633,-85.382221,35.054283],[1776,1635,-85.382146,35.054251],[1801,1635,-85.382072,35.05422],[1826,1637,-85.381998,35.054188],[1851,1641,-85.381923,35.054157],[1876,1645,-85.381849,35.054125],[1901,1650,-85.381775,35.054093],[1926,1653,-85.3817,35.054062],[1945,1657,-85.381679,35.054013],[1970,1666,-85.381706,35.053948],[1993,1669,-85.381784,35.053938],[2018,1671,-85.381867,35.053934],[2043,1673,-85.381951,35.053931],[2068,1673,-85.382035,35.053927],[2092,1679,-85.38211,35.053909],[2117,1684,-85.382164,35.053857],[2142,1692,-85.382219,35.053805],[2164,1695,-85.382153,35.053775],[2189,1697,-85.382076,35.053748],[2214,1696,-85.382,35.05372],[2239,1698,-85.381923,35.053692],[2264,1700,-85.381847,35.053664],[2289,1703,-85.38177,35.053636],[2314,1701,-85.381694,35.053608],[2339,1702,-85.381615,35.053589],[2364,1700,-85.381531,35.053584],[2389,1698,-85.381448,35.053579],[2414,1698,-85.381364,35.053574],[2439,1701,-85.381281,35.053569],[2464,1701,-85.381197,35.053564],[2489,1702,-85.381114,35.053559],[2510,1706,-85.381044,35.053545],[2535,1710,-85.381053,35.053477],[2560,1715,-85.381061,35.053408],[2585,1724,-85.381069,35.05334],[2610,1735,-85.381078,35.053272],[2635,1746,-85.381086,35.053204],[2660,1743,-85.381002,35.053201],[2685,1741,-85.380919,35.053198],[2710,1740,-85.380835,35.053195],[2735,1741,-85.380751,35.053192],[2760,1743,-85.380668,35.053189],[2781,1748,-85.380599,35.053182],[2806,1749,-85.380665,35.05314],[2831,1752,-85.380731,35.053097],[2856,1756,-85.380796,35.053055],[2881,1760,-85.380862,35.053013],[2905,1764,-85.380937,35.052985],[2930,1768,-85.381018,35.052971],[2955,1768,-85.3811,35.052956],[2980,1769,-85.381182,35.052942],[3005,1770,-85.381264,35.052927],[3030,1770,-85.381346,35.052913],[3041,1772,-85.381354,35.052883],[3066,1774,-85.38129,35.052839],[3091,1779,-85.381225,35.052796],[3116,1781,-85.381161,35.052752],[3138,1783,-85.381137,35.052696],[3163,1787,-85.381155,35.052629],[3188,1791,-85.381172,35.052562],[3213,1795,-85.381189,35.052495],[3238,1798,-85.381206,35.052428],[3263,1802,-85.381224,35.052361],[3288,1804,-85.381241,35.052294],[3313,1808,-85.381258,35.052227],[3338,1812,-85.381275,35.05216],[3363,1814,-85.381293,35.052093],[3374,1814,-85.3813,35.052062]]}