{"trail":"Lower Lift Ticket","distance":5920,"gain":470,"loss":195,"min":804,"max":1094,"profile":[[0,813,-85.307465,35.136879],[25,814,-85.307482,35.136946],[50,810,-85.3075,35.137013],[75,810,-85.307517,35.13708],[100,805,-85.307535,35.137147],[125,807,-85.307552,35.137214],[150,806,-85.30757,35.137281],[175,804,-85.307587,35.137348],[200,809,-85.307604,35.137415],[225,810,-85.307622,35.137482],[250,815,-85.307639,35.137549],[275,815,-85.307657,35.137616],[300,814,-85.307674,35.137683],[325,818,-85.307692,35.13775],[350,817,-85.307709,35.137817],[375,822,-85.307727,35.137884],[400,821,-85.307744,35.137951],[425,820,-85.307762,35.138018],[450,825,-85.307779,35.138085],[475,824,-85.307797,35.138152],[482,829,-85.307809,35.13817],[507,830,-85.307813,35.138102],[532,831,-85.307817,35.138033],[557,832,-85.307821,35.137965],[582,833,-85.307825,35.137896],[607,834,-85.307828,35.137828],[632,834,-85.307832,35.137759],[657,834,-85.307836,35.137691],[682,834,-85.30784,35.137622],[707,834,-85.307844,35.137554],[732,834,-85.307847,35.137486],[753,839,-85.307853,35.137428],[778,839,-85.30788,35.137493],[803,844,-85.307907,35.137558],[828,844,-85.307934,35.137623],[853,850,-85.307961,35.137688],[878,854,-85.307988,35.137753],[903,854,-85.308015,35.137818],[928,858,-85.308042,35.137882],[953,863,-85.308069,35.137947],[978,862,-85.308096,35.138012],[1003,865,-85.308123,35.138077],[1028,863,-85.30815,35.138142],[1053,865,-85.308177,35.138207],[1078,865,-85.308213,35.138268],[1103,868,-85.308263,35.138323],[1128,869,-85.308313,35.138378],[1153,873,-85.308364,35.138432],[1178,883,-85.308414,35.138487],[1199,883,-85.308439,35.138542],[1224,877,-85.308388,35.138596],[1249,873,-85.308337,35.138651],[1274,870,-85.308286,35.138705],[1299,867,-85.308238,35.13876],[1324,869,-85.308258,35.138826],[1349,871,-85.308279,35.138893],[1374,877,-85.308299,35.138959],[1399,877,-85.308319,35.139026],[1424,883,-85.30834,35.139092],[1447,879,-85.308304,35.139149],[1472,877,-85.308251,35.139202],[1497,878,-85.308198,35.139255],[1522,873,-85.308145,35.139308],[1547,877,-85.308093,35.139362],[1572,877,-85.30804,35.139415],[1597,880,-85.307987,35.139468],[1621,876,-85.307908,35.139478],[1646,872,-85.307824,35.13948],[1671,868,-85.307741,35.139483],[1696,865,-85.307657,35.139485],[1721,862,-85.307573,35.139487],[1746,859,-85.307489,35.13949],[1771,856,-85.307406,35.139492],[1783,857,-85.307378,35.139517],[1808,864,-85.307427,35.139573],[1833,866,-85.307475,35.139629],[1858,869,-85.307524,35.139684],[1883,873,-85.307573,35.13974],[1908,876,-85.307621,35.139796],[1933,879,-85.30767,35.139852],[1957,882,-85.307662,35.139916],[1982,884,-85.30764,35.139982],[2007,887,-85.307619,35.140049],[2032,895,-85.307598,35.140115],[2057,904,-85.307576,35.140181],[2080,907,-85.307512,35.140217],[2105,909,-85.307435,35.140244],[2130,907,-85.307358,35.140272],[2155,898,-85.307281,35.140299],[2166,903,-85.307255,35.140319],[2191,913,-85.307338,35.140323],[2216,922,-85.307422,35.140327],[2241,926,-85.307506,35.140332],[2266,931,-85.307589,35.140336],[2289,934,-85.307514,35.140346],[2314,927,-85.307432,35.140356],[2339,918,-85.307349,35.140366],[2361,912,-85.30729,35.140406],[2386,913,-85.307248,35.140465],[2411,915,-85.307207,35.140525],[2436,920,-85.307165,35.140584],[2461,919,-85.307124,35.140644],[2486,922,-85.307082,35.140703],[2511,924,-85.307041,35.140763],[2536,924,-85.306999,35.140822],[2561,926,-85.306957,35.140882],[2586,926,-85.306916,35.140941],[2606,925,-85.306903,35.140995],[2631,929,-85.306972,35.141035],[2656,932,-85.30704,35.141074],[2681,933,-85.307109,35.141114],[2706,935,-85.307177,35.141153],[2731,936,-85.307246,35.141193],[2756,933,-85.307293,35.141249],[2781,935,-85.307338,35.141307],[2806,930,-85.307384,35.141364],[2831,930,-85.307429,35.141422],[2856,928,-85.307475,35.141479],[2881,928,-85.30752,35.141537],[2906,930,-85.307566,35.141595],[2931,928,-85.307611,35.141652],[2956,925,-85.307657,35.14171],[2981,925,-85.307702,35.141767],[3005,921,-85.307717,35.141831],[3030,919,-85.307708,35.141899],[3052,917,-85.307719,35.141958],[3077,922,-85.307792,35.141991],[3102,928,-85.307866,35.142024],[3127,934,-85.307939,35.142057],[3152,937,-85.308013,35.14209],[3177,947,-85.308086,35.142123],[3191,952,-85.308131,35.142115],[3216,955,-85.308135,35.142047],[3241,957,-85.308139,35.141979],[3266,958,-85.308143,35.14191],[3291,961,-85.308147,35.141842],[3316,966,-85.30815,35.141774],[3341,965,-85.308091,35.141725],[3366,964,-85.308032,35.141677],[3391,964,-85.307972,35.141628],[3416,964,-85.307913,35.14158],[3441,964,-85.307854,35.141531],[3466,964,-85.307795,35.141483],[3488,969,-85.307772,35.141425],[3513,979,-85.307785,35.141357],[3538,985,-85.307798,35.141289],[3563,990,-85.307811,35.141222],[3588,989,-85.307824,35.141154],[3594,989,-85.307841,35.141164],[3619,995,-85.307861,35.14123],[3644,994,-85.307882,35.141297],[3669,995,-85.307902,35.141363],[3694,987,-85.307922,35.14143],[3717,987,-85.307959,35.141485],[3742,991,-85.308034,35.141516],[3767,993,-85.308109,35.141547],[3792,992,-85.308184,35.141577],[3817,994,-85.308259,35.141608],[3842,997,-85.308334,35.141639],[3867,1002,-85.308409,35.141669],[3892,1006,-85.308484,35.1417],[3916,1004,-85.308517,35.14176],[3941,1005,-85.308542,35.141825],[3966,1002,-85.308568,35.141891],[3991,1006,-85.308594,35.141956],[4016,1006,-85.308619,35.142021],[4041,1011,-85.308645,35.142086],[4066,1015,-85.308671,35.142152],[4091,1013,-85.308696,35.142217],[4116,1013,-85.308722,35.142282],[4141,1008,-85.308748,35.142347],[4166,1008,-85.308773,35.142412],[4191,1011,-85.308799,35.142478],[4216,1011,-85.308825,35.142543],[4241,1016,-85.30885,35.142608],[4266,1016,-85.308876,35.142673],[4291,1020,-85.308902,35.142739],[4315,1021,-85.308917,35.142673],[4340,1025,-85.308931,35.142606],[4365,1024,-85.308946,35.142538],[4390,1023,-85.30896,35.142471],[4415,1029,-85.308975,35.142403],[4440,1031,-85.308989,35.142336],[4465,1033,-85.309004,35.142268],[4490,1038,-85.309019,35.142201],[4514,1038,-85.309022,35.142137],[4539,1033,-85.308959,35.142091],[4564,1031,-85.308896,35.142046],[4588,1029,-85.308848,35.141993],[4613,1027,-85.308823,35.141927],[4638,1029,-85.308797,35.141862],[4663,1029,-85.308771,35.141797],[4688,1030,-85.308745,35.141732],[4713,1035,-85.308719,35.141667],[4738,1034,-85.308693,35.141602],[4763,1038,-85.308667,35.141536],[4788,1038,-85.308642,35.141471],[4813,1037,-85.308616,35.141406],[4820,1039,-85.308632,35.141391],[4845,1042,-85.308696,35.141435],[4870,1045,-85.308747,35.141487],[4895,1046,-85.308782,35.14155],[4920,1046,-85.308818,35.141612],[4945,1045,-85.308853,35.141674],[4970,1047,-85.308889,35.141736],[4995,1047,-85.308924,35.141798],[5020,1042,-85.30896,35.14186],[5045,1041,-85.308995,35.141922],[5070,1043,-85.309031,35.141984],[5095,1050,-85.309103,35.142018],[5120,1053,-85.309177,35.142051],[5142,1062,-85.309226,35.142097],[5167,1062,-85.309233,35.142165],[5192,1062,-85.309239,35.142233],[5217,1063,-85.309246,35.142302],[5242,1063,-85.309252,35.14237],[5267,1061,-85.309259,35.142438],[5292,1060,-85.309265,35.142507],[5317,1066,-85.309271,35.142575],[5342,1066,-85.309278,35.142643],[5367,1066,-85.309284,35.142712],[5392,1065,-85.309291,35.14278],[5417,1062,-85.309297,35.142848],[5442,1061,-85.309304,35.142917],[5467,1061,-85.30931,35.142985],[5492,1061,-85.309303,35.142917],[5517,1062,-85.309297,35.142849],[5542,1065,-85.30929,35.142781],[5567,1066,-85.309283,35.142712],[5592,1066,-85.309277,35.142644],[5617,1066,-85.30927,35.142576],[5641,1067,-85.309286,35.14251],[5666,1073,-85.309318,35.142447],[5691,1073,-85.309351,35.142384],[5716,1079,-85.309383,35.142321],[5741,1085,-85.309416,35.142258],[5765,1084,-85.309435,35.142193],[5790,1084,-85.309422,35.142126],[5815,1085,-85.309408,35.142058],[5840,1081,-85.309395,35.14199],[5865,1084,-85.309382,35.141923],[5890,1089,-85.309369,35.141855],[5915,1094,-85.309355,35.141787],[5920,1088,-85.309353,35.141775]]}