{"trail":"Lower Whoops","distance":8861,"gain":0,"loss":429,"min":4504,"max":4935,"profile":[[0,4932,-121.49043,44.024957],[54,4935,-121.490235,44.024908],[80,4936,-121.490136,44.024902],[119,4936,-121.489996,44.024935],[191,4935,-121.489767,44.025046],[271,4935,-121.489541,44.02519],[350,4932,-121.489315,44.025334],[429,4928,-121.489089,44.025478],[508,4924,-121.488863,44.025622],[598,4921,-121.488591,44.025771],[688,4915,-121.488319,44.02592],[802,4914,-121.487895,44.02599],[879,4912,-121.48762,44.026062],[955,4910,-121.487345,44.026135],[1039,4907,-121.48703,44.026175],[1123,4904,-121.486715,44.026214],[1207,4902,-121.4864,44.026254],[1309,4899,-121.486013,44.026259],[1348,4895,-121.485866,44.026279],[1384,4894,-121.485737,44.026311],[1485,4887,-121.4854,44.026448],[1558,4884,-121.485135,44.026513],[1632,4880,-121.484871,44.026577],[1680,4876,-121.484722,44.026657],[1730,4874,-121.4846,44.02676],[1806,4869,-121.484432,44.02693],[1882,4864,-121.484265,44.027099],[1958,4858,-121.484097,44.027269],[2033,4853,-121.48393,44.027438],[2109,4848,-121.483762,44.027608],[2158,4844,-121.483637,44.027707],[2191,4841,-121.483537,44.027761],[2241,4838,-121.48336,44.027816],[2327,4833,-121.483038,44.027856],[2413,4828,-121.482716,44.027895],[2491,4822,-121.482416,44.027893],[2570,4819,-121.482117,44.027891],[2639,4816,-121.481857,44.027866],[2708,4812,-121.481597,44.027841],[2750,4809,-121.481437,44.027841],[2809,4805,-121.481214,44.027861],[2877,4802,-121.480952,44.027862],[2946,4800,-121.480689,44.027863],[3005,4798,-121.480467,44.02788],[3110,4795,-121.480094,44.027984],[3164,4793,-121.47989,44.028013],[3243,4793,-121.479599,44.027964],[3301,4793,-121.479377,44.027955],[3343,4792,-121.479221,44.027985],[3418,4789,-121.478956,44.028063],[3539,4787,-121.478504,44.028125],[3643,4784,-121.478125,44.02821],[3669,4783,-121.478039,44.028245],[3708,4779,-121.477931,44.028318],[3747,4777,-121.477853,44.02841],[3824,4771,-121.477755,44.028608],[3901,4763,-121.477656,44.028806],[3966,4759,-121.477554,44.028968],[4064,4748,-121.477358,44.029197],[4116,4744,-121.477238,44.029311],[4177,4741,-121.477046,44.029408],[4282,4735,-121.476676,44.029515],[4406,4728,-121.476217,44.029595],[4479,4725,-121.475937,44.029599],[4553,4720,-121.475657,44.029603],[4674,4711,-121.475202,44.029654],[4769,4704,-121.47484,44.029654],[4831,4701,-121.474605,44.029671],[4961,4695,-121.474127,44.029767],[5010,4687,-121.473941,44.029776],[5081,4682,-121.473678,44.029729],[5152,4677,-121.473414,44.029682],[5201,4676,-121.473227,44.02968],[5230,4673,-121.47312,44.029664],[5297,4670,-121.472923,44.029546],[5341,4666,-121.472767,44.0295],[5431,4660,-121.472424,44.029496],[5521,4651,-121.472081,44.029492],[5552,4647,-121.471974,44.029457],[5591,4643,-121.471881,44.029374],[5663,4641,-121.471743,44.029203],[5695,4641,-121.47166,44.029138],[5736,4639,-121.471531,44.029076],[5781,4638,-121.47136,44.029071],[5816,4637,-121.471232,44.029103],[5885,4633,-121.471011,44.029204],[5980,4628,-121.47073,44.029366],[6074,4624,-121.470449,44.029528],[6147,4620,-121.470211,44.029634],[6221,4616,-121.469972,44.029739],[6319,4612,-121.469675,44.029901],[6387,4608,-121.469488,44.03003],[6428,4605,-121.469424,44.030135],[6461,4603,-121.469417,44.030223],[6546,4601,-121.469445,44.030455],[6624,4600,-121.469404,44.030668],[6676,4599,-121.469349,44.030804],[6751,4596,-121.469217,44.030986],[6825,4593,-121.469085,44.031168],[6877,4591,-121.468964,44.031279],[6922,4588,-121.46881,44.031336],[7043,4581,-121.468368,44.03143],[7112,4576,-121.468129,44.031506],[7180,4571,-121.46789,44.031582],[7249,4568,-121.467651,44.031658],[7313,4565,-121.467455,44.031765],[7421,4559,-121.467168,44.031977],[7496,4555,-121.466917,44.032073],[7532,4554,-121.466783,44.03209],[7557,4553,-121.466686,44.032083],[7596,4547,-121.466547,44.032043],[7691,4544,-121.466256,44.03189],[7746,4547,-121.466072,44.031818],[7792,4545,-121.465902,44.03179],[7883,4543,-121.465554,44.031796],[7957,4540,-121.465276,44.031822],[8030,4533,-121.464998,44.031848],[8097,4530,-121.464742,44.031846],[8164,4528,-121.464487,44.031843],[8268,4526,-121.464103,44.031778],[8319,4525,-121.463921,44.031722],[8368,4523,-121.463743,44.031691],[8430,4520,-121.463505,44.031693],[8485,4517,-121.463299,44.031717],[8586,4510,-121.462936,44.03181],[8665,4508,-121.462652,44.031884],[8671,4508,-121.462631,44.031889],[8724,4506,-121.462439,44.031932],[8757,4505,-121.462338,44.031875],[8787,4504,-121.462238,44.031838],[8828,4503,-121.462108,44.031901],[8861,4501,-121.461982,44.031914]]}