{"trail":"Lower Flagline","distance":13248,"gain":0,"loss":724,"min":5900,"max":6630,"profile":[[0,6646,-121.624158,44.015837],[46,6646,-121.623983,44.015836],[84,6639,-121.623865,44.015899],[117,6628,-121.623746,44.015928],[150,6615,-121.623624,44.015943],[202,6606,-121.623425,44.015936],[254,6608,-121.623244,44.015877],[287,6607,-121.623122,44.015862],[359,6610,-121.622864,44.015794],[450,6613,-121.62255,44.015686],[516,6613,-121.622311,44.015634],[600,6612,-121.622069,44.01548],[633,6611,-121.621949,44.015455],[672,6609,-121.621801,44.015466],[764,6605,-121.621484,44.015571],[816,6604,-121.621292,44.015604],[880,6600,-121.621046,44.015587],[946,6595,-121.620808,44.015529],[999,6595,-121.620609,44.015525],[1062,6596,-121.620379,44.015476],[1145,6583,-121.620193,44.015289],[1223,6566,-121.620059,44.015098],[1243,6567,-121.620002,44.015065],[1262,6567,-121.619929,44.015055],[1308,6567,-121.619763,44.015094],[1347,6567,-121.619613,44.015096],[1380,6566,-121.619489,44.015094],[1445,6564,-121.619245,44.015064],[1562,6552,-121.618871,44.014887],[1674,6539,-121.618561,44.014678],[1772,6534,-121.618352,44.014455],[1805,6531,-121.618304,44.014372],[1876,6530,-121.618244,44.014181],[1974,6527,-121.618083,44.013939],[2020,6519,-121.617965,44.013846],[2059,6515,-121.61784,44.013787],[2154,6505,-121.61757,44.013615],[2249,6498,-121.617299,44.013443],[2307,6496,-121.617117,44.01335],[2353,6493,-121.616996,44.013259],[2419,6495,-121.61689,44.013096],[2438,6496,-121.616889,44.013043],[2457,6496,-121.616924,44.012998],[2489,6497,-121.616906,44.012911],[2535,6496,-121.616777,44.012827],[2607,6492,-121.616542,44.012725],[2640,6491,-121.61646,44.012657],[2725,6490,-121.616308,44.012451],[2770,6488,-121.616166,44.012379],[2836,6483,-121.615985,44.012255],[2917,6473,-121.615825,44.012064],[2999,6464,-121.615664,44.011873],[3037,6463,-121.615663,44.011767],[3070,6463,-121.615726,44.011689],[3103,6466,-121.615763,44.011604],[3129,6464,-121.615731,44.011537],[3239,6460,-121.615449,44.011312],[3272,6462,-121.615402,44.011228],[3305,6462,-121.615322,44.011159],[3344,6464,-121.61525,44.011065],[3422,6465,-121.615071,44.010894],[3500,6464,-121.614893,44.010722],[3559,6463,-121.614724,44.010616],[3572,6462,-121.614678,44.010603],[3592,6461,-121.614604,44.010606],[3624,6460,-121.614489,44.01057],[3644,6458,-121.614433,44.010535],[3712,6459,-121.614356,44.010356],[3781,6461,-121.614279,44.010177],[3813,6459,-121.614178,44.010125],[3846,6458,-121.614061,44.010094],[3879,6456,-121.613964,44.010038],[3931,6454,-121.613852,44.009919],[3983,6449,-121.613693,44.009835],[4016,6447,-121.613618,44.009763],[4048,6446,-121.613595,44.009676],[4100,6448,-121.613676,44.009547],[4139,6448,-121.613679,44.00944],[4249,6439,-121.613553,44.00915],[4282,6437,-121.613479,44.009078],[4322,6435,-121.613365,44.009007],[4354,6433,-121.613255,44.008965],[4367,6430,-121.613205,44.008967],[4459,6413,-121.612876,44.009048],[4479,6408,-121.612813,44.009078],[4511,6406,-121.612736,44.009147],[4596,6407,-121.612698,44.009378],[4648,6408,-121.612567,44.009485],[4719,6397,-121.612299,44.009515],[4790,6394,-121.612045,44.009446],[4803,6393,-121.611999,44.00946],[4855,6385,-121.611867,44.009566],[4901,6379,-121.611721,44.009633],[4920,6372,-121.611679,44.009677],[4959,6368,-121.611682,44.009783],[5005,6366,-121.61162,44.009901],[5083,6360,-121.611421,44.01006],[5168,6357,-121.611293,44.010275],[5226,6353,-121.611123,44.010377],[5259,6351,-121.611014,44.01042],[5278,6350,-121.610969,44.010462],[5304,6349,-121.610935,44.01053],[5357,6345,-121.610815,44.010644],[5408,6342,-121.610702,44.010758],[5454,6340,-121.610548,44.010819],[5487,6338,-121.610453,44.010877],[5506,6338,-121.610383,44.010896],[5559,6337,-121.610183,44.010898],[5591,6334,-121.610065,44.010928],[5625,6333,-121.609972,44.010989],[5657,6332,-121.609859,44.011027],[5677,6330,-121.609784,44.011035],[5710,6329,-121.609659,44.011031],[5762,6328,-121.609471,44.010982],[5795,6326,-121.609347,44.010972],[5828,6325,-121.609229,44.010943],[5894,6323,-121.608978,44.010942],[5926,6322,-121.608855,44.010927],[5992,6321,-121.608605,44.010931],[6076,6321,-121.608301,44.011005],[6201,6320,-121.607828,44.010989],[6292,6317,-121.607487,44.010944],[6337,6315,-121.607317,44.010973],[6370,6314,-121.607192,44.010972],[6455,6309,-121.606912,44.010858],[6559,6298,-121.606518,44.010896],[6592,6296,-121.606392,44.010896],[6644,6290,-121.606199,44.010864],[6677,6286,-121.606088,44.010821],[6709,6286,-121.605966,44.010806],[6742,6286,-121.605847,44.010832],[6761,6286,-121.605778,44.010814],[6775,6286,-121.605743,44.010788],[6833,6280,-121.60562,44.010654],[6879,6278,-121.605467,44.010595],[6954,6268,-121.605252,44.01046],[7029,6253,-121.605036,44.010325],[7094,6245,-121.604806,44.010254],[7166,6243,-121.604535,44.01023],[7192,6241,-121.604451,44.010191],[7238,6239,-121.604288,44.010146],[7310,6238,-121.604018,44.010117],[7323,6237,-121.60398,44.010094],[7388,6235,-121.603744,44.010033],[7441,6233,-121.603576,44.009954],[7494,6230,-121.603423,44.009861],[7540,6226,-121.60326,44.009815],[7579,6222,-121.603141,44.00975],[7674,6213,-121.602797,44.009667],[7769,6208,-121.602454,44.009584],[7801,6208,-121.602332,44.00957],[7853,6205,-121.602177,44.009482],[7935,6206,-121.601901,44.009376],[7963,6206,-121.601816,44.00933],[8049,6201,-121.601651,44.009128],[8121,6192,-121.601463,44.008984],[8193,6184,-121.601275,44.00884],[8284,6178,-121.600984,44.008703],[8330,6175,-121.600857,44.008616],[8461,6169,-121.600715,44.008272],[8527,6167,-121.600618,44.008106],[8645,6162,-121.600327,44.00786],[8677,6160,-121.600222,44.007813],[8776,6161,-121.599869,44.00772],[8841,6161,-121.599629,44.007673],[8893,6155,-121.599453,44.007606],[8959,6146,-121.599261,44.007491],[8978,6142,-121.599225,44.007444],[9054,6137,-121.599204,44.007238],[9129,6131,-121.599183,44.007032],[9148,6129,-121.599212,44.006983],[9181,6127,-121.599295,44.006916],[9233,6124,-121.59948,44.006864],[9258,6121,-121.599507,44.006798],[9291,6118,-121.599462,44.006715],[9363,6108,-121.599285,44.006564],[9432,6105,-121.599064,44.006462],[9501,6099,-121.598844,44.00636],[9579,6094,-121.59861,44.006227],[9631,6090,-121.598437,44.006158],[9683,6084,-121.598275,44.006076],[9715,6080,-121.598186,44.006013],[9827,6067,-121.597942,44.005763],[9899,6062,-121.597885,44.005571],[9977,6056,-121.597775,44.00537],[10003,6055,-121.597712,44.005315],[10023,6054,-121.597645,44.005292],[10089,6050,-121.597409,44.005232],[10141,6047,-121.597211,44.005219],[10225,6043,-121.596924,44.005324],[10323,6035,-121.596632,44.005492],[10343,6035,-121.596595,44.005538],[10408,6031,-121.596539,44.005713],[10428,6030,-121.596544,44.005767],[10494,6031,-121.596617,44.005939],[10545,6029,-121.596603,44.00608],[10610,6021,-121.596497,44.006242],[10656,6022,-121.596446,44.006361],[10722,6016,-121.596287,44.0065],[10774,6016,-121.596214,44.006634],[10840,6017,-121.596056,44.006774],[10859,6017,-121.595995,44.006805],[10892,6013,-121.595877,44.006835],[10912,6011,-121.595803,44.006832],[10931,6009,-121.595733,44.00685],[11022,6009,-121.595389,44.006881],[11068,6008,-121.595218,44.006858],[11139,6006,-121.594946,44.006868],[11224,6005,-121.59464,44.006946],[11303,6001,-121.594339,44.006945],[11336,6000,-121.594219,44.006922],[11401,5997,-121.593972,44.006944],[11473,5993,-121.593699,44.00693],[11523,5992,-121.593544,44.007007],[11580,5987,-121.593324,44.007014],[11620,5986,-121.59319,44.007063],[11672,5982,-121.593043,44.00716],[11705,5980,-121.592936,44.007206],[11793,5973,-121.592613,44.00727],[11881,5967,-121.592289,44.007335],[11956,5962,-121.592008,44.007295],[12031,5956,-121.591727,44.007255],[12084,5950,-121.591528,44.007248],[12149,5946,-121.591282,44.007216],[12195,5943,-121.59112,44.007169],[12267,5939,-121.590894,44.007057],[12300,5937,-121.590772,44.007039],[12332,5933,-121.590649,44.007052],[12365,5930,-121.590531,44.007083],[12444,5924,-121.590297,44.007219],[12523,5921,-121.590064,44.007354],[12575,5919,-121.589889,44.007422],[12641,5917,-121.589707,