{"trail":"Lower Lift Ticket","distance":7575,"gain":438,"loss":459,"min":804,"max":1094,"profile":[[0,834,-85.307851,35.137423],[25,839,-85.307878,35.137488],[50,844,-85.307905,35.137553],[75,844,-85.307932,35.137618],[100,850,-85.307959,35.137682],[125,854,-85.307986,35.137747],[150,854,-85.308013,35.137812],[175,859,-85.30804,35.137877],[200,863,-85.308067,35.137942],[225,862,-85.308094,35.138007],[250,865,-85.308121,35.138072],[275,863,-85.308148,35.138136],[300,865,-85.308175,35.138201],[325,867,-85.308209,35.138263],[350,868,-85.308259,35.138318],[375,869,-85.308309,35.138373],[400,873,-85.308359,35.138428],[425,883,-85.30841,35.138483],[447,883,-85.308443,35.138537],[472,877,-85.308392,35.138592],[497,873,-85.308341,35.138646],[522,870,-85.30829,35.1387],[547,866,-85.308239,35.138755],[572,869,-85.308257,35.138821],[597,871,-85.308277,35.138887],[622,877,-85.308297,35.138954],[647,877,-85.308318,35.13902],[672,883,-85.308338,35.139087],[695,879,-85.308308,35.139144],[720,877,-85.308255,35.139197],[745,878,-85.308203,35.139251],[770,873,-85.30815,35.139304],[795,877,-85.308097,35.139357],[820,877,-85.308044,35.13941],[845,880,-85.307992,35.139464],[868,876,-85.307915,35.139478],[893,872,-85.307831,35.13948],[918,868,-85.307748,35.139482],[943,865,-85.307664,35.139485],[968,862,-85.30758,35.139487],[993,859,-85.307496,35.13949],[1018,856,-85.307413,35.139492],[1032,857,-85.307374,35.139512],[1057,864,-85.307423,35.139568],[1082,866,-85.307471,35.139624],[1107,869,-85.30752,35.13968],[1132,872,-85.307569,35.139735],[1157,876,-85.307617,35.139791],[1182,879,-85.307666,35.139847],[1205,880,-85.307664,35.13991],[1230,884,-85.307642,35.139977],[1255,887,-85.307621,35.140043],[1280,895,-85.3076,35.140109],[1305,904,-85.307578,35.140175],[1328,907,-85.307518,35.140215],[1353,909,-85.307441,35.140242],[1378,907,-85.307365,35.14027],[1403,898,-85.307288,35.140297],[1417,898,-85.307248,35.140319],[1442,908,-85.307331,35.140323],[1467,917,-85.307415,35.140327],[1492,926,-85.307499,35.140331],[1517,931,-85.307582,35.140335],[1536,934,-85.307521,35.140345],[1561,927,-85.307439,35.140355],[1586,918,-85.307356,35.140366],[1608,917,-85.307294,35.140401],[1633,918,-85.307252,35.14046],[1658,918,-85.30721,35.14052],[1683,917,-85.307169,35.140579],[1708,919,-85.307127,35.140639],[1733,922,-85.307086,35.140698],[1758,924,-85.307044,35.140758],[1783,924,-85.307003,35.140817],[1808,926,-85.306961,35.140877],[1833,926,-85.306919,35.140936],[1855,925,-85.306897,35.140992],[1880,929,-85.306966,35.141032],[1905,930,-85.307034,35.141071],[1930,933,-85.307103,35.141111],[1955,935,-85.307171,35.14115],[1980,936,-85.30724,35.14119],[2004,936,-85.307289,35.141244],[2029,932,-85.307334,35.141302],[2054,930,-85.30738,35.14136],[2079,930,-85.307425,35.141417],[2104,928,-85.307471,35.141475],[2129,928,-85.307516,35.141532],[2154,930,-85.307562,35.14159],[2179,928,-85.307607,35.141647],[2204,925,-85.307653,35.141705],[2229,925,-85.307698,35.141762],[2253,921,-85.307718,35.141825],[2278,919,-85.307708,35.141893],[2301,917,-85.307713,35.141955],[2326,922,-85.307786,35.141988],[2351,928,-85.307859,35.142021],[2376,932,-85.307933,35.142054],[2401,939,-85.308006,35.142087],[2426,947,-85.30808,35.142121],[2441,952,-85.308131,35.142121],[2466,955,-85.308135,35.142053],[2491,957,-85.308139,35.141984],[2516,958,-85.308143,35.141916],[2541,959,-85.308147,35.141847],[2566,963,-85.308151,35.141779],[2591,965,-85.308096,35.141729],[2616,964,-85.308037,35.141681],[2641,964,-85.307977,35.141632],[2666,964,-85.307918,35.141584],[2691,964,-85.307859,35.141535],[2716,964,-85.3078,35.141487],[2738,969,-85.30777,35.14143],[2763,979,-85.307784,35.141363],[2788,985,-85.307797,35.141295],[2813,990,-85.30781,35.141227],[2838,989,-85.307823,35.14116],[2843,989,-85.307839,35.141158],[2868,995,-85.30786,35.141225],[2893,994,-85.30788,35.141291],[2918,995,-85.3079,35.141357],[2943,987,-85.307921,35.141424],[2966,987,-85.307953,35.141483],[2991,991,-85.308028,35.141513],[3016,990,-85.308103,35.141544],[3041,992,-85.308178,35.141575],[3066,994,-85.308252,35.141605],[3091,997,-85.308327,35.141636],[3116,1002,-85.308402,35.141667],[3141,1006,-85.308477,35.141697],[3165,1004,-85.308514,35.141755],[3190,1005,-85.30854,35.14182],[3215,1002,-85.308566,35.141885],[3240,1006,-85.308591,35.14195],[3265,1006,-85.308617,35.142016],[3290,1011,-85.308643,35.142081],[3315,1015,-85.308668,35.142146],[3340,1013,-85.308694,35.142211],[3365,1013,-85.30872,35.142276],[3390,1008,-85.308746,35.142342],[3415,1008,-85.308771,35.142407],[3440,1011,-85.308797,35.142472],[3465,1011,-85.308823,35.142537],[3490,1016,-85.308848,35.142603],[3515,1016,-85.308874,35.142668],[3540,1020,-85.3089,35.142733],[3560,1021,-85.308915,35.142679],[3585,1025,-85.30893,35.142611],[3610,1024,-85.308944,35.142544],[3635,1024,-85.308959,35.142476],[3660,1028,-85.308974,35.142409],[3685,1030,-85.308988,35.142341],[3710,1033,-85.309003,35.142274],[3735,1038,-85.309017,35.142207],[3760,1038,-85.309027,35.14214],[3785,1033,-85.308964,35.142095],[3810,1031,-85.308901,35.14205],[3834,1029,-85.308851,35.141998],[3859,1027,-85.308825,35.141933],[3884,1029,-85.308799,35.141868],[3909,1029,-85.308773,35.141803],[3934,1030,-85.308747,35.141737],[3959,1033,-85.308721,35.141672],[3984,1034,-85.308696,35.141607],[4009,1038,-85.30867,35.141542],[4034,1038,-85.308644,35.141477],[4059,1037,-85.308618,35.141412],[4068,1040,-85.308626,35.141388],[4093,1042,-85.308691,35.141431],[4117,1045,-85.308744,35.141482],[4142,1046,-85.308779,35.141544],[4167,1046,-85.308815,35.141606],[4192,1048,-85.30885,35.141668],[4217,1047,-85.308886,35.141731],[4242,1042,-85.308921,35.141793],[4267,1042,-85.308957,35.141855],[4292,1041,-85.308992,35.141917],[4317,1043,-85.309028,35.141979],[4342,1050,-85.309097,35.142015],[4367,1053,-85.30917,35.142048],[4390,1062,-85.309226,35.142091],[4415,1062,-85.309232,35.142159],[4440,1062,-85.309239,35.142228],[4465,1063,-85.309245,35.142296],[4490,1063,-85.309252,35.142364],[4515,1061,-85.309258,35.142433],[4540,1060,-85.309264,35.142501],[4565,1066,-85.309271,35.142569],[4590,1066,-85.309277,35.142638],[4615,1066,-85.309284,35.142706],[4640,1065,-85.30929,35.142774],[4665,1062,-85.309297,35.142843],[4690,1061,-85.309303,35.142911],[4715,1061,-85.309309,35.142979],[4735,1061,-85.309304,35.142923],[4760,1062,-85.309297,35.142855],[4785,1065,-85.309291,35.142786],[4810,1066,-85.309284,35.142718],[4835,1066,-85.309277,35.14265],[4860,1066,-85.30927,35.142581],[4885,1066,-85.309283,35.142516],[4910,1073,-85.309315,35.142453],[4935,1073,-85.309348,35.142389],[4960,1079,-85.309381,35.142326],[4985,1085,-85.309413,35.142263],[5009,1084,-85.309436,35.142199],[5034,1084,-85.309423,35.142131],[5059,1085,-85.309409,35.142064],[5084,1087,-85.309396,35.141996],[5109,1084,-85.309383,35.141928],[5134,1089,-85.30937,35.141861],[5159,1094,-85.309356,35.141793],[5166,1088,-85.309353,35.141775],[6815,834,-85.307851,35.137423],[6840,834,-85.307847,35.137491],[6865,834,-85.307843,35.13756],[6890,834,-85.307839,35.137628],[6915,834,-85.307836,35.137697],[6940,834,-85.307832,35.137765],[6965,834,-85.307828,35.137834],[6990,833,-85.307824,35.137902],[7015,832,-85.30782,35.137971],[7040,831,-85.307817,35.138039],[7065,830,-85.307813,35.138107],[7090,829,-85.307809,35.138176],[7102,824,-85.307795,35.138147],[7127,825,-85.307778,35.13808],[7152,820,-85.30776,35.138013],[7177,821,-85.307743,35.137946],[7202,822,-85.307725,35.137879],[7227,817,-85.307708,35.137812],[7252,818,-85.30769,35.137744],[7277,814,-85.307673,35.137677],[7302,815,-85.307655,35.13761],[7327,815,-85.307638,35.137543],[7352,810,-85.30762,35.137476],[7377,809,-85.307603,35.137409],[7402,804,-85.307586,35.137342],[7427,806,-85.307568,35.137275],[7452,809,-85.307551,35.137208],[7477,808,-85.307533,35.137141],[7502,810,-85.307516,35.137074],[7527,810,-85.307498,35.137007],[7552,814,-85.307481,35.13694],[7575,813,-85.307465,35.136879]]}