{"trail":"Magnolia","distance":391,"gain":3,"loss":54,"min":1059,"max":1112,"profile":[[0,1110,-85.064435,35.040292],[25,1111,-85.06443,35.040224],[50,1112,-85.064426,35.040155],[75,1111,-85.064421,35.040087],[100,1109,-85.064417,35.040018],[125,1106,-85.064412,35.03995],[150,1102,-85.064408,35.039882],[175,1096,-85.064403,35.039813],[200,1089,-85.064399,35.039745],[225,1082,-85.064394,35.039676],[249,1075,-85.064413,35.039612],[274,1068,-85.064454,35.039552],[299,1066,-85.064495,35.039493],[324,1063,-85.064536,35.039433],[349,1061,-85.064577,35.039373],[370,1062,-85.064533,35.039327],[391,1059,-85.064478,35.039291]]}