{"trail":"Marion 21","distance":15098,"gain":672,"loss":672,"min":1818,"max":1935,"profile":[[0,1858,-85.429022,34.868697],[25,1859,-85.429028,34.868629],[50,1859,-85.429034,34.86856],[75,1857,-85.42904,34.868492],[100,1853,-85.429046,34.868424],[125,1854,-85.429052,34.868355],[150,1857,-85.429058,34.868287],[175,1860,-85.429064,34.868219],[200,1862,-85.429051,34.868152],[225,1866,-85.429032,34.868085],[250,1867,-85.429014,34.868018],[275,1871,-85.428995,34.867951],[300,1871,-85.428977,34.867884],[325,1871,-85.428958,34.867817],[350,1875,-85.42894,34.867751],[375,1874,-85.428921,34.867684],[400,1876,-85.428903,34.867617],[425,1874,-85.428884,34.86755],[450,1877,-85.428866,34.867483],[475,1876,-85.428844,34.867417],[500,1877,-85.428809,34.867355],[525,1879,-85.428774,34.867293],[550,1880,-85.428739,34.867231],[575,1879,-85.428704,34.867169],[600,1880,-85.428669,34.867106],[625,1882,-85.428634,34.867044],[650,1884,-85.428599,34.866982],[675,1886,-85.428564,34.86692],[700,1888,-85.428529,34.866857],[725,1886,-85.428494,34.866795],[750,1888,-85.428459,34.866733],[775,1889,-85.428424,34.866671],[800,1891,-85.428389,34.866609],[825,1892,-85.428354,34.866546],[850,1890,-85.428319,34.866484],[875,1891,-85.428284,34.866422],[900,1894,-85.428249,34.86636],[925,1896,-85.428214,34.866297],[950,1898,-85.428179,34.866235],[975,1895,-85.428144,34.866173],[1000,1898,-85.428109,34.866111],[1018,1898,-85.428081,34.866065],[1043,1898,-85.428107,34.86613],[1068,1901,-85.428132,34.866195],[1093,1899,-85.428158,34.86626],[1118,1900,-85.428183,34.866326],[1143,1898,-85.428208,34.866391],[1168,1896,-85.428234,34.866456],[1193,1898,-85.428259,34.866522],[1218,1897,-85.428285,34.866587],[1243,1900,-85.42831,34.866652],[1268,1899,-85.428336,34.866717],[1293,1898,-85.428361,34.866783],[1318,1899,-85.428386,34.866848],[1343,1897,-85.428412,34.866913],[1368,1899,-85.428437,34.866978],[1393,1897,-85.428463,34.867044],[1418,1895,-85.428488,34.867109],[1443,1896,-85.428513,34.867174],[1468,1894,-85.428539,34.86724],[1493,1895,-85.428564,34.867305],[1518,1893,-85.428581,34.867372],[1543,1895,-85.428595,34.867439],[1568,1896,-85.428609,34.867507],[1593,1895,-85.428623,34.867575],[1618,1897,-85.428636,34.867642],[1643,1898,-85.42865,34.86771],[1668,1896,-85.428664,34.867777],[1693,1897,-85.428678,34.867845],[1718,1896,-85.428691,34.867913],[1743,1891,-85.428705,34.86798],[1768,1888,-85.428719,34.868048],[1793,1886,-85.428732,34.868115],[1818,1883,-85.428739,34.868183],[1843,1880,-85.428716,34.868248],[1868,1880,-85.428693,34.868314],[1893,1878,-85.42867,34.86838],[1918,1881,-85.428647,34.868446],[1943,1881,-85.428624,34.868512],[1968,1884,-85.428601,34.868578],[1993,1884,-85.428578,34.868644],[2017,1887,-85.428527,34.868695],[2042,1889,-85.428465,34.868741],[2067,1888,-85.428403,34.868787],[2092,1891,-85.428341,34.868833],[2117,1891,-85.428279,34.868879],[2142,1893,-85.428217,34.868925],[2167,1892,-85.428155,34.868971],[2191,1894,-85.428084,34.868998],[2216,1897,-85.428,34.869003],[2241,1899,-85.427917,34.869007],[2266,1900,-85.427834,34.869011],[2289,1899,-85.427757,34.869],[2314,1900,-85.427692,34.868956],[2339,1899,-85.427628,34.868912],[2364,1896,-85.427564,34.868868],[2387,1895,-85.427524,34.868817],[2412,1895,-85.427536,34.868749],[2437,1896,-85.427548,34.868681],[2462,1896,-85.42756,34.868613],[2487,1895,-85.427572,34.868545],[2512,1893,-85.427585,34.868477],[2537,1893,-85.427597,34.86841],[2562,1892,-85.427609,34.868342],[2587,1892,-85.427621,34.868274],[2612,1893,-85.427633,34.868206],[2637,1894,-85.427645,34.868138],[2654,1895,-85.427593,34.868115],[2679,1896,-85.427509,34.868114],[2704,1897,-85.427426,34.868112],[2729,1898,-85.427342,34.868111],[2754,1899,-85.427259,34.868109],[2779,1899,-85.427175,34.868108],[2804,1899,-85.427092,34.868106],[2829,1898,-85.427008,34.868105],[2854,1897,-85.426925,34.868103],[2879,1894,-85.426841,34.868102],[2904,1889,-85.426758,34.8681],[2929,1883,-85.426676,34.868094],[2954,1882,-85.426612,34.86805],[2979,1882,-85.426548,34.868006],[3004,1883,-85.426484,34.867962],[3029,1882,-85.42642,34.867918],[3054,1884,-85.426356,34.867875],[3079,1889,-85.426291,34.867831],[3104,1892,-85.426227,34.867787],[3129,1898,-85.426163,34.867743],[3154,1901,-85.426099,34.867699],[3177,1905,-85.426035,34.867662],[3202,1907,-85.42597,34.867705],[3227,1910,-85.425905,34.867748],[3252,1911,-85.42584,34.867791],[3277,1912,-85.425775,34.867834],[3302,1912,-85.42571,34.867877],[3327,1913,-85.425645,34.86792],[3352,1911,-85.425587,34.867967],[3377,1907,-85.425574,34.868034],[3402,1903,-85.42556,34.868102],[3427,1899,-85.425546,34.86817],[3452,1898,-85.425532,34.868237],[3477,1903,-85.425519,34.868305],[3502,1904,-85.425505,34.868372],[3527,1905,-85.425491,34.86844],[3552,1905,-85.425477,34.868508],[3577,1903,-85.425464,34.868575],[3602,1901,-85.42545,34.868643],[3627,1898,-85.425436,34.86871],[3652,1893,-85.425422,34.868778],[3670,1891,-85.425365,34.868799],[3695,1893,-85.425282,34.868793],[3720,1893,-85.425198,34.868786],[3745,1895,-85.425115,34.86878],[3770,1891,-85.425032,34.868774],[3795,1886,-85.424949,34.868768],[3820,1881,-85.424866,34.868762],[3845,1878,-85.424782,34.868755],[3870,1882,-85.424703,34.868743],[3895,1886,-85.424655,34.868688],[3920,1893,-85.424606,34.868632],[3945,1897,-85.424557,34.868576],[3970,1904,-85.424508,34.868521],[3995,1910,-85.42446,34.868465],[4020,1914,-85.424411,34.868409],[4045,1919,-85.424362,34.868354],[4070,1920,-85.424313,34.868298],[4095,1921,-85.424265,34.868243],[4120,1919,-85.424216,34.868187],[4144,1912,-85.424138,34.86821],[4169,1902,-85.424059,34.868233],[4194,1898,-85.42398,34.868256],[4219,1891,-85.423902,34.868279],[4244,1888,-85.423823,34.868303],[4269,1891,-85.423745,34.868326],[4294,1892,-85.423665,34.868343],[4319,1896,-85.423583,34.868331],[4344,1903,-85.423501,34.868319],[4369,1904,-85.423419,34.868307],[4394,1904,-85.423336,34.868295],[4419,1907,-85.423262,34.868266],[4444,1909,-85.423191,34.86823],[4469,1911,-85.42312,34.868195],[4494,1913,-85.423048,34.868159],[4519,1914,-85.422977,34.868123],[4543,1916,-85.422915,34.86808],[4568,1916,-85.422873,34.868021],[4593,1918,-85.422831,34.867962],[4618,1920,-85.422789,34.867902],[4639,1922,-85.422822,34.867851],[4664,1923,-85.422881,34.867803],[4689,1926,-85.42294,34.867754],[4714,1928,-85.423019,34.867736],[4739,1930,-85.423101,34.867723],[4764,1931,-85.423183,34.86771],[4789,1931,-85.423265,34.867697],[4814,1930,-85.423347,34.867684],[4833,1929,-85.423399,34.867652],[4858,1930,-85.423396,34.867584],[4883,1932,-85.423393,34.867515],[4908,1934,-85.42339,34.867447],[4933,1934,-85.423387,34.867378],[4958,1935,-85.423384,34.86731],[4983,1934,-85.423381,34.867241],[5005,1933,-85.423348,34.867189],[5030,1933,-85.423272,34.867162],[5055,1933,-85.423195,34.867134],[5080,1932,-85.423119,34.867106],[5105,1932,-85.423043,34.867078],[5128,1931,-85.422965,34.867065],[5153,1929,-85.422883,34.867081],[5178,1926,-85.422802,34.867097],[5203,1923,-85.422721,34.867112],[5228,1921,-85.422639,34.867128],[5252,1919,-85.422609,34.867187],[5277,1916,-85.422587,34.867253],[5302,1915,-85.422565,34.867319],[5327,1914,-85.422543,34.867385],[5352,1914,-85.422521,34.867452],[5377,1914,-85.422499,34.867518],[5402,1913,-85.42245,34.867573],[5427,1913,-85.422401,34.867629],[5452,1912,-85.422352,34.867684],[5477,1909,-85.422303,34.867739],[5502,1907,-85.422254,34.867795],[5527,1905,-85.422204,34.86785],[5552,1906,-85.422156,34.867906],[5577,1907,-85.422162,34.867974],[5602,1909,-85.422168,34.868043],[5627,1910,-85.422173,34.868111],[5652,1909,-85.422179,34.868179],[5677,1909,-85.422185,34.868248],[5702,1909,-85.422191,34.868316],[5727,1907,-85.422197,34.868384],[5752,1905,-85.422202,34.868453],[5777,1903,-85.422208,34.868521],[5802,1900,-85.422214,34.868589],[5827,1898,-85.42222,34.868658],[5851,1898,-85.422147,34.868686],[5876,1902,-85.42207,34.868711],[5901,1904,-85.421992,34.868737],[5926,1906,-85.421915,34.868762],[5951,1906,-85.421837,34.868788],[5976,1906,-85.42176,34.868813],[6000,1903,