{"trail":"Marion 21","distance":14835,"gain":663,"loss":603,"min":1818,"max":1935,"profile":[[0,1835,-85.426941,34.868803],[25,1834,-85.426975,34.868865],[50,1834,-85.42701,34.868928],[75,1837,-85.427044,34.86899],[100,1840,-85.427078,34.869053],[125,1843,-85.427113,34.869115],[150,1841,-85.427147,34.869178],[175,1844,-85.427182,34.86924],[200,1845,-85.427216,34.869302],[224,1845,-85.42726,34.869358],[249,1850,-85.427332,34.869392],[274,1852,-85.427404,34.869427],[299,1855,-85.427477,34.869461],[323,1860,-85.427556,34.869468],[348,1863,-85.42764,34.869463],[373,1864,-85.427723,34.869457],[398,1866,-85.427806,34.869452],[423,1864,-85.42789,34.869446],[448,1862,-85.427973,34.869441],[473,1861,-85.428056,34.869433],[498,1862,-85.428137,34.869417],[523,1860,-85.428218,34.869402],[548,1856,-85.4283,34.869387],[573,1859,-85.428364,34.869345],[598,1859,-85.428425,34.869298],[623,1855,-85.428486,34.869251],[648,1858,-85.428547,34.869204],[673,1858,-85.428608,34.869158],[698,1854,-85.428669,34.869111],[723,1856,-85.42873,34.869064],[748,1852,-85.42879,34.869017],[773,1852,-85.428851,34.86897],[798,1856,-85.428912,34.868923],[823,1852,-85.428973,34.868876],[846,1852,-85.429022,34.868825],[871,1856,-85.429022,34.868756],[896,1858,-85.429023,34.868688],[921,1859,-85.429029,34.86862],[946,1859,-85.429035,34.868551],[971,1857,-85.429041,34.868483],[996,1853,-85.429047,34.868415],[1021,1854,-85.429053,34.868346],[1046,1857,-85.429059,34.868278],[1071,1860,-85.429065,34.86821],[1096,1863,-85.429048,34.868143],[1121,1867,-85.42903,34.868076],[1146,1868,-85.429011,34.868009],[1171,1871,-85.428993,34.867942],[1196,1871,-85.428974,34.867875],[1221,1875,-85.428956,34.867808],[1246,1875,-85.428937,34.867742],[1271,1874,-85.428919,34.867675],[1296,1876,-85.4289,34.867608],[1321,1874,-85.428882,34.867541],[1346,1876,-85.428863,34.867474],[1371,1875,-85.428839,34.867409],[1396,1877,-85.428804,34.867347],[1421,1879,-85.428769,34.867285],[1446,1880,-85.428734,34.867222],[1471,1881,-85.428699,34.86716],[1496,1880,-85.428664,34.867098],[1521,1882,-85.428629,34.867036],[1546,1884,-85.428594,34.866973],[1571,1885,-85.428559,34.866911],[1596,1888,-85.428524,34.866849],[1621,1886,-85.428489,34.866787],[1646,1888,-85.428454,34.866725],[1671,1889,-85.428419,34.866662],[1696,1890,-85.428384,34.8666],[1721,1892,-85.428349,34.866538],[1746,1893,-85.428314,34.866476],[1771,1891,-85.428279,34.866413],[1796,1893,-85.428244,34.866351],[1821,1896,-85.428209,34.866289],[1846,1898,-85.428174,34.866227],[1871,1900,-85.428139,34.866165],[1896,1897,-85.428104,34.866102],[1908,1898,-85.428085,34.866073],[1933,1898,-85.42811,34.866139],[1958,1901,-85.428136,34.866204],[1983,1899,-85.428161,34.866269],[2008,1897,-85.428186,34.866334],[2033,1898,-85.428212,34.8664],[2058,1897,-85.428237,34.866465],[2083,1898,-85.428263,34.86653],[2108,1897,-85.428288,34.866596],[2133,1900,-85.428314,34.866661],[2158,1899,-85.428339,34.866726],[2183,1898,-85.428364,34.866791],[2208,1900,-85.42839,34.866857],[2233,1898,-85.428415,34.866922],[2258,1899,-85.428441,34.866987],[2283,1897,-85.428466,34.867053],[2308,1895,-85.428491,34.867118],[2333,1896,-85.428517,34.867183],[2358,1894,-85.428542,34.867248],[2383,1896,-85.428568,34.867314],[2408,1894,-85.428583,34.867381],[2433,1896,-85.428597,34.867448],[2458,1896,-85.428611,34.867516],[2483,1895,-85.428624,34.867584],[2508,1897,-85.428638,34.867651],[2533,1898,-85.428652,34.867719],[2558,1896,-85.428666,34.867786],[2583,1897,-85.428679,34.867854],[2608,1896,-85.428693,34.867922],[2633,1891,-85.428707,34.867989],[2658,1888,-85.428721,34.868057],[2683,1885,-85.428734,34.868124],[2708,1882,-85.428736,34.868191],[2733,1879,-85.428713,34.868257],[2758,1880,-85.42869,34.868323],[2783,1878,-85.428667,34.868389],[2808,1881,-85.428644,34.868455],[2833,1881,-85.428621,34.868521],[2858,1884,-85.428598,34.868587],[2883,1883,-85.428575,34.868653],[2907,1887,-85.428518,34.868701],[2932,1889,-85.428457,34.868747],[2957,1890,-85.428395,34.868793],[2982,1891,-85.428333,34.868839],[3007,1893,-85.428271,34.868885],[3032,1892,-85.428209,34.868931],[3057,1892,-85.428147,34.868977],[3081,1894,-85.428072,34.868999],[3106,1897,-85.427989,34.869003],[3131,1899,-85.427906,34.869008],[3156,1900,-85.427822,34.869012],[3179,1900,-85.427748,34.868994],[3204,1900,-85.427684,34.86895],[3229,1898,-85.42762,34.868906],[3254,1896,-85.427555,34.868862],[3276,1895,-85.427526,34.868807],[3301,1895,-85.427538,34.86874],[3326,1896,-85.42755,34.868672],[3351,1896,-85.427562,34.868604],[3376,1894,-85.427574,34.868536],[3401,1895,-85.427586,34.868468],[3426,1893,-85.427598,34.868401],[3451,1892,-85.42761,34.868333],[3476,1892,-85.427622,34.868265],[3501,1893,-85.427635,34.868197],[3526,1894,-85.427647,34.868129],[3546,1896,-85.427582,34.868115],[3571,1897,-85.427498,34.868113],[3596,1897,-85.427415,34.868112],[3621,1898,-85.427331,34.86811],[3646,1899,-85.427248,34.868109],[3671,1899,-85.427164,34.868107],[3696,1899,-85.427081,34.868106],[3721,1898,-85.426997,34.868104],[3746,1897,-85.426914,34.868103],[3771,1894,-85.42683,34.868101],[3796,1889,-85.426747,34.8681],[3820,1883,-85.426668,34.868088],[3845,1885,-85.426604,34.868044],[3870,1882,-85.426539,34.868],[3895,1883,-85.426475,34.867956],[3920,1882,-85.426411,34.867912],[3945,1887,-85.426347,34.867869],[3970,1889,-85.426283,34.867825],[3995,1892,-85.426219,34.867781],[4020,1898,-85.426154,34.867737],[4045,1901,-85.42609,34.867693],[4066,1905,-85.426026,34.867668],[4091,1907,-85.425961,34.867711],[4116,1910,-85.425896,34.867754],[4141,1911,-85.425831,34.867797],[4166,1912,-85.425766,34.86784],[4191,1912,-85.425701,34.867883],[4216,1913,-85.425637,34.867926],[4240,1909,-85.425585,34.867976],[4265,1907,-85.425572,34.868044],[4290,1903,-85.425558,34.868111],[4315,1899,-85.425544,34.868179],[4340,1898,-85.42553,34.868246],[4365,1903,-85.425517,34.868314],[4390,1904,-85.425503,34.868382],[4415,1905,-85.425489,34.868449],[4440,1905,-85.425476,34.868517],[4465,1903,-85.425462,34.868584],[4490,1899,-85.425448,34.868652],[4515,1896,-85.425434,34.86872],[4540,1890,-85.425421,34.868787],[4561,1891,-85.425354,34.868798],[4586,1893,-85.42527,34.868792],[4611,1893,-85.425187,34.868786],[4636,1895,-85.425104,34.868779],[4661,1891,-85.425021,34.868773],[4686,1886,-85.424938,34.868767],[4711,1881,-85.424854,34.868761],[4736,1878,-85.424771,34.868755],[4759,1882,-85.424697,34.868736],[4784,1886,-85.424648,34.86868],[4809,1893,-85.424599,34.868625],[4834,1900,-85.424551,34.868569],[4859,1904,-85.424502,34.868513],[4884,1910,-85.424453,34.868458],[4909,1914,-85.424404,34.868402],[4934,1919,-85.424356,34.868346],[4959,1922,-85.424307,34.868291],[4984,1921,-85.424258,34.868235],[5007,1919,-85.424206,34.86819],[5032,1912,-85.424127,34.868213],[5057,1902,-85.424048,34.868236],[5082,1892,-85.42397,34.868259],[5107,1890,-85.423891,34.868283],[5132,1888,-85.423813,34.868306],[5157,1887,-85.423734,34.868329],[5181,1892,-85.423654,34.868341],[5206,1896,-85.423572,34.86833],[5231,1903,-85.42349,34.868318],[5256,1904,-85.423408,34.868306],[5281,1905,-85.423325,34.868294],[5306,1907,-85.423253,34.868261],[5331,1909,-85.423181,34.868225],[5356,1911,-85.42311,34.86819],[5381,1913,-85.423039,34.868154],[5406,1914,-85.422967,34.868118],[5430,1916,-85.422909,34.868072],[5455,1916,-85.422867,34.868013],[5480,1918,-85.422825,34.867954],[5505,1920,-85.422783,34.867894],[5528,1922,-85.42283,34.867845],[5553,1924,-85.422889,34.867796],[5578,1926,-85.422948,34.867748],[5603,1928,-85.42303,34.867734],[5628,1930,-85.423112,34.867721],[5653,1931,-85.423194,34.867708],[5678,1931,-85.423276,34.867696],[5703,1930,-85.423358,34.867683],[5722,1929,-85.423399,34.867643],[5747,1930,-85.423396,34.867575],[5772,1932,-85.423393,34.867506],[5797,1934,-85.42339,34.867438],[5822,1935,-85.423387,34.867369],[5847,1935,-85.423383,34.867301],[5872,1934,-85.42338,34.867232],[5893,1933,-85.423338,34.867186],[5918,1933,-85.423261,34.867158],[5943,1933,-85.423185,34.86713],[5968,1932,-85.423109,34.867102],[5993,1932,