{"trail":"Maston Tie","distance":2791,"gain":0,"loss":31,"min":3170,"max":3202,"profile":[[0,3203,-121.303017,44.216946],[60,3203,-121.303218,44.217024],[106,3202,-121.303396,44.217028],[157,3201,-121.303589,44.217009],[192,3201,-121.303712,44.216975],[238,3201,-121.303817,44.216874],[307,3200,-121.303814,44.216683],[332,3199,-121.30383,44.216615],[373,3199,-121.303911,44.216521],[418,3198,-121.304029,44.216429],[467,3197,-121.304123,44.216313],[562,3196,-121.304196,44.216058],[607,3195,-121.304267,44.215946],[694,3193,-121.304416,44.215732],[770,3192,-121.304455,44.215526],[797,3192,-121.304486,44.215455],[833,3192,-121.30456,44.215374],[864,3191,-121.304602,44.215294],[915,3190,-121.304556,44.215156],[1027,3188,-121.30456,44.214849],[1089,3188,-121.304536,44.214681],[1132,3187,-121.304445,44.214585],[1231,3186,-121.304133,44.214429],[1309,3185,-121.303859,44.214343],[1352,3184,-121.303697,44.214321],[1482,3182,-121.303205,44.214373],[1514,3182,-121.303093,44.214343],[1541,3181,-121.303027,44.214285],[1608,3180,-121.302941,44.214111],[1643,3179,-121.302943,44.214017],[1681,3179,-121.303017,44.213927],[1733,3180,-121.303168,44.213833],[1774,3180,-121.303312,44.213786],[1824,3180,-121.303503,44.213784],[1883,3181,-121.303725,44.213805],[1936,3181,-121.303927,44.213781],[1968,3181,-121.304021,44.213724],[2024,3180,-121.304107,44.213584],[2089,3179,-121.304089,44.213408],[2127,3178,-121.304052,44.213306],[2164,3177,-121.303935,44.213252],[2227,3176,-121.303752,44.213138],[2291,3175,-121.30366,44.212975],[2369,3173,-121.303629,44.212763],[2439,3172,-121.303626,44.212572],[2485,3172,-121.303548,44.212459],[2530,3171,-121.303438,44.212363],[2602,3170,-121.303218,44.212241],[2652,3169,-121.303137,44.212118],[2721,3169,-121.303064,44.211938],[2791,3167,-121.303038,44.211747]]}