{"trail":"Megawatt","distance":13000,"gain":729,"loss":933,"min":1429,"max":1689,"profile":[[0,1689,-85.405419,35.056524],[25,1683,-85.405398,35.05659],[50,1675,-85.405377,35.056656],[75,1660,-85.405355,35.056723],[100,1649,-85.405334,35.056789],[125,1635,-85.405313,35.056855],[150,1626,-85.405292,35.056922],[172,1620,-85.405366,35.056923],[197,1617,-85.405449,35.056918],[222,1615,-85.405533,35.056914],[247,1618,-85.405616,35.056909],[272,1616,-85.4057,35.056904],[297,1616,-85.405783,35.056899],[322,1615,-85.405867,35.056894],[347,1614,-85.40595,35.056889],[372,1612,-85.406034,35.056884],[397,1611,-85.406117,35.056879],[422,1616,-85.406201,35.056874],[447,1614,-85.406284,35.05687],[472,1612,-85.406368,35.056865],[497,1610,-85.406451,35.05686],[522,1609,-85.406535,35.056855],[547,1608,-85.406618,35.05685],[572,1607,-85.406702,35.056845],[597,1606,-85.406785,35.05684],[622,1619,-85.40685,35.056799],[647,1622,-85.406913,35.056754],[672,1626,-85.406976,35.056709],[697,1629,-85.40704,35.056663],[722,1630,-85.407103,35.056618],[747,1626,-85.407166,35.056573],[772,1624,-85.407229,35.056528],[797,1615,-85.407292,35.056483],[822,1609,-85.407355,35.056438],[847,1598,-85.407418,35.056393],[869,1595,-85.407452,35.05634],[894,1590,-85.407438,35.056272],[919,1585,-85.407425,35.056205],[936,1581,-85.407436,35.056158],[961,1577,-85.407518,35.056171],[986,1574,-85.407601,35.056184],[1011,1569,-85.407683,35.056197],[1036,1563,-85.407765,35.05621],[1061,1557,-85.407847,35.056222],[1085,1553,-85.407921,35.056197],[1110,1548,-85.407993,35.056162],[1135,1545,-85.408065,35.056127],[1160,1542,-85.408137,35.056092],[1185,1536,-85.408209,35.056056],[1210,1526,-85.40828,35.056021],[1235,1520,-85.408352,35.055986],[1247,1516,-85.408376,35.055958],[1272,1525,-85.408293,35.055947],[1297,1532,-85.40821,35.055936],[1322,1537,-85.408128,35.055925],[1347,1540,-85.408045,35.055914],[1372,1543,-85.407963,35.055903],[1397,1547,-85.40788,35.055892],[1422,1551,-85.407797,35.05588],[1447,1552,-85.407715,35.055869],[1472,1555,-85.407632,35.055858],[1497,1559,-85.40755,35.055847],[1522,1561,-85.407467,35.055836],[1547,1562,-85.407384,35.055825],[1572,1566,-85.407302,35.055814],[1597,1569,-85.407219,35.055803],[1622,1572,-85.407137,35.055792],[1647,1577,-85.407054,35.055781],[1672,1579,-85.406971,35.055769],[1693,1581,-85.407036,35.055749],[1718,1578,-85.407115,35.055727],[1743,1581,-85.407195,35.055705],[1768,1578,-85.407274,35.055684],[1793,1579,-85.407354,35.055662],[1818,1580,-85.407433,35.05564],[1843,1576,-85.407513,35.055619],[1868,1576,-85.407592,35.055597],[1893,1574,-85.407671,35.055575],[1914,1573,-85.407733,35.055545],[1939,1578,-85.407717,35.055478],[1962,1585,-85.407642,35.055466],[1987,1590,-85.407558,35.055461],[2012,1595,-85.407475,35.055457],[2037,1602,-85.407391,35.055452],[2062,1609,-85.407308,35.055448],[2087,1616,-85.407224,35.055443],[2112,1622,-85.407141,35.055439],[2130,1628,-85.407083,35.055428],[2155,1630,-85.40715,35.055388],[2180,1628,-85.407218,35.055348],[2205,1625,-85.407286,35.055308],[2230,1623,-85.407354,35.055267],[2255,1617,-85.407422,35.055227],[2276,1621,-85.407448,35.055175],[2301,1624,-85.407428,35.055108],[2326,1632,-85.407408,35.055041],[2351,1632,-85.407388,35.054975],[2376,1636,-85.407368,35.054908],[2401,1636,-85.407348,35.054842],[2426,1639,-85.407329,35.054775],[2451,1638,-85.407309,35.054709],[2476,1636,-85.407289,35.054642],[2501,1638,-85.407269,35.054575],[2526,1636,-85.407249,35.054509],[2551,1638,-85.407229,35.054442],[2565,1636,-85.407271,35.054423],[2590,1636,-85.407354,35.054434],[2615,1637,-85.407436,35.054445],[2639,1637,-85.40751,35.054472],[2664,1635,-85.407575,35.054515],[2689,1631,-85.407641,35.054558],[2714,1629,-85.407706,35.054601],[2739,1631,-85.407771,35.054644],[2764,1630,-85.407836,35.054687],[2789,1632,-85.407901,35.05473],[2814,1628,-85.407966,35.054774],[2839,1629,-85.408031,35.054817],[2864,1627,-85.408096,35.05486],[2889,1626,-85.408161,35.054903],[2914,1621,-85.408226,35.054946],[2939,1621,-85.408292,35.054989],[2964,1618,-85.408357,35.055032],[2989,1617,-85.408422,35.055075],[3014,1615,-85.408487,35.055118],[3039,1612,-85.40857,35.055119],[3064,1611,-85.408654,35.055119],[3089,1608,-85.408738,35.055119],[3114,1604,-85.408822,35.055119],[3139,1601,-85.408905,35.055119],[3164,1598,-85.408989,35.055119],[3189,1594,-85.409073,35.055119],[3214,1592,-85.409156,35.055119],[3239,1589,-85.40924,35.055119],[3264,1585,-85.409324,35.055119],[3286,1585,-85.409388,35.05509],[3311,1584,-85.409431,35.055031],[3336,1581,-85.409474,35.054973],[3355,1580,-85.409464,35.054922],[3380,1582,-85.409398,35.054879],[3405,1583,-85.409333,35.054836],[3430,1584,-85.409267,35.054793],[3455,1587,-85.409202,35.05475],[3480,1590,-85.409137,35.054708],[3505,1596,-85.409071,35.054665],[3530,1599,-85.409006,35.054622],[3554,1605,-85.408955,35.054572],[3579,1606,-85.408942,35.054505],[3604,1609,-85.408928,35.054437],[3623,1611,-85.40893,35.054383],[3648,1608,-85.409012,35.054399],[3673,1608,-85.409093,35.054415],[3698,1604,-85.409175,35.05443],[3723,1605,-85.409256,35.054446],[3748,1602,-85.409338,35.054461],[3773,1605,-85.409419,35.054477],[3798,1601,-85.409501,35.054492],[3823,1603,-85.409582,35.054508],[3848,1598,-85.409664,35.054524],[3873,1598,-85.409746,35.054539],[3898,1597,-85.409827,35.054555],[3923,1592,-85.409909,35.05457],[3948,1590,-85.40999,35.054586],[3973,1585,-85.410072,35.054601],[3998,1581,-85.410153,35.054617],[4019,1575,-85.41022,35.054605],[4044,1579,-85.410263,35.054546],[4069,1578,-85.410306,35.054487],[4094,1580,-85.410349,35.054428],[4119,1582,-85.410392,35.054369],[4144,1581,-85.410436,35.054311],[4169,1582,-85.410479,35.054252],[4194,1583,-85.410522,35.054193],[4219,1584,-85.410565,35.054134],[4243,1584,-85.410621,35.054087],[4268,1584,-85.410695,35.054056],[4293,1582,-85.41077,35.054024],[4318,1582,-85.410844,35.053993],[4343,1577,-85.410918,35.053962],[4368,1573,-85.410993,35.05393],[4393,1569,-85.411067,35.053899],[4418,1568,-85.411142,35.053868],[4443,1564,-85.411216,35.053836],[4468,1561,-85.411291,35.053805],[4493,1556,-85.411365,35.053773],[4518,1555,-85.41144,35.053742],[4543,1551,-85.411514,35.053711],[4568,1546,-85.411588,35.053679],[4593,1545,-85.411663,35.053648],[4618,1540,-85.411737,35.053617],[4643,1534,-85.411812,35.053585],[4668,1530,-85.411886,35.053554],[4693,1529,-85.411961,35.053523],[4718,1526,-85.412035,35.053491],[4743,1521,-85.412107,35.053457],[4768,1521,-85.412169,35.053411],[4793,1518,-85.412231,35.053365],[4818,1520,-85.412294,35.053319],[4843,1514,-85.412356,35.053274],[4868,1512,-85.412418,35.053228],[4893,1510,-85.412481,35.053182],[4918,1510,-85.412543,35.053137],[4943,1509,-85.412605,35.053091],[4968,1508,-85.412668,35.053045],[4992,1507,-85.412735,35.053006],[5017,1502,-85.412815,35.052988],[5042,1495,-85.412896,35.052969],[5067,1486,-85.412977,35.052951],[5092,1479,-85.413057,35.052933],[5115,1478,-85.413115,35.052894],[5140,1481,-85.413147,35.05283],[5165,1476,-85.413179,35.052767],[5190,1473,-85.413211,35.052704],[5215,1471,-85.413243,35.05264],[5238,1464,-85.413231,35.052576],[5263,1457,-85.413205,35.052511],[5288,1442,-85.413178,35.052446],[5304,1448,-85.413128,35.052431],[5329,1466,-85.413056,35.052465],[5354,1476,-85.412984,35.052499],[5379,1480,-85.412911,35.052534],[5404,1484,-85.412839,35.052568],[5429,1486,-85.412766,35.052602],[5454,1484,-85.412684,35.052607],[5479,1482,-85.4126,35.052607],[5504,1480,-85.412516,35.052607],[5529,1478,-85.412433,35.052607],[5545,1477,-85.412382,35.052591],[5570,1475,-85.412425,35.052532],[5595,1474,-85.412468,35.052473],[5620,1474,-85.41251,35.052414],[5645,1472,-85.412553,35.052355],[5670,1469,-85.412596,35.052296],[5695,1467,-85.412639,35.052237],[5720,1461,-85.412681,35.052178],[5743,1454,-85.412708,35.052118],[5768,1458,-85.412679,35.052054],[5793,1455,-85.41265,35.05199],[5818,1460,-85.412621,35.051925],[5843,1462,-85.412592,35.051861],[5868,1462,-85.412562,35.051798],[5893,1465,-85.412487,35.051768],[5918,1473,-85.412411,35.051739],[5943,