{"trail":"Metolius-Windigo (Waldo North)","distance":35149,"gain":868,"loss":80,"min":5158,"max":5952,"profile":[[0,5152,-121.908894,43.789556],[85,5157,-121.908781,43.789339],[190,5161,-121.908633,43.789071],[284,5160,-121.908564,43.788819],[377,5160,-121.908496,43.788567],[443,5161,-121.908411,43.788397],[509,5163,-121.908326,43.788226],[545,5162,-121.908305,43.78813],[636,5161,-121.908313,43.787879],[708,5160,-121.908352,43.787686],[809,5160,-121.908351,43.787408],[866,5160,-121.908416,43.787259],[954,5160,-121.908608,43.787063],[1041,5161,-121.908799,43.786867],[1165,5163,-121.909106,43.786611],[1288,5163,-121.909485,43.786413],[1336,5163,-121.909612,43.786317],[1372,5163,-121.909683,43.786234],[1424,5162,-121.909751,43.786101],[1469,5163,-121.909771,43.785978],[1580,5161,-121.90981,43.785675],[1675,5161,-121.90981,43.785415],[1775,5162,-121.909739,43.785144],[1844,5164,-121.909644,43.784968],[1913,5166,-121.909548,43.784792],[2017,5174,-121.909309,43.784566],[2096,5178,-121.909139,43.784385],[2176,5183,-121.908969,43.784205],[2231,5186,-121.908868,43.784073],[2318,5193,-121.908765,43.783846],[2419,5200,-121.908727,43.783571],[2529,5207,-121.908648,43.783275],[2644,5208,-121.908647,43.782961],[2770,5206,-121.908565,43.782619],[2857,5200,-121.908541,43.782383],[2943,5187,-121.908517,43.782147],[3066,5182,-121.908438,43.781814],[3102,5182,-121.908437,43.781716],[3131,5183,-121.908461,43.781639],[3192,5189,-121.90857,43.78149],[3228,5192,-121.908605,43.781396],[3309,5195,-121.908643,43.781176],[3360,5197,-121.908695,43.78104],[3402,5196,-121.908747,43.780932],[3489,5196,-121.908901,43.780721],[3546,5192,-121.908952,43.780567],[3622,5186,-121.90895,43.780361],[3697,5182,-121.908948,43.780154],[3778,5181,-121.908908,43.779934],[3869,5184,-121.908909,43.779683],[3961,5189,-121.90891,43.779433],[4066,5192,-121.908806,43.779154],[4128,5195,-121.908778,43.778986],[4255,5200,-121.908793,43.778637],[4294,5201,-121.90878,43.778531],[4339,5204,-121.908703,43.778422],[4391,5206,-121.90858,43.778311],[4445,5208,-121.908477,43.778181],[4514,5211,-121.908402,43.778001],[4582,5214,-121.908327,43.777821],[4651,5219,-121.908252,43.777641],[4738,5224,-121.908215,43.777404],[4825,5227,-121.908178,43.777166],[4930,5229,-121.90816,43.77688],[5007,5226,-121.908068,43.77668],[5084,5222,-121.907976,43.776479],[5155,5220,-121.90793,43.776286],[5226,5218,-121.907885,43.776094],[5332,5217,-121.907793,43.775812],[5391,5218,-121.907802,43.775651],[5481,5220,-121.90787,43.775408],[5599,5224,-121.907878,43.775086],[5647,5226,-121.907924,43.774959],[5721,5228,-121.908048,43.774776],[5753,5230,-121.908058,43.774688],[5802,5232,-121.908014,43.774559],[5876,5236,-121.907885,43.774378],[5950,5239,-121.907756,43.774197],[6005,5241,-121.907682,43.774058],[6066,5242,-121.907635,43.773894],[6117,5244,-121.907567,43.773762],[6237,5247,-121.90731,43.77349],[6298,5247,-121.907202,43.773342],[6365,5249,-121.907196,43.773159],[6432,5251,-121.907189,43.772976],[6480,5252,-121.907157,43.772846],[6586,5254,-121.907038,43.772568],[6662,5255,-121.906994,43.772362],[6739,5256,-121.90695,43.772155],[6822,5257,-121.906825,43.771945],[6906,5258,-121.9067,43.771734],[7016,5260,-121.906462,43.771486],[7090,5261,-121.906357,43.771298],[7186,5264,-121.906262,43.771043],[7283,5265,-121.906168,43.770787],[7370,5264,-121.906217,43.77055],[7435,5261,-121.906214,43.770373],[7507,5258,-121.906115,43.770188],[7579,5254,-121.906017,43.770003],[7627,5252,-121.905969,43.769877],[7713,5248,-121.905906,43.769646],[7799,5244,-121.905844,43.769415],[7885,5243,-121.905781,43.769184],[8009,5244,-121.905625,43.768861],[8140,5245,-121.90544,43.768529],[8216,5244,-121.905419,43.76832],[8275,5240,-121.905427,43.768159],[8323,5238,-121.905465,43.76803],[8426,5233,-121.905614,43.76777],[8514,5228,-121.905723,43.767542],[8602,5223,-121.905833,43.767313],[8651,5219,-121.905876,43.767184],[8771,5211,-121.90594,43.766858],[8803,5210,-121.905933,43.76677],[8871,5205,-121.90587,43.766589],[8936,5202,-121.905785,43.766422],[8968,5202,-121.905726,43.766345],[9091,5198,-121.905398,43.766105],[9120,5198,-121.905354,43.766033],[9146,5198,-121.90534,43.765963],[9185,5199,-121.905345,43.765855],[9240,5200,-121.9054,43.76571],[9331,5202,-121.905541,43.765483],[9379,5200,-121.905555,43.76535],[9418,5199,-121.905525,43.765245],[9525,5197,-121.905396,43.764967],[9570,5198,-121.905411,43.764845],[9599,5200,-121.905455,43.764771],[9635,5201,-121.905532,43.764692],[9732,5205,-121.905779,43.764493],[9830,5208,-121.906027,43.764293],[9917,5210,-121.906251,43.764118],[10004,5212,-121.906475,43.763942],[10091,5215,-121.906699,43.763767],[10176,5219,-121.906932,43.763607],[10260,5223,-121.907165,43.763448],[10334,5226,-121.907317,43.76328],[10407,5228,-121.90747,43.763111],[10481,5231,-121.907622,43.762943],[10506,5232,-121.907659,43.762877],[10525,5233,-121.907685,43.762829],[10602,5235,-121.907744,43.762622],[10675,5237,-121.907775,43.762423],[10749,5239,-121.907807,43.762224],[10824,5237,-121.90786,43.762021],[10899,5234,-121.907914,43.761818],[10965,5231,-121.907993,43.761647],[11031,5229,-121.908073,43.761475],[11097,5226,-121.908152,43.761304],[11202,5220,-121.908313,43.76104],[11318,5218,-121.90853,43.760764],[11385,5218,-121.908622,43.760593],[11452,5218,-121.908713,43.760422],[11573,5219,-121.908846,43.760104],[11651,5220,-121.908915,43.759896],[11729,5223,-121.908984,43.759689],[11807,5226,-121.909053,43.759481],[11868,5227,-121.909083,43.759314],[11983,5229,-121.909077,43.759],[12080,5229,-121.909008,43.758739],[12128,5228,-121.908925,43.758622],[12189,5228,-121.908776,43.758491],[12215,5228,-121.908729,43.758429],[12241,5228,-121.908708,43.758361],[12283,5228,-121.908727,43.758247],[12344,5227,-121.908798,43.758087],[12386,5227,-121.908824,43.757974],[12432,5227,-121.908819,43.757848],[12501,5226,-121.908768,43.757662],[12570,5226,-121.908717,43.757475],[12640,5226,-121.908667,43.757289],[12709,5226,-121.908616,43.757102],[12802,5226,-121.908507,43.756859],[12909,5226,-121.908318,43.756601],[12994,5226,-121.908231,43.756377],[13079,5225,-121.908145,43.756152],[13166,5225,-121.908019,43.755932],[13252,5224,-121.907893,43.755712],[13294,5224,-121.907874,43.755599],[13369,5222,-121.907879,43.755392],[13435,5222,-121.907914,43.755215],[13516,5218,-121.907896,43.754993],[13560,5216,-121.907936,43.754874],[13640,5211,-121.908047,43.75467],[13694,5207,-121.908121,43.754533],[13753,5204,-121.90813,43.754371],[13815,5203,-121.908134,43.754201],[13852,5203,-121.908116,43.754101],[13901,5203,-121.908063,43.753973],[13972,5204,-121.907924,43.753805],[14086,5207,-121.90763,43.753578],[14111,5209,-121.907577,43.753519],[14140,5210,-121.907544,43.753444],[14209,5213,-121.907564,43.753256],[14278,5215,-121.907584,43.753067],[14360,5216,-121.907567,43.752842],[14442,5217,-121.90755,43.752618],[14511,5217,-121.90756,43.75243],[14601,5217,-121.907603,43.752185],[14691,5216,-121.907647,43.75194],[14796,5215,-121.907741,43.75166],[14848,5214,-121.907823,43.75153],[14916,5213,-121.907963,43.751373],[14987,5213,-121.908146,43.751229],[15057,5214,-121.908363,43.751123],[15115,5214,-121.908521,43.751011],[15141,5215,-121.908571,43.75095],[15187,5216,-121.908636,43.750833],[15298,5218,-121.908752,43.750539],[15419,5219,-121.90883,43.750214],[15490,5221,-121.908959,43.750042],[15561,5225,-121.909089,43.74987],[15631,5231,-121.909179,43.74969],[15701,5236,-121.909269,43.74951],[15771,5242,-121.909359,43.74933],[15839,5246,-121.909541,43.749198],[15907,5249,-121.909723,43.749066],[15943,5253,-121.909656,43.748981],[15979,5257,-121.909525,43.748952],[16020,5259,-121.90957,43.748845],[16051,5264,-121.909623,43.748768],[16119,5270,-121.9098,43.748631],[16171,5275,-121.909908,43.748513],[16235,5279,-121.910077,43.748386],[16266,5280,-121.910145,43.748317],[16288,5282,-121.910167,43.748259],[16327,5285,-121.910169,43.748151],[16456,5286,-121.910114,43.747802],[16501,5284,-121.910119,43.747679],[16568,5281,-121.910189,43.747502],[16635,5278,-121.910259,43.747324],[16675,