{"trail":"Metolius-Windigo: 99 Upper","distance":40423,"gain":813,"loss":506,"min":6067,"max":6776,"profile":[[0,6066,-121.615398,44.054327],[33,6066,-121.615272,44.05432],[60,6067,-121.615171,44.054332],[80,6068,-121.6151,44.054352],[115,6068,-121.614974,44.054386],[137,6069,-121.614891,44.054389],[203,6071,-121.614642,44.054364],[269,6072,-121.614392,44.054338],[291,6073,-121.614309,44.054346],[316,6075,-121.614221,44.054373],[391,6080,-121.61398,44.054484],[460,6085,-121.613748,44.054569],[495,6087,-121.613634,44.054623],[548,6092,-121.61349,44.054722],[668,6101,-121.613219,44.054988],[729,6108,-121.613048,44.0551],[780,6112,-121.612968,44.055228],[844,6117,-121.612911,44.0554],[875,6119,-121.612854,44.055474],[897,6120,-121.612788,44.055512],[978,6124,-121.612494,44.055579],[999,6125,-121.612423,44.055607],[1031,6126,-121.612356,44.055678],[1080,6126,-121.612299,44.055806],[1145,6124,-121.612188,44.055965],[1178,6124,-121.612094,44.056027],[1215,6123,-121.611954,44.056045],[1326,6123,-121.611538,44.055996],[1358,6120,-121.611421,44.056019],[1445,6117,-121.611117,44.056116],[1544,6114,-121.610756,44.056195],[1625,6108,-121.610487,44.056306],[1660,6106,-121.610383,44.056366],[1686,6105,-121.610326,44.056423],[1737,6108,-121.610262,44.056557],[1794,6115,-121.610274,44.056712],[1822,6117,-121.610254,44.056786],[1886,6115,-121.610111,44.05693],[1927,6117,-121.610079,44.05704],[2008,6126,-121.610122,44.057261],[2034,6128,-121.610112,44.057331],[2059,6130,-121.610072,44.057393],[2140,6133,-121.609848,44.057547],[2179,6135,-121.609728,44.057609],[2244,6142,-121.609515,44.0577],[2303,6148,-121.609342,44.057802],[2397,6153,-121.609023,44.057919],[2438,6156,-121.608874,44.057959],[2496,6160,-121.608659,44.057992],[2528,6157,-121.608537,44.057985],[2624,6154,-121.608193,44.057893],[2686,6154,-121.60796,44.057882],[2785,6158,-121.60758,44.057902],[2811,6159,-121.607484,44.057888],[2876,6158,-121.60725,44.057833],[2933,6164,-121.607032,44.057808],[3057,6162,-121.606591,44.057689],[3140,6162,-121.606279,44.057645],[3234,6164,-121.605924,44.057627],[3308,6164,-121.605645,44.057656],[3357,6165,-121.605457,44.057654],[3453,6165,-121.605098,44.057596],[3482,6168,-121.604987,44.057594],[3554,6177,-121.604715,44.057624],[3627,6178,-121.604444,44.057653],[3699,6183,-121.604172,44.057683],[3798,6181,-121.6038,44.057738],[3897,6181,-121.603425,44.057728],[3997,6179,-121.603045,44.057761],[4071,6181,-121.602769,44.057805],[4136,6183,-121.602521,44.057816],[4223,6197,-121.602196,44.057863],[4320,6208,-121.601839,44.05793],[4358,6209,-121.601707,44.057977],[4481,6231,-121.601336,44.058183],[4536,6233,-121.601224,44.05831],[4588,6238,-121.601177,44.058448],[4627,6240,-121.601169,44.058554],[4715,6235,-121.601182,44.058796],[4812,6227,-121.601235,44.059058],[4882,6213,-121.601206,44.059251],[4953,6208,-121.601177,44.059443],[4976,6201,-121.601124,44.059492],[5000,6197,-121.601035,44.059513],[5059,6193,-121.60081,44.059514],[5127,6199,-121.600567,44.059578],[5195,6202,-121.600325,44.059642],[5272,6210,-121.600031,44.05967],[5356,6225,-121.599721,44.059723],[5434,6234,-121.599423,44.059736],[5524,6244,-121.599085,44.059783],[5629,6248,-121.598686,44.059789],[5723,6252,-121.598328,44.059816],[5747,6252,-121.598239,44.059815],[5767,6253,-121.598164,44.059831],[5804,6258,-121.598032,44.05986],[5859,6262,-121.597841,44.059927],[5940,6269,-121.597586,44.060051],[5984,6272,-121.597459,44.06013],[6021,6273,-121.59735,44.060194],[6064,6278,-121.597248,44.060289],[6093,6281,-121.597223,44.060366],[6120,6284,-121.597217,44.060439],[6141,6286,-121.597184,44.060491],[6169,6287,-121.597089,44.060523],[6206,6285,-121.596952,44.060554],[6252,6286,-121.596803,44.060618],[6277,6288,-121.596741,44.060673],[6327,6291,-121.596631,44.060784],[6350,6293,-121.596594,44.060842],[6380,6292,-121.596564,44.060919],[6394,6293,-121.596563,44.060958],[6416,6298,-121.596609,44.06101],[6434,6298,-121.596613,44.061058],[6449,6297,-121.596587,44.061095],[6462,6297,-121.59659,44.06113],[6471,6302,-121.596619,44.061146],[6489,6308,-121.596685,44.061139],[6513,6305,-121.596763,44.061102],[6550,6312,-121.596889,44.061058],[6571,6317,-121.596969,44.061046],[6611,6326,-121.597111,44.061083],[6656,6329,-121.597275,44.061121],[6679,6336,-121.597364,44.061131],[6702,6335,-121.597441,44.061102],[6742,6337,-121.597584,44.061066],[6805,6343,-121.597825,44.061062],[6885,6353,-121.598119,44.06112],[6965,6360,-121.598412,44.061177],[7090,6365,-121.598858,44.061297],[7193,6380,-121.599104,44.061517],[7269,6386,-121.599348,44.061632],[7346,6392,-121.599593,44.061748],[7428,6400,-121.599748,44.061945],[7511,6405,-121.599904,44.062141],[7577,6407,-121.600116,44.062241],[7644,6410,-121.600328,44.062342],[7740,6415,-121.600569,44.062538],[7827,6422,-121.600735,44.062746],[7867,6424,-121.60073,44.062854],[7957,6426,-121.600526,44.063055],[8041,6427,-121.600397,44.063267],[8122,6430,-121.600392,44.063486],[8202,6431,-121.600386,44.063706],[8282,6434,-121.600517,44.063904],[8361,6440,-121.600647,44.064101],[8441,6444,-121.600777,44.064299],[8521,6449,-121.600907,44.064496],[8610,6448,-121.600875,44.064739],[8723,6447,-121.600574,44.064963],[8843,6462,-121.600172,44.065117],[8914,6470,-121.599914,44.065181],[8985,6478,-121.599657,44.065244],[9062,6487,-121.599888,44.065375],[9153,6492,-121.60021,44.065464],[9248,6504,-121.600403,44.065684],[9336,6511,-121.600649,44.065849],[9402,6521,-121.600735,44.066019],[9468,6525,-121.600821,44.066189],[9534,6532,-121.600907,44.066358],[9603,6544,-121.600647,44.066327],[9672,6551,-121.600386,44.066296],[9763,6561,-121.600041,44.066271],[9854,6566,-121.599694,44.066246],[9936,6570,-121.599389,44.066296],[10003,6571,-121.599244,44.066445],[10069,6573,-121.599099,44.066593],[10170,6573,-121.598884,44.066825],[10298,6571,-121.598724,44.067156],[10369,6570,-121.598724,44.067351],[10440,6568,-121.598724,44.067545],[10512,6567,-121.598874,44.067711],[10585,6567,-121.599112,44.067811],[10657,6569,-121.599349,44.067912],[10729,6569,-121.599587,44.068012],[10844,6573,-121.6,44.06812],[10935,6578,-121.600279,44.067973],[11039,6583,-121.600617,44.067823],[11135,6587,-121.600982,44.067792],[11181,6587,-121.601154,44.067811],[11243,6590,-121.601363,44.067892],[11275,6590,-121.60139,44.067977],[11348,6592,-121.601272,44.068158],[11428,6598,-121.601148,44.068359],[11512,6603,-121.601202,44.068586],[11600,6607,-121.601363,44.068798],[11703,6609,-121.601572,44.069037],[11780,6611,-121.601661,44.069237],[11857,6613,-121.601751,44.069438],[11933,6615,-121.60184,44.069638],[11996,6614,-121.601738,44.069792],[12068,6613,-121.601502,44.069896],[12128,6611,-121.601374,44.070031],[12207,6611,-121.601379,44.070247],[12279,6614,-121.601509,44.070423],[12352,6616,-121.60164,44.070599],[12425,6621,-121.601771,44.070775],[12492,6626,-121.60196,44.0709],[12560,6630,-121.60215,44.071025],[12627,6633,-121.602339,44.071149],[12695,6637,-121.602532,44.071272],[12744,6637,-121.602581,44.071404],[12819,6636,-121.602446,44.071585],[12881,6634,-121.602227,44.07165],[12935,6632,-121.602023,44.071639],[12992,6632,-121.601835,44.071716],[13091,6633,-121.601567,44.071908],[13137,6633,-121.601395,44.071928],[13172,6632,-121.601261,44.071912],[13220,6630,-121.601116,44.071831],[13246,6629,-121.60103,44.071862],[13282,6632,-121.601046,44.071962],[13358,6637,-121.601213,44.072133],[13434,6641,-121.601379,44.072303],[13510,6643,-121.601545,44.072474],[13586,6652,-121.601711,44.072645],[13670,6658,-121.602007,44.072733],[13777,6659,-121.602414,44.072737],[13824,6661,-121.602559,44.072814],[13897,6668,-121.602672,44.072997],[13970,6673,-121.602784,44.07318],[14041,6676,-121.60301,44.073288],[14112,6677,-121.603235,44.073396],[14183,6680,-121.60346,44.073504],[14254,6681,-121.603686,44.073612],[14354,6694,-121.603825,44.073866],[14424,6713,-121.603847,44.074059],[14502,6719,-121.603943,44.074259],[14596,6725,-121.603889,44.074514],[14680,6728,-121.603922,44.074745],[14714,6737,-121.603804,44.074784],[14807,6740,-121.603525,44.074629],[14931,