{"trail":"Mick's Trail","distance":8464,"gain":636,"loss":681,"min":2010,"max":2128,"profile":[[0,2091,-85.444493,34.846476],[25,2090,-85.44441,34.846476],[50,2087,-85.444326,34.846476],[75,2086,-85.444243,34.846476],[96,2082,-85.444193,34.846435],[121,2083,-85.444161,34.846372],[146,2088,-85.444128,34.846308],[171,2094,-85.444096,34.846245],[196,2098,-85.444063,34.846182],[221,2100,-85.444019,34.846126],[246,2102,-85.443953,34.846084],[271,2106,-85.443888,34.846042],[296,2103,-85.443822,34.845999],[321,2105,-85.443756,34.845957],[345,2108,-85.443679,34.845934],[370,2109,-85.443598,34.845917],[395,2111,-85.443517,34.8459],[420,2107,-85.443436,34.845882],[445,2107,-85.443356,34.845865],[470,2101,-85.443275,34.845848],[495,2102,-85.443194,34.84583],[520,2101,-85.443113,34.845813],[545,2104,-85.443033,34.845796],[570,2099,-85.442952,34.845778],[595,2102,-85.442871,34.845761],[620,2106,-85.442789,34.84576],[645,2109,-85.442706,34.845769],[670,2111,-85.442623,34.845778],[695,2110,-85.442541,34.845787],[720,2115,-85.442458,34.845796],[745,2111,-85.442375,34.845805],[770,2106,-85.442292,34.845814],[795,2101,-85.44221,34.845823],[819,2099,-85.44214,34.84579],[844,2086,-85.442074,34.845749],[869,2079,-85.442007,34.845708],[894,2073,-85.44194,34.845666],[919,2071,-85.441873,34.845625],[944,2069,-85.441806,34.845584],[968,2074,-85.441732,34.845561],[993,2082,-85.441649,34.845561],[1018,2088,-85.441565,34.845561],[1043,2092,-85.441482,34.845561],[1068,2093,-85.441398,34.845561],[1093,2092,-85.441315,34.845561],[1118,2090,-85.441231,34.845561],[1143,2089,-85.441148,34.845561],[1167,2078,-85.441092,34.845511],[1192,2064,-85.441037,34.845459],[1217,2060,-85.440982,34.845408],[1242,2064,-85.440926,34.845356],[1267,2065,-85.440871,34.845305],[1292,2060,-85.440816,34.845254],[1317,2062,-85.440761,34.845202],[1342,2074,-85.440705,34.845151],[1367,2079,-85.44065,34.845099],[1392,2077,-85.440595,34.845048],[1417,2084,-85.44054,34.844997],[1442,2087,-85.44048,34.844949],[1467,2092,-85.440411,34.844911],[1492,2088,-85.440342,34.844872],[1517,2090,-85.440274,34.844833],[1542,2087,-85.440205,34.844794],[1567,2087,-85.440136,34.844755],[1592,2089,-85.440067,34.844716],[1617,2089,-85.439998,34.844678],[1642,2093,-85.439929,34.844639],[1667,2094,-85.439861,34.8446],[1690,2097,-85.439788,34.844581],[1715,2107,-85.439708,34.844601],[1740,2111,-85.439628,34.844621],[1762,2118,-85.439587,34.844671],[1787,2124,-85.439565,34.844737],[1812,2126,-85.439543,34.844803],[1837,2128,-85.439521,34.84487],[1862,2125,-85.4395,34.844936],[1887,2126,-85.439478,34.845002],[1912,2120,-85.439456,34.845068],[1934,2114,-85.439389,34.845091],[1959,2103,-85.439306,34.845099],[1984,2097,-85.439223,34.845107],[2009,2094,-85.43914,34.845115],[2034,2094,-85.439058,34.845123],[2059,2086,-85.438975,34.845131],[2084,2077,-85.438892,34.845139],[2109,2072,-85.438809,34.845147],[2134,2071,-85.438726,34.845155],[2158,2070,-85.438688,34.845097],[2183,2075,-85.438653,34.845035],[2208,2075,-85.438617,34.844973],[2233,2081,-85.438582,34.844911],[2254,2090,-85.438514,34.844895],[2279,2097,-85.43843,34.8449],[2304,2099,-85.438347,34.844906],[2329,2101,-85.438264,34.844911],[2354,2095,-85.438181,34.844916],[2379,2087,-85.438097,34.844921],[2404,2083,-85.438014,34.844927],[2429,2060,-85.43797,34.844869],[2454,2053,-85.437926,34.84481],[2479,2043,-85.437883,34.844752],[2504,2043,-85.437839,34.844693],[2529,2047,-85.437796,34.844635],[2554,2049,-85.437752,34.844576],[2579,2047,-85.437709,34.844518],[2604,2047,-85.437665,34.84446],[2629,2049,-85.437622,34.844401],[2654,2055,-85.437578,34.844343],[2679,2059,-85.43753,34.844288],[2704,2065,-85.437455,34.844258],[2729,2063,-85.43738,34.844228],[2754,2061,-85.437305,34.844198],[2779,2057,-85.43723,34.844168],[2804,2055,-85.437155,34.844138],[2829,2051,-85.43708,34.844108],[2854,2047,-85.437005,34.844078],[2879,2047,-85.436929,34.844048],[2904,2048,-85.436854,34.844018],[2929,2052,-85.436779,34.843988],[2954,2055,-85.436704,34.843958],[2979,2059,-85.436674,34.844022],[3004,2062,-85.436644,34.844086],[3029,2065,-85.436614,34.84415],[3052,2063,-85.436566,34.844201],[3077,2056,-85.436492,34.844233],[3102,2049,-85.436419,34.844265],[3127,2050,-85.436345,34.844297],[3152,2046,-85.436274,34.844331],[3177,2050,-85.436249,34.844397],[3202,2056,-85.436225,34.844462],[3227,2050,-85.436201,34.844528],[3252,2048,-85.436177,34.844593],[3277,2043,-85.436152,34.844659],[3302,2046,-85.436128,34.844725],[3324,2032,-85.436055,34.844715],[3349,2019,-85.435976,34.844694],[3374,2012,-85.435896,34.844673],[3399,2010,-85.435817,34.844652],[3424,2019,-85.435737,34.844631],[3449,2018,-85.435658,34.84461],[3473,2025,-85.435579,34.844596],[3498,2033,-85.435507,34.844631],[3523,2039,-85.435435,34.844665],[3548,2044,-85.435362,34.844699],[3573,2046,-85.43529,34.844734],[3598,2044,-85.435218,34.844768],[3620,2038,-85.435142,34.844775],[3645,2024,-85.435064,34.844752],[3670,2017,-85.434985,34.844729],[3695,2026,-85.434906,34.844706],[3720,2029,-85.434828,34.844684],[3745,2034,-85.434746,34.844691],[3770,2040,-85.434664,34.844703],[3795,2042,-85.434582,34.844716],[3820,2042,-85.4345,34.844728],[3845,2046,-85.434418,34.844741],[3870,2044,-85.434335,34.844753],[3895,2042,-85.434253,34.844766],[3920,2045,-85.434185,34.844802],[3945,2054,-85.434119,34.844845],[3970,2054,-85.434054,34.844887],[3995,2057,-85.433988,34.84493],[4020,2055,-85.433923,34.844973],[4045,2060,-85.433858,34.845015],[4070,2057,-85.433792,34.845058],[4095,2055,-85.433727,34.845101],[4120,2051,-85.433662,34.845143],[4145,2051,-85.433596,34.845186],[4170,2052,-85.433531,34.845229],[4195,2052,-85.433465,34.845271],[4220,2048,-85.4334,34.845314],[4245,2051,-85.433359,34.845374],[4270,2051,-85.433319,34.845433],[4295,2055,-85.433278,34.845493],[4320,2059,-85.433238,34.845553],[4345,2058,-85.433197,34.845613],[4369,2056,-85.433133,34.845654],[4394,2047,-85.43306,34.845686],[4419,2040,-85.432986,34.845718],[4444,2042,-85.432912,34.84575],[4468,2047,-85.432848,34.845791],[4493,2049,-85.432803,34.845849],[4518,2052,-85.432757,34.845906],[4543,2051,-85.432712,34.845964],[4568,2052,-85.432667,34.846021],[4593,2052,-85.432621,34.846079],[4618,2050,-85.432576,34.846136],[4643,2051,-85.432531,34.846194],[4668,2052,-85.432485,34.846251],[4693,2050,-85.43244,34.846309],[4718,2051,-85.432395,34.846366],[4743,2052,-85.432349,34.846424],[4768,2046,-85.432304,34.846482],[4793,2050,-85.432258,34.846539],[4818,2049,-85.432213,34.846597],[4843,2052,-85.432168,34.846654],[4868,2059,-85.432147,34.846719],[4893,2065,-85.432136,34.846787],[4918,2064,-85.432125,34.846855],[4943,2067,-85.432114,34.846923],[4966,2060,-85.432051,34.846961],[4991,2045,-85.431977,34.846993],[5016,2037,-85.431903,34.847026],[5041,2036,-85.43183,34.847058],[5066,2041,-85.431765,34.847099],[5091,2046,-85.431711,34.847151],[5116,2051,-85.431656,34.847203],[5141,2051,-85.431602,34.847255],[5166,2051,-85.431547,34.847307],[5191,2048,-85.431493,34.847359],[5216,2048,-85.431438,34.847411],[5241,2049,-85.431384,34.847463],[5266,2051,-85.431329,34.847515],[5291,2051,-85.431275,34.847567],[5316,2051,-85.43122,34.847619],[5341,2053,-85.431166,34.847671],[5366,2053,-85.431111,34.847723],[5391,2052,-85.431057,34.847775],[5416,2051,-85.431002,34.847827],[5440,2056,-85.431009,34.847892],[5465,2064,-85.431024,34.84796],[5490,2067,-85.431038,34.848027],[5515,2069,-85.431053,34.848095],[5540,2075,-85.431067,34.848162],[5565,2074,-85.431082,34.84823],[5590,2071,-85.431096,34.848297],[5615,2073,-85.431111,34.848365],[5639,2067,-85.431124,34.848432],[5664,2046,-85.431059,34.848475],[5689,2037,-85.430994,34.848517],[5714,2031,-85.430928,34.84856],[5739,2033,-85.430863,34.848603],[5764,2045,-85.430798,34.848646],[5789,2048,-85.430733,34.848689],[5814,2047,-85.430668,34.848731],[5839,2051,-85.430602,34.848774],[5864,2056,-85.430537,34.848817],[5889,2064,-85.430472,34.84886],[5914,2063,-85.430407,34.848903],[5939,2064,-85.430342,34.848945],[5964,2060,-85.430276,34.848988],[5989,2062,-85.430236,34.849047],[6014,2062,