{"trail":"Mid Ridge","distance":6325,"gain":332,"loss":211,"min":973,"max":1099,"profile":[[0,973,-85.059586,35.051272],[25,974,-85.059669,35.051263],[50,978,-85.059752,35.051255],[74,980,-85.059791,35.051312],[99,982,-85.059827,35.051374],[124,983,-85.059863,35.051436],[149,986,-85.059899,35.051497],[174,987,-85.059935,35.051559],[199,984,-85.059971,35.051621],[223,990,-85.059998,35.05156],[248,996,-85.060024,35.051495],[273,996,-85.06005,35.05143],[298,999,-85.060077,35.051365],[323,1001,-85.060103,35.0513],[348,1000,-85.06013,35.051235],[373,1002,-85.060156,35.05117],[398,1000,-85.060183,35.051105],[423,999,-85.060211,35.05104],[448,1000,-85.060263,35.050987],[473,1002,-85.060315,35.050933],[498,1002,-85.060368,35.05088],[523,1000,-85.06042,35.050826],[548,1000,-85.060472,35.050773],[573,997,-85.060524,35.050719],[598,1000,-85.060577,35.050666],[623,999,-85.060629,35.050612],[647,996,-85.060649,35.050547],[672,996,-85.060662,35.050479],[697,994,-85.060676,35.050412],[722,991,-85.06069,35.050344],[747,992,-85.060704,35.050276],[772,990,-85.060717,35.050209],[797,989,-85.060731,35.050141],[822,992,-85.060745,35.050074],[847,992,-85.060759,35.050006],[856,995,-85.060788,35.05],[881,999,-85.060832,35.050058],[906,1002,-85.060876,35.050117],[931,1007,-85.060921,35.050175],[956,1011,-85.060965,35.050233],[979,1013,-85.060964,35.050296],[1004,1012,-85.060939,35.050361],[1029,1011,-85.060914,35.050427],[1054,1015,-85.060889,35.050492],[1079,1014,-85.060864,35.050557],[1104,1019,-85.060839,35.050623],[1129,1017,-85.060814,35.050688],[1154,1023,-85.060789,35.050754],[1179,1027,-85.060764,35.050819],[1204,1030,-85.060739,35.050884],[1229,1035,-85.060714,35.05095],[1254,1035,-85.060689,35.051015],[1279,1039,-85.060664,35.051081],[1293,1037,-85.060696,35.051054],[1318,1041,-85.060746,35.050998],[1343,1042,-85.060795,35.050943],[1368,1042,-85.060844,35.050888],[1393,1039,-85.060894,35.050832],[1418,1040,-85.060943,35.050777],[1443,1040,-85.060993,35.050722],[1468,1042,-85.061042,35.050666],[1492,1042,-85.061076,35.050605],[1517,1041,-85.061096,35.050539],[1542,1035,-85.061115,35.050472],[1567,1036,-85.061135,35.050405],[1592,1033,-85.061155,35.050339],[1617,1038,-85.061174,35.050272],[1642,1035,-85.061194,35.050206],[1667,1033,-85.061214,35.050139],[1692,1035,-85.061233,35.050072],[1717,1033,-85.061253,35.050006],[1742,1036,-85.061273,35.049939],[1767,1034,-85.061292,35.049872],[1792,1037,-85.061312,35.049806],[1817,1034,-85.061332,35.049739],[1842,1036,-85.061351,35.049673],[1867,1034,-85.061375,35.049607],[1892,1035,-85.061415,35.049547],[1917,1035,-85.061454,35.049487],[1942,1033,-85.061494,35.049426],[1967,1034,-85.061534,35.049366],[1992,1032,-85.061573,35.049306],[2017,1030,-85.061613,35.049245],[2042,1033,-85.061653,35.049185],[2067,1033,-85.061692,35.049125],[2092,1036,-85.061732,35.049064],[2117,1034,-85.061772,35.049004],[2142,1041,-85.061811,35.048944],[2167,1044,-85.061851,35.048883],[2192,1048,-85.061891,35.048823],[2217,1051,-85.06193,35.048762],[2242,1053,-85.06197,35.048702],[2267,1056,-85.06201,35.048642],[2292,1058,-85.062049,35.048581],[2317,1062,-85.062089,35.048521],[2342,1064,-85.062128,35.048461],[2367,1066,-85.062168,35.0484],[2392,1070,-85.062208,35.04834],[2417,1072,-85.062247,35.04828],[2442,1070,-85.062287,35.048219],[2467,1071,-85.062327,35.048159],[2492,1073,-85.062366,35.048099],[2517,1074,-85.062406,35.048038],[2542,1075,-85.062446,35.047978],[2567,1078,-85.062485,35.047917],[2592,1078,-85.062525,35.047857],[2617,1078,-85.062565,35.047797],[2642,1078,-85.062604,35.047736],[2667,1079,-85.062644,35.047676],[2692,1079,-85.062684,35.047616],[2717,1078,-85.062723,35.047555],[2742,1074,-85.062755,35.047492],[2767,1077,-85.062782,35.047427],[2792,1079,-85.062809,35.047362],[2817,1077,-85.062835,35.047297],[2842,1080,-85.062862,35.047233],[2867,1078,-85.062889,35.047168],[2892,1082,-85.062915,35.047103],[2917,1085,-85.062942,35.047038],[2942,1083,-85.062969,35.046973],[2967,1084,-85.062995,35.046908],[2992,1085,-85.063022,35.046843],[3017,1080,-85.063048,35.046778],[3042,1081,-85.063075,35.046713],[3067,1077,-85.063102,35.046648],[3092,1079,-85.063128,35.046583],[3117,1080,-85.063155,35.046518],[3142,1077,-85.063182,35.046453],[3167,1079,-85.063208,35.046388],[3192,1080,-85.063235,35.046323],[3217,1076,-85.063262,35.046258],[3242,1076,-85.063288,35.046193],[3267,1073,-85.063315,35.046128],[3292,1072,-85.063342,35.046063],[3317,1071,-85.063368,35.045998],[3342,1067,-85.063395,35.045933],[3367,1067,-85.063422,35.045868],[3392,1068,-85.063448,35.045803],[3417,1067,-85.063475,35.045738],[3442,1068,-85.063502,35.045673],[3467,1065,-85.063528,35.045608],[3492,1065,-85.063555,35.045543],[3517,1066,-85.063581,35.045479],[3542,1063,-85.063608,35.045414],[3567,1064,-85.063635,35.045349],[3592,1062,-85.063661,35.045284],[3617,1063,-85.06369,35.045219],[3642,1065,-85.063729,35.045159],[3667,1066,-85.063768,35.045098],[3692,1068,-85.063808,35.045038],[3717,1070,-85.063847,35.044977],[3742,1072,-85.063886,35.044917],[3767,1074,-85.063925,35.044856],[3792,1077,-85.063964,35.044795],[3817,1076,-85.064003,35.044735],[3842,1078,-85.064043,35.044674],[3867,1082,-85.064082,35.044614],[3892,1085,-85.064121,35.044553],[3917,1087,-85.06416,35.044493],[3942,1089,-85.064199,35.044432],[3967,1091,-85.064238,35.044371],[3992,1092,-85.064272,35.044309],[4017,1090,-85.064297,35.044244],[4042,1090,-85.064322,35.044178],[4067,1087,-85.064347,35.044113],[4092,1086,-85.064373,35.044048],[4117,1088,-85.064398,35.043982],[4142,1084,-85.064423,35.043917],[4167,1086,-85.064448,35.043851],[4192,1082,-85.064473,35.043786],[4217,1084,-85.064498,35.043721],[4242,1087,-85.064523,35.043655],[4267,1084,-85.064548,35.04359],[4292,1087,-85.064573,35.043524],[4317,1086,-85.064598,35.043459],[4342,1089,-85.064623,35.043394],[4367,1086,-85.064648,35.043328],[4392,1089,-85.064673,35.043263],[4417,1092,-85.064698,35.043197],[4441,1089,-85.064711,35.043131],[4466,1087,-85.064703,35.043063],[4491,1085,-85.064696,35.042995],[4516,1079,-85.064688,35.042926],[4541,1078,-85.06468,35.042858],[4566,1077,-85.064673,35.04279],[4591,1076,-85.064665,35.042722],[4616,1075,-85.064657,35.042653],[4641,1071,-85.064649,35.042585],[4666,1071,-85.064642,35.042517],[4691,1073,-85.064634,35.042449],[4716,1075,-85.064626,35.04238],[4741,1078,-85.064619,35.042312],[4766,1081,-85.064611,35.042244],[4791,1084,-85.06462,35.042178],[4816,1085,-85.06465,35.042113],[4841,1084,-85.064679,35.042049],[4866,1081,-85.064708,35.041985],[4891,1075,-85.064738,35.041921],[4916,1070,-85.064767,35.041857],[4941,1068,-85.064796,35.041793],[4966,1067,-85.064826,35.041728],[4991,1066,-85.064855,35.041664],[5016,1066,-85.064885,35.0416],[5041,1068,-85.064914,35.041536],[5066,1068,-85.064943,35.041472],[5091,1071,-85.064973,35.041408],[5116,1074,-85.065002,35.041343],[5141,1075,-85.065032,35.041279],[5165,1079,-85.065066,35.041218],[5190,1081,-85.065135,35.04118],[5215,1084,-85.065205,35.041142],[5240,1088,-85.065274,35.041103],[5265,1091,-85.065343,35.041065],[5290,1091,-85.065412,35.041026],[5315,1092,-85.065482,35.040988],[5340,1094,-85.065551,35.040949],[5365,1094,-85.06562,35.040911],[5390,1095,-85.06569,35.040872],[5415,1095,-85.065748,35.040825],[5440,1093,-85.065796,35.040769],[5465,1091,-85.065844,35.040712],[5490,1092,-85.065892,35.040656],[5515,1093,-85.06594,35.0406],[5540,1094,-85.065988,35.040544],[5565,1093,-85.066036,35.040488],[5590,1092,-85.066084,35.040432],[5615,1094,-85.066132,35.040376],[5640,1093,-85.06618,35.040319],[5665,1094,-85.066228,35.040263],[5690,1094,-85.066276,35.040207],[5715,1099,-85.066324,35.040151],[5740,1097,-85.066351,35.040086],[5765,1097,-85.066378,35.040021],[5790,1094,-85.066405,35.039957],[5815,1094,-85.066433,35.039892],[5840,1095,-85.06646,35.039827],[5865,1092,-85.066487,35.039762],[5890,1095,-85.066514,35.039697],[5915,1096,-85.066542,35.039633],[5940,1093,-85.066569,35.039568],[5965,1094,-85.066596,35.039503],[5990,1090,-85.066623,35.039438],[6015,1092,-85.066651,35.039373],