{"trail":"Middle Trail","distance":14602,"gain":588,"loss":535,"min":1328,"max":1498,"profile":[[0,1406,-85.377438,34.924329],[25,1408,-85.377402,34.924391],[50,1408,-85.377367,34.924453],[75,1406,-85.377331,34.924515],[100,1407,-85.377296,34.924577],[125,1409,-85.377266,34.92464],[150,1407,-85.377266,34.924708],[175,1405,-85.377266,34.924777],[200,1402,-85.377266,34.924845],[225,1399,-85.377266,34.924914],[249,1396,-85.377281,34.924981],[274,1389,-85.377307,34.925046],[299,1382,-85.377332,34.925111],[324,1379,-85.377358,34.925176],[349,1373,-85.377384,34.925241],[374,1371,-85.37741,34.925306],[399,1367,-85.377435,34.925372],[424,1362,-85.377461,34.925437],[449,1361,-85.377487,34.925502],[474,1357,-85.377513,34.925567],[499,1355,-85.377527,34.925634],[524,1352,-85.377532,34.925703],[549,1351,-85.377537,34.925771],[574,1351,-85.377543,34.925839],[599,1349,-85.377548,34.925908],[624,1350,-85.377553,34.925976],[649,1351,-85.377558,34.926045],[674,1352,-85.377563,34.926113],[695,1353,-85.377541,34.926168],[720,1354,-85.377466,34.926198],[745,1356,-85.37739,34.926227],[770,1357,-85.377315,34.926256],[795,1356,-85.377239,34.926286],[820,1354,-85.377164,34.926315],[845,1348,-85.377126,34.926375],[870,1345,-85.377091,34.926437],[895,1343,-85.377056,34.926499],[920,1345,-85.37702,34.926562],[945,1350,-85.376985,34.926624],[970,1351,-85.37695,34.926686],[995,1354,-85.376915,34.926748],[1020,1357,-85.376879,34.92681],[1045,1362,-85.376806,34.926843],[1070,1364,-85.376733,34.926876],[1095,1368,-85.376659,34.926909],[1120,1372,-85.376586,34.926942],[1145,1376,-85.376513,34.926975],[1170,1379,-85.376439,34.927008],[1195,1383,-85.376366,34.927041],[1220,1386,-85.376293,34.927074],[1245,1387,-85.37622,34.927107],[1270,1390,-85.376146,34.92714],[1295,1391,-85.376073,34.927172],[1320,1393,-85.376,34.927205],[1345,1393,-85.375927,34.927238],[1370,1394,-85.375853,34.927271],[1395,1395,-85.375782,34.927306],[1420,1392,-85.375733,34.927362],[1445,1392,-85.375683,34.927417],[1470,1388,-85.375634,34.927472],[1495,1388,-85.375585,34.927528],[1520,1386,-85.375536,34.927583],[1545,1384,-85.375486,34.927638],[1570,1386,-85.375437,34.927694],[1595,1385,-85.375388,34.927749],[1620,1386,-85.375338,34.927804],[1645,1384,-85.375289,34.92786],[1670,1384,-85.37524,34.927915],[1694,1382,-85.375184,34.927964],[1719,1381,-85.375112,34.928],[1744,1382,-85.375041,34.928035],[1769,1383,-85.374969,34.928071],[1794,1383,-85.374898,34.928107],[1819,1384,-85.374827,34.928142],[1844,1384,-85.374755,34.928178],[1868,1384,-85.374699,34.928225],[1893,1383,-85.374666,34.928288],[1918,1381,-85.374633,34.92835],[1943,1382,-85.3746,34.928413],[1968,1383,-85.374566,34.928476],[1993,1383,-85.374533,34.928539],[2018,1381,-85.3745,34.928602],[2043,1380,-85.374467,34.928665],[2068,1380,-85.374433,34.928727],[2093,1381,-85.374368,34.928771],[2118,1381,-85.374303,34.928814],[2143,1383,-85.374238,34.928857],[2168,1383,-85.374173,34.9289],[2193,1382,-85.374108,34.928943],[2218,1382,-85.374043,34.928986],[2243,1382,-85.373977,34.929027],[2268,1384,-85.373894,34.929038],[2293,1382,-85.373812,34.929049],[2318,1381,-85.37373,34.929061],[2343,1379,-85.373647,34.929072],[2368,1374,-85.373565,34.929083],[2393,1374,-85.373482,34.929094],[2418,1378,-85.3734,34.929106],[2443,1383,-85.373317,34.929117],[2468,1387,-85.373235,34.929128],[2492,1390,-85.373163,34.92916],[2517,1391,-85.373095,34.9292],[2542,1393,-85.373028,34.929241],[2567,1392,-85.37296,34.929281],[2592,1392,-85.372893,34.929321],[2617,1388,-85.372825,34.929362],[2642,1388,-85.372757,34.929402],[2667,1388,-85.372712,34.929457],[2692,1388,-85.372674,34.929519],[2717,1389,-85.372637,34.92958],[2742,1390,-85.3726,34.929641],[2766,1388,-85.372587,34.929708],[2791,1387,-85.372585,34.929776],[2816,1386,-85.372583,34.929845],[2841,1385,-85.372581,34.929913],[2866,1384,-85.372579,34.929982],[2891,1383,-85.372576,34.93005],[2916,1382,-85.372574,34.930119],[2941,1380,-85.372572,34.930187],[2966,1378,-85.37257,34.930256],[2991,1377,-85.372568,34.930324],[3015,1378,-85.372528,34.93038],[3040,1380,-85.372472,34.930431],[3065,1380,-85.372415,34.930482],[3090,1381,-85.372359,34.930532],[3115,1383,-85.372303,34.930583],[3140,1383,-85.372246,34.930633],[3165,1383,-85.37219,34.930684],[3190,1385,-85.372134,34.930735],[3215,1386,-85.372064,34.930771],[3240,1389,-85.37199,34.930802],[3265,1392,-85.371915,34.930833],[3290,1392,-85.37184,34.930863],[3315,1394,-85.371765,34.930894],[3339,1395,-85.371686,34.930908],[3364,1399,-85.371602,34.930908],[3389,1403,-85.371519,34.930908],[3414,1406,-85.371435,34.930908],[3439,1409,-85.371352,34.930908],[3462,1412,-85.371277,34.930927],[3487,1414,-85.371215,34.930973],[3512,1416,-85.371153,34.931019],[3537,1421,-85.371092,34.931066],[3562,1423,-85.37103,34.931112],[3587,1427,-85.370969,34.931158],[3612,1428,-85.370907,34.931204],[3637,1431,-85.370845,34.931251],[3662,1429,-85.370783,34.931296],[3687,1433,-85.370701,34.931311],[3712,1438,-85.37062,34.931326],[3737,1441,-85.370538,34.93134],[3762,1445,-85.370457,34.931355],[3787,1448,-85.370375,34.93137],[3812,1450,-85.370293,34.931385],[3837,1455,-85.370212,34.9314],[3862,1458,-85.37013,34.931415],[3887,1463,-85.370049,34.93143],[3912,1468,-85.369966,34.931433],[3937,1472,-85.369883,34.931428],[3962,1477,-85.369799,34.931423],[3987,1481,-85.369716,34.931418],[4012,1485,-85.369633,34.931413],[4037,1489,-85.369549,34.931408],[4062,1492,-85.369466,34.931403],[4071,1493,-85.369434,34.931401],[7518,1409,-85.377309,34.924505],[7543,1408,-85.377352,34.924446],[7568,1408,-85.377395,34.924387],[7593,1407,-85.377438,34.924328],[7618,1409,-85.37745,34.92426],[7643,1409,-85.377461,34.924192],[7668,1411,-85.377472,34.924125],[7693,1414,-85.377484,34.924057],[7718,1416,-85.377495,34.923989],[7743,1414,-85.377507,34.923921],[7768,1415,-85.377518,34.923853],[7792,1415,-85.377551,34.923793],[7817,1416,-85.377607,34.923742],[7842,1421,-85.377662,34.923691],[7867,1419,-85.377718,34.92364],[7892,1421,-85.377773,34.923588],[7917,1420,-85.377829,34.923537],[7941,1419,-85.377877,34.923482],[7966,1417,-85.37791,34.923419],[7991,1416,-85.377942,34.923356],[8016,1414,-85.377975,34.923293],[8041,1416,-85.378007,34.92323],[8066,1415,-85.37804,34.923167],[8091,1413,-85.378073,34.923104],[8116,1412,-85.378104,34.92304],[8141,1416,-85.378116,34.922972],[8166,1419,-85.378128,34.922905],[8191,1422,-85.378141,34.922837],[8216,1420,-85.378153,34.922769],[8241,1423,-85.378165,34.922701],[8266,1424,-85.378177,34.922633],[8291,1419,-85.37819,34.922566],[8316,1419,-85.378202,34.922498],[8341,1419,-85.378214,34.92243],[8366,1424,-85.378226,34.922362],[8391,1427,-85.378239,34.922295],[8416,1433,-85.378251,34.922227],[8441,1438,-85.378263,34.922159],[8466,1439,-85.378277,34.922092],[8491,1439,-85.378326,34.922036],[8516,1437,-85.378375,34.921981],[8541,1438,-85.378425,34.921925],[8566,1439,-85.378474,34.92187],[8591,1441,-85.378523,34.921815],[8616,1443,-85.378572,34.921759],[8641,1438,-85.378621,34.921704],[8666,1439,-85.37867,34.921648],[8691,1437,-85.37872,34.921593],[8716,1438,-85.378769,34.921538],[8741,1437,-85.378818,34.921482],[8766,1437,-85.378867,34.921427],[8791,1437,-85.378916,34.921371],[8816,1432,-85.378963,34.921315],[8841,1434,-85.378984,34.921249],[8866,1432,-85.379006,34.921182],[8891,1433,-85.379027,34.921116],[8916,1430,-85.379048,34.92105],[8941,1431,-85.37907,34.920984],[8966,1428,-85.379091,34.920917],[8991,1430,-85.379112,34.920851],[9016,1430,-85.379133,34.920785],[9041,1435,-85.379155,34.920719],[9066,1441,-85.379176,34.920652],[9091,1437,-85.379258,34.920646],[9116,1435,-85.379342,34.920641],[9141,1433,-85.379425,34.920635],[9166,1433,-85.379508,34.92063],[9191,1431,-85.379592,34.920624],[9216,1428,-85.379675,34.920619],[9234,1424,-85.379719,34.920654],[9259,1420,-85.37973,34.920721],[9284,1412,-85.379742,34.920789],[9309,1406,-85.379753,34.920857],[9334,1399,-85.379765,34.920925],[9359,1391,-85.379776,34.920993],[9384,1381,-85.379787,34.921061],[9408,1377,-85.379801,34.921126],[9433,1374,-85.379879,