{"trail":"Middle Traverse","distance":2140,"gain":117,"loss":86,"min":1083,"max":1119,"profile":[[0,1088,-85.309353,35.141775],[25,1093,-85.309326,35.14171],[50,1091,-85.3093,35.141645],[75,1094,-85.309273,35.14158],[98,1096,-85.309303,35.141521],[123,1101,-85.309351,35.141465],[148,1110,-85.309399,35.141409],[173,1113,-85.309447,35.141352],[198,1115,-85.309495,35.141296],[223,1115,-85.309543,35.14124],[248,1117,-85.309591,35.141184],[271,1113,-85.309601,35.141121],[296,1110,-85.309585,35.141054],[321,1108,-85.30957,35.140986],[346,1103,-85.309554,35.140919],[371,1101,-85.309538,35.140852],[396,1099,-85.309528,35.140785],[421,1096,-85.309556,35.14072],[446,1099,-85.309583,35.140655],[471,1099,-85.309611,35.140591],[496,1094,-85.309639,35.140526],[521,1092,-85.309679,35.140467],[546,1092,-85.30973,35.140412],[571,1089,-85.309781,35.140358],[596,1093,-85.309832,35.140304],[621,1090,-85.309883,35.140249],[646,1086,-85.309934,35.140195],[671,1086,-85.309985,35.140141],[696,1083,-85.310036,35.140086],[721,1086,-85.310087,35.140032],[746,1085,-85.310139,35.139978],[771,1087,-85.31019,35.139923],[796,1089,-85.310241,35.139869],[821,1093,-85.310292,35.139815],[845,1099,-85.310302,35.139748],[870,1100,-85.310308,35.13968],[895,1102,-85.310314,35.139611],[920,1103,-85.31032,35.139543],[945,1104,-85.310326,35.139474],[970,1105,-85.310332,35.139406],[995,1105,-85.310338,35.139338],[1020,1109,-85.310344,35.139269],[1045,1108,-85.31035,35.139201],[1070,1107,-85.310356,35.139133],[1095,1105,-85.310366,35.139065],[1120,1107,-85.310404,35.139004],[1145,1107,-85.310443,35.138943],[1170,1107,-85.310481,35.138883],[1195,1105,-85.31052,35.138822],[1220,1106,-85.310558,35.138761],[1245,1100,-85.310596,35.1387],[1270,1097,-85.310635,35.138639],[1295,1095,-85.310673,35.138578],[1320,1096,-85.310708,35.138516],[1345,1094,-85.310725,35.138449],[1370,1096,-85.310741,35.138382],[1395,1097,-85.310758,35.138315],[1420,1101,-85.310775,35.138247],[1445,1100,-85.310792,35.13818],[1470,1099,-85.310808,35.138113],[1495,1102,-85.310825,35.138046],[1520,1100,-85.310842,35.137979],[1545,1102,-85.310859,35.137912],[1570,1101,-85.310875,35.137845],[1595,1098,-85.310892,35.137777],[1620,1098,-85.310909,35.13771],[1644,1094,-85.310939,35.137648],[1669,1097,-85.310991,35.137594],[1694,1098,-85.311043,35.137541],[1719,1097,-85.311095,35.137487],[1744,1098,-85.311147,35.137433],[1769,1100,-85.311199,35.137379],[1794,1101,-85.311251,35.137326],[1819,1098,-85.311303,35.137272],[1844,1099,-85.311355,35.137218],[1869,1096,-85.311407,35.137164],[1894,1100,-85.311459,35.137111],[1919,1098,-85.311511,35.137057],[1944,1099,-85.311563,35.137003],[1969,1099,-85.311615,35.136949],[1978,1103,-85.311639,35.136936],[2003,1101,-85.311611,35.137001],[2028,1102,-85.311583,35.137065],[2053,1108,-85.311555,35.13713],[2061,1108,-85.311579,35.137139],[2086,1113,-85.311649,35.137101],[2111,1117,-85.311718,35.137063],[2136,1119,-85.311788,35.137025],[2140,1119,-85.311799,35.137019]]}