{"trail":"Middle Flagline","distance":29235,"gain":468,"loss":1044,"min":5900,"max":6956,"profile":[[0,6501,-121.664607,44.027137],[33,6502,-121.664542,44.027059],[94,6504,-121.664391,44.026931],[120,6504,-121.664351,44.026867],[165,6505,-121.66429,44.02675],[198,6506,-121.664309,44.026662],[243,6504,-121.664412,44.026562],[282,6503,-121.664532,44.026499],[335,6503,-121.664648,44.026382],[368,6503,-121.664675,44.026294],[420,6509,-121.664672,44.026151],[433,6514,-121.664655,44.026117],[452,6519,-121.664605,44.026078],[485,6518,-121.664484,44.026061],[517,6520,-121.66439,44.026002],[563,6522,-121.664227,44.025956],[616,6523,-121.664032,44.025924],[648,6526,-121.663924,44.025879],[734,6551,-121.663701,44.025708],[819,6568,-121.663442,44.02557],[838,6570,-121.663368,44.025572],[884,6570,-121.663202,44.025614],[903,6572,-121.663132,44.0256],[923,6572,-121.663082,44.02556],[995,6575,-121.662951,44.025387],[1067,6577,-121.662783,44.02523],[1106,6582,-121.662729,44.02513],[1152,6586,-121.662604,44.025042],[1204,6592,-121.662418,44.024991],[1217,6594,-121.662385,44.024964],[1276,6599,-121.662318,44.024811],[1314,6603,-121.662191,44.024758],[1353,6609,-121.66211,44.024669],[1379,6618,-121.662033,44.024624],[1497,6635,-121.661606,44.024521],[1517,6632,-121.661531,44.024519],[1570,6623,-121.661342,44.024567],[1635,6612,-121.661175,44.0247],[1654,6611,-121.661102,44.024703],[1706,6613,-121.660913,44.024658],[1733,6613,-121.660813,44.024664],[1772,6611,-121.660679,44.02471],[1817,6610,-121.660538,44.024782],[1856,6607,-121.66039,44.024795],[1889,6611,-121.660271,44.024767],[1922,6611,-121.660146,44.024766],[1954,6611,-121.660027,44.024739],[2013,6616,-121.659804,44.024725],[2039,6616,-121.659708,44.024705],[2130,6630,-121.659502,44.024505],[2195,6635,-121.659272,44.02444],[2228,6637,-121.659147,44.024444],[2261,6639,-121.659027,44.024469],[2307,6644,-121.658852,44.024472],[2359,6642,-121.658656,44.024501],[2424,6648,-121.658408,44.024504],[2496,6639,-121.658141,44.02455],[2582,6643,-121.657832,44.024475],[2633,6632,-121.657643,44.024516],[2666,6626,-121.657519,44.024515],[2685,6626,-121.657455,44.024488],[2753,6638,-121.657374,44.024312],[2822,6641,-121.657301,44.02413],[2855,6643,-121.657315,44.024041],[2868,6643,-121.657297,44.024007],[2907,6645,-121.657207,44.023921],[2926,6645,-121.657148,44.023891],[2952,6646,-121.657051,44.023904],[2972,6645,-121.656991,44.023936],[3004,6647,-121.656869,44.023952],[3063,6655,-121.656654,44.023911],[3161,6657,-121.656289,44.023967],[3213,6658,-121.656099,44.024014],[3285,6664,-121.65583,44.024045],[3389,6678,-121.655433,44.024026],[3448,6686,-121.655253,44.023932],[3486,6696,-121.655105,44.023923],[3539,6706,-121.65491,44.023953],[3585,6718,-121.654735,44.023959],[3604,6722,-121.654669,44.023983],[3656,6723,-121.654562,44.024103],[3689,6725,-121.654522,44.024188],[3709,6725,-121.654478,44.024232],[3773,6729,-121.654265,44.024322],[3806,6730,-121.654147,44.024352],[3852,6732,-121.653972,44.024355],[3885,6733,-121.653853,44.024384],[3937,6737,-121.653654,44.024376],[3983,6739,-121.653489,44.024418],[4101,6742,-121.653211,44.024671],[4218,6749,-121.652801,44.0248],[4336,6755,-121.65236,44.024856],[4421,6761,-121.652036,44.024858],[4512,6767,-121.651692,44.024818],[4552,6767,-121.651541,44.024817],[4656,6762,-121.651154,44.024879],[4721,6761,-121.650904,44.024878],[4754,6761,-121.650792,44.024839],[4774,6762,-121.650744,44.024798],[4793,6762,-121.65072,44.024747],[4839,6761,-121.650719,44.024621],[4871,6761,-121.650659,44.024545],[4936,6762,-121.65045,44.024449],[4988,6762,-121.650251,44.024442],[5040,6765,-121.650118,44.024338],[5112,6773,-121.649855,44.024281],[5197,6783,-121.649622,44.024119],[5230,6788,-121.649543,44.024049],[5292,6793,-121.649395,44.023916],[5357,6800,-121.649184,44.023821],[5415,6803,-121.64909,44.023678],[5447,6806,-121.64897,44.023661],[5526,6816,-121.648719,44.023778],[5578,6823,-121.648523,44.023797],[5682,6840,-121.648155,44.023685],[5754,6852,-121.647961,44.023545],[5793,6856,-121.647841,44.023485],[5806,6856,-121.647841,44.023449],[5838,6861,-121.647899,44.023372],[5877,6863,-121.647864,44.023269],[5903,6865,-121.647863,44.023197],[5942,6869,-121.647905,44.023094],[5994,6872,-121.647886,44.022953],[6059,6871,-121.647957,44.022782],[6079,6871,-121.647962,44.022728],[6124,6867,-121.648023,44.02261],[6170,6861,-121.648172,44.022548],[6209,6856,-121.648237,44.022452],[6307,6860,-121.648238,44.022182],[6333,6861,-121.648216,44.022112],[6399,6863,-121.648215,44.021932],[6431,6863,-121.648194,44.021844],[6543,6863,-121.648216,44.021539],[6615,6856,-121.64829,44.021349],[6693,6850,-121.648408,44.021151],[6759,6848,-121.64845,44.020975],[6811,6852,-121.648455,44.020831],[6877,6849,-121.648539,44.020662],[6942,6849,-121.648536,44.020483],[7013,6853,-121.648484,44.020291],[7085,6852,-121.648433,44.020099],[7156,6846,-121.648413,44.019904],[7169,6846,-121.648428,44.01987],[7234,6842,-121.648388,44.019694],[7267,6845,-121.648347,44.019609],[7299,6843,-121.64834,44.01952],[7394,6842,-121.648188,44.019284],[7489,6845,-121.648036,44.019048],[7555,6853,-121.647905,44.018895],[7633,6855,-121.647719,44.018727],[7718,6852,-121.647549,44.01853],[7770,6858,-121.647393,44.018441],[7828,6864,-121.647177,44.018402],[7848,6870,-121.647111,44.018377],[7867,6872,-121.647052,44.018344],[7900,6870,-121.646993,44.018265],[7907,6868,-121.646986,44.018248],[7926,6868,-121.647019,44.0182],[7965,6865,-121.64713,44.018128],[8004,6865,-121.647185,44.018029],[8017,6868,-121.647185,44.017993],[8037,6871,-121.647146,44.017947],[8056,6874,-121.647086,44.017916],[8089,6880,-121.646961,44.017915],[8109,6880,-121.646893,44.017893],[8122,6884,-121.64686,44.017866],[8141,6886,-121.646842,44.017814],[8174,6888,-121.646881,44.017729],[8214,6891,-121.646885,44.017621],[8285,6893,-121.647015,44.017448],[8325,6894,-121.647066,44.017346],[8351,6896,-121.647077,44.017275],[8370,6900,-121.647046,44.017228],[8389,6900,-121.64698,44.017206],[8422,6904,-121.646855,44.017205],[8441,6907,-121.646784,44.01719],[8500,6912,-121.646592,44.017105],[8546,6915,-121.646462,44.017021],[8585,6920,-121.646404,44.016923],[8598,6921,-121.646366,44.016899],[8716,6927,-121.645953,44.016772],[8768,6938,-121.64576,44.016742],[8846,6948,-121.645462,44.016756],[8866,6948,-121.64539,44.016772],[8899,6951,-121.645289,44.016826],[8970,6948,-121.64516,44.016998],[9016,6947,-121.64501,44.01706],[9100,6949,-121.64469,44.017081],[9172,6954,-121.644417,44.017065],[9243,6952,-121.644152,44.017112],[9316,6953,-121.643876,44.017113],[9368,6954,-121.643679,44.017128],[9400,6952,-121.643561,44.017156],[9427,6952,-121.643461,44.017157],[9531,6957,-121.643088,44.017056],[9629,6960,-121.642771,44.016913],[9701,6962,-121.642526,44.016825],[9760,6960,-121.642301,44.016819],[9878,6956,-121.641852,44.016838],[9956,6958,-121.641555,44.016825],[10028,6954,-121.641291,44.016774],[10113,6955,-121.64106,44.01661],[10166,6946,-121.640884,44.016542],[10211,6934,-121.640719,44.016575],[10243,6924,-121.640594,44.016578],[10263,6921,-121.640519,44.016575],[10303,6919,-121.640378,44.016538],[10394,6926,-121.640115,44.016374],[10492,6925,-121.6398,44.016229],[10590,6916,-121.639426,44.016216],[10623,6914,-121.639315,44.016176],[10669,6914,-121.639184,44.016092],[10688,6914,-121.639113,44.016075],[10760,6907,-121.63884,44.016078],[10845,6899,-121.638521,44.016118],[10963,6891,-121.638096,44.016225],[10996,6892,-121.637988,44.016268],[11074,6902,-121.637691,44.016251],[11139,6909,-121.637452,44.016197],[11178,6914,-121.637338,44.016129],[11198,6917,-121.637326,44.016077],[11243,6924,-121.63725,44.015964],[11373,6929,-121.636971,44.015671],[11405,6932,-121.636948,44.015584],[11479,6933,-121.636849,44.015394],[11553,6930,-121.636749,44.015204],[11627,6928,-121.63665,44.015014],[11757,6914,-121.636236,44.014819],[11789,6911,-121.636115,44.014828],[11913,6894,-121.635744,44.015038],[11979,6882,-121.635523,44.015122],[12011,6879,-121.635401,44.01514],[12064,6870,-121.635214,44.01509],[12129,6865,-121.635009,