{"trail":"Middle Fork Willamette (Lower)","distance":23554,"gain":0,"loss":217,"min":1562,"max":1788,"profile":[[0,1793,-122.452833,43.545332],[98,1789,-122.453189,43.545406],[167,1788,-122.453393,43.545523],[225,1787,-122.453613,43.545535],[252,1785,-122.453715,43.545527],[350,1784,-122.454066,43.545613],[458,1782,-122.454469,43.545568],[546,1780,-122.454803,43.54557],[588,1779,-122.454959,43.545595],[614,1780,-122.455044,43.545629],[647,1780,-122.455135,43.545689],[778,1780,-122.455402,43.545991],[864,1781,-122.455554,43.5462],[950,1781,-122.455706,43.546409],[1036,1780,-122.455858,43.546618],[1108,1780,-122.455945,43.546804],[1235,1780,-122.456026,43.547149],[1313,1780,-122.456122,43.547349],[1390,1780,-122.456218,43.547548],[1467,1780,-122.456314,43.547748],[1544,1780,-122.45641,43.547947],[1621,1780,-122.456506,43.548147],[1693,1779,-122.456626,43.548324],[1784,1778,-122.456817,43.548533],[1876,1778,-122.457007,43.548742],[1949,1778,-122.457113,43.548928],[2023,1777,-122.457219,43.549114],[2068,1776,-122.457331,43.549207],[2120,1775,-122.457501,43.54928],[2190,1773,-122.457752,43.549345],[2261,1772,-122.458002,43.54941],[2355,1770,-122.458314,43.549537],[2391,1770,-122.45842,43.549599],[2460,1770,-122.458582,43.549746],[2528,1769,-122.458743,43.549892],[2618,1768,-122.45887,43.55012],[2707,1768,-122.458997,43.550348],[2769,1768,-122.459103,43.550499],[2896,1764,-122.459456,43.550735],[2948,1764,-122.459574,43.55085],[3004,1763,-122.45966,43.550988],[3098,1763,-122.459701,43.551245],[3154,1763,-122.459695,43.551398],[3237,1763,-122.459621,43.55162],[3321,1763,-122.459547,43.551842],[3438,1761,-122.459493,43.552162],[3464,1761,-122.459453,43.552226],[3509,1761,-122.45933,43.552312],[3574,1761,-122.45913,43.552416],[3600,1761,-122.459071,43.552472],[3723,1759,-122.458909,43.55279],[3795,1758,-122.458797,43.552969],[3867,1758,-122.458686,43.553149],[3939,1758,-122.458574,43.553328],[3971,1757,-122.458515,43.553405],[4069,1758,-122.458276,43.55361],[4100,1758,-122.45823,43.55369],[4126,1758,-122.458228,43.55376],[4175,1757,-122.458292,43.553885],[4279,1755,-122.458488,43.554135],[4341,1754,-122.45858,43.554291],[4462,1752,-122.458724,43.554605],[4508,1752,-122.458743,43.554729],[4537,1751,-122.458722,43.554807],[4627,1752,-122.458576,43.555032],[4663,1752,-122.458572,43.555129],[4699,1751,-122.458612,43.555223],[4748,1750,-122.458709,43.555338],[4816,1748,-122.458876,43.555482],[4895,1746,-122.459088,43.555633],[4973,1744,-122.459299,43.555784],[5019,1743,-122.459416,43.555877],[5078,1741,-122.459543,43.556009],[5157,1740,-122.459692,43.556195],[5235,1738,-122.459842,43.556381],[5268,1737,-122.459885,43.556465],[5307,1737,-122.4599,43.556571],[5383,1736,-122.45984,43.556777],[5460,1735,-122.459779,43.556983],[5542,1734,-122.459644,43.557185],[5617,1733,-122.459455,43.557338],[5683,1733,-122.459263,43.557455],[5750,1732,-122.459071,43.557572],[5816,1731,-122.458878,43.557688],[5921,1728,-122.458573,43.557874],[5970,1727,-122.45845,43.557974],[6051,1725,-122.458322,43.558176],[6111,1723,-122.458276,43.558335],[6172,1723,-122.458228,43.5585],[6260,1723,-122.458224,43.558742],[6341,1723,-122.458288,43.558958],[6422,1722,-122.458353,43.559174],[6502,1722,-122.458417,43.55939],[6554,1721,-122.458432,43.559532],[6587,1722,-122.458403,43.559619],[6655,1722,-122.458309,43.559792],[6722,1724,-122.458214,43.559964],[6790,1726,-122.45812,43.560137],[6858,1728,-122.458026,43.56031],[6890,1729,-122.458022,43.560399],[6965,1729,-122.458059,43.560603],[7064,1730,-122.458057,43.560873],[7146,1729,-122.458093,43.561095],[7270,1731,-122.458067,43.561435],[7358,1729,-122.458146,43.561669],[7435,1725,-122.458281,43.561856],[7512,1722,-122.458415,43.562043],[7560,1721,-122.458463,43.562172],[7635,1722,-122.458471,43.562377],[7658,1723,-122.458493,43.562437],[7693,1724,-122.458555,43.562524],[7726,1725,-122.458634,43.562592],[7799,1727,-122.458844,43.562724],[7873,1730,-122.459055,43.562855],[7925,1729,-122.459234,43.562917],[8020,1726,-122.459571,43.563006],[8115,1725,-122.459909,43.563094],[8164,1725,-122.460075,43.563154],[8219,1726,-122.460244,43.563244],[8301,1727,-122.460458,43.563406],[8383,1728,-122.460672,43.563569],[8475,1728,-122.460894,43.563762],[8520,1729,-122.460977,43.563871],[8612,1729,-122.461109,43.564102],[8644,1728,-122.461188,43.56417],[8697,1726,-122.461355,43.564248],[8824,1721,-122.461795,43.56439],[8886,1719,-122.461985,43.564491],[8948,1718,-122.462151,43.564611],[9037,1715,-122.462347,43.564807],[9069,1714,-122.462404,43.564886],[9147,1713,-122.462502,43.565089],[9220,1712,-122.462549,43.565283],[9292,1711,-122.462597,43.565478],[9378,1711,-122.462601,43.565714],[9464,1710,-122.462605,43.565951],[9550,1708,-122.462609,43.566187],[9624,1707,-122.462578,43.566388],[9697,1705,-122.462547,43.566588],[9782,1706,-122.462432,43.566805],[9867,1705,-122.462316,43.567021],[9922,1703,-122.46231,43.567172],[10007,1699,-122.462376,43.567401],[10063,1697,-122.46239,43.567552],[10154,1694,-122.462378,43.567802],[10222,1692,-122.462464,43.567979],[10353,1687,-122.462702,43.568294],[10464,1683,-122.462929,43.568549],[10506,1682,-122.462977,43.56866],[10564,1681,-122.462986,43.568818],[10594,1681,-122.462926,43.568889],[10623,1682,-122.46283,43.568926],[10691,1683,-122.462584,43.568977],[10716,1683,-122.462518,43.569026],[10742,1682,-122.462476,43.56909],[10812,1681,-122.462404,43.569275],[10882,1680,-122.462332,43.569459],[11012,1677,-122.462232,43.569809],[11112,1676,-122.462065,43.570056],[11141,1675,-122.462043,43.570134],[11230,1674,-122.462048,43.570377],[11285,1673,-122.462017,43.570527],[11383,1671,-122.461897,43.570781],[11429,1671,-122.461877,43.570906],[11501,1670,-122.461878,43.571103],[11573,1669,-122.461879,43.571301],[11635,1668,-122.461834,43.571466],[11760,1667,-122.461695,43.571794],[11812,1667,-122.461689,43.571936],[11929,1665,-122.461771,43.572253],[11958,1665,-122.46176,43.572332],[12083,1664,-122.461607,43.572655],[12153,1664,-122.461543,43.572843],[12224,1664,-122.461478,43.57303],[12293,1663,-122.461471,43.573218],[12361,1663,-122.461465,43.573407],[12430,1662,-122.461458,43.573595],[12488,1662,-122.461505,43.573751],[12560,1661,-122.461648,43.573919],[12632,1661,-122.461791,43.574086],[12704,1661,-122.461898,43.574268],[12772,1661,-122.461942,43.574451],[12840,1661,-122.461986,43.574634],[12907,1660,-122.46203,43.574817],[12975,1660,-122.462074,43.575],[13004,1660,-122.462066,43.57508],[13044,1660,-122.46202,43.575182],[13093,1659,-122.461936,43.575302],[13125,1659,-122.461861,43.575371],[13206,1659,-122.461607,43.575495],[13250,1659,-122.461486,43.575581],[13279,1659,-122.461447,43.575655],[13305,1659,-122.461444,43.575726],[13399,1658,-122.461519,43.575976],[13492,1656,-122.461594,43.576226],[13560,1656,-122.461742,43.57638],[13629,1655,-122.461889,43.576534],[13654,1654,-122.461919,43.576601],[13703,1653,-122.461933,43.576735],[13730,1653,-122.46192,43.576806],[13788,1652,-122.461838,43.576955],[13867,1652,-122.461679,43.577137],[13955,1652,-122.461536,43.577356],[14066,1651,-122.461422,43.577649],[14119,1651,-122.461397,43.577792],[14158,1650,-122.461405,43.577899],[14234,1649,-122.461437,43.578107],[14311,1648,-122.46147,43.578316],[14387,1647,-122.461502,43.578524],[14439,1645,-122.461482,43.578666],[14570,1643,-122.461369,43.579016],[14641,1642,-122.461357,43.579209],[14711,1641,-122.461345,43.579401],[14756,1640,-122.461292,43.579517],[14784,1640,-122.461214,43.579571],[14872,1640,-122.460919,43.579682],[14904,1640,-122.460843,43.579751],[15025,1637,-122.460624,43.580043],[15099,1635,-122.460428,43.580187],[15173,1634,-122.460233,43.580331],[15246,1633,-122.460037,43.580475],[15320,1632,-122.459842,43.580619],[15382,1631,-122.459691,43.58075],[15457,1630,-122.459578,43.580938],[15578,1627,-122.459498,43.581264],[15676,1626,-122.459308,43.581495],[15748,1625,-122.45914,43.581649],[15782,1625,-122.45903,43.581698],[15851,1625,-122.458774,43.581744],[15921,1625,-122.458518,43.58179],[15991,1625,-122.458263,43.581836],[16060,1626,