{"trail":"Middle Trail","distance":14587,"gain":582,"loss":635,"min":1329,"max":1497,"profile":[[0,1459,-85.381515,34.91298],[25,1455,-85.381498,34.913047],[50,1455,-85.381482,34.913114],[75,1455,-85.381465,34.913182],[100,1459,-85.381448,34.913249],[125,1461,-85.381431,34.913316],[150,1461,-85.381415,34.913383],[175,1463,-85.381398,34.91345],[200,1461,-85.381381,34.913517],[225,1462,-85.381364,34.913584],[250,1460,-85.381348,34.913651],[275,1458,-85.381331,34.913719],[300,1456,-85.381323,34.913786],[325,1455,-85.381325,34.913855],[350,1453,-85.381327,34.913923],[375,1452,-85.38133,34.913992],[400,1450,-85.381332,34.91406],[425,1449,-85.381334,34.914129],[450,1449,-85.381336,34.914197],[475,1448,-85.381338,34.914266],[500,1448,-85.381341,34.914334],[525,1447,-85.381343,34.914403],[549,1450,-85.381319,34.914467],[574,1451,-85.381284,34.914529],[599,1454,-85.381249,34.914591],[624,1457,-85.381214,34.914654],[649,1459,-85.381178,34.914716],[674,1461,-85.381143,34.914778],[699,1460,-85.381108,34.91484],[724,1458,-85.38108,34.914904],[749,1454,-85.381065,34.914972],[774,1455,-85.38105,34.915039],[799,1454,-85.381035,34.915107],[824,1455,-85.38102,34.915174],[849,1455,-85.381005,34.915241],[874,1455,-85.380989,34.915309],[899,1458,-85.380974,34.915376],[924,1457,-85.380959,34.915443],[949,1456,-85.380944,34.915511],[974,1457,-85.380929,34.915578],[999,1456,-85.380914,34.915646],[1024,1454,-85.380898,34.915713],[1049,1456,-85.380883,34.91578],[1074,1456,-85.380868,34.915848],[1099,1455,-85.380853,34.915915],[1124,1457,-85.380838,34.915983],[1149,1457,-85.380831,34.91605],[1174,1457,-85.380838,34.916119],[1199,1457,-85.380844,34.916187],[1224,1454,-85.380851,34.916255],[1249,1454,-85.380858,34.916324],[1274,1454,-85.380864,34.916392],[1299,1453,-85.380871,34.91646],[1324,1456,-85.380844,34.916525],[1349,1456,-85.380814,34.916589],[1374,1459,-85.380785,34.916653],[1399,1462,-85.380756,34.916717],[1423,1466,-85.380706,34.91677],[1448,1468,-85.380642,34.916813],[1473,1471,-85.380577,34.916856],[1498,1471,-85.380512,34.916899],[1523,1468,-85.380447,34.916943],[1548,1466,-85.380382,34.916986],[1573,1463,-85.380318,34.917029],[1598,1462,-85.380253,34.917073],[1623,1467,-85.380188,34.917116],[1647,1470,-85.380139,34.91717],[1672,1476,-85.3801,34.91723],[1697,1480,-85.38006,34.917291],[1722,1484,-85.380021,34.917351],[1747,1488,-85.379982,34.917412],[1772,1491,-85.379942,34.917472],[1797,1493,-85.379903,34.917533],[1822,1493,-85.379864,34.917593],[1847,1495,-85.379824,34.917654],[1872,1496,-85.379785,34.917714],[1897,1497,-85.379746,34.917774],[1922,1497,-85.379706,34.917835],[1947,1497,-85.379667,34.917895],[1972,1497,-85.379648,34.91796],[1997,1497,-85.379648,34.918029],[2022,1496,-85.379648,34.918097],[2047,1496,-85.379648,34.918166],[2072,1496,-85.379648,34.918234],[2097,1494,-85.379648,34.918303],[2119,1493,-85.37964,34.918364],[2141,1493,-85.379625,34.918422],[2166,1494,-85.379624,34.918491],[2191,1495,-85.379622,34.918559],[2216,1496,-85.37962,34.918628],[2241,1496,-85.379619,34.918696],[2266,1496,-85.379617,34.918765],[2291,1494,-85.379616,34.918833],[2316,1491,-85.379614,34.918902],[2341,1488,-85.379612,34.91897],[2366,1484,-85.379611,34.919039],[2391,1481,-85.379609,34.919107],[2416,1480,-85.379607,34.919176],[2441,1478,-85.379606,34.919244],[2464,1476,-85.379657,34.91929],[2489,1473,-85.379727,34.919328],[2514,1469,-85.379796,34.919366],[2539,1466,-85.379866,34.919404],[2564,1463,-85.379936,34.919442],[2589,1460,-85.380005,34.91948],[2614,1458,-85.380075,34.919518],[2638,1453,-85.380133,34.919564],[2663,1450,-85.38017,34.919625],[2688,1447,-85.380208,34.919687],[2713,1446,-85.380245,34.919748],[2738,1441,-85.380283,34.919809],[2762,1437,-85.380351,34.919843],[2787,1432,-85.380429,34.919867],[2812,1428,-85.380507,34.919891],[2837,1425,-85.380586,34.919915],[2862,1420,-85.380664,34.919939],[2887,1415,-85.380742,34.919963],[2912,1409,-85.38082,34.919986],[2937,1404,-85.380899,34.92001],[2962,1403,-85.380977,34.920034],[2987,1401,-85.381055,34.920058],[3012,1403,-85.381134,34.920082],[3037,1407,-85.381212,34.920106],[3062,1411,-85.38129,34.92013],[3087,1417,-85.381368,34.920154],[3112,1421,-85.381447,34.920178],[3137,1425,-85.381525,34.920202],[3162,1428,-85.381603,34.920226],[3187,1429,-85.381682,34.92025],[3212,1428,-85.38176,34.920274],[3237,1427,-85.381838,34.920298],[3262,1427,-85.381916,34.920322],[3287,1424,-85.381995,34.920346],[3312,1424,-85.382073,34.92037],[3337,1423,-85.382151,34.920394],[3362,1421,-85.38223,34.920418],[3387,1421,-85.382308,34.920442],[3412,1418,-85.382386,34.920466],[3436,1412,-85.382468,34.920476],[3461,1407,-85.382551,34.920478],[3486,1402,-85.382635,34.920479],[3511,1396,-85.382718,34.92048],[3536,1390,-85.382802,34.920482],[3561,1385,-85.382885,34.920483],[3586,1379,-85.382969,34.920484],[3611,1373,-85.383053,34.920486],[3636,1368,-85.383136,34.920487],[3661,1365,-85.38322,34.920488],[3686,1363,-85.383303,34.92049],[3711,1363,-85.383387,34.920491],[3736,1363,-85.38347,34.920492],[3755,1366,-85.383514,34.920529],[3780,1368,-85.383521,34.920597],[3805,1370,-85.383528,34.920665],[3827,1372,-85.383506,34.920725],[3852,1373,-85.383446,34.920772],[3877,1375,-85.383386,34.92082],[3902,1376,-85.383326,34.920868],[3927,1378,-85.383266,34.920915],[3952,1380,-85.383206,34.920963],[3977,1380,-85.383146,34.921011],[4002,1379,-85.383086,34.921058],[4027,1379,-85.383026,34.921106],[4052,1378,-85.382966,34.921154],[4077,1376,-85.382906,34.921201],[4102,1374,-85.382855,34.921254],[4127,1371,-85.382821,34.921317],[4152,1366,-85.382787,34.921379],[4177,1363,-85.382753,34.921442],[4202,1356,-85.382719,34.921505],[4227,1349,-85.382685,34.921567],[4252,1341,-85.382651,34.92163],[4277,1332,-85.382617,34.921692],[4300,1332,-85.382546,34.921712],[4325,1331,-85.382463,34.921719],[4349,1329,-85.382381,34.921719],[4374,1331,-85.382308,34.921685],[4399,1334,-85.382235,34.921652],[4424,1337,-85.382162,34.921619],[4449,1335,-85.382089,34.921585],[4474,1338,-85.382016,34.921552],[4499,1341,-85.381941,34.921523],[4524,1342,-85.381865,34.921493],[4549,1342,-85.381789,34.921464],[4574,1346,-85.381714,34.921435],[4599,1347,-85.381638,34.921406],[4624,1343,-85.38156,34.921381],[4649,1344,-85.381483,34.921356],[4674,1347,-85.381405,34.92133],[4699,1345,-85.381327,34.921305],[4724,1344,-85.38125,34.92128],[4749,1345,-85.381172,34.921254],[4774,1347,-85.381094,34.921229],[4799,1344,-85.381016,34.921204],[4824,1347,-85.380939,34.921179],[4849,1349,-85.380861,34.921153],[4874,1345,-85.380783,34.921128],[4899,1343,-85.380706,34.921103],[4924,1340,-85.380628,34.921078],[4949,1339,-85.38055,34.921052],[4974,1336,-85.380473,34.921027],[4999,1343,-85.380395,34.921002],[5024,1355,-85.380317,34.920976],[5047,1363,-85.38024,34.920985],[5072,1368,-85.380162,34.92101],[5097,1368,-85.380084,34.921035],[5122,1371,-85.380006,34.92106],[5147,1376,-85.379928,34.921085],[5172,1376,-85.37985,34.92111],[5189,1377,-85.379795,34.921104],[5214,1386,-85.379783,34.921036],[5239,1395,-85.379772,34.920968],[5264,1403,-85.37976,34.9209],[5289,1409,-85.379749,34.920832],[5314,1415,-85.379738,34.920765],[5339,1422,-85.379726,34.920697],[5364,1426,-85.379715,34.920629],[5385,1429,-85.379645,34.920621],[5410,1432,-85.379561,34.920626],[5435,1433,-85.379478,34.920632],[5460,1433,-85.379395,34.920637],[5485,1435,-85.379311,34.920643],[5510,1437,-85.379228,34.920648],[5531,1438,-85.379168,34.920677],[5556,1433,-85.379147,34.920743],[5581,1434,-85.379126,34.920809],[5606,1430,-85.379104,34.920875],[5631,1432,-85.379083,34.920942],[5656,1431,-85.379062,34.921008],[5681,1434,-85.37904,34.921074],[5706,1433,-85.379019,34.92114],[5731,1435,-85.378998,34.921207],[5756,1433,-85.378977,34.921273],[5781,1435,-85.378947,34.921336],[5806,1436,-85.378898,34.921392],[5831,1436,-85.378849,34.921447],[5856,1437,-85.3788,34.921502],[5881,1436,-85.378751,34.921558],[5906,1441,-85.378702,34.921613],[5931,1440,-85.378652,34.921669],[5956,1441,-85.378603,34.921724],[5981,1441,-85.378554,34.921779],[6006,1439,