{"trail":"Mindbender","distance":3210,"gain":55,"loss":246,"min":892,"max":1083,"profile":[[0,1083,-85.041347,35.042875],[25,1079,-85.041311,35.042937],[50,1076,-85.041275,35.042999],[75,1076,-85.04124,35.043061],[100,1071,-85.041204,35.043123],[125,1064,-85.041163,35.043181],[150,1061,-85.041096,35.043222],[175,1060,-85.041029,35.043263],[200,1057,-85.040962,35.043304],[225,1059,-85.040895,35.043345],[250,1059,-85.040828,35.043386],[275,1060,-85.040761,35.043428],[300,1064,-85.040694,35.043469],[325,1064,-85.040627,35.04351],[350,1066,-85.04056,35.043551],[375,1064,-85.040493,35.043592],[399,1060,-85.040452,35.043651],[424,1057,-85.040413,35.043712],[449,1055,-85.040374,35.043772],[474,1057,-85.040335,35.043833],[499,1056,-85.040296,35.043894],[524,1055,-85.040257,35.043954],[549,1056,-85.040218,35.044015],[574,1056,-85.040178,35.044075],[599,1057,-85.040139,35.044136],[624,1059,-85.0401,35.044197],[649,1057,-85.040078,35.044261],[674,1053,-85.040074,35.04433],[699,1048,-85.04007,35.044398],[724,1041,-85.040066,35.044466],[749,1035,-85.040062,35.044535],[771,1030,-85.040034,35.044592],[796,1028,-85.039963,35.044629],[821,1026,-85.039893,35.044666],[846,1027,-85.039822,35.044703],[871,1028,-85.039752,35.04474],[896,1028,-85.039681,35.044777],[921,1031,-85.039611,35.044814],[946,1035,-85.03954,35.044851],[969,1033,-85.039516,35.044911],[994,1032,-85.039508,35.044979],[1019,1035,-85.0395,35.045047],[1044,1034,-85.039491,35.045116],[1069,1032,-85.039483,35.045184],[1094,1028,-85.039475,35.045252],[1119,1022,-85.039466,35.04532],[1144,1017,-85.039456,35.045387],[1169,1018,-85.039374,35.045397],[1194,1018,-85.039291,35.045406],[1219,1017,-85.039208,35.045416],[1244,1011,-85.039125,35.045426],[1269,1011,-85.039042,35.045435],[1277,1007,-85.039051,35.045457],[1302,1006,-85.039126,35.045488],[1327,1004,-85.039201,35.045519],[1352,1001,-85.039276,35.045549],[1377,1000,-85.039351,35.04558],[1402,998,-85.039426,35.045611],[1427,994,-85.039501,35.045641],[1451,993,-85.039575,35.045663],[1476,995,-85.039648,35.04563],[1501,993,-85.039721,35.045596],[1526,991,-85.039794,35.045563],[1551,987,-85.039867,35.045529],[1574,987,-85.039919,35.045482],[1599,985,-85.039943,35.045416],[1624,987,-85.039967,35.045351],[1649,984,-85.039991,35.045285],[1674,985,-85.040015,35.045219],[1698,984,-85.040044,35.045158],[1723,978,-85.040127,35.045153],[1748,972,-85.040211,35.045149],[1773,968,-85.040294,35.045144],[1798,966,-85.040378,35.045139],[1823,962,-85.040461,35.045135],[1848,957,-85.040545,35.04513],[1873,953,-85.040628,35.045125],[1897,955,-85.0407,35.045096],[1922,955,-85.040764,35.045052],[1947,957,-85.040827,35.045007],[1972,958,-85.040891,35.044963],[1987,956,-85.040939,35.044948],[2012,951,-85.040939,35.045016],[2037,945,-85.040939,35.045085],[2062,945,-85.040871,35.045122],[2087,943,-85.040799,35.045158],[2112,942,-85.040728,35.045193],[2137,943,-85.040656,35.045229],[2162,943,-85.040585,35.045265],[2187,947,-85.040513,35.0453],[2210,948,-85.040449,35.045334],[2235,942,-85.040533,35.045341],[2260,939,-85.040616,35.045347],[2285,932,-85.040699,35.045353],[2310,928,-85.040783,35.045359],[2335,924,-85.040866,35.045365],[2359,922,-85.040946,35.045357],[2384,922,-85.041019,35.045324],[2409,923,-85.041093,35.045291],[2434,925,-85.041166,35.045258],[2459,924,-85.04124,35.045225],[2484,923,-85.041313,35.045193],[2509,923,-85.041386,35.04516],[2534,921,-85.041435,35.045104],[2559,919,-85.041482,35.045048],[2584,919,-85.04153,35.044991],[2609,919,-85.041577,35.044935],[2634,921,-85.041625,35.044878],[2658,918,-85.041702,35.044853],[2683,915,-85.04178,35.044829],[2708,917,-85.041859,35.044804],[2733,919,-85.041937,35.04478],[2758,920,-85.042015,35.044755],[2783,921,-85.042093,35.044731],[2808,921,-85.042171,35.044706],[2833,918,-85.04225,35.044682],[2858,915,-85.042328,35.044658],[2882,909,-85.042404,35.044669],[2899,905,-85.042421,35.044715],[2924,904,-85.042382,35.044775],[2949,903,-85.042342,35.044836],[2974,901,-85.042303,35.044896],[2999,900,-85.042263,35.044956],[3024,898,-85.042224,35.045017],[3049,896,-85.042185,35.045077],[3074,895,-85.042145,35.045138],[3099,894,-85.042106,35.045198],[3115,893,-85.042157,35.045187],[3140,893,-85.042231,35.045156],[3165,893,-85.042306,35.045126],[3190,893,-85.042381,35.045095],[3210,892,-85.042441,35.045071]]}