{"trail":"Moccassin Bend Greenway","distance":5955,"gain":87,"loss":83,"min":634,"max":676,"profile":[[0,658,-85.307636,35.056401],[25,652,-85.307626,35.056469],[50,645,-85.307616,35.056537],[75,638,-85.307606,35.056605],[100,635,-85.307596,35.056673],[125,634,-85.307585,35.056741],[150,634,-85.307575,35.056809],[175,634,-85.307565,35.056877],[200,634,-85.307555,35.056945],[225,634,-85.307545,35.057013],[250,634,-85.307534,35.057081],[275,634,-85.307524,35.057149],[300,634,-85.307514,35.057217],[325,634,-85.307504,35.057285],[350,634,-85.307494,35.057353],[375,634,-85.307483,35.057421],[400,634,-85.307473,35.057489],[425,634,-85.307463,35.057557],[450,634,-85.307453,35.057625],[475,634,-85.307443,35.057693],[500,634,-85.307433,35.057761],[525,634,-85.307422,35.057829],[550,634,-85.307412,35.057897],[575,634,-85.307402,35.057965],[600,634,-85.307392,35.058033],[625,634,-85.307382,35.058101],[650,634,-85.307371,35.058169],[675,634,-85.307361,35.058237],[700,634,-85.307351,35.058305],[725,634,-85.307341,35.058373],[750,634,-85.307331,35.058441],[775,634,-85.30732,35.058509],[800,634,-85.30731,35.058577],[825,634,-85.3073,35.058645],[850,634,-85.30729,35.058713],[875,634,-85.30728,35.058781],[900,634,-85.307269,35.058849],[925,634,-85.307259,35.058917],[950,634,-85.307249,35.058986],[975,634,-85.307239,35.059054],[1000,634,-85.307229,35.059122],[1025,634,-85.307219,35.05919],[1050,634,-85.307208,35.059258],[1075,634,-85.307198,35.059326],[1100,634,-85.307188,35.059394],[1125,634,-85.307178,35.059462],[1150,634,-85.307168,35.05953],[1175,634,-85.307157,35.059598],[1200,634,-85.307147,35.059666],[1225,634,-85.307137,35.059734],[1250,634,-85.307127,35.059802],[1275,636,-85.307117,35.05987],[1300,641,-85.307106,35.059938],[1325,647,-85.307096,35.060006],[1350,650,-85.307086,35.060074],[1375,651,-85.307076,35.060142],[1400,651,-85.307066,35.06021],[1425,652,-85.307056,35.060278],[1450,653,-85.307045,35.060346],[1475,653,-85.307035,35.060414],[1500,654,-85.307025,35.060482],[1525,655,-85.307015,35.06055],[1550,655,-85.307005,35.060618],[1575,656,-85.306994,35.060686],[1600,656,-85.306984,35.060754],[1625,657,-85.306974,35.060822],[1650,657,-85.306964,35.06089],[1675,658,-85.306954,35.060958],[1700,658,-85.30694,35.061026],[1725,659,-85.306924,35.061093],[1750,659,-85.306908,35.06116],[1775,660,-85.306892,35.061227],[1800,661,-85.306876,35.061295],[1825,662,-85.30686,35.061362],[1850,662,-85.306844,35.061429],[1875,663,-85.306828,35.061496],[1900,664,-85.306812,35.061564],[1925,665,-85.306796,35.061631],[1950,666,-85.30678,35.061698],[1975,668,-85.306764,35.061766],[2000,669,-85.306748,35.061833],[2025,670,-85.306732,35.0619],[2050,671,-85.306716,35.061967],[2075,672,-85.3067,35.062035],[2100,673,-85.306684,35.062102],[2125,674,-85.306668,35.062169],[2150,675,-85.306652,35.062236],[2175,676,-85.306636,35.062304],[2176,676,-85.306631,35.062304],[2201,676,-85.306639,35.062235],[2226,675,-85.306646,35.062167],[2251,673,-85.306653,35.062099],[2276,672,-85.30666,35.062031],[2301,671,-85.306668,35.061962],[2321,670,-85.306719,35.061929],[2346,670,-85.306802,35.06192],[2371,669,-85.306885,35.061912],[2396,669,-85.306968,35.061904],[2421,668,-85.307051,35.061895],[2446,667,-85.307134,35.061887],[2471,667,-85.307217,35.061879],[2496,666,-85.3073,35.06187],[2521,666,-85.307384,35.061862],[2546,665,-85.307467,35.061854],[2571,665,-85.30755,35.061845],[2596,665,-85.307633,35.061837],[2621,665,-85.307716,35.061828],[2646,664,-85.307799,35.06182],[2671,664,-85.307882,35.061812],[2694,664,-85.307921,35.061756],[2719,664,-85.307954,35.061693],[2744,663,-85.307986,35.06163],[2769,663,-85.307996,35.061564],[2794,663,-85.307987,35.061496],[2819,662,-85.307978,35.061428],[2844,662,-85.307969,35.061359],[2869,661,-85.30796,35.061291],[2894,661,-85.307951,35.061223],[2919,660,-85.307942,35.061155],[2944,659,-85.307933,35.061087],[2969,659,-85.307924,35.061019],[2994,658,-85.307915,35.060951],[3018,659,-85.307933,35.061016],[3043,659,-85.307951,35.061083],[3068,660,-85.30797,35.06115],[3093,661,-85.307988,35.061217],[3118,661,-85.308006,35.061284],[3143,662,-85.308024,35.061351],[3168,662,-85.308042,35.061418],[3189,662,-85.308096,35.061379],[3214,661,-85.308153,35.061329],[3239,661,-85.30821,35.061279],[3264,660,-85.308267,35.061229],[3289,660,-85.308325,35.061179],[3314,659,-85.308371,35.061124],[3339,659,-85.308388,35.061057],[3364,658,-85.308405,35.06099],[3389,658,-85.308422,35.060923],[3414,657,-85.308439,35.060856],[3439,656,-85.308456,35.060789],[3464,656,-85.308474,35.060722],[3489,655,-85.308491,35.060655],[3514,655,-85.308508,35.060588],[3539,654,-85.308525,35.060521],[3564,653,-85.308542,35.060454],[3588,653,-85.30856,35.060387],[3613,652,-85.308625,35.060343],[3638,652,-85.308689,35.060299],[3663,652,-85.308753,35.060255],[3688,649,-85.308817,35.060212],[3713,646,-85.308882,35.060168],[3738,642,-85.308946,35.060125],[3763,642,-85.309029,35.060135],[3788,644,-85.309112,35.060146],[3813,644,-85.309194,35.060156],[3838,643,-85.309277,35.060167],[3863,646,-85.30936,35.060178],[3888,645,-85.309443,35.060188],[3913,645,-85.309525,35.060199],[3938,645,-85.309608,35.06021],[3963,648,-85.309691,35.06022],[3988,648,-85.309773,35.060231],[4013,648,-85.309856,35.060241],[4038,652,-85.309939,35.060252],[4063,653,-85.310022,35.060263],[4088,653,-85.310105,35.060264],[4113,652,-85.310189,35.060263],[4138,652,-85.310272,35.060262],[4163,652,-85.310356,35.060261],[4188,653,-85.31044,35.06026],[4213,653,-85.310524,35.060259],[4238,653,-85.310607,35.060258],[4263,654,-85.310691,35.060257],[4288,654,-85.310775,35.060256],[4313,655,-85.310858,35.060255],[4338,655,-85.310942,35.060254],[4363,655,-85.311026,35.060253],[4388,655,-85.31111,35.060252],[4413,655,-85.311193,35.060251],[4438,655,-85.311277,35.060251],[4463,655,-85.311361,35.06025],[4488,655,-85.311444,35.060249],[4513,655,-85.311528,35.060248],[4534,655,-85.311529,35.060304],[4559,655,-85.311513,35.060371],[4584,654,-85.311498,35.060439],[4609,653,-85.311482,35.060506],[4634,653,-85.311467,35.060573],[4659,651,-85.311451,35.060641],[4684,650,-85.311436,35.060708],[4709,649,-85.311421,35.060775],[4733,648,-85.311428,35.060841],[4758,646,-85.311459,35.060905],[4783,644,-85.31149,35.060968],[4808,642,-85.311521,35.061032],[4833,640,-85.311553,35.061095],[4858,640,-85.311584,35.061159],[4883,639,-85.311615,35.061223],[4908,638,-85.311646,35.061286],[4932,638,-85.311667,35.061351],[4957,638,-85.311651,35.061418],[4982,638,-85.311635,35.061485],[5007,638,-85.311619,35.061553],[5032,639,-85.311603,35.06162],[5057,639,-85.311587,35.061687],[5082,641,-85.311571,35.061754],[5107,645,-85.311556,35.061822],[5130,648,-85.311551,35.061884],[5155,651,-85.311627,35.061913],[5180,655,-85.311702,35.061942],[5205,658,-85.311778,35.061971],[5230,659,-85.311854,35.062],[5254,660,-85.311871,35.062064],[5279,660,-85.311879,35.062132],[5304,661,-85.311887,35.0622],[5329,661,-85.311896,35.062268],[5354,661,-85.311904,35.062336],[5379,661,-85.311912,35.062405],[5404,662,-85.311921,35.062473],[5429,662,-85.311929,35.062541],[5454,662,-85.311937,35.062609],[5479,662,-85.311946,35.062677],[5499,662,-85.311997,35.062713],[5524,662,-85.312079,35.062724],[5549,663,-85.312162,35.062735],[5573,663,-85.312244,35.062733],[5598,663,-85.312324,35.062714],[5623,663,-85.312404,35.062695],[5648,663,-85.312485,35.062676],[5673,663,-85.312565,35.062657],[5698,663,-85.312646,35.062638],[5723,663,-85.312726,35.062619],[5748,663,-85.312807,35.0626],[5773,663,-85.312887,35.062581],[5798,662,-85.312968,35.062562],[5823,662,-85.313048,35.062543],[5848,662,-85.313128,35.062524],[5873,662,-85.313209,35.062505],[5898,662,-85.313289,35.062486],[5923,662,-85.31337,35.062467],[5948,662,-85.31345,35.062448],[5955,662,-85.313473,35.062443]]}