{"trail":"Moccasin Bend Route","distance":11825,"gain":151,"loss":138,"min":646,"max":725,"profile":[[0,646,-85.305855,35.060177],[25,648,-85.305817,35.060238],[50,650,-85.305778,35.060299],[75,650,-85.305739,35.060359],[100,650,-85.3057,35.06042],[125,650,-85.305661,35.060481],[150,650,-85.305623,35.060542],[175,650,-85.305584,35.060602],[200,650,-85.305545,35.060663],[225,649,-85.305506,35.060724],[250,649,-85.305468,35.060785],[275,649,-85.305429,35.060845],[300,649,-85.30539,35.060906],[325,650,-85.305351,35.060967],[350,652,-85.305313,35.061028],[375,653,-85.305274,35.061088],[400,656,-85.305235,35.061149],[425,659,-85.305196,35.06121],[450,661,-85.305158,35.06127],[475,661,-85.305119,35.061331],[493,662,-85.305151,35.061374],[518,662,-85.305225,35.061405],[543,663,-85.3053,35.061436],[568,663,-85.305374,35.061467],[593,664,-85.305449,35.061498],[618,664,-85.305523,35.06153],[643,665,-85.305598,35.061561],[668,666,-85.305672,35.061592],[693,666,-85.305747,35.061623],[718,667,-85.305822,35.061655],[743,667,-85.305896,35.061686],[768,668,-85.305971,35.061717],[793,669,-85.306052,35.061732],[818,669,-85.306134,35.061744],[843,669,-85.306217,35.061755],[868,669,-85.306299,35.061766],[893,669,-85.306382,35.061778],[918,669,-85.306464,35.061789],[943,669,-85.306547,35.061801],[968,669,-85.306629,35.061812],[993,669,-85.306712,35.061824],[1018,669,-85.306795,35.061835],[1043,668,-85.306877,35.061847],[1068,667,-85.30696,35.061858],[1093,668,-85.307042,35.061869],[1118,667,-85.307125,35.061881],[1143,667,-85.307207,35.061892],[1168,667,-85.30729,35.061904],[1193,666,-85.307372,35.061915],[1218,666,-85.307452,35.061895],[1243,665,-85.307531,35.061873],[1268,665,-85.30761,35.06185],[1293,665,-85.307689,35.061828],[1318,664,-85.307768,35.061806],[1343,664,-85.307847,35.061783],[1368,664,-85.307926,35.061761],[1392,664,-85.307975,35.061707],[1417,663,-85.308018,35.061648],[1442,663,-85.308062,35.06159],[1467,663,-85.308105,35.061531],[1492,662,-85.308149,35.061473],[1517,662,-85.308192,35.061414],[1542,661,-85.308236,35.061356],[1567,661,-85.308279,35.061297],[1592,660,-85.308323,35.061239],[1617,660,-85.308366,35.06118],[1642,659,-85.30841,35.061122],[1667,659,-85.308453,35.061063],[1692,658,-85.308497,35.061004],[1717,658,-85.308538,35.060945],[1742,657,-85.308551,35.060878],[1767,657,-85.308563,35.06081],[1792,656,-85.308576,35.060742],[1817,656,-85.308589,35.060674],[1842,655,-85.308601,35.060607],[1867,654,-85.308614,35.060539],[1892,653,-85.308626,35.060471],[1917,653,-85.308639,35.060403],[1940,652,-85.308682,35.060352],[1965,652,-85.308753,35.060317],[1990,652,-85.308825,35.060282],[2012,651,-85.308901,35.060276],[2037,652,-85.30898,35.060298],[2061,652,-85.309052,35.060324],[2086,653,-85.309042,35.060392],[2111,653,-85.309032,35.06046],[2136,653,-85.309022,35.060528],[2161,654,-85.309012,35.060596],[2186,655,-85.309002,35.060664],[2211,655,-85.308992,35.060732],[2236,656,-85.308982,35.0608],[2261,656,-85.308972,35.060868],[2286,657,-85.308962,35.060936],[2311,657,-85.308952,35.061004],[2336,657,-85.308942,35.061073],[2361,658,-85.308932,35.061141],[2386,658,-85.308925,35.061209],[2411,658,-85.308931,35.061277],[2436,658,-85.308937,35.061345],[2461,659,-85.308943,35.061414],[2486,659,-85.308949,35.061482],[2511,659,-85.308955,35.06155],[2536,659,-85.308961,35.061619],[2561,658,-85.308967,35.061687],[2586,657,-85.308973,35.061755],[2611,656,-85.30898,35.061824],[2636,654,-85.308986,35.061892],[2661,653,-85.308992,35.06196],[2686,651,-85.308998,35.062029],[2711,651,-85.309004,35.062097],[2735,651,-85.309012,35.062165],[2760,651,-85.309065,35.062218],[2785,651,-85.309118,35.062271],[2810,651,-85.309171,35.062324],[2835,649,-85.309224,35.062377],[2860,650,-85.309277,35.06243],[2885,650,-85.30933,35.062483],[2910,653,-85.309383,35.062536],[2935,655,-85.309457,35.062564],[2960,658,-85.309537,35.062584],[2985,659,-85.309617,35.062604],[3010,660,-85.309697,35.062624],[3035,660,-85.309777,35.062644],[3060,661,-85.309857,35.062665],[3085,661,-85.309937,35.062685],[3110,661,-85.310017,35.062705],[3135,662,-85.310097,35.062725],[3160,662,-85.310177,35.062745],[3185,662,-85.310257,35.062765],[3210,662,-85.310337,35.062785],[3235,662,-85.310417,35.062806],[3260,662,-85.310497,35.062826],[3284,662,-85.310578,35.062814],[3309,663,-85.310659,35.062796],[3334,663,-85.310739,35.062777],[3359,663,-85.31082,35.062759],[3384,663,-85.3109,35.06274],[3409,663,-85.310981,35.062721],[3434,662,-85.311062,35.062703],[3459,662,-85.311142,35.062684],[3484,662,-85.311223,35.062666],[3509,662,-85.311303,35.062647],[3534,662,-85.311384,35.062629],[3559,662,-85.311465,35.06261],[3584,662,-85.311545,35.062592],[3609,662,-85.311626,35.062573],[3634,662,-85.311706,35.062555],[3652,662,-85.31175,35.062591],[3677,662,-85.311774,35.062657],[3702,662,-85.311797,35.062723],[3727,663,-85.311821,35.062788],[3750,663,-85.311851,35.062845],[3775,663,-85.311933,35.062832],[3800,663,-85.312014,35.062815],[3825,663,-85.312095,35.062797],[3850,663,-85.312176,35.062779],[3875,663,-85.312256,35.062761],[3900,663,-85.312337,35.062743],[3925,663,-85.312418,35.062725],[3950,663,-85.312499,35.062707],[3975,663,-85.31258,35.062689],[4000,663,-85.31266,35.062672],[4025,663,-85.312741,35.062654],[4050,663,-85.312822,35.062636],[4075,663,-85.312903,35.062618],[4100,662,-85.312984,35.0626],[4125,662,-85.313064,35.062582],[4150,662,-85.313145,35.062564],[4175,662,-85.313226,35.062546],[4200,662,-85.313307,35.062528],[4225,662,-85.313388,35.06251],[4250,662,-85.313468,35.062492],[4275,662,-85.313549,35.062474],[4300,662,-85.31363,35.062456],[4325,662,-85.313711,35.062438],[4350,662,-85.313792,35.06242],[4375,661,-85.313873,35.062403],[4400,661,-85.313953,35.062385],[4425,661,-85.314034,35.062367],[4450,661,-85.314115,35.062349],[4475,661,-85.314196,35.062331],[4500,661,-85.314277,35.062313],[4525,661,-85.314357,35.062295],[4550,661,-85.314438,35.062277],[4575,661,-85.314519,35.062259],[4600,661,-85.3146,35.062241],[4625,661,-85.314681,35.062223],[4650,661,-85.314761,35.062205],[4675,661,-85.314842,35.062187],[4700,661,-85.314923,35.062169],[4725,661,-85.315004,35.062152],[4750,661,-85.315085,35.062134],[4775,661,-85.315165,35.062116],[4800,661,-85.315246,35.062098],[4825,661,-85.315327,35.06208],[4850,661,-85.315408,35.062062],[4875,661,-85.315489,35.062044],[4900,661,-85.315569,35.062026],[4925,662,-85.31565,35.062008],[4950,662,-85.315731,35.06199],[4975,662,-85.315812,35.061972],[5000,662,-85.315893,35.061954],[5025,663,-85.315973,35.061936],[5050,663,-85.316054,35.061918],[5075,664,-85.316135,35.061901],[5100,663,-85.316216,35.061883],[5125,663,-85.316297,35.061865],[5150,663,-85.316377,35.061847],[5175,663,-85.316458,35.061829],[5200,663,-85.316539,35.061811],[5225,663,-85.31662,35.061793],[5250,663,-85.316701,35.061775],[5275,663,-85.316781,35.061757],[5300,663,-85.316862,35.061739],[5325,663,-85.316943,35.061721],[5350,663,-85.317024,35.061703],[5375,663,-85.317105,35.061685],[5400,663,-85.317186,35.061667],[5425,663,-85.317266,35.06165],[5450,663,-85.317347,35.061632],[5475,663,-85.317428,35.061614],[5500,662,-85.317509,35.061596],[5525,662,-85.31759,35.061578],[5550,662,-85.31767,35.06156],[5575,661,-85.317751,35.061542],[5600,661,-85.317832,35.061524],[5625,660,-85.317913,35.061506],[5650,661,-85.317994,35.061488],[5675,660,-85.318074,35.06147],[5700,661,-85.318155,35.061452],[5725,661,-85.318236,35.061434],[5750,661,-85.318317,35.061416],[5775,661,-85.318398,35.061398],[5800,662,-85.318478,35.061381],[5825,661,-85.318559,35.061363],[5850,661,-85.31864,35.061345],[5875,661,-85.318721,35.061327],[5900,660,-85.318802,35.061309],[5925,659,-85.318882,35.061291],[5950,659,-85.318963,35.061273],[5975,658,-85.319044,35.061255],[6000,657,-85.319122,35.06123],[6025,659,-85.319198,35.061202],[6050,660,-85.319274,35.061173],[6075,658,-85.31935,35.061145],[6100,658,-85.319426,35.061116],[6125,658,-85.319503,35.061088],[6150,659,-85.319579,35.061059],[6175,660,-85.319655,35.061031],[6200,660,-85.319731,