{"trail":"Mouse Creek Greenway Phase 6","distance":3417,"gain":34,"loss":25,"min":811,"max":841,"profile":[[0,811,-84.879835,35.168195],[25,811,-84.87987,35.168133],[50,812,-84.879906,35.168071],[75,812,-84.879941,35.168009],[100,812,-84.879977,35.167947],[125,812,-84.880013,35.167885],[150,812,-84.880048,35.167823],[175,812,-84.880084,35.167761],[200,812,-84.880119,35.167699],[225,812,-84.880155,35.167637],[250,812,-84.880191,35.167575],[275,813,-84.880226,35.167513],[300,813,-84.880262,35.167451],[325,813,-84.880297,35.167389],[350,813,-84.880333,35.167327],[375,813,-84.880369,35.167265],[400,813,-84.880404,35.167203],[425,813,-84.88044,35.167141],[450,813,-84.880475,35.167079],[475,813,-84.880511,35.167017],[500,813,-84.880546,35.166955],[525,813,-84.880582,35.166892],[550,813,-84.880618,35.16683],[575,814,-84.880653,35.166768],[600,814,-84.880689,35.166706],[625,814,-84.880724,35.166644],[650,814,-84.88076,35.166582],[675,814,-84.880796,35.16652],[700,814,-84.880831,35.166458],[725,814,-84.880867,35.166396],[750,814,-84.880902,35.166334],[775,814,-84.880938,35.166272],[800,815,-84.880974,35.16621],[825,815,-84.881009,35.166148],[850,815,-84.881045,35.166086],[875,815,-84.88108,35.166024],[900,815,-84.881116,35.165962],[925,815,-84.881152,35.1659],[950,815,-84.881187,35.165838],[975,815,-84.881223,35.165776],[1000,815,-84.881258,35.165714],[1025,815,-84.881294,35.165652],[1050,815,-84.881329,35.16559],[1075,815,-84.881365,35.165527],[1100,816,-84.881401,35.165465],[1125,816,-84.881436,35.165403],[1150,816,-84.881472,35.165341],[1175,816,-84.881507,35.165279],[1200,816,-84.881543,35.165217],[1225,817,-84.881579,35.165155],[1250,816,-84.881614,35.165093],[1275,816,-84.881614,35.165025],[1300,817,-84.881613,35.164956],[1325,817,-84.881612,35.164888],[1350,817,-84.881611,35.164819],[1375,817,-84.88161,35.164751],[1400,817,-84.881608,35.164682],[1425,818,-84.881607,35.164614],[1450,818,-84.881606,35.164545],[1475,818,-84.881605,35.164477],[1500,818,-84.881603,35.164408],[1525,818,-84.881602,35.16434],[1550,818,-84.881601,35.164271],[1575,818,-84.8816,35.164203],[1600,818,-84.881598,35.164134],[1625,818,-84.881597,35.164066],[1650,818,-84.881596,35.163997],[1675,818,-84.881595,35.163929],[1699,818,-84.881571,35.163865],[1724,818,-84.88153,35.163805],[1749,818,-84.881489,35.163746],[1774,818,-84.881448,35.163686],[1799,818,-84.881407,35.163626],[1824,819,-84.881366,35.163566],[1849,819,-84.881324,35.163507],[1874,819,-84.881283,35.163447],[1899,819,-84.881242,35.163387],[1924,820,-84.881201,35.163328],[1949,821,-84.88116,35.163268],[1974,821,-84.881116,35.16321],[1999,827,-84.881045,35.163173],[2024,830,-84.880975,35.163136],[2049,836,-84.880905,35.163099],[2074,840,-84.880834,35.163061],[2099,841,-84.880764,35.163024],[2119,840,-84.880801,35.163071],[2144,839,-84.88085,35.163127],[2169,838,-84.880899,35.163183],[2194,836,-84.880947,35.163239],[2219,835,-84.880996,35.163295],[2244,833,-84.881044,35.16335],[2269,831,-84.881093,35.163406],[2294,829,-84.881142,35.163462],[2319,822,-84.88119,35.163518],[2344,822,-84.881239,35.163574],[2369,820,-84.881287,35.16363],[2394,820,-84.881336,35.163685],[2419,820,-84.881385,35.163741],[2444,819,-84.881433,35.163797],[2469,819,-84.881482,35.163853],[2494,818,-84.881531,35.163909],[2519,818,-84.881579,35.163964],[2544,818,-84.881628,35.16402],[2560,818,-84.881676,35.164035],[2585,818,-84.881722,35.163978],[2610,818,-84.881769,35.163921],[2635,818,-84.881815,35.163864],[2660,818,-84.881862,35.163807],[2685,818,-84.881908,35.16375],[2710,818,-84.881955,35.163693],[2735,818,-84.882001,35.163636],[2760,819,-84.882048,35.163579],[2785,819,-84.882094,35.163522],[2810,819,-84.882141,35.163465],[2835,819,-84.882187,35.163408],[2860,819,-84.882234,35.163351],[2885,819,-84.88228,35.163294],[2910,819,-84.882327,35.163236],[2935,819,-84.882373,35.163179],[2960,819,-84.88242,35.163122],[2985,819,-84.882466,35.163065],[3010,820,-84.882513,35.163008],[3035,820,-84.882559,35.162951],[3060,820,-84.882606,35.162894],[3085,820,-84.88265,35.162836],[3110,820,-84.882682,35.162773],[3135,820,-84.882714,35.16271],[3160,820,-84.882746,35.162646],[3185,820,-84.882778,35.162583],[3206,820,-84.882773,35.162524],[3231,821,-84.882721,35.16247],[3251,821,-84.882663,35.162498],[3276,821,-84.882604,35.162546],[3301,821,-84.882544,35.162595],[3325,821,-84.882497,35.162647],[3350,820,-84.882508,35.162714],[3375,820,-84.882519,35.162782],[3400,820,-84.882531,35.16285],[3417,820,-84.882538,35.162898]]}