{"trail":"Mouse Creek Greenway Phase 4","distance":6335,"gain":58,"loss":46,"min":757,"max":776,"profile":[[0,762,-84.852583,35.200885],[25,761,-84.85259,35.200953],[50,761,-84.852597,35.201022],[75,761,-84.852603,35.20109],[100,761,-84.85261,35.201158],[125,761,-84.852616,35.201227],[150,761,-84.852623,35.201295],[175,761,-84.852629,35.201363],[200,761,-84.852636,35.201432],[225,761,-84.852643,35.2015],[250,761,-84.852649,35.201568],[275,761,-84.852656,35.201637],[300,761,-84.852662,35.201705],[325,760,-84.852669,35.201773],[350,760,-84.852675,35.201842],[375,760,-84.852682,35.20191],[400,760,-84.852689,35.201978],[425,760,-84.852695,35.202046],[450,760,-84.852702,35.202115],[475,759,-84.852708,35.202183],[500,759,-84.852715,35.202251],[525,758,-84.852722,35.20232],[550,758,-84.852728,35.202388],[574,757,-84.852742,35.202454],[599,757,-84.852792,35.202509],[624,758,-84.852842,35.202564],[649,758,-84.852891,35.202619],[674,758,-84.852941,35.202674],[699,759,-84.852991,35.202729],[724,759,-84.853041,35.202784],[749,760,-84.853091,35.202839],[774,762,-84.853141,35.202894],[799,764,-84.853191,35.202949],[824,766,-84.853241,35.203004],[849,768,-84.853291,35.20306],[874,774,-84.853341,35.203115],[899,775,-84.853391,35.20317],[924,776,-84.853441,35.203225],[949,774,-84.853491,35.20328],[974,775,-84.853541,35.203335],[999,772,-84.853591,35.20339],[1024,776,-84.853641,35.203445],[1049,772,-84.853691,35.2035],[1074,768,-84.853741,35.203555],[1099,768,-84.853789,35.203611],[1124,765,-84.853821,35.203674],[1149,763,-84.853852,35.203738],[1174,759,-84.853884,35.203801],[1199,760,-84.853916,35.203865],[1224,759,-84.853948,35.203928],[1249,758,-84.853979,35.203991],[1274,758,-84.854011,35.204055],[1299,759,-84.854043,35.204118],[1324,759,-84.854074,35.204182],[1349,759,-84.854106,35.204245],[1374,759,-84.854138,35.204309],[1399,759,-84.854169,35.204372],[1424,759,-84.854201,35.204436],[1449,759,-84.854219,35.204502],[1474,758,-84.854228,35.20457],[1499,759,-84.854237,35.204638],[1524,759,-84.854245,35.204706],[1549,759,-84.854254,35.204774],[1574,759,-84.854263,35.204843],[1599,759,-84.854271,35.204911],[1624,759,-84.85428,35.204979],[1649,759,-84.854289,35.205047],[1674,759,-84.854297,35.205115],[1699,759,-84.854306,35.205183],[1724,759,-84.854315,35.205252],[1749,759,-84.854319,35.20532],[1774,759,-84.854307,35.205388],[1799,758,-84.854296,35.205455],[1824,758,-84.854284,35.205523],[1849,758,-84.854272,35.205591],[1874,758,-84.854261,35.205659],[1899,758,-84.854249,35.205727],[1924,758,-84.854238,35.205795],[1949,758,-84.854226,35.205863],[1974,758,-84.854214,35.20593],[1999,758,-84.854203,35.205998],[2024,758,-84.854195,35.206066],[2049,758,-84.854211,35.206133],[2074,758,-84.854228,35.206201],[2099,758,-84.854244,35.206268],[2124,758,-84.854261,35.206335],[2149,758,-84.854277,35.206402],[2174,759,-84.854294,35.206469],[2199,759,-84.85431,35.206537],[2223,759,-84.85431,35.206602],[2248,759,-84.854274,35.206664],[2273,759,-84.854237,35.206725],[2298,759,-84.854201,35.206787],[2323,759,-84.854164,35.206849],[2348,759,-84.854128,35.20691],[2373,759,-84.854091,35.206972],[2398,758,-84.854055,35.207034],[2423,758,-84.854018,35.207096],[2448,758,-84.853982,35.207157],[2473,758,-84.853945,35.207219],[2498,758,-84.853909,35.207281],[2523,758,-84.853872,35.207342],[2548,758,-84.853836,35.207404],[2573,758,-84.853799,35.207466],[2598,758,-84.853762,35.207527],[2623,758,-84.853726,35.207589],[2648,758,-84.853689,35.207651],[2672,758,-84.853671,35.207717],[2697,758,-84.853662,35.207785],[2722,758,-84.853653,35.207853],[2747,758,-84.853644,35.207921],[2772,758,-84.853634,35.207989],[2797,758,-84.853625,35.208057],[2822,758,-84.853616,35.208125],[2847,758,-84.853607,35.208194],[2872,758,-84.853597,35.208262],[2897,758,-84.853588,35.20833],[2922,758,-84.853579,35.208398],[2947,758,-84.85357,35.208466],[2972,758,-84.85356,35.208534],[2997,758,-84.853551,35.208602],[3022,758,-84.853542,35.20867],[3047,759,-84.853533,35.208738],[3072,759,-84.853523,35.208807],[3097,759,-84.853514,35.208875],[3122,759,-84.853499,35.208941],[3147,759,-84.853451,35.208997],[3172,759,-84.853402,35.209053],[3197,759,-84.853354,35.209109],[3222,759,-84.853306,35.209165],[3247,759,-84.853258,35.209221],[3272,759,-84.853209,35.209277],[3297,758,-84.853161,35.209333],[3322,758,-84.853113,35.209389],[3347,758,-84.853065,35.209445],[3372,758,-84.853016,35.209501],[3397,758,-84.852968,35.209557],[3422,758,-84.85292,35.209613],[3447,759,-84.852871,35.20967],[3472,760,-84.852823,35.209726],[3497,759,-84.852775,35.209782],[3522,759,-84.852727,35.209838],[3547,759,-84.852678,35.209894],[3572,759,-84.85263,35.20995],[3597,760,-84.852582,35.210006],[3622,759,-84.852534,35.210062],[3647,759,-84.852485,35.210118],[3672,759,-84.852437,35.210174],[3697,759,-84.852389,35.21023],[3722,759,-84.852341,35.210286],[3747,759,-84.852292,35.210342],[3772,759,-84.852254,35.210403],[3797,759,-84.852219,35.210465],[3822,759,-84.852183,35.210527],[3847,759,-84.852147,35.210589],[3872,759,-84.852112,35.210651],[3897,759,-84.852076,35.210713],[3922,759,-84.852041,35.210775],[3947,759,-84.852005,35.210837],[3972,759,-84.851969,35.210899],[3997,758,-84.851948,35.210965],[4022,759,-84.85193,35.211032],[4047,758,-84.851913,35.211099],[4072,758,-84.851895,35.211166],[4097,759,-84.851878,35.211233],[4122,758,-84.85186,35.2113],[4147,758,-84.851843,35.211367],[4172,758,-84.851826,35.211434],[4197,758,-84.851808,35.211501],[4222,758,-84.851791,35.211568],[4247,758,-84.851773,35.211635],[4272,758,-84.851756,35.211703],[4293,758,-84.851779,35.211756],[4318,758,-84.851848,35.211795],[4343,759,-84.851917,35.211834],[4368,759,-84.851986,35.211873],[4383,759,-84.852038,35.211868],[4408,759,-84.852066,35.211803],[4433,760,-84.852095,35.211739],[4458,760,-84.852123,35.211675],[4483,760,-84.852152,35.21161],[4508,760,-84.85218,35.211546],[4533,760,-84.852209,35.211481],[4558,760,-84.852237,35.211417],[4583,760,-84.852266,35.211352],[4608,760,-84.852294,35.211288],[4633,761,-84.852323,35.211223],[4658,761,-84.852351,35.211159],[4683,762,-84.85238,35.211095],[4708,762,-84.852408,35.21103],[4733,763,-84.852437,35.210966],[4758,764,-84.852465,35.210901],[4783,765,-84.852494,35.210837],[4808,765,-84.852522,35.210772],[4833,765,-84.852551,35.210708],[4858,765,-84.85258,35.210643],[4883,765,-84.852608,35.210579],[4908,764,-84.852637,35.210515],[4933,765,-84.852665,35.21045],[4958,765,-84.852694,35.210386],[4983,764,-84.852722,35.210321],[5008,764,-84.852751,35.210257],[5033,764,-84.852779,35.210192],[5058,763,-84.852808,35.210128],[5083,763,-84.852836,35.210063],[5108,763,-84.852865,35.209999],[5133,763,-84.852893,35.209935],[5158,763,-84.852922,35.20987],[5183,762,-84.85295,35.209806],[5208,761,-84.852979,35.209741],[5233,760,-84.853007,35.209677],[5258,759,-84.853036,35.209612],[5283,759,-84.853064,35.209548],[5308,759,-84.853093,35.209483],[5333,759,-84.853121,35.209419],[5358,759,-84.85315,35.209355],[5383,759,-84.853178,35.20929],[5408,759,-84.853207,35.209226],[5433,758,-84.853235,35.209161],[5458,758,-84.853264,35.209097],[5483,758,-84.853292,35.209032],[5508,758,-84.853321,35.208968],[5533,758,-84.853349,35.208903],[5558,758,-84.853378,35.208839],[5583,758,-84.853406,35.208775],[5608,758,-84.853435,35.20871],[5633,758,-84.853463,35.208646],[5658,758,-84.853492,35.208581],[5683,758,-84.85352,35.208517],[5708,758,-84.853549,35.208452],[5733,758,-84.853578,35.208388],[5758,758,-84.853606,35.208323],[5783,758,-84.853635,35.208259],[5808,759,-84.853663,35.208194],[5828,759,-84.853718,35.208163],[5853,759,-84.853802,35.208168],[5878,760,-84.853886,35.208172],[5903,760,-84.853969,35.208176],[5928,760,-84.854053,35.20818],[5953,760,-84.854137,35.208184],[5978,761,-84.854221,35.208189],[6003,762,-84.854304,35.208193],[6028,763,-84.854388,35.208197],[6053,764,-84.854472,35.208201],[6078,764,-84.854555,35.208206],[6103,765,-84.854639,35.20821],[6128,765,-84.854723,35.208214],[6153,766,-84.854807,35.208218],[6178,768,-84.85489,35.208222],[6203,769,