{"trail":"Mouse Creek Greenway Phase 2","distance":4381,"gain":23,"loss":29,"min":790,"max":799,"profile":[[0,796,-84.872904,35.182087],[25,796,-84.87285,35.182139],[50,797,-84.872796,35.182191],[75,796,-84.872742,35.182244],[100,797,-84.872688,35.182296],[125,797,-84.872634,35.182349],[150,797,-84.87258,35.182401],[175,797,-84.872525,35.182453],[200,797,-84.872471,35.182506],[225,797,-84.872417,35.182558],[250,797,-84.872363,35.182611],[275,797,-84.872309,35.182663],[300,798,-84.872255,35.182715],[325,797,-84.872201,35.182768],[350,797,-84.872147,35.18282],[375,797,-84.872093,35.182872],[400,797,-84.872039,35.182925],[425,797,-84.871985,35.182977],[450,797,-84.871919,35.183019],[475,797,-84.871852,35.183061],[500,797,-84.871785,35.183102],[525,796,-84.871719,35.183144],[550,796,-84.871652,35.183185],[575,796,-84.871585,35.183226],[600,796,-84.871518,35.183268],[625,796,-84.871451,35.183309],[650,796,-84.871384,35.18335],[675,796,-84.871317,35.183392],[700,796,-84.871251,35.183433],[725,796,-84.871184,35.183474],[750,796,-84.871117,35.183516],[775,796,-84.87105,35.183557],[800,796,-84.870983,35.183599],[825,796,-84.870916,35.18364],[850,796,-84.87085,35.183681],[875,796,-84.870783,35.183723],[900,796,-84.870716,35.183764],[925,796,-84.870649,35.183805],[950,797,-84.870582,35.183847],[975,797,-84.870515,35.183888],[1000,797,-84.870457,35.183936],[1025,797,-84.870408,35.183992],[1050,797,-84.870359,35.184047],[1075,796,-84.87031,35.184103],[1100,796,-84.870261,35.184159],[1125,796,-84.870212,35.184214],[1150,796,-84.870163,35.18427],[1175,797,-84.870114,35.184325],[1200,797,-84.870065,35.184381],[1225,796,-84.870016,35.184437],[1250,797,-84.869967,35.184492],[1275,796,-84.869918,35.184548],[1300,796,-84.869869,35.184604],[1325,796,-84.86982,35.184659],[1350,796,-84.869771,35.184715],[1375,796,-84.869722,35.18477],[1400,796,-84.869673,35.184826],[1425,796,-84.869624,35.184882],[1450,796,-84.869575,35.184937],[1475,796,-84.869526,35.184993],[1500,796,-84.869477,35.185049],[1525,796,-84.869428,35.185104],[1550,796,-84.869379,35.18516],[1575,796,-84.86933,35.185215],[1600,796,-84.869281,35.185271],[1625,795,-84.869232,35.185327],[1650,795,-84.869186,35.185384],[1675,795,-84.869142,35.185442],[1700,794,-84.869098,35.185501],[1725,794,-84.869054,35.185559],[1750,794,-84.86901,35.185617],[1775,794,-84.868966,35.185676],[1800,794,-84.868922,35.185734],[1825,793,-84.868878,35.185792],[1850,793,-84.868834,35.18585],[1875,793,-84.86879,35.185909],[1900,793,-84.868746,35.185967],[1925,793,-84.868702,35.186025],[1950,793,-84.868658,35.186084],[1975,793,-84.868614,35.186142],[2000,793,-84.86857,35.1862],[2025,793,-84.868526,35.186259],[2050,793,-84.868482,35.186317],[2075,793,-84.868438,35.186375],[2100,793,-84.868394,35.186434],[2125,792,-84.86835,35.186492],[2150,792,-84.868306,35.18655],[2175,791,-84.868262,35.186609],[2200,791,-84.868218,35.186667],[2225,790,-84.868174,35.186725],[2250,790,-84.86813,35.186784],[2275,790,-84.868086,35.186842],[2300,790,-84.868042,35.1869],[2325,790,-84.867998,35.186959],[2350,790,-84.867956,35.187018],[2375,790,-84.867919,35.187079],[2400,790,-84.867882,35.187141],[2425,790,-84.867845,35.187202],[2450,790,-84.867807,35.187264],[2475,790,-84.86777,35.187325],[2500,790,-84.867733,35.187387],[2525,790,-84.867696,35.187448],[2550,790,-84.867659,35.18751],[2575,790,-84.867622,35.187571],[2600,790,-84.867585,35.187632],[2625,790,-84.867548,35.187694],[2650,790,-84.867511,35.187755],[2675,791,-84.867473,35.187817],[2700,791,-84.867436,35.187878],[2725,791,-84.867399,35.18794],[2750,791,-84.867362,35.188001],[2775,791,-84.867325,35.188063],[2800,790,-84.867288,35.188124],[2825,791,-84.867251,35.188185],[2850,791,-84.867214,35.188247],[2875,791,-84.867176,35.188308],[2900,791,-84.867139,35.18837],[2925,792,-84.867088,35.188424],[2950,792,-84.867034,35.188476],[2975,793,-84.866979,35.188528],[3000,793,-84.866924,35.18858],[3025,793,-84.86687,35.188632],[3050,793,-84.866815,35.188683],[3075,794,-84.86676,35.188735],[3100,794,-84.866705,35.188787],[3125,794,-84.866651,35.188839],[3150,794,-84.866596,35.188891],[3175,796,-84.866541,35.188943],[3200,796,-84.866487,35.188995],[3225,797,-84.866432,35.189047],[3250,798,-84.866377,35.189099],[3274,799,-84.866333,35.189155],[3299,798,-84.866315,35.189222],[3324,798,-84.866296,35.189289],[3348,796,-84.866354,35.189335],[3373,795,-84.866418,35.189379],[3398,792,-84.866482,35.189424],[3423,791,-84.866546,35.189468],[3445,790,-84.866568,35.189525],[3470,790,-84.866559,35.189593],[3495,790,-84.866549,35.189662],[3520,790,-84.866539,35.18973],[3545,791,-84.866525,35.189797],[3570,790,-84.866494,35.18986],[3595,790,-84.866463,35.189924],[3620,790,-84.866432,35.189988],[3645,790,-84.866401,35.190051],[3670,790,-84.86637,35.190115],[3695,790,-84.866338,35.190179],[3720,790,-84.866307,35.190242],[3745,790,-84.866276,35.190306],[3770,790,-84.866245,35.190369],[3795,790,-84.866214,35.190433],[3820,790,-84.866183,35.190497],[3845,791,-84.866152,35.19056],[3870,792,-84.86612,35.190624],[3895,791,-84.866089,35.190688],[3920,792,-84.866058,35.190751],[3945,792,-84.866027,35.190815],[3970,791,-84.865996,35.190879],[3995,791,-84.865965,35.190942],[4020,790,-84.865934,35.191006],[4045,790,-84.865882,35.19106],[4070,790,-84.865828,35.191112],[4095,790,-84.865775,35.191165],[4120,790,-84.865721,35.191217],[4145,790,-84.865667,35.19127],[4170,791,-84.865613,35.191322],[4195,790,-84.865559,35.191375],[4220,791,-84.865506,35.191427],[4245,791,-84.865452,35.19148],[4270,791,-84.865398,35.191532],[4295,790,-84.865344,35.191585],[4320,791,-84.86529,35.191638],[4345,790,-84.865236,35.19169],[4370,790,-84.865183,35.191743],[4381,790,-84.865158,35.191767]]}