{"trail":"Mouse Creek Greenway Phase 5","distance":8955,"gain":84,"loss":138,"min":762,"max":824,"profile":[[0,824,-84.860845,35.194976],[25,823,-84.860912,35.194935],[50,820,-84.860979,35.194894],[75,820,-84.861046,35.194853],[98,818,-84.861114,35.194823],[123,816,-84.86119,35.194853],[148,815,-84.861265,35.194883],[173,812,-84.861341,35.194913],[198,810,-84.861416,35.194943],[223,808,-84.861492,35.194973],[248,807,-84.861567,35.195002],[273,806,-84.861642,35.195032],[298,805,-84.861718,35.195062],[323,804,-84.861793,35.195092],[348,803,-84.861869,35.195122],[373,802,-84.861944,35.195152],[398,801,-84.86202,35.195182],[423,800,-84.862095,35.195212],[448,799,-84.862171,35.195242],[473,798,-84.862246,35.195272],[498,796,-84.862321,35.195302],[523,794,-84.862397,35.195332],[548,793,-84.862472,35.195362],[573,791,-84.862548,35.195391],[594,791,-84.862596,35.195348],[619,791,-84.862638,35.195289],[644,791,-84.862681,35.19523],[669,791,-84.862723,35.195171],[694,791,-84.862765,35.195112],[719,791,-84.862808,35.195052],[744,792,-84.86285,35.194993],[769,791,-84.862892,35.194934],[794,791,-84.862935,35.194875],[819,791,-84.862977,35.194816],[844,790,-84.863019,35.194757],[869,790,-84.863061,35.194697],[894,789,-84.863104,35.194638],[919,789,-84.863146,35.194579],[944,788,-84.863188,35.19452],[969,788,-84.863231,35.194461],[994,787,-84.863273,35.194402],[1019,787,-84.863315,35.194342],[1044,787,-84.863358,35.194283],[1069,787,-84.8634,35.194224],[1094,787,-84.863442,35.194165],[1119,787,-84.863485,35.194106],[1144,786,-84.863527,35.194047],[1169,787,-84.863569,35.193987],[1194,787,-84.863612,35.193928],[1219,787,-84.863654,35.193869],[1244,786,-84.863696,35.19381],[1269,786,-84.863739,35.193751],[1294,786,-84.863781,35.193692],[1319,785,-84.863823,35.193633],[1344,786,-84.863866,35.193573],[1369,786,-84.863908,35.193514],[1394,786,-84.86395,35.193455],[1419,787,-84.863992,35.193396],[1444,788,-84.864035,35.193337],[1469,788,-84.864077,35.193278],[1494,788,-84.864119,35.193218],[1519,788,-84.864162,35.193159],[1544,788,-84.864204,35.1931],[1569,788,-84.864246,35.193041],[1594,788,-84.864289,35.192982],[1619,788,-84.864331,35.192923],[1644,789,-84.864373,35.192863],[1669,789,-84.864416,35.192804],[1694,789,-84.864458,35.192745],[1719,789,-84.8645,35.192686],[1744,789,-84.864543,35.192627],[1769,789,-84.864585,35.192568],[1794,789,-84.864627,35.192508],[1819,790,-84.86467,35.192449],[1844,789,-84.864712,35.19239],[1869,789,-84.864754,35.192331],[1894,790,-84.864797,35.192272],[1919,790,-84.864839,35.192213],[1944,790,-84.864881,35.192153],[1969,790,-84.864923,35.192094],[1994,790,-84.864966,35.192035],[2019,790,-84.865008,35.191976],[2044,790,-84.86505,35.191917],[2069,790,-84.865093,35.191858],[2094,790,-84.865135,35.191798],[2096,790,-84.86514,35.191796],[2121,790,-84.865102,35.191857],[2146,790,-84.865064,35.191918],[2171,790,-84.865026,35.191979],[2196,790,-84.864988,35.19204],[2221,790,-84.86495,35.192101],[2246,790,-84.864912,35.192162],[2271,790,-84.864874,35.192223],[2296,790,-84.864836,35.192284],[2321,790,-84.864798,35.192346],[2346,790,-84.86476,35.192407],[2371,789,-84.864723,35.192468],[2396,789,-84.864685,35.192529],[2421,789,-84.864647,35.19259],[2446,789,-84.864609,35.192651],[2471,789,-84.864571,35.192712],[2496,789,-84.864533,35.192773],[2521,788,-84.864495,35.192834],[2546,788,-84.864457,35.192896],[2571,788,-84.864419,35.192957],[2596,787,-84.864381,35.193018],[2621,787,-84.864343,35.193079],[2646,787,-84.864305,35.19314],[2671,787,-84.864267,35.193201],[2696,787,-84.864229,35.193262],[2721,787,-84.864191,35.193323],[2746,786,-84.864153,35.193384],[2771,785,-84.864115,35.193446],[2796,784,-84.864078,35.193507],[2821,782,-84.86404,35.193568],[2846,782,-84.864002,35.193629],[2871,782,-84.863964,35.19369],[2896,782,-84.863926,35.193751],[2921,782,-84.863888,35.193812],[2946,781,-84.86385,35.193873],[2971,781,-84.863812,35.193934],[2996,781,-84.863774,35.193996],[3021,781,-84.863736,35.194057],[3046,781,-84.863698,35.194118],[3071,782,-84.863665,35.194181],[3096,781,-84.863639,35.194246],[3121,781,-84.863612,35.194311],[3146,781,-84.863586,35.194376],[3171,781,-84.863559,35.194441],[3196,781,-84.863533,35.194506],[3221,780,-84.863506,35.194571],[3246,781,-84.86348,35.194636],[3271,781,-84.863453,35.194701],[3296,781,-84.863427,35.194766],[3321,781,-84.8634,35.194831],[3346,781,-84.863374,35.194896],[3370,781,-84.863333,35.194952],[3395,782,-84.863262,35.194988],[3420,784,-84.863191,35.195025],[3445,784,-84.86312,35.195061],[3470,786,-84.863049,35.195097],[3495,787,-84.862978,35.195134],[3520,787,-84.862907,35.19517],[3545,788,-84.862836,35.195206],[3570,789,-84.862764,35.195243],[3595,789,-84.862693,35.195279],[3620,790,-84.862632,35.195325],[3645,791,-84.862576,35.195375],[3670,791,-84.862519,35.195426],[3695,792,-84.862463,35.195477],[3720,792,-84.862407,35.195528],[3745,792,-84.862351,35.195579],[3770,792,-84.862294,35.19563],[3795,792,-84.862242,35.195683],[3820,792,-84.862196,35.19574],[3845,792,-84.862149,35.195797],[3870,792,-84.862102,35.195854],[3895,792,-84.862056,35.195911],[3920,792,-84.862009,35.195968],[3945,792,-84.861963,35.196025],[3970,792,-84.861916,35.196082],[3995,793,-84.86187,35.196139],[4020,793,-84.861823,35.196196],[4045,793,-84.861777,35.196253],[4070,793,-84.86173,35.19631],[4095,793,-84.861684,35.196367],[4120,794,-84.861637,35.196424],[4145,794,-84.861591,35.196481],[4170,795,-84.861544,35.196538],[4195,795,-84.861498,35.196595],[4220,796,-84.861451,35.196652],[4245,796,-84.861405,35.196709],[4270,797,-84.861358,35.196766],[4295,798,-84.861312,35.196823],[4320,798,-84.861265,35.19688],[4345,798,-84.861219,35.196937],[4370,798,-84.861172,35.196994],[4395,797,-84.861126,35.197051],[4420,796,-84.861079,35.197108],[4445,796,-84.861033,35.197165],[4470,794,-84.860986,35.197222],[4495,792,-84.86094,35.197279],[4520,791,-84.860893,35.197336],[4545,789,-84.860847,35.197393],[4570,788,-84.8608,35.19745],[4595,788,-84.860754,35.197508],[4620,785,-84.860713,35.197567],[4645,783,-84.860671,35.197627],[4670,783,-84.86063,35.197686],[4695,782,-84.860588,35.197746],[4720,784,-84.860547,35.197806],[4745,786,-84.860505,35.197865],[4770,789,-84.860464,35.197925],[4795,791,-84.860422,35.197984],[4820,793,-84.860381,35.198044],[4845,795,-84.860339,35.198103],[4870,796,-84.860298,35.198163],[4895,797,-84.860256,35.198222],[4920,798,-84.860215,35.198282],[4945,799,-84.860173,35.198342],[4970,799,-84.860132,35.198401],[4995,800,-84.86009,35.198461],[5020,799,-84.860049,35.19852],[5045,799,-84.860007,35.19858],[5070,799,-84.859966,35.198639],[5095,798,-84.859924,35.198699],[5120,796,-84.859883,35.198758],[5145,795,-84.859841,35.198818],[5170,796,-84.8598,35.198878],[5195,797,-84.859758,35.198937],[5220,797,-84.859717,35.198997],[5245,798,-84.859675,35.199056],[5270,796,-84.859634,35.199116],[5295,795,-84.859592,35.199175],[5320,793,-84.859551,35.199235],[5345,791,-84.859509,35.199294],[5370,788,-84.859468,35.199354],[5395,785,-84.859427,35.199414],[5420,783,-84.859385,35.199473],[5445,781,-84.859344,35.199533],[5470,780,-84.859302,35.199592],[5495,779,-84.859261,35.199652],[5520,779,-84.859219,35.199711],[5545,780,-84.859178,35.199771],[5569,783,-84.859119,35.199819],[5594,785,-84.859057,35.199866],[5619,788,-84.858996,35.199912],[5644,790,-84.858934,35.199959],[5669,791,-84.858872,35.200005],[5694,793,-84.858811,35.200051],[5719,793,-84.858749,35.200098],[5744,794,-84.858687,35.200144],[5769,792,-84.858625,35.200191],[5794,793,-84.858564,35.200237],[5819,792,-84.858502,35.200283],[5844,793,-84.85844,35.20033],[5869,793,-84.858379,35.200376],[5894,794,-84.858317,35.200423],[5919,793,-84.858255,35.200469],[5944,792,-84.858193,35.200515],[5969,791,-84.858132,35.200562],[5994,786,-84.85807,35.200608],[6019,784,-84.858008,35.200655],[6044,782,-84.857946,35.200701],[6069,780,-84.857885,35.200747],[6094,781,-84.857823,35.200794],[6119,783,-84.857761,35.20084],[6144,786,-84.8577,35.200887],[6169,788,-84.857638,35.200933],[6194,790,-84.857576,