{"trail":"Mouse Creek Greenway Phase 3","distance":5873,"gain":101,"loss":66,"min":803,"max":873,"profile":[[0,832,-84.87859,35.170248],[25,828,-84.878668,35.170273],[50,826,-84.878746,35.170297],[75,824,-84.878825,35.170322],[100,821,-84.878903,35.170347],[125,818,-84.878981,35.170372],[150,816,-84.879059,35.170397],[175,813,-84.879137,35.170422],[200,810,-84.879215,35.170446],[225,809,-84.879293,35.170471],[248,808,-84.87936,35.170501],[273,807,-84.879342,35.170568],[298,807,-84.879323,35.170634],[323,807,-84.879304,35.170701],[348,807,-84.879285,35.170768],[373,807,-84.879267,35.170835],[398,807,-84.879248,35.170902],[423,807,-84.879229,35.170968],[448,807,-84.87921,35.171035],[473,806,-84.879192,35.171102],[498,806,-84.879173,35.171169],[523,806,-84.879154,35.171236],[548,807,-84.879135,35.171302],[573,807,-84.879117,35.171369],[598,807,-84.879098,35.171436],[623,807,-84.879079,35.171503],[648,807,-84.87906,35.171569],[673,807,-84.879032,35.171634],[698,807,-84.879005,35.171699],[723,807,-84.878978,35.171764],[748,807,-84.878951,35.171829],[773,807,-84.878924,35.171893],[798,807,-84.878897,35.171958],[823,808,-84.87887,35.172023],[848,808,-84.878843,35.172088],[873,807,-84.878815,35.172153],[898,808,-84.878788,35.172218],[923,808,-84.878752,35.17228],[948,808,-84.878715,35.172341],[973,808,-84.878677,35.172402],[998,807,-84.878639,35.172463],[1023,807,-84.878601,35.172524],[1048,807,-84.878563,35.172585],[1073,807,-84.878525,35.172646],[1098,807,-84.878487,35.172708],[1123,807,-84.87845,35.172769],[1148,807,-84.878412,35.17283],[1173,807,-84.878374,35.172891],[1198,807,-84.878336,35.172952],[1223,807,-84.878298,35.173013],[1248,807,-84.87826,35.173074],[1273,807,-84.878222,35.173136],[1298,808,-84.878185,35.173197],[1323,808,-84.878147,35.173258],[1348,808,-84.878109,35.173319],[1373,808,-84.878071,35.17338],[1398,808,-84.878033,35.173441],[1423,807,-84.877995,35.173502],[1448,807,-84.877957,35.173564],[1473,807,-84.87792,35.173625],[1498,806,-84.877882,35.173686],[1523,807,-84.877844,35.173747],[1548,806,-84.877806,35.173808],[1573,806,-84.877768,35.173869],[1598,806,-84.87773,35.17393],[1623,806,-84.877693,35.173992],[1648,805,-84.877655,35.174053],[1673,805,-84.877617,35.174114],[1698,804,-84.877579,35.174175],[1723,804,-84.877541,35.174236],[1748,804,-84.877503,35.174297],[1773,804,-84.877465,35.174358],[1798,805,-84.877428,35.17442],[1823,805,-84.87739,35.174481],[1848,804,-84.877352,35.174542],[1873,804,-84.877314,35.174603],[1898,804,-84.877276,35.174664],[1923,804,-84.877238,35.174725],[1948,804,-84.8772,35.174786],[1973,804,-84.877163,35.174848],[1998,804,-84.877125,35.174909],[2023,804,-84.877087,35.17497],[2048,804,-84.877049,35.175031],[2073,803,-84.877011,35.175092],[2088,804,-84.876988,35.175129],[2113,804,-84.877026,35.175068],[2138,804,-84.877064,35.175007],[2163,804,-84.877102,35.174946],[2188,804,-84.87714,35.174885],[2213,804,-84.877177,35.174824],[2238,804,-84.877215,35.174762],[2263,804,-84.877253,35.174701],[2288,804,-84.877291,35.17464],[2313,805,-84.877329,35.174579],[2338,804,-84.877367,35.174518],[2363,804,-84.877405,35.174457],[2388,804,-84.877442,35.174396],[2413,804,-84.87748,35.174334],[2438,804,-84.877518,35.174273],[2463,804,-84.877556,35.174212],[2488,805,-84.877594,35.174151],[2513,805,-84.877632,35.17409],[2538,806,-84.87767,35.174029],[2563,806,-84.877707,35.173968],[2588,806,-84.877745,35.173906],[2613,806,-84.877783,35.173845],[2638,806,-84.877821,35.173784],[2663,807,-84.877859,35.173723],[2688,807,-84.877897,35.173662],[2713,807,-84.877935,35.173601],[2738,808,-84.877972,35.17354],[2763,807,-84.87801,35.173478],[2788,807,-84.878048,35.173417],[2813,808,-84.878086,35.173356],[2838,808,-84.878124,35.173295],[2863,808,-84.878162,35.173234],[2888,807,-84.8782,35.173173],[2913,807,-84.878237,35.173111],[2938,807,-84.878275,35.17305],[2963,807,-84.878313,35.172989],[2988,807,-84.878351,35.172928],[3013,807,-84.878389,35.172867],[3038,807,-84.878427,35.172806],[3063,807,-84.878464,35.172745],[3088,807,-84.878502,35.172683],[3113,808,-84.87854,35.172622],[3138,808,-84.878578,35.172561],[3163,808,-84.878616,35.1725],[3188,807,-84.878654,35.172439],[3213,808,-84.878692,35.172378],[3238,808,-84.878729,35.172317],[3263,808,-84.878767,35.172255],[3288,808,-84.8788,35.172192],[3313,808,-84.878829,35.172128],[3338,808,-84.878858,35.172064],[3363,807,-84.878887,35.171999],[3388,808,-84.878915,35.171935],[3413,807,-84.878944,35.171871],[3438,807,-84.878973,35.171806],[3463,807,-84.879002,35.171742],[3488,807,-84.879031,35.171678],[3513,807,-84.87906,35.171613],[3538,807,-84.879089,35.171549],[3563,807,-84.879117,35.171485],[3588,807,-84.879146,35.17142],[3613,807,-84.879175,35.171356],[3638,807,-84.879204,35.171292],[3663,807,-84.879233,35.171227],[3688,807,-84.879259,35.171162],[3713,806,-84.879275,35.171095],[3738,806,-84.87929,35.171028],[3763,806,-84.879306,35.17096],[3788,807,-84.879322,35.170893],[3813,807,-84.879338,35.170826],[3838,807,-84.879353,35.170758],[3863,807,-84.879369,35.170691],[3888,807,-84.879385,35.170624],[3913,807,-84.8794,35.170557],[3938,807,-84.879416,35.170489],[3963,807,-84.879432,35.170422],[3988,807,-84.879448,35.170355],[4013,807,-84.879463,35.170287],[4038,807,-84.879479,35.17022],[4063,807,-84.879495,35.170153],[4088,807,-84.879511,35.170085],[4113,807,-84.879526,35.170018],[4137,807,-84.879528,35.169951],[4162,807,-84.879515,35.169883],[4187,808,-84.879502,35.169815],[4212,809,-84.879489,35.169747],[4237,809,-84.879476,35.16968],[4262,812,-84.879463,35.169612],[4287,813,-84.87945,35.169544],[4312,814,-84.879437,35.169477],[4337,816,-84.879431,35.169409],[4362,818,-84.879453,35.169343],[4387,815,-84.879474,35.169277],[4412,816,-84.879495,35.16921],[4437,813,-84.879516,35.169144],[4462,813,-84.879537,35.169078],[4487,811,-84.879558,35.169011],[4512,811,-84.879579,35.168945],[4537,809,-84.8796,35.168879],[4562,810,-84.879621,35.168812],[4587,811,-84.879643,35.168746],[4612,811,-84.879664,35.16868],[4637,811,-84.879685,35.168613],[4662,811,-84.879706,35.168547],[4687,811,-84.879727,35.168481],[4712,811,-84.879748,35.168414],[4737,811,-84.879769,35.168348],[4762,811,-84.87979,35.168282],[4787,811,-84.879812,35.168215],[4812,812,-84.879833,35.168149],[4836,812,-84.879779,35.168101],[4861,816,-84.879717,35.168055],[4886,818,-84.879655,35.168008],[4911,823,-84.879593,35.167962],[4935,825,-84.879516,35.167942],[4960,829,-84.879433,35.167931],[4985,832,-84.879351,35.16792],[5010,833,-84.879268,35.167909],[5035,835,-84.879185,35.167899],[5060,836,-84.879102,35.167888],[5077,836,-84.879052,35.167865],[5102,835,-84.879095,35.167806],[5125,834,-84.879169,35.167789],[5150,833,-84.879253,35.167786],[5175,832,-84.879337,35.167783],[5200,831,-84.87942,35.167779],[5225,829,-84.879504,35.167776],[5246,829,-84.879549,35.167732],[5271,829,-84.879573,35.167667],[5296,830,-84.879597,35.167601],[5321,831,-84.879621,35.167535],[5346,831,-84.879644,35.16747],[5371,833,-84.879668,35.167404],[5396,835,-84.879692,35.167338],[5421,837,-84.879716,35.167272],[5446,839,-84.879739,35.167207],[5471,842,-84.879763,35.167141],[5496,843,-84.879787,35.167075],[5521,845,-84.879811,35.16701],[5545,848,-84.879763,35.166957],[5570,851,-84.879708,35.166906],[5595,854,-84.879652,35.166854],[5620,858,-84.879596,35.166803],[5645,863,-84.879541,35.166752],[5670,866,-84.879485,35.166701],[5694,870,-84.87941,35.166676],[5719,871,-84.879329,35.16666],[5744,873,-84.879247,35.166644],[5769,872,-84.879165,35.166629],[5794,873,-84.879084,35.166613],[5819,870,-84.879002,35.166598],[5844,868,-84.87892,35.166582],[5869,868,-84.878839,35.166567],[5873,867,-84.878826,35.166564]]}