{"trail":"Mouse Creek Greenway Phase 5","distance":10014,"gain":129,"loss":86,"min":762,"max":824,"profile":[[0,781,-84.857841,35.200815],[25,781,-84.857846,35.200883],[50,781,-84.857852,35.200952],[75,781,-84.857857,35.20102],[100,781,-84.857863,35.201088],[125,780,-84.857868,35.201157],[150,780,-84.857874,35.201225],[175,779,-84.85788,35.201294],[199,778,-84.857869,35.201358],[224,777,-84.85782,35.201414],[249,777,-84.857772,35.20147],[274,774,-84.857724,35.201526],[299,773,-84.857675,35.201582],[324,771,-84.857627,35.201638],[349,770,-84.857547,35.201659],[374,770,-84.857467,35.20168],[399,770,-84.857387,35.2017],[424,770,-84.857307,35.20172],[448,770,-84.857225,35.201724],[473,769,-84.857141,35.20172],[498,769,-84.857057,35.201716],[523,769,-84.856973,35.201713],[548,769,-84.85689,35.201707],[573,769,-84.856812,35.201681],[598,769,-84.856735,35.201655],[623,768,-84.856657,35.201629],[648,768,-84.85658,35.201603],[673,768,-84.856502,35.201577],[698,768,-84.856424,35.201551],[723,768,-84.856347,35.201525],[748,768,-84.856269,35.201499],[773,768,-84.856191,35.201474],[798,767,-84.856114,35.201448],[823,767,-84.856036,35.201422],[848,767,-84.855959,35.201396],[873,767,-84.855884,35.201364],[898,767,-84.85581,35.201332],[923,767,-84.855736,35.2013],[948,767,-84.855662,35.201268],[973,766,-84.855588,35.201236],[998,766,-84.855514,35.201203],[1023,766,-84.85544,35.201171],[1048,766,-84.855366,35.201139],[1073,766,-84.855292,35.201107],[1098,766,-84.855218,35.201075],[1123,766,-84.855143,35.201043],[1148,766,-84.855069,35.201011],[1173,766,-84.854995,35.200979],[1198,765,-84.854921,35.200947],[1223,765,-84.854852,35.200908],[1248,765,-84.854784,35.200868],[1273,765,-84.854717,35.200827],[1298,765,-84.854649,35.200787],[1323,765,-84.854581,35.200746],[1348,765,-84.854514,35.200705],[1373,765,-84.854446,35.200665],[1398,765,-84.854379,35.200624],[1423,764,-84.854311,35.200584],[1448,764,-84.854244,35.200543],[1473,764,-84.854176,35.200503],[1498,764,-84.854108,35.200462],[1523,764,-84.854041,35.200421],[1548,764,-84.853973,35.200381],[1573,764,-84.853906,35.20034],[1595,764,-84.85384,35.200315],[1620,763,-84.853787,35.200368],[1645,763,-84.853734,35.200421],[1670,763,-84.853681,35.200474],[1694,763,-84.853616,35.200514],[1719,763,-84.853539,35.200542],[1744,763,-84.853462,35.200569],[1769,763,-84.853385,35.200597],[1794,763,-84.853308,35.200624],[1819,762,-84.853232,35.200652],[1844,762,-84.853155,35.20068],[1869,762,-84.853078,35.200707],[1894,762,-84.853001,35.200735],[1919,762,-84.852925,35.200762],[1944,762,-84.852848,35.20079],[1969,762,-84.852771,35.200818],[1994,762,-84.852694,35.200845],[2019,762,-84.852618,35.200873],[2030,762,-84.852583,35.200885],[2462,764,-84.853849,35.200306],[2487,764,-84.853886,35.200245],[2512,765,-84.853922,35.200183],[2537,766,-84.853959,35.200121],[2562,767,-84.853996,35.20006],[2587,767,-84.854032,35.199998],[2612,768,-84.854069,35.199936],[2637,769,-84.854105,35.199875],[2662,769,-84.854142,35.199813],[2683,770,-84.854171,35.199763],[3788,789,-84.857562,35.20099],[3813,789,-84.857623,35.200944],[3838,786,-84.857685,35.200897],[3863,785,-84.857747,35.200851],[3888,781,-84.857808,35.200805],[3913,780,-84.85787,35.200758],[3938,781,-84.857932,35.200712],[3963,784,-84.857994,35.200665],[3988,786,-84.858055,35.200619],[4013,788,-84.858117,35.200573],[4038,793,-84.858179,35.200526],[4063,793,-84.85824,35.20048],[4088,793,-84.858302,35.200434],[4113,793,-84.858364,35.200387],[4138,793,-84.858426,35.200341],[4163,791,-84.858487,35.200294],[4188,793,-84.858549,35.200248],[4213,793,-84.858611,35.200202],[4238,792,-84.858673,35.200155],[4263,795,-84.858734,35.200109],[4288,793,-84.858796,35.200062],[4313,792,-84.858858,35.200016],[4338,790,-84.858919,35.19997],[4363,788,-84.858981,35.199923],[4388,785,-84.859043,35.199877],[4413,783,-84.859105,35.19983],[4438,781,-84.859166,35.199784],[4463,779,-84.859209,35.199725],[4488,779,-84.859251,35.199666],[4513,779,-84.859292,35.199606],[4538,781,-84.859334,35.199547],[4563,782,-84.859375,35.199487],[4588,785,-84.859417,35.199428],[4613,788,-84.859458,35.199368],[4638,789,-84.8595,35.199308],[4663,792,-84.859541,35.199249],[4688,795,-84.859583,35.199189],[4713,796,-84.859624,35.19913],[4738,796,-84.859666,35.19907],[4763,797,-84.859707,35.199011],[4788,797,-84.859749,35.198951],[4813,795,-84.85979,35.198892],[4838,795,-84.859832,35.198832],[4863,796,-84.859873,35.198772],[4888,796,-84.859915,35.198713],[4913,798,-84.859956,35.198653],[4938,799,-84.859998,35.198594],[4963,799,-84.860039,35.198534],[4988,799,-84.86008,35.198475],[5013,799,-84.860122,35.198415],[5038,799,-84.860163,35.198356],[5063,798,-84.860205,35.198296],[5088,797,-84.860246,35.198236],[5113,796,-84.860288,35.198177],[5138,796,-84.860329,35.198117],[5163,794,-84.860371,35.198058],[5188,793,-84.860412,35.197998],[5213,791,-84.860454,35.197939],[5238,788,-84.860495,35.197879],[5263,786,-84.860537,35.19782],[5288,783,-84.860578,35.19776],[5313,782,-84.86062,35.1977],[5338,783,-84.860661,35.197641],[5363,785,-84.860703,35.197581],[5388,786,-84.860744,35.197522],[5413,788,-84.860789,35.197464],[5438,790,-84.860836,35.197407],[5463,790,-84.860882,35.19735],[5488,792,-84.860929,35.197293],[5513,794,-84.860975,35.197236],[5538,795,-84.861022,35.197179],[5563,796,-84.861068,35.197122],[5588,797,-84.861115,35.197065],[5613,798,-84.861161,35.197008],[5638,798,-84.861208,35.196951],[5663,798,-84.861254,35.196894],[5688,798,-84.861301,35.196837],[5713,797,-84.861347,35.19678],[5738,797,-84.861394,35.196723],[5763,796,-84.86144,35.196666],[5788,796,-84.861487,35.196609],[5813,795,-84.861533,35.196552],[5838,794,-84.86158,35.196495],[5863,794,-84.861626,35.196438],[5888,793,-84.861673,35.196381],[5913,793,-84.861719,35.196324],[5938,793,-84.861766,35.196267],[5963,793,-84.861812,35.196209],[5988,793,-84.861859,35.196152],[6013,792,-84.861905,35.196095],[6038,793,-84.861952,35.196038],[6063,792,-84.861998,35.195981],[6088,793,-84.862045,35.195924],[6113,792,-84.862091,35.195867],[6138,792,-84.862138,35.19581],[6163,792,-84.862185,35.195753],[6188,792,-84.862231,35.195696],[6213,792,-84.862281,35.195642],[6238,792,-84.862337,35.195591],[6263,792,-84.862394,35.19554],[6288,792,-84.86245,35.195489],[6313,792,-84.862506,35.195438],[6338,790,-84.862562,35.195387],[6363,790,-84.862619,35.195337],[6388,790,-84.862677,35.195287],[6413,789,-84.862748,35.195251],[6438,788,-84.862819,35.195215],[6463,788,-84.86289,35.195179],[6488,786,-84.862961,35.195142],[6513,786,-84.863032,35.195106],[6538,785,-84.863103,35.19507],[6563,783,-84.863174,35.195033],[6588,783,-84.863245,35.194997],[6613,781,-84.863317,35.194961],[6636,781,-84.863367,35.194911],[6661,781,-84.863394,35.194846],[6686,781,-84.86342,35.194781],[6711,781,-84.863447,35.194716],[6736,781,-84.863473,35.194651],[6761,781,-84.8635,35.194586],[6786,781,-84.863526,35.194521],[6811,781,-84.863553,35.194456],[6836,781,-84.863579,35.194391],[6861,781,-84.863606,35.194326],[6886,781,-84.863632,35.194261],[6911,781,-84.863659,35.194196],[6936,781,-84.863689,35.194132],[6961,781,-84.863727,35.194071],[6986,781,-84.863765,35.19401],[7011,782,-84.863803,35.193949],[7036,782,-84.863841,35.193888],[7061,782,-84.863879,35.193827],[7086,782,-84.863917,35.193766],[7111,782,-84.863955,35.193704],[7136,782,-84.863993,35.193643],[7161,782,-84.864031,35.193582],[7186,783,-84.864069,35.193521],[7211,785,-84.864107,35.19346],[7236,786,-84.864144,35.193399],[7261,787,-84.864182,35.193338],[7286,787,-84.86422,35.193277],[7311,787,-84.864258,35.193216],[7336,787,-84.864296,35.193154],[7361,787,-84.864334,35.193093],[7386,787,-84.864372,35.193032],[7411,787,-84.86441,35.192971],[7436,788,-84.864448,35.19291],[7461,788,-84.864486,35.192849],[7486,789,-84.864524,35.192788],[7511,789,-84.864562,35.192727],[7536,789,-84.8646,35.192666],[7561,789,-84.864638,35.192604],[7586,789,-84.864676,35.192543],[7611,789,-84.864714,35.192482],[7636,790,-84.864752,35.192421],[7661,789,-84.864789,35.19236],[7686,790,-84.864827,