{"trail":"Mouse Creek Greenway Phase 6","distance":3500,"gain":26,"loss":33,"min":811,"max":842,"profile":[[0,818,-84.881659,35.164056],[25,818,-84.881705,35.163999],[50,818,-84.881752,35.163942],[75,818,-84.881798,35.163885],[100,818,-84.881845,35.163828],[125,818,-84.881891,35.163771],[150,818,-84.881938,35.163714],[175,818,-84.881984,35.163657],[200,819,-84.882031,35.1636],[225,819,-84.882077,35.163543],[250,819,-84.882124,35.163485],[275,819,-84.88217,35.163428],[300,819,-84.882217,35.163371],[325,819,-84.882263,35.163314],[350,819,-84.88231,35.163257],[375,819,-84.882356,35.1632],[400,819,-84.882403,35.163143],[425,819,-84.882449,35.163086],[450,820,-84.882496,35.163029],[475,820,-84.882542,35.162972],[500,820,-84.882589,35.162915],[525,820,-84.882635,35.162858],[550,820,-84.88267,35.162796],[575,820,-84.882702,35.162733],[600,820,-84.882734,35.16267],[625,820,-84.882766,35.162606],[649,820,-84.882792,35.162544],[674,821,-84.88274,35.16249],[691,821,-84.882685,35.16248],[716,821,-84.882625,35.162528],[741,821,-84.882566,35.162577],[766,821,-84.882507,35.162625],[789,820,-84.882504,35.16269],[814,820,-84.882515,35.162757],[839,820,-84.882526,35.162825],[864,820,-84.882538,35.162893],[866,820,-84.882538,35.162898],[1399,842,-84.880757,35.163021],[1424,840,-84.880828,35.163058],[1449,836,-84.880898,35.163095],[1474,833,-84.880968,35.163132],[1499,827,-84.881039,35.16317],[1524,821,-84.881109,35.163207],[1549,821,-84.881156,35.163262],[1574,820,-84.881197,35.163322],[1599,819,-84.881238,35.163382],[1624,819,-84.881279,35.163441],[1649,819,-84.88132,35.163501],[1674,819,-84.881362,35.163561],[1699,818,-84.881403,35.163621],[1724,818,-84.881444,35.16368],[1749,818,-84.881485,35.16374],[1774,818,-84.881526,35.1638],[1799,818,-84.881568,35.163859],[1823,818,-84.881595,35.163922],[1848,818,-84.881596,35.163991],[1873,818,-84.881597,35.164059],[1898,818,-84.881598,35.164128],[1923,818,-84.8816,35.164196],[1948,818,-84.881601,35.164265],[1973,818,-84.881602,35.164333],[1998,818,-84.881603,35.164402],[2023,818,-84.881604,35.16447],[2048,818,-84.881606,35.164539],[2073,818,-84.881607,35.164607],[2098,817,-84.881608,35.164676],[2123,817,-84.881609,35.164744],[2148,817,-84.881611,35.164813],[2173,817,-84.881612,35.164881],[2198,817,-84.881613,35.16495],[2223,816,-84.881614,35.165018],[2248,816,-84.881616,35.165087],[2273,817,-84.881582,35.165149],[2298,816,-84.881546,35.165211],[2323,816,-84.881511,35.165273],[2348,816,-84.881475,35.165335],[2373,816,-84.88144,35.165398],[2398,816,-84.881404,35.16546],[2423,815,-84.881368,35.165522],[2448,815,-84.881333,35.165584],[2473,815,-84.881297,35.165646],[2498,815,-84.881262,35.165708],[2523,815,-84.881226,35.16577],[2548,815,-84.88119,35.165832],[2573,815,-84.881155,35.165894],[2598,815,-84.881119,35.165956],[2623,815,-84.881084,35.166018],[2648,815,-84.881048,35.16608],[2673,815,-84.881013,35.166142],[2698,815,-84.880977,35.166204],[2723,814,-84.880941,35.166266],[2748,814,-84.880906,35.166328],[2773,814,-84.88087,35.16639],[2798,814,-84.880835,35.166452],[2823,814,-84.880799,35.166514],[2848,814,-84.880763,35.166576],[2873,814,-84.880728,35.166638],[2898,814,-84.880692,35.1667],[2923,814,-84.880657,35.166763],[2948,813,-84.880621,35.166825],[2973,813,-84.880585,35.166887],[2998,813,-84.88055,35.166949],[3023,813,-84.880514,35.167011],[3048,813,-84.880479,35.167073],[3073,813,-84.880443,35.167135],[3098,813,-84.880407,35.167197],[3123,813,-84.880372,35.167259],[3148,813,-84.880336,35.167321],[3173,813,-84.880301,35.167383],[3198,813,-84.880265,35.167445],[3223,813,-84.88023,35.167507],[3248,812,-84.880194,35.167569],[3273,812,-84.880158,35.167631],[3298,812,-84.880123,35.167693],[3323,812,-84.880087,35.167755],[3348,812,-84.880052,35.167817],[3373,812,-84.880016,35.167879],[3398,812,-84.87998,35.167941],[3423,812,-84.879945,35.168003],[3448,812,-84.879909,35.168065],[3473,811,-84.879874,35.168128],[3498,811,-84.879838,35.16819],[3500,811,-84.879835,35.168195]]}