{"trail":"Mouse Creek Greenway Phase 1","distance":3188,"gain":15,"loss":18,"min":796,"max":804,"profile":[[0,799,-84.87638,35.176053],[25,799,-84.87642,35.175993],[50,799,-84.876459,35.175933],[75,799,-84.876499,35.175872],[100,799,-84.876539,35.175812],[125,799,-84.876579,35.175752],[150,799,-84.876618,35.175691],[175,799,-84.876658,35.175631],[200,800,-84.876698,35.175571],[225,801,-84.876738,35.17551],[250,802,-84.876777,35.17545],[275,802,-84.876817,35.17539],[300,802,-84.876857,35.175329],[325,803,-84.876897,35.175269],[350,803,-84.876936,35.175209],[375,803,-84.876976,35.175148],[394,804,-84.876946,35.175195],[419,803,-84.876906,35.175255],[444,802,-84.876866,35.175315],[469,802,-84.876826,35.175375],[494,802,-84.876786,35.175436],[519,801,-84.876746,35.175496],[544,800,-84.876706,35.175556],[569,799,-84.876666,35.175617],[594,799,-84.876626,35.175677],[619,798,-84.876586,35.175737],[644,799,-84.876547,35.175797],[669,799,-84.876507,35.175858],[694,799,-84.876467,35.175918],[719,799,-84.876427,35.175978],[744,799,-84.876387,35.176038],[769,799,-84.876347,35.176099],[794,799,-84.876307,35.176159],[819,799,-84.876267,35.176219],[844,799,-84.876227,35.17628],[869,799,-84.876187,35.17634],[894,799,-84.876148,35.1764],[919,799,-84.876108,35.17646],[944,799,-84.876068,35.176521],[969,799,-84.876028,35.176581],[994,799,-84.875988,35.176641],[1019,799,-84.875948,35.176701],[1044,799,-84.875908,35.176762],[1069,799,-84.875868,35.176822],[1094,799,-84.875828,35.176882],[1119,799,-84.875788,35.176942],[1144,799,-84.875749,35.177003],[1169,799,-84.875709,35.177063],[1194,799,-84.875669,35.177123],[1219,799,-84.875629,35.177184],[1244,799,-84.875589,35.177244],[1269,799,-84.875549,35.177304],[1294,799,-84.875509,35.177364],[1319,799,-84.875469,35.177425],[1344,799,-84.875429,35.177485],[1369,799,-84.87539,35.177545],[1394,799,-84.87535,35.177605],[1419,799,-84.87531,35.177666],[1444,799,-84.87527,35.177726],[1469,799,-84.87523,35.177786],[1494,799,-84.87519,35.177847],[1519,799,-84.87515,35.177907],[1544,799,-84.87511,35.177967],[1569,800,-84.87507,35.178027],[1594,800,-84.87503,35.178088],[1619,800,-84.874991,35.178148],[1644,800,-84.874951,35.178208],[1669,800,-84.874911,35.178268],[1694,800,-84.874871,35.178329],[1719,800,-84.874831,35.178389],[1744,799,-84.874791,35.178449],[1769,799,-84.874751,35.17851],[1794,799,-84.874711,35.17857],[1819,799,-84.874671,35.17863],[1844,799,-84.874631,35.17869],[1869,800,-84.874592,35.178751],[1894,801,-84.87456,35.178814],[1919,801,-84.874534,35.178879],[1944,800,-84.874507,35.178944],[1969,800,-84.874481,35.179009],[1994,799,-84.874454,35.179074],[2019,799,-84.874428,35.179139],[2044,799,-84.874401,35.179204],[2069,798,-84.874375,35.179269],[2094,798,-84.874348,35.179334],[2119,797,-84.874322,35.179399],[2144,797,-84.874295,35.179464],[2169,797,-84.874269,35.179529],[2194,797,-84.874242,35.179594],[2219,797,-84.874216,35.179659],[2244,797,-84.874189,35.179724],[2269,797,-84.874163,35.179789],[2294,797,-84.874136,35.179854],[2319,796,-84.87411,35.179919],[2344,797,-84.874083,35.179984],[2369,797,-84.874055,35.180049],[2394,797,-84.87402,35.180111],[2419,797,-84.873984,35.180173],[2444,796,-84.873949,35.180235],[2469,797,-84.873914,35.180297],[2494,797,-84.873879,35.18036],[2519,797,-84.873844,35.180422],[2544,796,-84.873809,35.180484],[2569,797,-84.873774,35.180546],[2594,797,-84.873738,35.180609],[2619,797,-84.873703,35.180671],[2644,797,-84.873668,35.180733],[2669,797,-84.873633,35.180795],[2694,796,-84.873598,35.180857],[2719,797,-84.873563,35.18092],[2744,797,-84.873528,35.180982],[2769,797,-84.873493,35.181044],[2794,797,-84.873457,35.181106],[2819,796,-84.873422,35.181169],[2844,797,-84.873387,35.181231],[2869,797,-84.873352,35.181293],[2894,797,-84.873317,35.181355],[2919,797,-84.873282,35.181417],[2944,797,-84.873247,35.18148],[2969,796,-84.873211,35.181542],[2994,796,-84.873176,35.181604],[3019,796,-84.873141,35.181666],[3044,797,-84.873106,35.181729],[3069,797,-84.873071,35.181791],[3094,796,-84.873036,35.181853],[3119,796,-84.873001,35.181915],[3144,796,-84.872965,35.181977],[3169,796,-84.87293,35.18204],[3188,796,-84.872904,35.182087]]}