{"trail":"Mouse Creek Greenway Phase 1","distance":5627,"gain":17,"loss":17,"min":796,"max":804,"profile":[[0,803,-84.876981,35.175141],[25,804,-84.876941,35.175202],[50,803,-84.876901,35.175262],[75,802,-84.876861,35.175322],[100,802,-84.876821,35.175382],[125,802,-84.876781,35.175443],[150,801,-84.876741,35.175503],[175,800,-84.876702,35.175563],[200,799,-84.876662,35.175623],[225,799,-84.876622,35.175684],[250,799,-84.876582,35.175744],[275,799,-84.876542,35.175804],[300,799,-84.876502,35.175865],[325,799,-84.876462,35.175925],[350,799,-84.876422,35.175985],[375,799,-84.876382,35.176045],[400,799,-84.876342,35.176106],[425,799,-84.876303,35.176166],[450,799,-84.876263,35.176226],[475,799,-84.876223,35.176286],[500,799,-84.876183,35.176347],[525,799,-84.876143,35.176407],[550,799,-84.876103,35.176467],[575,799,-84.876063,35.176528],[600,799,-84.876023,35.176588],[625,799,-84.875983,35.176648],[650,799,-84.875943,35.176708],[675,799,-84.875904,35.176769],[700,799,-84.875864,35.176829],[725,799,-84.875824,35.176889],[750,799,-84.875784,35.176949],[775,799,-84.875744,35.17701],[800,799,-84.875704,35.17707],[825,799,-84.875664,35.17713],[850,799,-84.875624,35.177191],[875,799,-84.875584,35.177251],[900,799,-84.875544,35.177311],[925,799,-84.875505,35.177371],[950,799,-84.875465,35.177432],[975,799,-84.875425,35.177492],[1000,799,-84.875385,35.177552],[1025,799,-84.875345,35.177612],[1050,799,-84.875305,35.177673],[1075,799,-84.875265,35.177733],[1100,799,-84.875225,35.177793],[1125,799,-84.875185,35.177854],[1150,799,-84.875146,35.177914],[1175,799,-84.875106,35.177974],[1200,800,-84.875066,35.178034],[1225,800,-84.875026,35.178095],[1250,800,-84.874986,35.178155],[1275,800,-84.874946,35.178215],[1300,800,-84.874906,35.178275],[1325,800,-84.874866,35.178336],[1350,800,-84.874826,35.178396],[1375,799,-84.874786,35.178456],[1400,799,-84.874747,35.178517],[1425,799,-84.874707,35.178577],[1450,799,-84.874667,35.178637],[1475,799,-84.874627,35.178697],[1500,800,-84.874587,35.178758],[1525,801,-84.874557,35.178822],[1550,801,-84.874531,35.178887],[1575,800,-84.874504,35.178952],[1600,800,-84.874478,35.179017],[1625,799,-84.874451,35.179082],[1650,799,-84.874425,35.179147],[1675,799,-84.874398,35.179212],[1700,798,-84.874372,35.179277],[1725,798,-84.874345,35.179342],[1750,798,-84.874319,35.179407],[1775,797,-84.874292,35.179472],[1800,797,-84.874266,35.179537],[1825,797,-84.874239,35.179602],[1850,797,-84.874213,35.179667],[1875,797,-84.874186,35.179732],[1900,797,-84.87416,35.179797],[1925,797,-84.874133,35.179862],[1950,796,-84.874107,35.179927],[1975,797,-84.87408,35.179992],[2000,796,-84.874051,35.180056],[2025,797,-84.874015,35.180118],[2050,797,-84.87398,35.18018],[2075,796,-84.873945,35.180242],[2100,797,-84.87391,35.180305],[2125,797,-84.873875,35.180367],[2150,797,-84.87384,35.180429],[2175,797,-84.873805,35.180491],[2200,797,-84.87377,35.180554],[2225,796,-84.873734,35.180616],[2250,797,-84.873699,35.180678],[2275,797,-84.873664,35.18074],[2300,797,-84.873629,35.180802],[2325,796,-84.873594,35.180865],[2350,797,-84.873559,35.180927],[2375,797,-84.873524,35.180989],[2400,797,-84.873488,35.181051],[2425,797,-84.873453,35.181114],[2450,797,-84.873418,35.181176],[2475,797,-84.873383,35.181238],[2500,797,-84.873348,35.1813],[2525,797,-84.873313,35.181362],[2550,797,-84.873278,35.181425],[2575,797,-84.873243,35.181487],[2600,796,-84.873207,35.181549],[2625,796,-84.873172,35.181611],[2650,796,-84.873137,35.181674],[2675,797,-84.873102,35.181736],[2700,797,-84.873067,35.181798],[2725,797,-84.873032,35.18186],[2750,796,-84.872997,35.181922],[2775,796,-84.872961,35.181985],[2800,796,-84.872926,35.182047],[2816,796,-84.872904,35.182087],[5249,799,-84.87638,35.176053],[5274,799,-84.87642,35.175993],[5299,799,-84.876459,35.175933],[5324,799,-84.876499,35.175872],[5349,799,-84.876539,35.175812],[5374,799,-84.876579,35.175752],[5399,799,-84.876618,35.175691],[5424,799,-84.876658,35.175631],[5449,800,-84.876698,35.175571],[5474,801,-84.876738,35.17551],[5499,802,-84.876777,35.17545],[5524,802,-84.876817,35.17539],[5549,802,-84.876857,35.175329],[5574,803,-84.876897,35.175269],[5599,803,-84.876936,35.175209],[5624,803,-84.876976,35.175148],[5627,803,-84.876981,35.175141]]}