{"trail":"Mouse Creek Greenway Phase 3","distance":7232,"gain":99,"loss":99,"min":803,"max":873,"profile":[[0,803,-84.876981,35.175141],[25,803,-84.877019,35.17508],[50,804,-84.877056,35.175019],[75,804,-84.877094,35.174958],[100,804,-84.877132,35.174897],[125,804,-84.87717,35.174836],[150,804,-84.877208,35.174774],[175,804,-84.877246,35.174713],[200,805,-84.877284,35.174652],[225,804,-84.877321,35.174591],[250,804,-84.877359,35.17453],[275,804,-84.877397,35.174469],[300,805,-84.877435,35.174408],[325,804,-84.877473,35.174346],[350,804,-84.877511,35.174285],[375,804,-84.877549,35.174224],[400,805,-84.877586,35.174163],[425,805,-84.877624,35.174102],[450,805,-84.877662,35.174041],[475,806,-84.8777,35.17398],[500,806,-84.877738,35.173918],[525,806,-84.877776,35.173857],[550,806,-84.877814,35.173796],[575,807,-84.877851,35.173735],[600,807,-84.877889,35.173674],[625,807,-84.877927,35.173613],[650,807,-84.877965,35.173552],[675,807,-84.878003,35.17349],[700,808,-84.878041,35.173429],[725,808,-84.878079,35.173368],[750,808,-84.878116,35.173307],[775,808,-84.878154,35.173246],[800,808,-84.878192,35.173185],[825,807,-84.87823,35.173124],[850,807,-84.878268,35.173062],[875,807,-84.878306,35.173001],[900,807,-84.878343,35.17294],[925,807,-84.878381,35.172879],[950,807,-84.878419,35.172818],[975,807,-84.878457,35.172757],[1000,807,-84.878495,35.172696],[1025,808,-84.878533,35.172634],[1050,808,-84.878571,35.172573],[1075,807,-84.878608,35.172512],[1100,807,-84.878646,35.172451],[1125,808,-84.878684,35.17239],[1150,808,-84.878722,35.172329],[1175,808,-84.87876,35.172267],[1200,808,-84.878794,35.172205],[1225,807,-84.878823,35.172141],[1250,808,-84.878852,35.172076],[1275,807,-84.878881,35.172012],[1300,807,-84.87891,35.171948],[1325,807,-84.878939,35.171883],[1350,807,-84.878967,35.171819],[1375,807,-84.878996,35.171755],[1400,807,-84.879025,35.17169],[1425,807,-84.879054,35.171626],[1450,807,-84.879083,35.171562],[1475,807,-84.879112,35.171497],[1500,807,-84.879141,35.171433],[1525,807,-84.879169,35.171369],[1550,807,-84.879198,35.171304],[1575,807,-84.879227,35.17124],[1600,807,-84.879256,35.171176],[1625,807,-84.879271,35.171108],[1650,806,-84.879287,35.171041],[1675,806,-84.879303,35.170974],[1700,806,-84.879319,35.170906],[1725,807,-84.879334,35.170839],[1750,807,-84.87935,35.170772],[1775,807,-84.879366,35.170704],[1800,807,-84.879382,35.170637],[1825,807,-84.879397,35.17057],[1850,807,-84.879413,35.170503],[1875,807,-84.879429,35.170435],[1900,807,-84.879445,35.170368],[1925,807,-84.87946,35.170301],[1950,807,-84.879476,35.170233],[1975,807,-84.879492,35.170166],[2000,807,-84.879508,35.170099],[2025,807,-84.879523,35.170031],[2050,807,-84.87953,35.169964],[2075,807,-84.879517,35.169896],[2100,808,-84.879504,35.169829],[2125,809,-84.879491,35.169761],[2150,809,-84.879479,35.169693],[2175,812,-84.879466,35.169625],[2200,813,-84.879453,35.169558],[2225,814,-84.87944,35.16949],[2250,816,-84.879427,35.169422],[2275,817,-84.879448,35.169356],[2300,818,-84.87947,35.16929],[2325,815,-84.879491,35.169223],[2350,816,-84.879512,35.169157],[2375,813,-84.879533,35.169091],[2400,813,-84.879554,35.169024],[2425,811,-84.879575,35.168958],[2450,811,-84.879596,35.168892],[2475,810,-84.879617,35.168825],[2500,811,-84.879638,35.168759],[2525,811,-84.87966,35.168693],[2550,811,-84.879681,35.168626],[2575,811,-84.879702,35.16856],[2600,811,-84.879723,35.168494],[2625,811,-84.879744,35.168428],[2650,811,-84.879765,35.168361],[2675,811,-84.879786,35.168295],[2700,811,-84.879807,35.168229],[2725,811,-84.879828,35.168162],[2747,812,-84.879791,35.16811],[2772,814,-84.879729,35.168064],[2797,818,-84.879667,35.168017],[2822,821,-84.879606,35.167971],[2846,825,-84.879532,35.167944],[2871,829,-84.87945,35.167933],[2896,832,-84.879367,35.167922],[2921,833,-84.879284,35.167912],[2946,835,-84.879201,35.167901],[2971,836,-84.879119,35.16789],[2994,836,-84.879043,35.167876],[3019,835,-84.879086,35.167817],[3041,834,-84.879153,35.16779],[3066,833,-84.879236,35.167787],[3091,832,-84.87932,35.167783],[3116,831,-84.879404,35.16778],[3141,829,-84.879487,35.167776],[3161,828,-84.879545,35.167745],[3186,829,-84.879568,35.16768],[3211,830,-84.879592,35.167614],[3236,831,-84.879616,35.167548],[3261,832,-84.87964,35.167483],[3286,833,-84.879663,35.167417],[3311,835,-84.879687,35.167351],[3336,836,-84.879711,35.167285],[3361,837,-84.879735,35.16722],[3386,840,-84.879759,35.167154],[3411,843,-84.879782,35.167088],[3436,845,-84.879806,35.167023],[3459,847,-84.879774,35.166967],[3484,851,-84.879719,35.166916],[3509,853,-84.879663,35.166864],[3534,857,-84.879607,35.166813],[3559,861,-84.879552,35.166762],[3584,866,-84.879496,35.166711],[3607,870,-84.879426,35.166679],[3632,871,-84.879345,35.166663],[3657,873,-84.879263,35.166647],[3682,873,-84.879181,35.166632],[3707,873,-84.8791,35.166616],[3732,870,-84.879018,35.166601],[3757,868,-84.878937,35.166585],[3782,868,-84.878855,35.16657],[3791,867,-84.878826,35.166564],[5137,832,-84.87859,35.170248],[5162,828,-84.878668,35.170273],[5187,826,-84.878746,35.170297],[5212,824,-84.878825,35.170322],[5237,821,-84.878903,35.170347],[5262,818,-84.878981,35.170372],[5287,816,-84.879059,35.170397],[5312,813,-84.879137,35.170422],[5337,810,-84.879215,35.170446],[5362,809,-84.879293,35.170471],[5384,808,-84.879363,35.170493],[5785,807,-84.879062,35.171563],[5810,807,-84.879035,35.171628],[5835,807,-84.879008,35.171693],[5860,807,-84.878981,35.171758],[5885,807,-84.878954,35.171823],[5910,807,-84.878926,35.171887],[5935,807,-84.878899,35.171952],[5960,807,-84.878872,35.172017],[5985,808,-84.878845,35.172082],[6010,807,-84.878818,35.172147],[6035,808,-84.878791,35.172212],[6059,808,-84.878756,35.172274],[6084,808,-84.878718,35.172335],[6109,808,-84.87868,35.172396],[6134,807,-84.878642,35.172457],[6159,807,-84.878605,35.172518],[6184,807,-84.878567,35.17258],[6209,808,-84.878529,35.172641],[6234,807,-84.878491,35.172702],[6259,807,-84.878453,35.172763],[6284,807,-84.878415,35.172824],[6309,807,-84.878377,35.172885],[6334,807,-84.87834,35.172946],[6359,807,-84.878302,35.173008],[6384,807,-84.878264,35.173069],[6409,807,-84.878226,35.17313],[6434,808,-84.878188,35.173191],[6459,808,-84.87815,35.173252],[6484,808,-84.878112,35.173313],[6509,808,-84.878075,35.173374],[6534,808,-84.878037,35.173436],[6559,807,-84.877999,35.173497],[6584,807,-84.877961,35.173558],[6609,807,-84.877923,35.173619],[6634,807,-84.877885,35.17368],[6659,807,-84.877847,35.173741],[6684,806,-84.87781,35.173802],[6709,806,-84.877772,35.173864],[6734,806,-84.877734,35.173925],[6759,806,-84.877696,35.173986],[6784,805,-84.877658,35.174047],[6809,805,-84.87762,35.174108],[6834,805,-84.877583,35.174169],[6859,804,-84.877545,35.17423],[6884,804,-84.877507,35.174292],[6909,804,-84.877469,35.174353],[6934,805,-84.877431,35.174414],[6959,805,-84.877393,35.174475],[6984,804,-84.877355,35.174536],[7009,804,-84.877318,35.174597],[7034,804,-84.87728,35.174658],[7059,804,-84.877242,35.17472],[7084,804,-84.877204,35.174781],[7109,804,-84.877166,35.174842],[7134,804,-84.877128,35.174903],[7159,804,-84.87709,35.174964],[7184,804,-84.877053,35.175025],[7209,803,-84.877015,35.175086],[7232,803,-84.876981,35.175141]]}