{"trail":"Mrazek (Upper)","distance":27783,"gain":77,"loss":897,"min":5431,"max":6257,"profile":[[0,6262,-121.597841,44.059927],[43,6260,-121.5977,44.059869],[62,6257,-121.597657,44.059824],[80,6257,-121.597664,44.059775],[110,6254,-121.597746,44.059717],[133,6251,-121.597802,44.059672],[145,6248,-121.597798,44.059637],[157,6249,-121.597763,44.059616],[184,6248,-121.597669,44.059585],[220,6249,-121.597541,44.059553],[273,6247,-121.597349,44.059509],[313,6243,-121.597229,44.059439],[332,6242,-121.597161,44.059425],[369,6245,-121.597034,44.059472],[423,6244,-121.596849,44.059531],[458,6246,-121.596769,44.059609],[496,6238,-121.59665,44.059667],[533,6233,-121.596551,44.059742],[561,6234,-121.596521,44.059817],[623,6237,-121.596477,44.059982],[639,6233,-121.59642,44.060001],[670,6223,-121.596327,44.059951],[717,6216,-121.596227,44.059843],[729,6216,-121.59618,44.059843],[761,6221,-121.596061,44.059847],[789,6221,-121.595956,44.059833],[833,6222,-121.595836,44.059747],[920,6219,-121.595622,44.059567],[1006,6207,-121.595408,44.059387],[1092,6196,-121.595194,44.059207],[1162,6184,-121.595069,44.059039],[1231,6178,-121.594944,44.058871],[1301,6173,-121.59482,44.058703],[1370,6175,-121.594695,44.058534],[1490,6169,-121.594599,44.058214],[1576,6174,-121.594271,44.058196],[1665,6174,-121.593941,44.058136],[1754,6172,-121.593611,44.058076],[1838,6164,-121.593343,44.057951],[1922,6156,-121.593075,44.057826],[2006,6153,-121.592807,44.057702],[2073,6157,-121.592551,44.057681],[2140,6156,-121.592295,44.057661],[2208,6159,-121.592039,44.05764],[2276,6154,-121.591814,44.057548],[2344,6154,-121.591589,44.057455],[2412,6148,-121.591363,44.057363],[2480,6146,-121.591138,44.05727],[2548,6138,-121.590913,44.057178],[2616,6135,-121.590687,44.057085],[2684,6134,-121.590462,44.056993],[2752,6137,-121.590237,44.0569],[2819,6133,-121.590072,44.056762],[2885,6125,-121.589908,44.056623],[2952,6122,-121.589743,44.056484],[3018,6126,-121.589579,44.056345],[3085,6129,-121.589414,44.056206],[3151,6128,-121.58925,44.056068],[3218,6128,-121.589085,44.055929],[3284,6124,-121.588921,44.05579],[3351,6117,-121.588756,44.055651],[3417,6114,-121.588592,44.055512],[3484,6120,-121.588427,44.055374],[3550,6122,-121.588263,44.055235],[3642,6115,-121.588079,44.055022],[3733,6110,-121.587896,44.054809],[3799,6109,-121.5877,44.054697],[3864,6110,-121.587504,44.054585],[3930,6115,-121.587307,44.054474],[4008,6110,-121.587146,44.054294],[4086,6101,-121.586984,44.054116],[4164,6094,-121.586822,44.053936],[4257,6089,-121.586571,44.053753],[4364,6091,-121.586203,44.053631],[4478,6093,-121.585767,44.053641],[4520,6094,-121.585638,44.05371],[4556,6097,-121.58556,44.053792],[4631,6104,-121.585554,44.053996],[4706,6111,-121.585547,44.0542],[4775,6105,-121.585319,44.054298],[4845,6098,-121.585092,44.054396],[4914,6094,-121.584864,44.054494],[4984,6086,-121.584637,44.054592],[5053,6083,-121.584409,44.05469],[5138,6084,-121.584085,44.054688],[5222,6086,-121.583766,44.05469],[5294,6082,-121.583525,44.054592],[5367,6081,-121.583285,44.054495],[5440,6075,-121.583062,44.054374],[5513,6070,-121.582838,44.054254],[5590,6064,-121.582736,44.054058],[5676,6058,-121.5825,44.053894],[5710,6058,-121.582379,44.053859],[5757,6057,-121.582199,44.053858],[5822,6053,-121.581954,44.053838],[5878,6053,-121.581805,44.053949],[5957,6059,-121.581649,44.054136],[6050,6070,-121.581315,44.054223],[6124,6072,-121.581042,44.05427],[6183,6077,-121.580823,44.054302],[6268,6077,-121.580501,44.05427],[6345,6078,-121.580223,44.054198],[6423,6079,-121.579945,44.054125],[6500,6079,-121.579667,44.054053],[6578,6075,-121.57939,44.05398],[6670,6073,-121.579041,44.053946],[6740,6072,-121.578775,44.053945],[6809,6073,-121.57851,44.053944],[6908,6080,-121.578219,44.054115],[6975,6085,-121.577963,44.054125],[7042,6085,-121.577744,44.05403],[7109,6090,-121.577525,44.053936],[7176,6087,-121.577305,44.053842],[7243,6089,-121.577086,44.053748],[7346,6082,-121.576778,44.053573],[7436,6079,-121.57659,44.053368],[7525,6074,-121.576403,44.053162],[7642,6072,-121.576036,44.052983],[7715,6073,-121.575769,44.052919],[7789,6074,-121.575501,44.052855],[7863,6074,-121.575234,44.052792],[7937,6075,-121.574967,44.052728],[8005,6074,-121.574826,44.052572],[8033,6073,-121.574751,44.052518],[8072,6074,-121.574601,44.052518],[8117,6075,-121.574429,44.052518],[8171,6075,-121.574225,44.052526],[8227,6077,-121.574011,44.052549],[8277,6078,-121.573829,44.052518],[8328,6077,-121.573678,44.052426],[8386,6075,-121.573593,44.052279],[8438,6073,-121.573453,44.052179],[8498,6072,-121.573271,44.052079],[8539,6071,-121.573142,44.052017],[8588,6068,-121.573099,44.051886],[8636,6063,-121.572949,44.051809],[8682,6062,-121.572788,44.051762],[8756,6054,-121.572616,44.0516],[8834,6048,-121.572423,44.051439],[8907,6042,-121.572198,44.051323],[8971,6039,-121.571994,44.051223],[9036,6034,-121.571897,44.051061],[9072,6033,-121.571897,44.050961],[9132,6027,-121.571715,44.05086],[9189,6019,-121.5715,44.050837],[9236,6016,-121.571329,44.050868],[9282,6011,-121.571179,44.050798],[9338,6010,-121.570985,44.050737],[9404,6014,-121.570739,44.050706],[9469,6018,-121.570545,44.05059],[9569,6023,-121.570192,44.05049],[9616,6024,-121.570031,44.050436],[9696,6021,-121.569784,44.050305],[9788,6018,-121.569494,44.050166],[9863,6019,-121.569215,44.05012],[9921,6018,-121.569011,44.050058],[9981,6016,-121.568786,44.050027],[10038,6023,-121.568571,44.050051],[10092,6029,-121.568389,44.05012],[10142,6030,-121.568196,44.05012],[10216,6034,-121.567928,44.050182],[10295,6038,-121.567638,44.050236],[10351,6034,-121.567466,44.050143],[10435,6034,-121.567144,44.050135],[10541,6030,-121.566748,44.050089],[10631,6032,-121.566404,44.050105],[10701,6037,-121.566222,44.050243],[10780,6034,-121.565964,44.050128],[10890,6030,-121.565578,44.050012],[10966,6027,-121.56531,44.049935],[11031,6025,-121.565063,44.049904],[11086,6032,-121.564881,44.049974],[11176,6031,-121.564537,44.049966],[11235,6029,-121.564344,44.049881],[11302,6025,-121.56413,44.049781],[11365,6024,-121.563894,44.049758],[11477,6019,-121.563464,44.049781],[11535,6018,-121.563314,44.049896],[11587,6013,-121.563132,44.04995],[11683,6001,-121.562767,44.049981],[11733,5998,-121.562585,44.05002],[11809,5995,-121.562413,44.050189],[11884,5996,-121.562359,44.05039],[11939,5996,-121.562306,44.050536],[11983,5994,-121.562231,44.050644],[12038,5995,-121.562188,44.050791],[12105,5992,-121.56207,44.050953],[12157,5990,-121.561909,44.051038],[12219,5987,-121.561673,44.051053],[12281,5982,-121.561437,44.051068],[12350,5980,-121.561222,44.051176],[12398,5976,-121.56104,44.051176],[12466,5971,-121.560782,44.051153],[12545,5969,-121.560482,44.051176],[12582,5968,-121.560342,44.051192],[12639,5969,-121.560128,44.051215],[12698,5964,-121.559913,44.051161],[12764,5958,-121.559699,44.051068],[12849,5951,-121.559431,44.050937],[12931,5945,-121.559141,44.050852],[13013,5938,-121.558851,44.050768],[13063,5935,-121.558679,44.050706],[13095,5938,-121.558561,44.050714],[13168,5937,-121.558283,44.050706],[13244,5936,-121.558003,44.050644],[13315,5935,-121.557789,44.050529],[13384,5929,-121.557542,44.050459],[13441,5926,-121.55736,44.050374],[13501,5922,-121.55722,44.050243],[13569,5920,-121.557017,44.050128],[13625,5919,-121.556834,44.050051],[13680,5917,-121.55663,44.050012],[13745,5915,-121.556426,44.049912],[13845,5906,-121.556062,44.049827],[13930,5902,-121.55574,44.04985],[13974,5895,-121.555589,44.049796],[14037,5887,-121.555364,44.049734],[14085,5886,-121.555182,44.049734],[14157,5885,-121.554914,44.049773],[14225,5885,-121.554656,44.049804],[14287,5883,-121.55442,44.049804],[14361,5880,-121.554184,44.049696],[14464,5880,-121.553841,44.049557],[14557,5879,-121.55353,44.049434],[14645,5876,-121.553304,44.049256],[14722,5873,-121.553057,44.049141],[14803,5873,-121.552757,44.049094],[14838,5874,-121.552628,44.049064],[14901,5872,-121.552403,44.049002],[14978,5869,-121.552146,44.048902],[15048,5868,-121.551893,44.04884],[15118,5867,-121.551641,44.048778],[15197,5865,-121.551395,