{"trail":"MTB","distance":5987,"gain":86,"loss":113,"min":3999,"max":4123,"profile":[[0,4026,-121.404556,44.042314],[17,4027,-121.404608,44.042288],[31,4027,-121.404639,44.042255],[57,4027,-121.404652,44.042185],[83,4026,-121.404671,44.042114],[114,4027,-121.404718,44.042037],[133,4028,-121.404781,44.042013],[150,4028,-121.404845,44.042006],[172,4029,-121.404929,44.042014],[203,4031,-121.405039,44.041985],[221,4031,-121.405092,44.041952],[249,4031,-121.405158,44.041892],[290,4031,-121.40524,44.041796],[323,4031,-121.405339,44.04174],[395,4033,-121.405509,44.041586],[472,4038,-121.405743,44.041457],[536,4041,-121.405918,44.041333],[573,4042,-121.406028,44.041273],[599,4043,-121.406126,44.041261],[622,4044,-121.406213,44.04126],[649,4046,-121.406309,44.041228],[679,4046,-121.406362,44.041155],[715,4045,-121.406409,44.041063],[735,4044,-121.406437,44.041011],[750,4045,-121.406488,44.040993],[788,4046,-121.406632,44.040993],[806,4047,-121.4067,44.040987],[828,4047,-121.406777,44.040965],[853,4047,-121.406867,44.040944],[899,4048,-121.407045,44.04094],[937,4049,-121.407183,44.040965],[959,4050,-121.407264,44.040981],[984,4050,-121.407351,44.041013],[1026,4050,-121.407473,44.041086],[1057,4051,-121.407574,44.041133],[1076,4051,-121.407645,44.041133],[1095,4052,-121.407713,44.041112],[1113,4052,-121.407774,44.041089],[1141,4052,-121.407877,44.041072],[1168,4053,-121.407978,44.041058],[1192,4053,-121.408056,44.041025],[1219,4053,-121.408105,44.04096],[1266,4055,-121.408126,44.040832],[1304,4056,-121.408166,44.040732],[1397,4058,-121.408326,44.040504],[1444,4058,-121.408387,44.040383],[1491,4059,-121.408488,44.040276],[1559,4061,-121.408627,44.040119],[1624,4060,-121.408763,44.039971],[1672,4061,-121.408828,44.039847],[1723,4061,-121.408911,44.03972],[1785,4060,-121.408907,44.03955],[1840,4055,-121.408865,44.039404],[1931,4048,-121.408688,44.039189],[1951,4047,-121.408693,44.039133],[2023,4053,-121.408755,44.038942],[2039,4054,-121.408786,44.038905],[2071,4059,-121.40888,44.038847],[2102,4064,-121.408977,44.038798],[2170,4067,-121.409134,44.038651],[2238,4072,-121.409313,44.038515],[2257,4073,-121.409365,44.038478],[2299,4075,-121.409433,44.038375],[2358,4079,-121.409494,44.038219],[2428,4081,-121.409533,44.038028],[2449,4083,-121.40958,44.037982],[2474,4084,-121.409586,44.037914],[2577,4089,-121.409815,44.037683],[2636,4091,-121.409932,44.037546],[2675,4092,-121.410011,44.037455],[2709,4093,-121.410095,44.037386],[2756,4094,-121.410243,44.03731],[2801,4096,-121.410379,44.037235],[2828,4096,-121.410424,44.037169],[2877,4098,-121.41056,44.03708],[2905,4100,-121.410663,44.037058],[2925,4101,-121.410717,44.037019],[2952,4102,-121.410806,44.036979],[3052,4106,-121.411124,44.036828],[3171,4111,-121.411519,44.036668],[3249,4115,-121.411785,44.036573],[3327,4120,-121.412051,44.036477],[3348,4122,-121.412115,44.036443],[3360,4122,-121.412133,44.036413],[3372,4122,-121.412125,44.03638],[3393,4122,-121.412097,44.036327],[3420,4121,-121.412039,44.036266],[3430,4121,-121.41203,44.036238],[3444,4121,-121.412057,44.036205],[3463,4122,-121.412113,44.036173],[3475,4121,-121.412134,44.036145],[3489,4122,-121.412147,44.036106],[3500,4122,-121.412169,44.036079],[3520,4122,-121.412181,44.036027],[3530,4122,-121.412185,44.035999],[3543,4122,-121.412222,44.035977],[3563,4122,-121.41227,44.035933],[3578,4121,-121.412286,44.035894],[3590,4121,-121.412283,44.03586],[3606,4121,-121.412298,44.035819],[3622,4122,-121.412325,44.035779],[3633,4121,-121.412358,44.035762],[3644,4121,-121.412401,44.03576],[3663,4122,-121.412474,44.035762],[3677,4123,-121.412527,44.03576],[3690,4123,-121.412558,44.035733],[3703,4123,-121.412576,44.035698],[3723,4122,-121.412596,44.035647],[3734,4122,-121.412626,44.035624],[3751,4123,-121.41268,44.035598],[3765,4123,-121.412719,44.035575],[3780,4123,-121.412718,44.035532],[3789,4122,-121.412701,44.03551],[3799,4122,-121.412688,44.035485],[3807,4121,-121.412687,44.035462],[3819,4121,-121.412699,44.035432],[3831,4120,-121.412703,44.035398],[3841,4120,-121.412696,44.035371],[3853,4120,-121.41271,44.035341],[3866,4120,-121.412747,44.035318],[3881,4120,-121.412798,44.035296],[3895,4119,-121.412809,44.03526],[3908,4119,-121.412799,44.035225],[3919,4119,-121.412815,44.035197],[3935,4119,-121.412845,44.035159],[3968,4118,-121.412935,44.035094],[3986,4118,-121.412949,44.035046],[4015,4117,-121.412933,44.034968],[4028,4117,-121.412929,44.034932],[4037,4116,-121.412894,44.034926],[4051,4116,-121.412856,44.034953],[4062,4115,-121.412814,44.034959],[4073,4115,-121.412774,44.034954],[4085,4114,-121.412741,44.03493],[4096,4113,-121.412723,44.034905],[4104,4113,-121.412695,44.034892],[4118,4112,-121.412646,44.034891],[4129,4112,-121.412604,44.034886],[4146,4111,-121.412539,44.034871],[4164,4110,-121.412474,44.034857],[4177,4110,-121.412425,44.034865],[4189,4110,-121.412382,44.034873],[4207,4109,-121.412313,44.034872],[4233,4108,-121.412248,44.034818],[4251,4106,-121.41222,44.034775],[4271,4104,-121.412179,44.034726],[4297,4103,-121.412111,44.034675],[4319,4099,-121.41203,44.034662],[4345,4098,-121.411933,44.034647],[4364,4096,-121.411864,44.034636],[4390,4095,-121.411772,44.03461],[4409,4090,-121.4117,44.034595],[4414,4090,-121.41168,44.034591],[4425,4090,-121.411661,44.034564],[4435,4087,-121.411676,44.034541],[4449,4088,-121.411725,44.034525],[4462,4088,-121.411773,44.034514],[4474,4090,-121.411811,44.034498],[4480,4090,-121.411818,44.034482],[4486,4086,-121.411803,44.034468],[4497,4085,-121.411765,44.034458],[4507,4085,-121.41173,44.034446],[4516,4083,-121.411705,44.034429],[4536,4080,-121.411645,44.034395],[4546,4080,-121.41164,44.034369],[4555,4076,-121.411666,44.034352],[4568,4076,-121.411693,44.034321],[4603,4068,-121.411702,44.034225],[4648,4061,-121.411726,44.034105],[4768,4054,-121.411978,44.033829],[4802,4052,-121.412026,44.033743],[4830,4051,-121.412023,44.033667],[4850,4051,-121.411986,44.033618],[4866,4048,-121.411943,44.033585],[4887,4046,-121.411882,44.033551],[4907,4046,-121.411827,44.03351],[4916,4046,-121.411811,44.033488],[4939,4046,-121.411811,44.033427],[4956,4046,-121.411821,44.033381],[5003,4044,-121.411849,44.033253],[5025,4043,-121.411863,44.033194],[5047,4043,-121.411888,44.033135],[5065,4041,-121.411928,44.033095],[5108,4037,-121.411959,44.032981],[5125,4036,-121.411963,44.032933],[5140,4036,-121.411936,44.032899],[5182,4031,-121.411849,44.032801],[5283,4020,-121.411598,44.032591],[5320,4018,-121.411489,44.032525],[5345,4016,-121.411443,44.032465],[5381,4015,-121.411404,44.032372],[5400,4011,-121.411356,44.032332],[5433,4010,-121.41134,44.032243],[5541,4005,-121.411329,44.031947],[5609,4005,-121.411445,44.031779],[5678,4005,-121.411562,44.03161],[5746,4001,-121.411678,44.031442],[5815,3999,-121.411794,44.031274],[5918,3991,-121.411919,44.031008],[5987,3991,-121.411941,44.030818]]}