{"trail":"North Nuthatch","distance":695,"gain":83,"loss":63,"min":931,"max":1014,"profile":[[0,994,-85.060101,35.041065],[25,986,-85.060048,35.041012],[50,978,-85.059995,35.040959],[75,975,-85.059942,35.040906],[91,970,-85.059934,35.040862],[116,965,-85.06001,35.040833],[141,958,-85.060086,35.040804],[166,948,-85.060162,35.040775],[188,940,-85.060223,35.040743],[213,938,-85.060163,35.040695],[238,936,-85.060104,35.040647],[263,933,-85.060045,35.040598],[288,931,-85.059986,35.04055],[313,931,-85.059927,35.040501],[338,931,-85.059868,35.040453],[363,933,-85.059824,35.040394],[388,934,-85.059782,35.040335],[413,937,-85.05974,35.040276],[438,941,-85.059698,35.040216],[463,943,-85.059656,35.040157],[488,949,-85.059614,35.040098],[513,956,-85.059571,35.040039],[538,960,-85.059529,35.03998],[563,968,-85.059487,35.03992],[588,977,-85.059445,35.039861],[613,984,-85.059403,35.039802],[638,997,-85.059361,35.039743],[663,1007,-85.059318,35.039684],[688,1011,-85.059276,35.039625],[695,1014,-85.059264,35.039607]]}