{"trail":"North Hogsback","distance":9048,"gain":252,"loss":241,"min":1905,"max":1976,"profile":[[0,1921,-85.424709,34.851108],[25,1917,-85.424756,34.851051],[50,1917,-85.424804,34.850995],[75,1918,-85.424851,34.850938],[100,1919,-85.424898,34.850881],[125,1921,-85.424945,34.850825],[150,1922,-85.424995,34.850771],[175,1922,-85.425072,34.850745],[200,1920,-85.425149,34.850718],[225,1919,-85.425226,34.850692],[244,1917,-85.42522,34.850639],[269,1914,-85.425185,34.850576],[294,1913,-85.42515,34.850514],[319,1911,-85.425116,34.850452],[344,1909,-85.425081,34.85039],[369,1908,-85.425046,34.850327],[394,1908,-85.425011,34.850265],[419,1906,-85.424951,34.850218],[444,1905,-85.42489,34.850171],[469,1905,-85.424829,34.850124],[494,1906,-85.424767,34.850078],[518,1906,-85.424712,34.850031],[543,1906,-85.424761,34.849975],[568,1906,-85.42481,34.84992],[593,1908,-85.424858,34.849864],[618,1908,-85.424907,34.849808],[643,1910,-85.424956,34.849753],[668,1910,-85.425005,34.849697],[693,1909,-85.425054,34.849642],[718,1909,-85.425103,34.849586],[743,1909,-85.425152,34.849531],[768,1909,-85.425201,34.849475],[793,1909,-85.42525,34.84942],[818,1908,-85.425298,34.849364],[843,1909,-85.425347,34.849308],[868,1912,-85.425396,34.849253],[893,1909,-85.425445,34.849197],[918,1909,-85.425494,34.849142],[943,1910,-85.425543,34.849086],[968,1911,-85.42555,34.849019],[993,1913,-85.425554,34.84895],[1018,1914,-85.425558,34.848882],[1043,1916,-85.425562,34.848813],[1068,1919,-85.425566,34.848745],[1086,1917,-85.425523,34.848711],[1111,1916,-85.42544,34.848707],[1136,1915,-85.425357,34.848703],[1161,1915,-85.425273,34.848699],[1184,1915,-85.425197,34.848686],[1209,1914,-85.425162,34.848624],[1234,1912,-85.425126,34.848561],[1259,1912,-85.425091,34.848499],[1284,1911,-85.425056,34.848437],[1309,1912,-85.42502,34.848375],[1334,1912,-85.424985,34.848313],[1359,1914,-85.424949,34.848251],[1384,1916,-85.424914,34.848189],[1408,1919,-85.424884,34.848127],[1433,1921,-85.424919,34.848065],[1458,1923,-85.424954,34.848003],[1483,1925,-85.424989,34.84794],[1508,1924,-85.425024,34.847878],[1533,1924,-85.425059,34.847816],[1558,1919,-85.425094,34.847754],[1583,1921,-85.425129,34.847692],[1608,1922,-85.425164,34.847629],[1633,1920,-85.425199,34.847567],[1658,1920,-85.425233,34.847505],[1683,1922,-85.425268,34.847443],[1708,1922,-85.425303,34.84738],[1733,1921,-85.425338,34.847318],[1758,1920,-85.425373,34.847256],[1781,1921,-85.425425,34.847209],[1806,1923,-85.425505,34.84719],[1831,1922,-85.425585,34.847172],[1856,1921,-85.425665,34.847153],[1881,1921,-85.425746,34.847134],[1906,1922,-85.425826,34.847115],[1931,1921,-85.4259,34.847084],[1956,1921,-85.425972,34.84705],[1981,1919,-85.426044,34.847015],[2006,1919,-85.426116,34.84698],[2031,1921,-85.426188,34.846945],[2056,1924,-85.42626,34.846911],[2081,1924,-85.426332,34.846876],[2106,1926,-85.426404,34.846841],[2131,1928,-85.426476,34.846806],[2156,1927,-85.426548,34.846772],[2181,1927,-85.42662,34.846737],[2206,1929,-85.426692,34.846702],[2231,1928,-85.426764,34.846668],[2256,1929,-85.426836,34.846633],[2281,1932,-85.426908,34.846598],[2306,1929,-85.426974,34.846557],[2331,1928,-85.427035,34.84651],[2356,1928,-85.427096,34.846464],[2381,1928,-85.427158,34.846417],[2406,1928,-85.427219,34.846371],[2431,1929,-85.42728,34.846324],[2456,1930,-85.427341,34.846277],[2481,1930,-85.427403,34.846231],[2506,1930,-85.427464,34.846184],[2531,1930,-85.427525,34.846138],[2556,1933,-85.427586,34.846091],[2581,1931,-85.427648,34.846044],[2606,1929,-85.427709,34.845998],[2631,1927,-85.42777,34.845951],[2655,1925,-85.427834,34.845909],[2680,1922,-85.427914,34.845887],[2705,1918,-85.427993,34.845866],[2728,1914,-85.428057,34.845896],[2753,1913,-85.428116,34.845944],[2777,1914,-85.428154,34.846003],[2802,1914,-85.428174,34.846069],[2827,1918,-85.428194,34.846136],[2850,1921,-85.42819,34.846199],[2875,1927,-85.428147,34.846257],[2900,1930,-85.428103,34.846316],[2925,1932,-85.428059,34.846374],[2950,1934,-85.428011,34.84643],[2975,1934,-85.427957,34.846483],[3000,1933,-85.427904,34.846535],[3025,1932,-85.427851,34.846588],[3049,1932,-85.427789,34.846633],[3074,1933,-85.427718,34.846668],[3099,1933,-85.427646,34.846703],[3124,1932,-85.427574,34.846739],[3149,1935,-85.427503,34.846774],[3174,1932,-85.427431,34.846809],[3199,1933,-85.42736,34.846844],[3224,1934,-85.427288,34.84688],[3249,1934,-85.427216,34.846915],[3274,1934,-85.427145,34.84695],[3299,1933,-85.427073,34.846985],[3324,1934,-85.427002,34.847021],[3349,1931,-85.42693,34.847056],[3374,1930,-85.426858,34.847091],[3399,1928,-85.426809,34.847146],[3424,1927,-85.426761,34.847202],[3449,1927,-85.426712,34.847258],[3474,1927,-85.426664,34.847314],[3499,1929,-85.426616,34.84737],[3524,1930,-85.426567,34.847426],[3549,1929,-85.426519,34.847481],[3574,1930,-85.426471,34.847537],[3599,1930,-85.426422,34.847593],[3624,1931,-85.426374,34.847649],[3649,1931,-85.426326,34.847705],[3674,1932,-85.426277,34.847761],[3699,1933,-85.426229,34.847817],[3724,1934,-85.426181,34.847873],[3749,1934,-85.426132,34.847928],[3774,1935,-85.426084,34.847984],[3799,1934,-85.426036,34.84804],[3824,1935,-85.425987,34.848096],[3849,1936,-85.425939,34.848152],[3874,1936,-85.425903,34.848212],[3899,1937,-85.425885,34.848279],[3924,1938,-85.425866,34.848346],[3949,1939,-85.425848,34.848413],[3974,1939,-85.425829,34.84848],[3999,1937,-85.425811,34.848547],[4022,1936,-85.425837,34.848605],[4047,1934,-85.425889,34.848658],[4072,1932,-85.425942,34.848711],[4097,1929,-85.425995,34.848764],[4121,1929,-85.426078,34.84877],[4146,1928,-85.426161,34.848774],[4171,1927,-85.426244,34.848778],[4196,1926,-85.426328,34.848783],[4221,1923,-85.426406,34.848763],[4246,1922,-85.426485,34.848738],[4271,1919,-85.426563,34.848714],[4296,1920,-85.426641,34.84869],[4321,1922,-85.426719,34.848666],[4346,1926,-85.426797,34.848642],[4371,1927,-85.426875,34.848617],[4396,1931,-85.426953,34.848593],[4421,1933,-85.427031,34.848569],[4446,1933,-85.427109,34.848545],[4471,1935,-85.427188,34.84852],[4496,1937,-85.427266,34.848496],[4520,1937,-85.427346,34.848489],[4545,1937,-85.427429,34.848499],[4570,1936,-85.427511,34.84851],[4594,1935,-85.427591,34.848514],[4619,1937,-85.427647,34.848463],[4644,1938,-85.427703,34.848412],[4669,1940,-85.427759,34.848361],[4693,1943,-85.427799,34.848306],[4718,1945,-85.427799,34.848237],[4743,1946,-85.427799,34.848169],[4766,1947,-85.427786,34.848105],[4791,1947,-85.427722,34.848061],[4816,1945,-85.427658,34.848017],[4841,1945,-85.427594,34.847973],[4860,1944,-85.427556,34.847932],[4885,1945,-85.427629,34.847899],[4910,1945,-85.427702,34.847865],[4935,1946,-85.427775,34.847832],[4960,1946,-85.427848,34.847799],[4985,1945,-85.427921,34.847766],[5010,1945,-85.427994,34.847733],[5035,1943,-85.428067,34.8477],[5060,1942,-85.428141,34.847667],[5085,1941,-85.428196,34.847618],[5110,1940,-85.428243,34.847561],[5135,1940,-85.42829,34.847505],[5160,1940,-85.428337,34.847448],[5185,1941,-85.428384,34.847391],[5210,1942,-85.428431,34.847335],[5235,1944,-85.428478,34.847278],[5259,1947,-85.428541,34.847234],[5284,1946,-85.428607,34.847192],[5309,1947,-85.428674,34.84715],[5334,1946,-85.42874,34.847108],[5359,1946,-85.428806,34.847067],[5384,1947,-85.428872,34.847025],[5409,1945,-85.428938,34.846983],[5434,1945,-85.429005,34.846941],[5459,1945,-85.429077,34.84691],[5484,1947,-85.429158,34.846893],[5509,1948,-85.429239,34.846877],[5534,1949,-85.42932,34.84686],[5559,1950,-85.429401,34.846843],[5584,1949,-85.429482,34.846827],[5609,1947,-85.429563,34.846812],[5634,1946,-85.429638,34.846842],[5659,1945,-85.429713,34.846871],[5684,1945,-85.429789,34.846901],[5709,1947,-85.429864,34.84693],[5734,1949,-85.42994,34.84696],[5759,1952,-85.430015,34.846989],[5784,1956,-85.43009,34.847019],[5809,1960,-85.430166,34.847048],[5834,1963,-85.430241,34.847078],[5859,1969,-85.430316,34.847107],[5884,1973,-85.430392,34.847137],[5904,1976,-85.430453,34.84716],[5929,1973,-85.430377,34.847131],[5954,1969,-85.430302,34.847101],[5979,1963,-85.430227,34.847072],[6004,1958,