{"trail":"North Side Climb Trail","distance":5571,"gain":471,"loss":165,"min":794,"max":1115,"profile":[[0,809,-85.057247,35.05475],[25,808,-85.057244,35.054681],[50,807,-85.05724,35.054613],[75,806,-85.057237,35.054544],[100,805,-85.057234,35.054476],[125,804,-85.057231,35.054407],[150,804,-85.057228,35.054339],[172,802,-85.05722,35.054278],[197,799,-85.057148,35.054313],[222,797,-85.057075,35.054347],[247,794,-85.057003,35.054382],[270,794,-85.056928,35.054384],[295,795,-85.056852,35.054357],[320,797,-85.056775,35.05433],[345,800,-85.056698,35.054302],[370,803,-85.056621,35.054275],[395,802,-85.056545,35.054247],[420,803,-85.056468,35.05422],[445,804,-85.056391,35.054193],[470,805,-85.056314,35.054165],[495,800,-85.056238,35.054138],[520,802,-85.056161,35.05411],[545,802,-85.056084,35.054083],[570,802,-85.056007,35.054056],[595,802,-85.055931,35.054028],[620,799,-85.055854,35.054001],[645,799,-85.055777,35.053974],[670,799,-85.0557,35.053946],[695,799,-85.055624,35.053919],[720,796,-85.055547,35.053891],[745,798,-85.05547,35.053864],[770,798,-85.055394,35.053837],[795,798,-85.055317,35.053809],[819,798,-85.055246,35.053773],[844,799,-85.055179,35.053733],[869,800,-85.055111,35.053692],[894,802,-85.055043,35.053652],[919,802,-85.054975,35.053612],[944,808,-85.054907,35.053572],[969,812,-85.05484,35.053532],[994,814,-85.054772,35.053492],[1019,818,-85.054704,35.053451],[1040,823,-85.054684,35.053398],[1065,838,-85.054707,35.053332],[1084,843,-85.054662,35.053296],[1109,843,-85.054582,35.053276],[1134,843,-85.054502,35.053256],[1159,837,-85.054422,35.053236],[1184,837,-85.054342,35.053216],[1209,831,-85.054261,35.053196],[1233,833,-85.054195,35.05316],[1258,839,-85.054141,35.053108],[1283,838,-85.054087,35.053055],[1308,842,-85.054034,35.053002],[1333,843,-85.05398,35.05295],[1358,846,-85.053927,35.052897],[1383,843,-85.053873,35.052844],[1408,845,-85.053819,35.052792],[1412,845,-85.053828,35.052781],[1437,848,-85.053902,35.052813],[1462,851,-85.053975,35.052846],[1487,851,-85.054049,35.052878],[1512,854,-85.054123,35.052911],[1537,856,-85.054197,35.052943],[1562,859,-85.05427,35.052976],[1587,861,-85.054344,35.053008],[1612,863,-85.054425,35.053023],[1637,867,-85.054507,35.053037],[1662,870,-85.054589,35.053051],[1687,876,-85.054671,35.053065],[1712,884,-85.054753,35.053078],[1737,886,-85.054835,35.053092],[1762,892,-85.054917,35.053106],[1787,889,-85.054999,35.05312],[1812,893,-85.055081,35.053134],[1837,895,-85.055163,35.053147],[1862,893,-85.055233,35.053182],[1887,884,-85.055298,35.053226],[1912,880,-85.055363,35.053269],[1936,877,-85.055429,35.053308],[1961,883,-85.055511,35.053296],[1986,893,-85.055593,35.053284],[2003,900,-85.055645,35.053265],[2028,899,-85.055581,35.053222],[2053,905,-85.055516,35.053179],[2078,906,-85.055451,35.053135],[2103,910,-85.055386,35.053092],[2128,912,-85.055321,35.053049],[2153,922,-85.055256,35.053006],[2178,923,-85.055191,35.052962],[2203,927,-85.055126,35.052919],[2228,928,-85.055061,35.052876],[2253,936,-85.054996,35.052833],[2278,933,-85.054931,35.052789],[2303,933,-85.054866,35.052746],[2328,928,-85.054801,35.052703],[2353,926,-85.054737,35.05266],[2378,926,-85.054699,35.052598],[2403,925,-85.054661,35.052537],[2428,925,-85.054624,35.052476],[2453,922,-85.054587,35.052415],[2478,921,-85.054549,35.052353],[2503,920,-85.054518,35.05229],[2528,922,-85.054506,35.052223],[2553,926,-85.054493,35.052155],[2578,928,-85.054481,35.052087],[2603,928,-85.054468,35.052019],[2628,931,-85.054456,35.051951],[2653,935,-85.054443,35.051884],[2678,935,-85.05443,35.051816],[2703,937,-85.054418,35.051748],[2728,941,-85.054422,35.05168],[2753,944,-85.054433,35.051612],[2778,949,-85.054443,35.051544],[2803,950,-85.054454,35.051476],[2828,951,-85.054465,35.051408],[2853,951,-85.054475,35.05134],[2878,954,-85.054486,35.051273],[2903,954,-85.054497,35.051205],[2926,956,-85.054547,35.051156],[2951,962,-85.054615,35.051115],[2976,963,-85.054682,35.051075],[3001,969,-85.05475,35.051035],[3026,971,-85.054818,35.050994],[3051,976,-85.054885,35.050954],[3076,982,-85.054953,35.050913],[3101,983,-85.05502,35.050873],[3126,986,-85.055088,35.050833],[3151,979,-85.055156,35.050792],[3176,979,-85.055223,35.050752],[3201,978,-85.055291,35.050711],[3226,976,-85.055324,35.050649],[3251,979,-85.055356,35.050585],[3276,985,-85.055387,35.050522],[3301,988,-85.055419,35.050459],[3326,994,-85.05545,35.050395],[3351,1000,-85.055482,35.050332],[3376,1004,-85.055513,35.050268],[3401,1003,-85.055545,35.050205],[3425,1004,-85.055581,35.050147],[3450,1006,-85.055665,35.050139],[3475,1007,-85.055748,35.050132],[3498,1007,-85.055818,35.050162],[3523,1013,-85.055884,35.050204],[3548,1015,-85.05595,35.050246],[3573,1017,-85.056017,35.050288],[3598,1017,-85.056071,35.050339],[3623,1022,-85.056116,35.050396],[3648,1028,-85.056161,35.050454],[3673,1029,-85.056206,35.050512],[3698,1033,-85.056251,35.05057],[3723,1036,-85.056297,35.050627],[3748,1037,-85.056342,35.050685],[3773,1039,-85.056387,35.050743],[3796,1045,-85.05631,35.050728],[3821,1047,-85.056229,35.05071],[3846,1050,-85.056148,35.050693],[3871,1047,-85.056067,35.050676],[3896,1046,-85.055986,35.050658],[3920,1046,-85.055947,35.050714],[3945,1048,-85.055912,35.050776],[3970,1049,-85.055876,35.050838],[3995,1049,-85.05584,35.0509],[4020,1050,-85.055804,35.050962],[4045,1055,-85.055769,35.051024],[4070,1056,-85.055733,35.051086],[4095,1054,-85.055697,35.051148],[4120,1054,-85.055661,35.05121],[4145,1053,-85.055626,35.051272],[4169,1055,-85.055633,35.051337],[4194,1060,-85.055657,35.051402],[4219,1063,-85.055681,35.051468],[4244,1063,-85.055705,35.051534],[4269,1066,-85.05573,35.051599],[4294,1065,-85.055754,35.051665],[4319,1067,-85.055778,35.051731],[4344,1065,-85.055802,35.051796],[4369,1068,-85.055826,35.051862],[4394,1065,-85.05585,35.051928],[4419,1066,-85.055874,35.051993],[4444,1068,-85.055898,35.052059],[4469,1064,-85.055922,35.052124],[4494,1063,-85.055946,35.05219],[4519,1059,-85.05597,35.052256],[4544,1058,-85.055994,35.052321],[4569,1052,-85.056018,35.052387],[4594,1050,-85.056042,35.052453],[4619,1047,-85.056066,35.052518],[4644,1053,-85.056149,35.05251],[4669,1057,-85.056232,35.0525],[4694,1059,-85.056315,35.052491],[4719,1061,-85.056398,35.052481],[4744,1055,-85.05648,35.052472],[4769,1049,-85.056563,35.052463],[4794,1044,-85.056646,35.052453],[4815,1047,-85.056704,35.052418],[4840,1052,-85.056737,35.052354],[4865,1053,-85.056769,35.052291],[4890,1050,-85.056801,35.052228],[4915,1051,-85.056833,35.052165],[4940,1047,-85.056865,35.052101],[4965,1048,-85.056898,35.052038],[4989,1049,-85.056967,35.052005],[5014,1046,-85.057044,35.051978],[5039,1049,-85.057121,35.051952],[5064,1045,-85.057198,35.051925],[5089,1053,-85.057275,35.051898],[5114,1059,-85.057352,35.051872],[5139,1066,-85.057429,35.051845],[5164,1071,-85.057492,35.051802],[5189,1075,-85.057544,35.051749],[5214,1082,-85.057597,35.051695],[5226,1085,-85.057608,35.051663],[5251,1083,-85.057527,35.051681],[5276,1085,-85.057446,35.051698],[5301,1084,-85.057365,35.051715],[5326,1085,-85.057284,35.051732],[5351,1080,-85.057203,35.051749],[5376,1084,-85.057122,35.051767],[5400,1090,-85.057042,35.051777],[5425,1096,-85.056965,35.051749],[5450,1101,-85.056889,35.051722],[5475,1107,-85.056812,35.051694],[5500,1111,-85.056735,35.051666],[5525,1113,-85.056659,35.051639],[5550,1115,-85.056582,35.051611],[5571,1115,-85.056517,35.051588]]}