{"trail":"North Tower Fire Road","distance":1330,"gain":63,"loss":142,"min":975,"max":1115,"profile":[[0,1054,-85.056024,35.050815],[25,1061,-85.05605,35.05088],[50,1067,-85.056077,35.050945],[75,1072,-85.056103,35.05101],[100,1076,-85.056129,35.051075],[125,1080,-85.056156,35.05114],[150,1084,-85.056182,35.051205],[175,1089,-85.056209,35.05127],[200,1093,-85.056235,35.051335],[225,1098,-85.056262,35.0514],[250,1103,-85.056288,35.051465],[275,1105,-85.056315,35.05153],[300,1112,-85.056341,35.051595],[322,1115,-85.056415,35.051597],[347,1115,-85.056498,35.051586],[372,1115,-85.056581,35.051576],[396,1112,-85.056662,35.05158],[421,1109,-85.056742,35.051601],[446,1106,-85.056821,35.051622],[471,1102,-85.056901,35.051643],[496,1097,-85.056981,35.051664],[521,1092,-85.05706,35.051685],[546,1089,-85.05714,35.051705],[571,1088,-85.057221,35.051698],[596,1087,-85.057302,35.05168],[621,1089,-85.057383,35.051663],[646,1088,-85.057464,35.051646],[671,1088,-85.057545,35.051628],[696,1085,-85.057626,35.051611],[721,1083,-85.057707,35.051593],[746,1079,-85.057788,35.051576],[771,1077,-85.057868,35.051558],[796,1071,-85.057949,35.051541],[820,1065,-85.058031,35.051546],[845,1059,-85.058112,35.051561],[870,1053,-85.058194,35.051577],[895,1047,-85.058275,35.051592],[920,1041,-85.058357,35.051608],[945,1036,-85.058438,35.051623],[970,1031,-85.05852,35.051639],[995,1026,-85.058601,35.051655],[1019,1024,-85.058679,35.051637],[1044,1019,-85.058755,35.051609],[1069,1012,-85.058832,35.051581],[1094,1005,-85.058908,35.051553],[1119,1001,-85.058985,35.051525],[1144,995,-85.059061,35.051497],[1169,991,-85.059138,35.051469],[1194,987,-85.059214,35.051441],[1219,985,-85.05929,35.051413],[1244,983,-85.059367,35.051385],[1269,980,-85.059443,35.051357],[1294,977,-85.05952,35.051329],[1319,975,-85.059596,35.051301],[1330,975,-85.059628,35.051289]]}