{"trail":"North Fork","distance":18668,"gain":1094,"loss":11,"min":4989,"max":6064,"profile":[[0,4979,-121.566371,44.031904],[57,4983,-121.566436,44.032052],[69,4987,-121.566472,44.032073],[112,4991,-121.566635,44.032063],[136,4995,-121.566713,44.032098],[161,4998,-121.566755,44.032161],[234,5001,-121.566826,44.032355],[269,5000,-121.566888,44.032439],[291,5007,-121.566968,44.032452],[323,5024,-121.567076,44.032412],[365,5031,-121.567194,44.032332],[389,5037,-121.567276,44.032303],[419,5045,-121.567391,44.032303],[444,5052,-121.567469,44.03234],[469,5061,-121.567521,44.032399],[492,5062,-121.567543,44.032459],[539,5066,-121.567521,44.032587],[624,5068,-121.567417,44.032809],[710,5068,-121.567314,44.033032],[796,5073,-121.56721,44.033254],[845,5079,-121.567227,44.033389],[882,5092,-121.567259,44.033487],[949,5095,-121.567324,44.033666],[972,5096,-121.567287,44.033724],[1045,5102,-121.567383,44.033911],[1085,5108,-121.567448,44.034011],[1163,5111,-121.567574,44.034203],[1190,5115,-121.567605,44.034273],[1260,5114,-121.567727,44.034446],[1331,5116,-121.567849,44.034619],[1402,5115,-121.567971,44.034792],[1510,5122,-121.568248,44.035012],[1574,5126,-121.568347,44.035171],[1644,5137,-121.568492,44.035332],[1713,5139,-121.568594,44.035508],[1783,5142,-121.568697,44.035683],[1852,5149,-121.568799,44.035859],[1922,5150,-121.568901,44.036035],[1992,5151,-121.569039,44.036201],[2063,5153,-121.569176,44.036367],[2189,5148,-121.569371,44.036685],[2246,5150,-121.569483,44.036819],[2308,5152,-121.569659,44.036929],[2382,5152,-121.569829,44.037092],[2456,5155,-121.569999,44.037254],[2538,5155,-121.570229,44.037405],[2579,5157,-121.570358,44.037469],[2674,5162,-121.570684,44.037585],[2770,5164,-121.571011,44.0377],[2872,5177,-121.571346,44.037845],[2956,5190,-121.571602,44.037981],[3039,5196,-121.571858,44.038116],[3077,5198,-121.571985,44.038168],[3195,5201,-121.572399,44.038292],[3293,5201,-121.572721,44.038427],[3391,5203,-121.573043,44.038563],[3521,5218,-121.5735,44.038706],[3593,5216,-121.573723,44.038818],[3664,5213,-121.573945,44.03893],[3778,5224,-121.574358,44.039032],[3878,5242,-121.574691,44.039163],[3948,5248,-121.574894,44.039288],[4018,5247,-121.575097,44.039412],[4088,5248,-121.575299,44.039537],[4158,5258,-121.575502,44.039662],[4229,5258,-121.575728,44.039769],[4300,5264,-121.575954,44.039877],[4371,5269,-121.57618,44.039984],[4413,5269,-121.576296,44.040064],[4439,5270,-121.576349,44.040123],[4533,5264,-121.576447,44.040372],[4566,5266,-121.576515,44.040447],[4611,5263,-121.576632,44.040538],[4689,5284,-121.576905,44.040624],[4711,5285,-121.576972,44.040661],[4799,5275,-121.577168,44.040855],[4837,5275,-121.577276,44.040924],[4928,5300,-121.577607,44.041002],[4969,5305,-121.577732,44.04107],[5052,5283,-121.57795,44.041233],[5072,5293,-121.578025,44.041247],[5118,5312,-121.5782,44.041231],[5145,5320,-121.578299,44.041254],[5174,5313,-121.578384,44.041305],[5286,5292,-121.578652,44.041544],[5367,5293,-121.57882,44.04173],[5413,5309,-121.578937,44.041821],[5444,5310,-121.579032,44.041874],[5536,5333,-121.579346,44.041986],[5583,5335,-121.579486,44.042068],[5662,5331,-121.579622,44.042261],[5753,5338,-121.579823,44.042463],[5851,5339,-121.579993,44.042702],[5900,5343,-121.580116,44.042803],[5995,5348,-121.580385,44.04298],[6091,5354,-121.580654,44.043156],[6116,5354,-121.58071,44.043211],[6163,5358,-121.580762,44.043336],[6234,5363,-121.580807,44.043527],[6318,5366,-121.580889,44.043748],[6401,5366,-121.580972,44.04397],[6485,5369,-121.581054,44.044191],[6555,5372,-121.581102,44.044381],[6625,5375,-121.58115,44.04457],[6737,5376,-121.581299,44.044856],[6775,5377,-121.581384,44.044942],[6804,5378,-121.581465,44.044997],[6880,5385,-121.581698,44.04512],[6956,5395,-121.581931,44.045243],[6998,5399,-121.582038,44.045329],[7031,5401,-121.582107,44.045403],[7119,5399,-121.582236,44.045628],[7151,5400,-121.582301,44.0457],[7220,5403,-121.582507,44.045818],[7289,5413,-121.582713,44.045936],[7358,5418,-121.582919,44.046054],[7403,5424,-121.58307,44.046111],[7498,5439,-121.583416,44.046188],[7592,5450,-121.583762,44.046264],[7697,5453,-121.584134,44.046371],[7794,5468,-121.584492,44.046431],[7867,5469,-121.584752,44.046505],[7912,5464,-121.584918,44.046532],[7990,5473,-121.585217,44.046541],[8084,5472,-121.585567,44.046584],[8177,5480,-121.585918,44.046628],[8285,5488,-121.586331,44.046626],[8375,5485,-121.586672,44.046658],[8465,5503,-121.587013,44.046689],[8540,5517,-121.587299,44.046694],[8578,5516,-121.587437,44.046723],[8665,5510,-121.587728,44.046834],[8758,5506,-121.588012,44.04699],[8806,5500,-121.588174,44.047047],[8894,5506,-121.588492,44.047126],[8923,5505,-121.588587,44.047166],[8975,5505,-121.588743,44.047255],[9089,5508,-121.589044,44.047479],[9185,5504,-121.589356,44.047619],[9223,5505,-121.589489,44.047658],[9298,5520,-121.589775,44.047683],[9374,5523,-121.590061,44.047708],[9452,5528,-121.590358,44.047698],[9566,5541,-121.590788,44.047643],[9640,5544,-121.591069,44.047643],[9714,5551,-121.59135,44.047644],[9758,5555,-121.591518,44.047667],[9850,5543,-121.591844,44.04776],[9892,5541,-121.592002,44.047767],[10006,5554,-121.59242,44.047676],[10073,5553,-121.592646,44.047591],[10160,5562,-121.592923,44.047462],[10211,5570,-121.593104,44.047412],[10316,5577,-121.593493,44.047345],[10409,5579,-121.593829,44.047257],[10503,5590,-121.594164,44.047168],[10613,5573,-121.594584,44.047147],[10686,5572,-121.594859,44.047118],[10759,5568,-121.595133,44.047089],[10832,5567,-121.595412,44.047089],[10905,5573,-121.595692,44.047089],[10979,5578,-121.595971,44.047089],[11061,5596,-121.596283,44.047062],[11143,5591,-121.596595,44.047036],[11220,5601,-121.596851,44.046936],[11274,5603,-121.597012,44.046843],[11335,5609,-121.597166,44.046716],[11376,5615,-121.597249,44.046621],[11414,5617,-121.59729,44.046522],[11508,5629,-121.597318,44.046266],[11555,5634,-121.597371,44.046143],[11600,5639,-121.59749,44.046054],[11680,5639,-121.59774,44.045928],[11727,5636,-121.5979,44.045866],[11797,5625,-121.598161,44.045827],[11848,5613,-121.598351,44.045848],[11927,5601,-121.598614,44.045955],[11971,5597,-121.598777,44.045984],[12003,5597,-121.598899,44.045972],[12052,5598,-121.599072,44.045921],[12052,5598,-121.599133,44.045972],[12105,5598,-121.599057,44.046106],[12127,5599,-121.599077,44.046165],[12162,5606,-121.59918,44.046226],[12230,5611,-121.599417,44.046299],[12298,5621,-121.599654,44.046372],[12331,5633,-121.599783,44.046376],[12363,5643,-121.599873,44.04632],[12458,5649,-121.600087,44.046109],[12490,5649,-121.600195,44.046067],[12511,5653,-121.600265,44.046094],[12538,5657,-121.600322,44.046156],[12616,5656,-121.600427,44.046356],[12648,5655,-121.600508,44.04642],[12686,5658,-121.600644,44.046458],[12733,5673,-121.600824,44.046453],[12770,5687,-121.600941,44.046398],[12885,5694,-121.601216,44.046153],[12936,5691,-121.601362,44.046059],[12958,5694,-121.601437,44.046031],[12990,5692,-121.601556,44.046011],[13119,5714,-121.602045,44.045993],[13199,5719,-121.602343,44.045946],[13268,5720,-121.602589,44.045877],[13293,5721,-121.60267,44.04584],[13413,5715,-121.602989,44.045603],[13443,5718,-121.603099,44.045621],[13501,5727,-121.603266,44.045728],[13524,5730,-121.603339,44.045758],[13551,5734,-121.60344,44.045776],[13569,5737,-121.603506,44.045764],[13596,5740,-121.603583,44.045713],[13648,5738,-121.603674,44.045586],[13676,5743,-121.603747,44.045529],[13766,5750,-121.604034,44.045394],[13811,5760,-121.604189,44.045346],[13905,5772,-121.604548,44.045344],[14035,5780,-121.605041,44.045304],[14155,5797,-121.605495,44.045355],[14220,5807,-121.605729,44.045408],[14245,5809,-121.605812,44.045441],[14339,5826,-121.606053,44.045634],[14401,5835,-121.606265,44.045706],[14487,5848,-121.606541,44.045836],[14574,5855,-121.606817,44.045965],[14598,5856,-121.606904,44.045989],[14640,5858,-121.607061,44.045975],[14710,5857,-121.607291,44.045876],[14731,5858,-121.607354,44.045839],[14745,5855,-121.607398,44.045816],[14759,5856,-121.607439,44.045792],[14769,5856,-121.607473,44.045781],