{"trail":"North Fork #3666","distance":25643,"gain":350,"loss":215,"min":1076,"max":1297,"profile":[[0,1115,-122.495012,43.760329],[61,1121,-122.494945,43.760488],[118,1128,-122.494781,43.760591],[176,1129,-122.494592,43.760671],[251,1129,-122.494339,43.760767],[337,1127,-122.494052,43.760879],[386,1120,-122.493914,43.76097],[443,1128,-122.493833,43.761114],[505,1144,-122.493714,43.761263],[547,1143,-122.493626,43.761356],[587,1148,-122.493527,43.761439],[692,1120,-122.493184,43.761585],[741,1125,-122.493109,43.76171],[799,1141,-122.493035,43.761859],[857,1150,-122.492929,43.761998],[925,1145,-122.492743,43.762129],[974,1145,-122.492589,43.762202],[1055,1133,-122.492314,43.762301],[1107,1119,-122.49213,43.762351],[1171,1104,-122.491887,43.762373],[1213,1097,-122.491734,43.762406],[1272,1087,-122.491538,43.762481],[1311,1085,-122.491424,43.762551],[1376,1081,-122.491262,43.762686],[1425,1082,-122.491167,43.762801],[1503,1083,-122.491056,43.762999],[1581,1078,-122.490945,43.763197],[1659,1080,-122.490834,43.763395],[1732,1083,-122.490709,43.763574],[1805,1080,-122.490583,43.763752],[1878,1081,-122.490458,43.763931],[1949,1083,-122.490359,43.764112],[2020,1080,-122.49026,43.764293],[2091,1080,-122.490161,43.764474],[2218,1083,-122.490046,43.764811],[2342,1080,-122.48999,43.765148],[2413,1079,-122.489993,43.765343],[2484,1078,-122.489996,43.765538],[2555,1077,-122.489998,43.765733],[2626,1076,-122.490001,43.765928],[2704,1079,-122.49004,43.766138],[2781,1077,-122.49008,43.766349],[2858,1081,-122.490119,43.766559],[2935,1083,-122.490208,43.766759],[3012,1085,-122.490297,43.766959],[3088,1085,-122.490387,43.767158],[3165,1089,-122.490476,43.767358],[3236,1102,-122.49054,43.767549],[3269,1097,-122.49055,43.767639],[3354,1080,-122.490494,43.767868],[3439,1083,-122.490439,43.768097],[3511,1078,-122.49034,43.76828],[3583,1078,-122.490241,43.768464],[3654,1079,-122.490142,43.768647],[3771,1079,-122.489862,43.768895],[3882,1080,-122.489649,43.769156],[3927,1084,-122.489519,43.769237],[3995,1079,-122.4893,43.769337],[4064,1081,-122.48908,43.769438],[4130,1079,-122.488885,43.769552],[4196,1077,-122.48869,43.769666],[4262,1078,-122.488495,43.76978],[4328,1078,-122.4883,43.769894],[4397,1076,-122.488107,43.770021],[4465,1076,-122.487914,43.770147],[4534,1075,-122.487721,43.770274],[4603,1076,-122.487527,43.7704],[4672,1074,-122.487334,43.770526],[4740,1074,-122.487141,43.770653],[4809,1074,-122.486948,43.770779],[4878,1075,-122.486755,43.770906],[4947,1076,-122.486548,43.771025],[5017,1078,-122.486342,43.771143],[5086,1078,-122.486135,43.771262],[5161,1083,-122.48594,43.771409],[5235,1083,-122.485746,43.771557],[5309,1082,-122.485551,43.771704],[5383,1080,-122.485356,43.771851],[5457,1079,-122.485196,43.772017],[5531,1085,-122.485036,43.772183],[5605,1088,-122.484876,43.772349],[5674,1084,-122.484703,43.772493],[5744,1080,-122.484531,43.772637],[5813,1079,-122.484358,43.772781],[5883,1078,-122.484186,43.772925],[5972,1082,-122.483928,43.773086],[6062,1079,-122.483671,43.773247],[6101,1083,-122.483573,43.773326],[6228,1080,-122.483294,43.773612],[6346,1078,-122.482977,43.773838],[6444,1084,-122.482756,43.774054],[6525,1091,-122.482553,43.774222],[6629,1087,-122.482251,43.774407],[6701,1086,-122.482064,43.774548],[6772,1087,-122.481878,43.77469],[6843,1083,-122.481691,43.774831],[6960,1084,-122.481353,43.775037],[7029,1086,-122.48117,43.775176],[7099,1088,-122.480988,43.775315],[7169,1087,-122.480806,43.775453],[7239,1087,-122.480623,43.775592],[7312,1092,-122.480465,43.775758],[7429,1097,-122.480175,43.776],[7515,1090,-122.479945,43.776167],[7601,1094,-122.479716,43.776334],[7668,1091,-122.47952,43.776452],[7735,1102,-122.479324,43.776569],[7802,1113,-122.479128,43.776686],[7869,1117,-122.478932,43.776804],[7940,1116,-122.478699,43.776902],[8011,1114,-122.478466,43.776999],[8082,1111,-122.478233,43.777097],[8177,1112,-122.477914,43.777217],[8271,1113,-122.477596,43.777338],[8352,1112,-122.47731,43.777413],[8419,1111,-122.477063,43.777456],[8486,1111,-122.476816,43.7775],[8552,1111,-122.476569,43.777543],[8620,1111,-122.476314,43.77756],[8687,1111,-122.476059,43.777577],[8800,1112,-122.475652,43.777668],[8877,1113,-122.475363,43.777707],[8955,1115,-122.475074,43.777746],[9002,1115,-122.474901,43.777781],[9081,1117,-122.474628,43.777873],[9160,1115,-122.474356,43.777964],[9240,1115,-122.474083,43.778056],[9297,1115,-122.473874,43.778098],[9394,1113,-122.473511,43.778142],[9467,1113,-122.473236,43.778164],[9540,1112,-122.47296,43.778186],[9663,1112,-122.472513,43.778286],[9765,1111,-122.472132,43.778335],[9879,1111,-122.471699,43.778332],[9966,1111,-122.471375,43.778286],[10053,1112,-122.471051,43.77824],[10135,1113,-122.47074,43.778241],[10209,1113,-122.470462,43.778211],[10268,1114,-122.470239,43.778205],[10387,1115,-122.46979,43.778153],[10471,1116,-122.469474,43.778151],[10554,1117,-122.469158,43.778148],[10643,1118,-122.468823,43.778191],[10733,1120,-122.468488,43.778233],[10829,1120,-122.468134,43.778297],[10911,1119,-122.467839,43.778371],[10985,1119,-122.467589,43.778458],[11058,1119,-122.467338,43.778544],[11167,1120,-122.467016,43.778732],[11273,1120,-122.46673,43.778938],[11337,1121,-122.466623,43.779096],[11419,1120,-122.466527,43.77931],[11501,1120,-122.466469,43.779529],[11582,1120,-122.466411,43.779748],[11657,1121,-122.466411,43.779954],[11741,1120,-122.466368,43.780182],[11812,1120,-122.466368,43.780377],[11883,1121,-122.466369,43.780571],[11954,1123,-122.466369,43.780766],[12035,1124,-122.466325,43.780984],[12115,1124,-122.466281,43.781202],[12208,1128,-122.466282,43.781458],[12302,1135,-122.466283,43.781714],[12356,1138,-122.466248,43.781861],[12423,1137,-122.466168,43.782034],[12489,1136,-122.466089,43.782207],[12559,1133,-122.466033,43.782394],[12633,1130,-122.46595,43.782587],[12707,1127,-122.465868,43.782781],[12780,1125,-122.465785,43.782974],[12868,1131,-122.465734,43.78321],[12955,1134,-122.465683,43.783446],[13047,1138,-122.465605,43.783693],[13161,1143,-122.465449,43.783983],[13243,1154,-122.465356,43.784199],[13336,1165,-122.465294,43.784449],[13428,1169,-122.465231,43.784699],[13500,1170,-122.465147,43.784885],[13571,1166,-122.465063,43.78507],[13657,1161,-122.465003,43.785302],[13743,1167,-122.464943,43.785534],[13808,1164,-122.464908,43.785709],[13873,1168,-122.464906,43.785888],[13921,1172,-122.464871,43.786018],[14014,1167,-122.464769,43.786261],[14093,1167,-122.464652,43.786461],[14172,1166,-122.464536,43.786661],[14251,1160,-122.464419,43.786861],[14330,1159,-122.464279,43.787052],[14409,1154,-122.464139,43.787242],[14532,1153,-122.464001,43.787566],[14629,1154,-122.463832,43.7878],[14700,1156,-122.463743,43.787984],[14771,1152,-122.463654,43.788168],[14886,1149,-122.463407,43.788428],[14956,1147,-122.463291,43.788603],[15027,1147,-122.463175,43.788777],[15098,1148,-122.463059,43.788952],[15131,1148,-122.463037,43.789042],[15216,1161,-122.46307,43.789273],[15237,1166,-122.463057,43.789331],[15285,1167,-122.46296,43.789442],[15361,1159,-122.46269,43.789513],[15392,1158,-122.462591,43.789561],[15455,1155,-122.462404,43.789668],[15517,1154,-122.462236,43.789786],[15563,1155,-122.462149,43.789897],[15612,1151,-122.461984,43.789957],[15641,1152,-122.461899,43.79001],[15697,1157,-122.461859,43.79016],[15750,1156,-122.461738,43.790277],[15771,1154,-122.461661,43.790284],[15793,1156,-122.461599,43.790325],[15846,1156,-122.461521,43.79046],[15888,1158,-122.461436,43.790555],[15964,1158,-122.46131,43.790744],[15988,1162,-122.461285,43.790806],[16024,1160,-122.46118,43.79087],[16076,1156,-122.461054,43.790979],[16117,1164,-122.460972,43.791075],[16203,1171,-122.460753,43.791251],[16243,1168,-122.460623,43.791304],[16258,1168,-122.460572,43.791325],[16286,1165,-122.460475,43.791358],[16363,1168,-122.460259,43.791498],[16439,1165,-122.460043,43.791639],[16516,1164,-122.459827,43.791779],[16570,1162,-122.459689,43.79189],[16646,1161,-122.459533,43.792065],[16722,1167,-122.459377,43.792239],[16803,1177,-122.459241,43.792438],[16829,1182,