{"trail":"Nutty Buddy (lower)","distance":2376,"gain":39,"loss":216,"min":802,"max":979,"profile":[[0,979,-85.059435,35.051289],[25,978,-85.0595,35.051333],[50,975,-85.059564,35.051377],[75,973,-85.059521,35.051436],[100,972,-85.059478,35.051494],[125,968,-85.059436,35.051553],[150,956,-85.059465,35.051618],[175,949,-85.059493,35.051682],[200,944,-85.059522,35.051746],[225,943,-85.059551,35.05181],[250,940,-85.05958,35.051875],[274,941,-85.059572,35.051941],[299,942,-85.059556,35.052009],[324,939,-85.059539,35.052076],[349,942,-85.059523,35.052143],[374,945,-85.059506,35.05221],[399,940,-85.05949,35.052277],[424,940,-85.059465,35.052341],[449,936,-85.059417,35.052398],[474,930,-85.059368,35.052454],[499,929,-85.05932,35.05251],[524,931,-85.059272,35.052566],[549,930,-85.059224,35.052622],[574,931,-85.059176,35.052678],[599,931,-85.059128,35.052734],[624,929,-85.05908,35.05279],[649,928,-85.059031,35.052846],[674,921,-85.058983,35.052902],[699,918,-85.058935,35.052958],[723,921,-85.058913,35.053023],[748,923,-85.058901,35.05309],[773,919,-85.05889,35.053158],[798,920,-85.058879,35.053226],[823,920,-85.058867,35.053294],[848,919,-85.058856,35.053362],[873,916,-85.058819,35.053301],[898,910,-85.058781,35.053239],[922,906,-85.058737,35.053186],[947,897,-85.058654,35.053186],[967,894,-85.058602,35.053224],[992,891,-85.058572,35.053288],[1017,889,-85.058541,35.053352],[1042,888,-85.058511,35.053416],[1067,891,-85.058481,35.05348],[1092,888,-85.05845,35.053544],[1117,885,-85.05842,35.053608],[1142,885,-85.058389,35.053672],[1167,884,-85.058359,35.053735],[1192,883,-85.058329,35.053799],[1217,886,-85.058298,35.053863],[1242,886,-85.058268,35.053927],[1267,885,-85.058238,35.053991],[1292,884,-85.058207,35.054055],[1317,886,-85.058177,35.054119],[1342,885,-85.058147,35.054182],[1367,885,-85.058116,35.054246],[1392,885,-85.058086,35.05431],[1417,885,-85.058056,35.054374],[1442,884,-85.058025,35.054438],[1465,878,-85.057953,35.054451],[1482,877,-85.057915,35.054416],[1507,875,-85.057921,35.054348],[1532,873,-85.057927,35.054279],[1557,872,-85.057933,35.054211],[1581,865,-85.057867,35.054174],[1606,860,-85.057794,35.05414],[1627,857,-85.057755,35.054188],[1652,855,-85.057722,35.054251],[1677,853,-85.05769,35.054314],[1702,854,-85.057657,35.054378],[1727,851,-85.057624,35.054441],[1752,849,-85.057591,35.054504],[1777,846,-85.057558,35.054567],[1802,848,-85.057526,35.05463],[1827,844,-85.057493,35.054693],[1852,841,-85.05746,35.054756],[1877,837,-85.057427,35.054819],[1902,833,-85.057394,35.054882],[1927,836,-85.057362,35.054945],[1952,830,-85.057329,35.055008],[1977,825,-85.057296,35.055071],[1992,825,-85.057299,35.055029],[2017,829,-85.057312,35.054961],[2042,827,-85.057324,35.054893],[2067,824,-85.057336,35.054826],[2092,822,-85.057349,35.054758],[2117,826,-85.057361,35.05469],[2142,824,-85.057373,35.054622],[2158,819,-85.057331,35.054651],[2183,815,-85.057276,35.054702],[2205,805,-85.057225,35.054744],[2230,804,-85.057222,35.054675],[2255,803,-85.057219,35.054607],[2280,802,-85.057216,35.054539],[2305,802,-85.057213,35.05447],[2330,802,-85.057209,35.054402],[2355,802,-85.057206,35.054333],[2376,802,-85.057204,35.054275]]}