{"trail":"Nutty Buddy (Upper)","distance":2191,"gain":51,"loss":188,"min":979,"max":1118,"profile":[[0,1116,-85.056496,35.05157],[25,1117,-85.056536,35.05163],[50,1118,-85.056576,35.05169],[75,1115,-85.056617,35.05175],[100,1110,-85.056657,35.05181],[125,1099,-85.056697,35.051871],[149,1085,-85.056728,35.051931],[174,1078,-85.056701,35.051996],[199,1074,-85.056675,35.052061],[224,1073,-85.056648,35.052126],[249,1072,-85.056622,35.052191],[274,1068,-85.056595,35.052256],[297,1067,-85.056546,35.052305],[322,1070,-85.056471,35.052336],[346,1070,-85.056396,35.052355],[371,1076,-85.056321,35.052325],[396,1078,-85.056246,35.052294],[421,1077,-85.056172,35.052263],[446,1073,-85.056097,35.052233],[469,1072,-85.056048,35.052182],[494,1072,-85.056017,35.052119],[519,1076,-85.055986,35.052055],[544,1076,-85.055955,35.051991],[569,1073,-85.055924,35.051928],[594,1072,-85.055893,35.051864],[619,1074,-85.055861,35.0518],[644,1072,-85.05583,35.051737],[669,1069,-85.055807,35.051672],[694,1070,-85.055801,35.051603],[719,1070,-85.055794,35.051535],[744,1070,-85.055788,35.051467],[769,1069,-85.055781,35.051398],[794,1068,-85.055775,35.05133],[819,1067,-85.055768,35.051262],[843,1064,-85.055786,35.051197],[868,1064,-85.055818,35.051133],[893,1061,-85.055849,35.05107],[918,1060,-85.055881,35.051006],[943,1060,-85.055913,35.050943],[968,1058,-85.055945,35.050879],[988,1057,-85.056004,35.050854],[1013,1059,-85.056087,35.050861],[1038,1062,-85.05617,35.050868],[1063,1060,-85.056254,35.050875],[1088,1056,-85.056337,35.050883],[1113,1050,-85.05642,35.05089],[1138,1043,-85.056503,35.050897],[1163,1040,-85.056587,35.050904],[1188,1034,-85.05667,35.050911],[1213,1028,-85.056753,35.050918],[1237,1028,-85.056821,35.050954],[1262,1024,-85.056883,35.051],[1287,1026,-85.056946,35.051046],[1312,1025,-85.057008,35.051091],[1337,1019,-85.05707,35.051137],[1362,1017,-85.057133,35.051183],[1383,1017,-85.057195,35.051209],[1408,1010,-85.057256,35.051163],[1433,1011,-85.057318,35.051116],[1458,1003,-85.057379,35.05107],[1483,1007,-85.057441,35.051023],[1508,1006,-85.057502,35.050977],[1533,1002,-85.057564,35.05093],[1558,1006,-85.057625,35.050883],[1583,1004,-85.057686,35.050837],[1608,1000,-85.057748,35.05079],[1631,1001,-85.057825,35.050792],[1656,1006,-85.057906,35.050809],[1681,1004,-85.057987,35.050825],[1706,1004,-85.058069,35.050841],[1731,997,-85.05815,35.050857],[1756,995,-85.058231,35.050874],[1781,990,-85.058313,35.05089],[1806,993,-85.058394,35.050906],[1831,991,-85.058475,35.050922],[1856,992,-85.058557,35.050939],[1881,990,-85.058638,35.050955],[1906,993,-85.058684,35.051011],[1931,990,-85.058728,35.05107],[1956,990,-85.058772,35.051128],[1981,990,-85.058816,35.051186],[2006,988,-85.05886,35.051244],[2031,990,-85.058904,35.051303],[2052,987,-85.058973,35.051321],[2077,983,-85.059056,35.051315],[2102,982,-85.059139,35.051309],[2127,982,-85.059223,35.051304],[2152,982,-85.059306,35.051298],[2177,980,-85.05939,35.051292],[2191,979,-85.059435,35.051289]]}