{"trail":"Oak Hole Lane","distance":5175,"gain":219,"loss":219,"min":1012,"max":1089,"profile":[[0,1073,-85.039587,35.044368],[25,1072,-85.039529,35.044417],[50,1070,-85.03947,35.044466],[75,1069,-85.039412,35.044515],[100,1070,-85.039353,35.044564],[125,1070,-85.039295,35.044613],[150,1072,-85.039237,35.044662],[175,1073,-85.039178,35.044711],[200,1073,-85.03912,35.044761],[225,1077,-85.039061,35.04481],[250,1078,-85.039003,35.044859],[275,1076,-85.038944,35.044908],[300,1077,-85.038886,35.044957],[325,1072,-85.038828,35.045006],[350,1072,-85.038768,35.045054],[375,1071,-85.038688,35.045074],[400,1071,-85.038608,35.045094],[425,1068,-85.038528,35.045114],[447,1064,-85.038455,35.045101],[472,1062,-85.038387,35.045061],[495,1055,-85.038339,35.045012],[520,1061,-85.038329,35.044944],[545,1069,-85.03832,35.044876],[570,1075,-85.03831,35.044808],[595,1078,-85.0383,35.044739],[620,1078,-85.038322,35.044673],[645,1079,-85.038344,35.044608],[670,1077,-85.038367,35.044542],[695,1078,-85.03839,35.044476],[720,1076,-85.038413,35.04441],[745,1077,-85.038436,35.044344],[770,1074,-85.038459,35.044278],[795,1076,-85.038481,35.044212],[820,1075,-85.038504,35.044146],[845,1078,-85.038527,35.04408],[870,1077,-85.03855,35.044014],[895,1081,-85.038573,35.043948],[920,1079,-85.038596,35.043882],[945,1081,-85.038619,35.043816],[970,1079,-85.038641,35.043751],[995,1081,-85.038664,35.043685],[1020,1081,-85.038687,35.043619],[1045,1078,-85.03871,35.043553],[1070,1078,-85.038733,35.043487],[1095,1076,-85.038765,35.043425],[1120,1077,-85.038824,35.043377],[1145,1078,-85.038884,35.043329],[1170,1081,-85.038944,35.043281],[1195,1079,-85.039004,35.043234],[1220,1079,-85.039064,35.043186],[1245,1079,-85.039124,35.043138],[1270,1078,-85.039183,35.04309],[1295,1078,-85.039243,35.043042],[1320,1077,-85.039303,35.042994],[1345,1076,-85.039363,35.042946],[1370,1079,-85.039423,35.042898],[1395,1074,-85.039483,35.04285],[1420,1073,-85.039542,35.042802],[1445,1075,-85.039602,35.042754],[1470,1070,-85.039662,35.042706],[1495,1070,-85.039722,35.042658],[1520,1064,-85.039782,35.04261],[1545,1062,-85.039841,35.042563],[1570,1062,-85.039901,35.042515],[1595,1056,-85.039961,35.042467],[1620,1056,-85.040021,35.042419],[1645,1055,-85.040081,35.042371],[1670,1051,-85.040141,35.042323],[1695,1053,-85.0402,35.042275],[1720,1053,-85.04026,35.042227],[1745,1052,-85.04032,35.042179],[1770,1051,-85.04038,35.042131],[1795,1047,-85.04044,35.042083],[1820,1046,-85.0405,35.042035],[1845,1043,-85.040559,35.041987],[1870,1037,-85.040619,35.041939],[1895,1035,-85.040679,35.041892],[1920,1033,-85.040739,35.041844],[1944,1030,-85.040752,35.041778],[1969,1025,-85.040759,35.041709],[1994,1021,-85.040766,35.041641],[2019,1017,-85.040773,35.041573],[2044,1014,-85.04078,35.041505],[2069,1012,-85.040788,35.041436],[2094,1016,-85.040795,35.041368],[2119,1020,-85.040802,35.0413],[2144,1024,-85.040809,35.041231],[2169,1028,-85.040816,35.041163],[2194,1031,-85.040823,35.041095],[2219,1036,-85.04083,35.041027],[2243,1039,-85.040801,35.040964],[2268,1041,-85.040763,35.040903],[2293,1045,-85.040724,35.040843],[2318,1049,-85.040685,35.040782],[2343,1049,-85.040647,35.040721],[2368,1049,-85.040608,35.04066],[2393,1048,-85.04057,35.040599],[2418,1049,-85.040531,35.040538],[2443,1053,-85.040577,35.040481],[2468,1056,-85.040622,35.040423],[2493,1059,-85.040668,35.040366],[2518,1059,-85.040713,35.040308],[2543,1058,-85.040759,35.040251],[2568,1059,-85.040804,35.040193],[2593,1058,-85.04085,35.040136],[2618,1056,-85.040895,35.040078],[2643,1057,-85.040941,35.040021],[2668,1056,-85.040986,35.039963],[2693,1058,-85.041032,35.039906],[2718,1058,-85.041059,35.039842],[2743,1053,-85.041078,35.039775],[2768,1054,-85.041097,35.039708],[2793,1051,-85.041116,35.039642],[2818,1053,-85.041134,35.039575],[2843,1051,-85.041153,35.039508],[2868,1047,-85.041172,35.039441],[2891,1053,-85.041244,35.039419],[2916,1054,-85.041326,35.039404],[2935,1056,-85.041381,35.039428],[2960,1057,-85.041407,35.039493],[2985,1057,-85.041434,35.039558],[3010,1059,-85.04146,35.039623],[3035,1058,-85.041487,35.039688],[3060,1060,-85.041513,35.039753],[3085,1059,-85.04154,35.039818],[3110,1059,-85.041566,35.039883],[3135,1062,-85.041593,35.039948],[3160,1063,-85.041619,35.040013],[3185,1064,-85.041646,35.040078],[3210,1065,-85.041672,35.040143],[3235,1065,-85.041698,35.040208],[3260,1067,-85.041715,35.040274],[3285,1069,-85.041723,35.040343],[3310,1071,-85.04173,35.040411],[3335,1070,-85.041738,35.040479],[3360,1070,-85.041746,35.040547],[3385,1070,-85.041753,35.040616],[3410,1069,-85.041761,35.040684],[3435,1067,-85.041768,35.040752],[3459,1065,-85.041775,35.04082],[3484,1065,-85.041721,35.040873],[3509,1063,-85.041667,35.040925],[3534,1063,-85.041613,35.040978],[3559,1063,-85.04156,35.04103],[3584,1064,-85.041506,35.041083],[3609,1065,-85.041452,35.041135],[3634,1064,-85.041398,35.041188],[3659,1064,-85.041345,35.04124],[3684,1061,-85.041291,35.041293],[3709,1057,-85.041237,35.041345],[3734,1051,-85.041183,35.041398],[3759,1041,-85.04113,35.04145],[3784,1043,-85.041096,35.041512],[3809,1042,-85.041072,35.041577],[3834,1045,-85.041049,35.041643],[3859,1046,-85.041026,35.041709],[3884,1046,-85.041002,35.041775],[3909,1051,-85.040979,35.041841],[3934,1051,-85.040956,35.041907],[3959,1057,-85.040933,35.041972],[3984,1061,-85.040909,35.042038],[4009,1069,-85.040886,35.042104],[4027,1072,-85.040914,35.042148],[4052,1079,-85.040994,35.042169],[4077,1085,-85.041073,35.042191],[4102,1087,-85.041153,35.042213],[4127,1088,-85.041232,35.042234],[4152,1087,-85.041311,35.042256],[4177,1086,-85.04139,35.042278],[4202,1088,-85.041421,35.042342],[4227,1087,-85.041452,35.042406],[4252,1086,-85.041483,35.042469],[4277,1085,-85.041514,35.042533],[4301,1084,-85.041478,35.042591],[4326,1087,-85.041431,35.042648],[4351,1088,-85.041385,35.042705],[4376,1088,-85.041338,35.042762],[4401,1088,-85.041292,35.042819],[4426,1087,-85.041245,35.042876],[4451,1085,-85.041199,35.042933],[4475,1085,-85.041143,35.042983],[4500,1086,-85.041078,35.043025],[4525,1082,-85.041012,35.043068],[4550,1083,-85.040947,35.043111],[4575,1081,-85.040881,35.043153],[4600,1084,-85.040815,35.043196],[4625,1083,-85.04075,35.043238],[4650,1079,-85.040684,35.043281],[4675,1078,-85.040619,35.043323],[4700,1079,-85.040553,35.043366],[4725,1080,-85.040487,35.043409],[4750,1079,-85.040422,35.043451],[4775,1077,-85.040356,35.043494],[4800,1077,-85.040291,35.043536],[4825,1080,-85.040225,35.043579],[4850,1080,-85.040159,35.043621],[4875,1084,-85.040094,35.043664],[4900,1083,-85.040032,35.043709],[4925,1084,-85.039991,35.043769],[4950,1084,-85.039951,35.043829],[4975,1086,-85.03991,35.043889],[5000,1087,-85.03987,35.043949],[5025,1089,-85.039829,35.044009],[5050,1089,-85.039789,35.044069],[5075,1088,-85.039748,35.044129],[5100,1089,-85.039708,35.044189],[5125,1085,-85.039667,35.044249],[5150,1079,-85.039627,35.044309],[5175,1073,-85.039587,35.044368]]}