{"trail":"Ollie","distance":2021,"gain":25,"loss":278,"min":863,"max":1118,"profile":[[0,1118,-85.309567,35.141266],[25,1113,-85.309549,35.141199],[50,1109,-85.309531,35.141132],[75,1101,-85.309513,35.141065],[100,1100,-85.309495,35.140998],[118,1095,-85.30946,35.140957],[143,1088,-85.309382,35.140981],[168,1081,-85.309303,35.141006],[193,1077,-85.309225,35.141031],[216,1070,-85.309153,35.141011],[241,1062,-85.309083,35.140973],[264,1060,-85.309084,35.140909],[289,1063,-85.309096,35.140841],[314,1061,-85.309108,35.140773],[339,1059,-85.30912,35.140705],[364,1057,-85.309132,35.140637],[389,1057,-85.309143,35.140569],[414,1052,-85.309155,35.140502],[439,1046,-85.309167,35.140434],[464,1040,-85.309179,35.140366],[489,1039,-85.309191,35.140298],[514,1032,-85.309203,35.14023],[539,1033,-85.309249,35.140173],[564,1031,-85.309296,35.140116],[589,1032,-85.309342,35.140059],[614,1028,-85.309389,35.140002],[639,1024,-85.309435,35.139945],[664,1027,-85.309482,35.139888],[689,1024,-85.309528,35.139831],[705,1017,-85.309496,35.139798],[730,1011,-85.309415,35.13978],[755,1004,-85.309334,35.139762],[777,1005,-85.30927,35.139792],[802,1003,-85.309213,35.139842],[827,1005,-85.309156,35.139892],[852,1003,-85.309099,35.139942],[877,1000,-85.309042,35.139992],[902,997,-85.308985,35.140042],[927,998,-85.308928,35.140093],[952,992,-85.30887,35.140143],[977,990,-85.308813,35.140193],[1002,993,-85.308756,35.140243],[1009,986,-85.308741,35.140229],[1034,987,-85.308761,35.140162],[1059,981,-85.308781,35.140096],[1084,980,-85.3088,35.140029],[1109,974,-85.30882,35.139962],[1134,975,-85.308839,35.139896],[1159,971,-85.308859,35.139829],[1182,964,-85.308793,35.139865],[1207,962,-85.308725,35.139905],[1232,954,-85.308656,35.139944],[1257,953,-85.308588,35.139984],[1282,952,-85.308519,35.140023],[1306,951,-85.308472,35.140077],[1331,953,-85.308437,35.140139],[1356,954,-85.308402,35.140202],[1381,957,-85.308367,35.140264],[1405,954,-85.308381,35.1402],[1430,949,-85.308397,35.140133],[1455,948,-85.308412,35.140065],[1480,943,-85.308428,35.139998],[1505,937,-85.308444,35.139931],[1513,937,-85.308421,35.13992],[1538,934,-85.308359,35.139967],[1563,933,-85.308297,35.140013],[1588,931,-85.308235,35.140059],[1600,931,-85.308197,35.140067],[1625,927,-85.308206,35.139999],[1650,923,-85.308215,35.139931],[1675,918,-85.308223,35.139863],[1700,913,-85.308232,35.139795],[1715,910,-85.308201,35.139761],[1740,906,-85.308118,35.139771],[1765,903,-85.308035,35.13978],[1790,898,-85.307952,35.13979],[1812,891,-85.307922,35.139737],[1837,889,-85.307904,35.13967],[1859,883,-85.307858,35.139622],[1884,877,-85.30778,35.139598],[1909,873,-85.307702,35.139573],[1934,867,-85.307624,35.139548],[1959,863,-85.307546,35.139523],[1978,864,-85.307483,35.13954],[2003,864,-85.307434,35.139595],[2021,865,-85.3074,35.139634]]}