{"trail":"Oregon Sunshine","distance":6384,"gain":21,"loss":52,"min":3123,"max":3187,"profile":[[0,3162,-121.29411,44.234517],[23,3162,-121.294055,44.234566],[60,3161,-121.294014,44.234662],[109,3161,-121.293988,44.234796],[169,3161,-121.293866,44.234935],[210,3161,-121.293824,44.235044],[265,3162,-121.293724,44.235176],[281,3162,-121.293711,44.235218],[305,3162,-121.29373,44.235284],[327,3163,-121.293779,44.235333],[350,3163,-121.293847,44.235372],[425,3162,-121.294117,44.235439],[448,3162,-121.294156,44.235496],[535,3163,-121.294203,44.235734],[557,3163,-121.294193,44.235793],[657,3164,-121.294,44.23603],[693,3164,-121.293909,44.236102],[772,3166,-121.29363,44.236189],[878,3165,-121.293357,44.236405],[945,3164,-121.293123,44.236477],[1012,3166,-121.292888,44.23655],[1039,3169,-121.292783,44.236546],[1114,3179,-121.29251,44.236492],[1188,3180,-121.29227,44.236381],[1213,3180,-121.292176,44.236365],[1251,3181,-121.292036,44.23639],[1320,3181,-121.291792,44.236464],[1390,3183,-121.291549,44.236539],[1430,3183,-121.291396,44.236552],[1459,3184,-121.291301,44.236592],[1469,3184,-121.29129,44.236619],[1513,3185,-121.291318,44.236739],[1535,3185,-121.291281,44.236792],[1601,3186,-121.291059,44.236881],[1669,3187,-121.29081,44.236936],[1689,3188,-121.29075,44.236968],[1717,3188,-121.290697,44.237033],[1741,3189,-121.290698,44.2371],[1815,3190,-121.290768,44.237297],[1854,3187,-121.290731,44.237399],[1879,3185,-121.290672,44.237453],[1972,3178,-121.290369,44.23759],[2054,3174,-121.290132,44.237737],[2119,3173,-121.289909,44.237812],[2153,3172,-121.289803,44.237868],[2205,3168,-121.28968,44.23798],[2312,3167,-121.289355,44.23816],[2363,3165,-121.28926,44.238282],[2421,3165,-121.289197,44.238434],[2548,3163,-121.288955,44.238735],[2621,3162,-121.288794,44.238898],[2694,3161,-121.288633,44.239062],[2805,3162,-121.288308,44.239257],[2876,3162,-121.288149,44.239415],[2941,3160,-121.287981,44.239548],[2972,3161,-121.287926,44.239623],[3034,3157,-121.28787,44.239787],[3069,3155,-121.287796,44.239867],[3173,3153,-121.287524,44.240078],[3245,3153,-121.287308,44.240199],[3339,3152,-121.287061,44.240387],[3364,3151,-121.286971,44.240408],[3410,3153,-121.286796,44.240413],[3434,3154,-121.286712,44.240441],[3453,3153,-121.286666,44.24048],[3501,3149,-121.286587,44.240601],[3536,3148,-121.286501,44.240674],[3634,3147,-121.286222,44.240851],[3731,3146,-121.285987,44.241058],[3780,3147,-121.285832,44.241132],[3818,3147,-121.28573,44.241207],[3921,3146,-121.285573,44.241467],[4022,3145,-121.285359,44.241696],[4081,3143,-121.285303,44.241854],[4096,3143,-121.285274,44.241888],[4165,3144,-121.285032,44.241968],[4211,3144,-121.284904,44.242051],[4279,3144,-121.28469,44.242158],[4402,3145,-121.284357,44.242396],[4470,3146,-121.284148,44.242507],[4525,3146,-121.283995,44.242611],[4593,3145,-121.283783,44.242722],[4690,3143,-121.28345,44.242839],[4768,3141,-121.283157,44.24287],[4806,3142,-121.283015,44.242898],[4874,3138,-121.282785,44.242986],[4998,3137,-121.282346,44.243115],[5050,3138,-121.282156,44.243156],[5083,3138,-121.282032,44.243167],[5174,3136,-121.281684,44.243156],[5248,3134,-121.28141,44.243098],[5323,3131,-121.281137,44.24304],[5389,3128,-121.28089,44.243001],[5484,3128,-121.280625,44.242824],[5578,3124,-121.28036,44.242648],[5709,3119,-121.280043,44.242371],[5807,3116,-121.279749,44.242205],[5905,3116,-121.279454,44.242039],[6006,3118,-121.279212,44.241824],[6040,3119,-121.279112,44.241761],[6150,3124,-121.278705,44.24169],[6270,3133,-121.278316,44.241515],[6384,3140,-121.277918,44.241389]]}