{"trail":"Ovenbird Trail","distance":1342,"gain":7,"loss":101,"min":1493,"max":1587,"profile":[[0,1587,-85.376773,34.920352],[25,1585,-85.376854,34.920335],[50,1581,-85.376935,34.920318],[75,1575,-85.377015,34.9203],[100,1571,-85.377096,34.920283],[125,1567,-85.377177,34.920265],[150,1566,-85.377228,34.920212],[175,1567,-85.377277,34.920156],[200,1567,-85.377326,34.920101],[225,1562,-85.377376,34.920046],[250,1561,-85.377425,34.91999],[275,1560,-85.377475,34.919935],[300,1560,-85.377524,34.91988],[325,1560,-85.377573,34.919824],[350,1560,-85.377623,34.919769],[375,1561,-85.377672,34.919714],[400,1558,-85.377721,34.919659],[425,1559,-85.377771,34.919603],[450,1559,-85.37782,34.919548],[475,1560,-85.377882,34.919503],[500,1557,-85.377946,34.919458],[525,1556,-85.37801,34.919414],[550,1553,-85.378074,34.91937],[575,1554,-85.378138,34.919325],[600,1551,-85.378201,34.919281],[625,1550,-85.378265,34.919237],[650,1547,-85.378329,34.919192],[675,1548,-85.378393,34.919148],[700,1545,-85.378456,34.919104],[725,1544,-85.37852,34.91906],[750,1540,-85.378584,34.919015],[775,1541,-85.378648,34.918971],[800,1537,-85.378711,34.918927],[825,1536,-85.378775,34.918882],[850,1532,-85.378839,34.918838],[875,1531,-85.378903,34.918794],[900,1526,-85.378966,34.918749],[925,1525,-85.37903,34.918705],[950,1521,-85.379092,34.91866],[975,1521,-85.379129,34.918598],[1000,1519,-85.379165,34.918537],[1025,1517,-85.379202,34.918475],[1050,1516,-85.379238,34.918413],[1075,1514,-85.379275,34.918352],[1100,1513,-85.379311,34.91829],[1125,1511,-85.379348,34.918228],[1150,1511,-85.379384,34.918167],[1175,1509,-85.379421,34.918105],[1199,1506,-85.379461,34.918048],[1224,1501,-85.379544,34.918048],[1245,1499,-85.379573,34.9181],[1270,1499,-85.379587,34.918168],[1295,1498,-85.379601,34.918236],[1320,1494,-85.379614,34.918303],[1342,1493,-85.379627,34.918364]]}