{"trail":"Parking Loop","distance":1228,"gain":6,"loss":52,"min":1313,"max":1359,"profile":[[0,1359,-85.381472,34.922376],[25,1355,-85.381412,34.922328],[50,1349,-85.381352,34.92228],[75,1345,-85.381292,34.922233],[100,1342,-85.381232,34.922185],[125,1337,-85.381171,34.922138],[150,1336,-85.381111,34.92209],[175,1334,-85.381051,34.922042],[200,1331,-85.380991,34.921995],[225,1330,-85.380931,34.921947],[250,1327,-85.380871,34.9219],[274,1327,-85.380796,34.92188],[299,1326,-85.380712,34.921876],[324,1325,-85.380629,34.921871],[349,1324,-85.380545,34.921866],[374,1323,-85.380462,34.921862],[399,1322,-85.380379,34.921857],[424,1321,-85.380295,34.921853],[449,1320,-85.380212,34.921848],[473,1320,-85.380147,34.921889],[498,1320,-85.380083,34.921933],[523,1320,-85.380019,34.921977],[548,1320,-85.379955,34.922021],[573,1319,-85.379891,34.922065],[598,1319,-85.379827,34.922109],[623,1319,-85.379763,34.922153],[648,1318,-85.379699,34.922197],[673,1315,-85.379645,34.922249],[698,1315,-85.379601,34.922307],[723,1315,-85.379556,34.922365],[748,1314,-85.379511,34.922423],[773,1313,-85.379467,34.922481],[798,1314,-85.379422,34.922539],[823,1313,-85.379387,34.922601],[848,1315,-85.379354,34.922664],[873,1315,-85.379322,34.922727],[898,1315,-85.379289,34.92279],[923,1314,-85.379257,34.922853],[948,1315,-85.379224,34.922916],[973,1314,-85.379191,34.922979],[997,1313,-85.379176,34.923045],[1022,1314,-85.379176,34.923114],[1047,1314,-85.379176,34.923183],[1072,1315,-85.379176,34.923251],[1097,1315,-85.379176,34.92332],[1122,1315,-85.379176,34.923388],[1147,1315,-85.379176,34.923457],[1172,1315,-85.379176,34.923525],[1197,1315,-85.379176,34.923594],[1222,1313,-85.379176,34.923662],[1228,1313,-85.379176,34.923678]]}