{"trail":"Parkway","distance":22531,"gain":871,"loss":79,"min":3640,"max":4507,"profile":[[0,3665,-121.04315,43.945771],[98,3665,-121.04278,43.945739],[188,3665,-121.042435,43.945735],[279,3664,-121.04209,43.945731],[327,3664,-121.041938,43.945657],[374,3664,-121.041877,43.945537],[482,3662,-121.041835,43.945244],[559,3660,-121.041774,43.945037],[636,3659,-121.041712,43.94483],[709,3656,-121.041597,43.944647],[799,3655,-121.041496,43.944411],[930,3653,-121.041332,43.944073],[979,3652,-121.041265,43.943946],[1011,3652,-121.04118,43.943885],[1033,3652,-121.041121,43.943842],[1077,3652,-121.040954,43.943836],[1155,3651,-121.040669,43.9439],[1215,3650,-121.040442,43.943892],[1305,3649,-121.040107,43.943946],[1412,3648,-121.039713,43.944019],[1518,3646,-121.039358,43.944156],[1645,3645,-121.038897,43.944259],[1718,3645,-121.038641,43.944339],[1791,3644,-121.038385,43.944419],[1851,3644,-121.038174,43.944483],[1976,3644,-121.037728,43.944601],[2074,3643,-121.037368,43.94467],[2149,3643,-121.037084,43.944686],[2224,3643,-121.0368,43.944701],[2287,3643,-121.036564,43.944666],[2303,3643,-121.036504,43.944661],[2357,3643,-121.036299,43.944645],[2412,3643,-121.036089,43.944643],[2462,3643,-121.035913,43.944595],[2535,3644,-121.035636,43.944575],[2605,3646,-121.035371,43.944541],[2676,3648,-121.035106,43.944508],[2781,3653,-121.034708,43.944482],[2843,3655,-121.034481,43.944436],[2933,3653,-121.034143,43.944396],[3023,3651,-121.033804,43.944357],[3084,3648,-121.033572,43.944358],[3155,3646,-121.033323,43.944284],[3216,3643,-121.033101,43.944332],[3254,3643,-121.032959,43.94436],[3290,3641,-121.032851,43.944417],[3322,3641,-121.032735,43.944384],[3365,3642,-121.032695,43.944271],[3476,3639,-121.032283,43.944199],[3573,3639,-121.031933,43.944117],[3669,3639,-121.031583,43.944036],[3747,3639,-121.0313,43.943977],[3824,3639,-121.031018,43.943918],[3901,3640,-121.030735,43.943858],[3978,3640,-121.030453,43.943799],[4056,3641,-121.03017,43.94374],[4105,3641,-121.029999,43.943687],[4144,3642,-121.029881,43.943622],[4217,3642,-121.029679,43.943485],[4289,3642,-121.029477,43.943349],[4362,3642,-121.029274,43.943213],[4435,3641,-121.029072,43.943076],[4502,3641,-121.028922,43.942927],[4569,3640,-121.028773,43.942779],[4667,3643,-121.028598,43.942541],[4762,3652,-121.028406,43.942321],[4838,3661,-121.028231,43.942154],[4914,3668,-121.028056,43.941987],[4991,3679,-121.027881,43.94182],[5067,3686,-121.027705,43.941654],[5143,3690,-121.02753,43.941487],[5220,3696,-121.027355,43.94132],[5337,3703,-121.02711,43.94105],[5434,3709,-121.026889,43.940838],[5530,3710,-121.026669,43.940627],[5627,3716,-121.026483,43.940399],[5723,3719,-121.026297,43.940171],[5813,3718,-121.026152,43.939948],[5903,3721,-121.026007,43.939724],[5990,3723,-121.025801,43.939538],[6077,3731,-121.025594,43.939353],[6184,3732,-121.025316,43.939136],[6266,3733,-121.025146,43.938949],[6328,3733,-121.025066,43.938789],[6415,3732,-121.02507,43.938549],[6441,3732,-121.025053,43.938479],[6523,3725,-121.024964,43.938264],[6549,3723,-121.024915,43.938204],[6584,3723,-121.024809,43.938145],[6623,3726,-121.024667,43.938109],[6738,3731,-121.024243,43.938033],[6777,3735,-121.024108,43.93799],[6806,3739,-121.024026,43.937937],[6894,3744,-121.023851,43.937731],[6982,3745,-121.023676,43.937525],[7058,3745,-121.023544,43.937338],[7135,3745,-121.023413,43.937152],[7211,3746,-121.023281,43.936965],[7270,3751,-121.023163,43.936828],[7313,3754,-121.023062,43.936737],[7384,3761,-121.022865,43.9366],[7456,3769,-121.022668,43.936464],[7526,3773,-121.022512,43.93631],[7595,3777,-121.022356,43.936156],[7665,3779,-121.0222,43.936003],[7734,3782,-121.022044,43.935849],[7808,3783,-121.021862,43.935696],[7881,3783,-121.02168,43.935542],[7955,3785,-121.021498,43.935389],[8028,3796,-121.021316,43.935236],[8108,3803,-121.021151,43.935052],[8189,3817,-121.020985,43.934867],[8260,3829,-121.020803,43.934721],[8332,3836,-121.020621,43.934574],[8404,3849,-121.020438,43.934428],[8475,3851,-121.020256,43.934282],[8573,3852,-121.02005,43.934058],[8663,3855,-121.019913,43.933832],[8753,3856,-121.019776,43.933606],[8822,3852,-121.019631,43.93345],[8874,3853,-121.0195,43.933342],[8943,3849,-121.019286,43.933234],[9015,3856,-121.019052,43.933131],[9087,3861,-121.018817,43.933028],[9159,3870,-121.018583,43.932926],[9231,3880,-121.018349,43.932823],[9281,3884,-121.018207,43.93273],[9309,3887,-121.018182,43.932657],[9332,3889,-121.01822,43.932599],[9368,3892,-121.018337,43.93255],[9488,3893,-121.018777,43.932457],[9582,3901,-121.01909,43.932331],[9618,3900,-121.019217,43.932297],[9699,3903,-121.019517,43.93224],[9742,3905,-121.019677,43.932227],[9807,3910,-121.019922,43.93225],[9878,3915,-121.020184,43.932304],[9985,3922,-121.020536,43.932449],[10014,3922,-121.020645,43.932463],[10059,3928,-121.020816,43.932442],[10131,3935,-121.021078,43.932387],[10222,3942,-121.021394,43.932288],[10248,3943,-121.021491,43.932275],[10339,3943,-121.02184,43.93228],[10431,3942,-121.022189,43.932286],[10509,3944,-121.022485,43.932264],[10610,3948,-121.022858,43.9322],[10656,3951,-121.023032,43.932196],[10737,3957,-121.023336,43.932237],[10775,3959,-121.023482,43.93224],[10821,3962,-121.02365,43.932208],[10843,3966,-121.023726,43.932181],[10889,3970,-121.023858,43.932099],[10918,3972,-121.023967,43.932085],[11011,3976,-121.024314,43.932139],[11104,3974,-121.02466,43.932192],[11202,3976,-121.025032,43.932205],[11269,3976,-121.025284,43.932237],[11337,3983,-121.025535,43.93227],[11404,3987,-121.025787,43.932302],[11534,3998,-121.026263,43.932399],[11618,4004,-121.026565,43.932477],[11660,4009,-121.026724,43.932495],[11703,4014,-121.026886,43.932495],[11748,4018,-121.027057,43.932474],[11810,4026,-121.027281,43.932422],[11856,4030,-121.027427,43.932355],[11886,4034,-121.027507,43.932293],[11898,4034,-121.027536,43.93227],[11966,4045,-121.027681,43.932116],[11987,4048,-121.027696,43.932059],[12012,4052,-121.027669,43.931993],[12135,4065,-121.027386,43.931725],[12220,4078,-121.02731,43.931497],[12312,4083,-121.027064,43.931321],[12373,4085,-121.02693,43.931182],[12428,4089,-121.026862,43.93104],[12512,4096,-121.026804,43.930815],[12593,4097,-121.026641,43.930625],[12618,4099,-121.026612,43.930559],[12645,4101,-121.026631,43.930488],[12668,4104,-121.026699,43.930446],[12687,4106,-121.02677,43.930435],[12789,4111,-121.027143,43.930507],[12900,4115,-121.027566,43.930504],[12987,4121,-121.027477,43.930274],[13074,4124,-121.027388,43.930045],[13126,4127,-121.027305,43.929916],[13217,4128,-121.027125,43.929701],[13309,4128,-121.026946,43.929486],[13384,4129,-121.026852,43.929292],[13468,4127,-121.026704,43.929086],[13553,4130,-121.0266,43.928866],[13647,4136,-121.026435,43.928636],[13709,4141,-121.026277,43.928511],[13784,4143,-121.026032,43.928405],[13859,4146,-121.025787,43.9283],[13973,4154,-121.025465,43.928089],[14022,4164,-121.02534,43.92799],[14048,4161,-121.02526,43.927949],[14072,4166,-121.025263,43.927883],[14096,4174,-121.025328,43.927838],[14129,4177,-121.02545,43.927857],[14199,4180,-121.025713,43.927889],[14241,4189,-121.025873,43.927879],[14323,4195,-121.02618,43.92784],[14348,4201,-121.02627,43.927815],[14371,4201,-121.026326,43.927768],[14382,4205,-121.026333,43.927738],[14413,4209,-121.026292,43.927657],[14482,4213,-121.026086,43.927539],[14524,4212,-121.025978,43.927455],[14616,4221,-121.025799,43.927239],[14720,4226,-121.025641,43.926977],[14782,4226,-121.025503,43.92684],[14818,4227,-121.025446,43.926749],[14842,4228,-121.025471,43.926687],[14867,4232,-121.025542,43.926639],[14917,4240,-121.02571,43.92658],[14949,4244,-121.025791,43.926511],[15028,4251,-121.025878,43.926304],[15057,4255,-121.025931,43.926235],[15113,4260,-121.026067,43.926119],[15161,4265,-121.026157,43.926004],[15179,4267,-121.026204,43.925968],[15250,4276,-121.026462,43.925912],[15283,4280,-121.026527,43.925833],[15323,4280,-121.026536,43.925724],[15437,4281,-121.026469,43.925415],[15511,4284,-121.026459,43.925211],[15586,4286,-121.026448,43.925007],[15660,4288,-121.026438,43.924803],[15735,