{"trail":"Pathkiller","distance":5203,"gain":82,"loss":85,"min":1868,"max":1898,"profile":[[0,1892,-85.480328,34.823245],[25,1893,-85.48041,34.823237],[50,1893,-85.480493,34.823228],[75,1892,-85.480561,34.823267],[100,1891,-85.480627,34.823308],[125,1888,-85.480693,34.82335],[150,1885,-85.480759,34.823392],[168,1884,-85.480812,34.823364],[193,1882,-85.480861,34.823308],[218,1881,-85.480909,34.823252],[243,1881,-85.480957,34.823196],[268,1880,-85.481005,34.82314],[292,1880,-85.481036,34.82308],[317,1880,-85.481036,34.823011],[342,1881,-85.481036,34.822943],[367,1881,-85.481036,34.822874],[392,1881,-85.481036,34.822806],[417,1879,-85.481036,34.822737],[442,1880,-85.480979,34.822688],[467,1880,-85.48092,34.822639],[492,1879,-85.480861,34.822591],[517,1879,-85.480802,34.822543],[539,1881,-85.480763,34.82249],[564,1883,-85.480791,34.822425],[589,1883,-85.480818,34.822361],[614,1882,-85.480845,34.822296],[639,1883,-85.480873,34.822231],[664,1881,-85.4809,34.822166],[689,1881,-85.480927,34.822102],[713,1878,-85.480942,34.822038],[738,1879,-85.480897,34.821981],[763,1879,-85.480851,34.821923],[788,1878,-85.480805,34.821866],[813,1880,-85.48076,34.821808],[838,1880,-85.480714,34.821751],[863,1882,-85.480669,34.821694],[888,1882,-85.48062,34.821639],[913,1882,-85.48055,34.821602],[938,1882,-85.480479,34.821566],[963,1882,-85.480408,34.82153],[988,1881,-85.480337,34.821493],[1013,1880,-85.480266,34.821457],[1038,1880,-85.480196,34.821421],[1063,1879,-85.480125,34.821384],[1085,1876,-85.48013,34.821323],[1110,1874,-85.48015,34.821256],[1135,1872,-85.48017,34.82119],[1158,1871,-85.480148,34.821129],[1183,1872,-85.480103,34.821071],[1208,1872,-85.480058,34.821013],[1232,1871,-85.480029,34.820952],[1257,1871,-85.480036,34.820884],[1282,1871,-85.480042,34.820816],[1307,1872,-85.480048,34.820747],[1332,1873,-85.480055,34.820679],[1357,1874,-85.480061,34.820611],[1382,1876,-85.480068,34.820543],[1407,1879,-85.480074,34.820474],[1432,1881,-85.48008,34.820406],[1457,1883,-85.480087,34.820338],[1481,1885,-85.480105,34.820273],[1506,1886,-85.480158,34.82022],[1531,1888,-85.480211,34.820167],[1556,1887,-85.480264,34.820114],[1581,1887,-85.480317,34.820061],[1606,1886,-85.48037,34.820009],[1631,1885,-85.480406,34.819948],[1656,1883,-85.480429,34.819882],[1681,1884,-85.480452,34.819817],[1706,1883,-85.480476,34.819751],[1731,1884,-85.480499,34.819685],[1756,1883,-85.480523,34.819619],[1779,1884,-85.480555,34.819561],[1804,1883,-85.480635,34.819541],[1829,1882,-85.480715,34.819522],[1854,1883,-85.480795,34.819503],[1879,1883,-85.480875,34.819483],[1903,1883,-85.480953,34.819493],[1928,1882,-85.481029,34.819522],[1953,1882,-85.481105,34.81955],[1978,1883,-85.48118,34.819579],[2003,1883,-85.481256,34.819607],[2028,1884,-85.481332,34.819636],[2053,1884,-85.481408,34.819665],[2078,1884,-85.481484,34.819693],[2103,1885,-85.48156,34.819722],[2128,1885,-85.481636,34.81975],[2153,1884,-85.481711,34.819779],[2178,1883,-85.481787,34.819808],[2203,1882,-85.481863,34.819836],[2228,1881,-85.481939,34.819865],[2253,1881,-85.482015,34.819893],[2278,1879,-85.482091,34.819922],[2303,1877,-85.482167,34.81995],[2326,1876,-85.482242,34.819959],[2351,1877,-85.482318,34.81993],[2376,1875,-85.482394,34.819901],[2401,1875,-85.482469,34.819872],[2425,1873,-85.482541,34.81984],[2450,1872,-85.482579,34.819779],[2475,1871,-85.482616,34.819717],[2500,1869,-85.482653,34.819656],[2523,1871,-85.482643,34.819594],[2548,1870,-85.482608,34.819532],[2573,1870,-85.482572,34.81947],[2598,1871,-85.482536,34.819408],[2623,1871,-85.482501,34.819346],[2648,1870,-85.482465,34.819284],[2673,1870,-85.48243,34.819222],[2698,1869,-85.482394,34.81916],[2723,1869,-85.482358,34.819098],[2748,1868,-85.482323,34.819037],[2771,1868,-85.482268,34.818994],[2796,1869,-85.482186,34.81898],[2821,1871,-85.482105,34.818966],[2846,1873,-85.482023,34.818951],[2871,1873,-85.481941,34.818937],[2896,1874,-85.48186,34.818923],[2921,1874,-85.481778,34.818909],[2946,1874,-85.481696,34.818894],[2971,1875,-85.481615,34.81888],[2996,1874,-85.481533,34.818866],[3021,1875,-85.481452,34.818852],[3046,1875,-85.48137,34.818837],[3070,1877,-85.481289,34.818821],[3095,1876,-85.481225,34.818778],[3120,1875,-85.481161,34.818734],[3145,1876,-85.481097,34.81869],[3170,1877,-85.481032,34.818646],[3195,1878,-85.480968,34.818603],[3220,1879,-85.480904,34.818559],[3245,1880,-85.480839,34.818515],[3270,1881,-85.480775,34.818471],[3295,1882,-85.480711,34.818428],[3320,1884,-85.480647,34.818384],[3345,1885,-85.480582,34.81834],[3370,1886,-85.480518,34.818296],[3395,1888,-85.480454,34.818253],[3417,1889,-85.480385,34.818236],[3442,1893,-85.480309,34.818264],[3467,1896,-85.480233,34.818292],[3488,1897,-85.480179,34.818331],[3513,1898,-85.480186,34.818399],[3538,1898,-85.480193,34.818468],[3563,1898,-85.4802,34.818536],[3588,1898,-85.480206,34.818604],[3613,1897,-85.480213,34.818673],[3638,1897,-85.48022,34.818741],[3663,1896,-85.480227,34.818809],[3688,1895,-85.480234,34.818878],[3713,1895,-85.480241,34.818946],[3738,1895,-85.480247,34.819014],[3763,1894,-85.480254,34.819082],[3788,1894,-85.480261,34.819151],[3813,1893,-85.480268,34.819219],[3838,1893,-85.480275,34.819287],[3863,1892,-85.480281,34.819356],[3887,1891,-85.480261,34.819419],[3912,1891,-85.480217,34.819477],[3937,1891,-85.480173,34.819535],[3962,1890,-85.480129,34.819593],[3987,1890,-85.480084,34.819651],[4012,1889,-85.480026,34.819699],[4037,1889,-85.479962,34.819743],[4062,1888,-85.479898,34.819787],[4087,1888,-85.479833,34.81983],[4112,1887,-85.479769,34.819874],[4137,1886,-85.479705,34.819918],[4162,1886,-85.479641,34.819961],[4187,1885,-85.479576,34.820005],[4212,1885,-85.479512,34.820049],[4237,1885,-85.479448,34.820093],[4262,1884,-85.479424,34.820158],[4287,1884,-85.4794,34.820224],[4311,1883,-85.479391,34.82029],[4336,1883,-85.479413,34.820356],[4361,1882,-85.479435,34.820422],[4386,1882,-85.479457,34.820488],[4411,1882,-85.479479,34.820554],[4436,1882,-85.479501,34.82062],[4461,1882,-85.479523,34.820686],[4486,1882,-85.479545,34.820752],[4511,1882,-85.479567,34.820818],[4536,1882,-85.479589,34.820884],[4561,1882,-85.479611,34.820951],[4586,1882,-85.479633,34.821017],[4611,1882,-85.479655,34.821083],[4636,1882,-85.479677,34.821149],[4661,1883,-85.479699,34.821215],[4686,1883,-85.479721,34.821281],[4711,1883,-85.479744,34.821347],[4736,1883,-85.479766,34.821413],[4761,1883,-85.479788,34.821479],[4786,1884,-85.47981,34.821545],[4811,1885,-85.479832,34.821611],[4836,1885,-85.479854,34.821678],[4861,1885,-85.479876,34.821744],[4886,1886,-85.479898,34.82181],[4911,1887,-85.47992,34.821876],[4936,1887,-85.479942,34.821942],[4961,1887,-85.479964,34.822008],[4986,1887,-85.479986,34.822074],[5011,1887,-85.480008,34.82214],[5036,1888,-85.48003,34.822206],[5061,1888,-85.480052,34.822272],[5086,1888,-85.480075,34.822338],[5111,1888,-85.480097,34.822405],[5136,1888,-85.480119,34.822471],[5161,1888,-85.480141,34.822537],[5186,1888,-85.480163,34.822603],[5203,1889,-85.480177,34.822647]]}