{"trail":"Peace Can","distance":5657,"gain":177,"loss":181,"min":1895,"max":1952,"profile":[[0,1930,-85.424559,34.851319],[25,1931,-85.424554,34.851387],[50,1932,-85.424549,34.851456],[75,1933,-85.424543,34.851524],[100,1932,-85.424538,34.851593],[125,1932,-85.424533,34.851661],[150,1931,-85.424528,34.851729],[175,1931,-85.424523,34.851798],[200,1931,-85.424517,34.851866],[224,1932,-85.424546,34.851928],[249,1932,-85.424586,34.851989],[274,1932,-85.424625,34.852049],[299,1933,-85.424665,34.85211],[324,1933,-85.424704,34.85217],[349,1933,-85.424743,34.85223],[374,1932,-85.424783,34.852291],[399,1932,-85.424822,34.852351],[423,1932,-85.424834,34.852416],[448,1932,-85.424826,34.852485],[473,1932,-85.424818,34.852553],[496,1933,-85.424866,34.852602],[521,1937,-85.42493,34.852646],[546,1938,-85.424995,34.852689],[571,1941,-85.425059,34.852733],[596,1942,-85.425124,34.852777],[621,1945,-85.42519,34.852818],[646,1947,-85.42527,34.852835],[671,1948,-85.425351,34.852853],[696,1948,-85.425432,34.852871],[721,1949,-85.425512,34.852888],[746,1948,-85.425593,34.852906],[771,1947,-85.425674,34.852923],[796,1945,-85.425754,34.852941],[820,1943,-85.42583,34.852964],[845,1938,-85.425873,34.853023],[870,1933,-85.425916,34.853081],[895,1931,-85.425959,34.85314],[920,1930,-85.426002,34.853199],[945,1932,-85.426045,34.853258],[970,1935,-85.426088,34.853316],[995,1934,-85.426131,34.853375],[1019,1932,-85.426147,34.85344],[1044,1931,-85.426147,34.853509],[1069,1932,-85.426147,34.853577],[1094,1935,-85.426147,34.853646],[1118,1936,-85.426099,34.853697],[1143,1939,-85.426038,34.853744],[1168,1944,-85.425977,34.853791],[1193,1946,-85.425916,34.853838],[1218,1948,-85.425855,34.853884],[1242,1950,-85.425785,34.853918],[1267,1951,-85.425706,34.85394],[1292,1952,-85.425627,34.853962],[1317,1952,-85.425547,34.853983],[1342,1952,-85.425468,34.854005],[1367,1951,-85.425389,34.854027],[1392,1950,-85.42531,34.854048],[1417,1950,-85.42523,34.85407],[1442,1947,-85.425151,34.854092],[1467,1946,-85.425081,34.854126],[1492,1945,-85.425017,34.854171],[1517,1944,-85.424953,34.854215],[1542,1943,-85.42489,34.854259],[1567,1942,-85.424826,34.854303],[1592,1943,-85.424762,34.854348],[1617,1942,-85.424698,34.854392],[1642,1942,-85.424635,34.854436],[1667,1941,-85.424571,34.85448],[1690,1943,-85.424563,34.854544],[1715,1944,-85.424569,34.854613],[1740,1943,-85.424574,34.854681],[1765,1941,-85.424579,34.85475],[1790,1941,-85.424584,34.854818],[1815,1941,-85.424589,34.854886],[1840,1943,-85.424595,34.854955],[1865,1943,-85.4246,34.855023],[1887,1943,-85.424563,34.855076],[1912,1943,-85.424496,34.855116],[1937,1942,-85.424429,34.855157],[1962,1940,-85.424361,34.855197],[1987,1939,-85.424294,34.855238],[2012,1936,-85.424227,34.855279],[2026,1934,-85.424232,34.855316],[2051,1935,-85.424304,34.85535],[2073,1937,-85.424378,34.855356],[2098,1939,-85.424454,34.855328],[2123,1939,-85.42453,34.855299],[2148,1940,-85.424606,34.85527],[2169,1938,-85.424655,34.855309],[2194,1936,-85.424696,34.855369],[2219,1929,-85.424737,34.855428],[2244,1924,-85.424778,34.855488],[2268,1923,-85.424813,34.855547],[2293,1920,-85.424739,34.855579],[2318,1919,-85.424666,34.855611],[2343,1917,-85.424592,34.855643],[2368,1916,-85.424518,34.855676],[2392,1914,-85.424439,34.85568],[2417,1912,-85.424356,34.855671],[2442,1910,-85.424273,34.855662],[2467,1909,-85.42419,34.855653],[2491,1908,-85.424118,34.85568],[2516,1907,-85.424048,34.855718],[2541,1906,-85.423977,34.855755],[2566,1907,-85.423907,34.855792],[2591,1906,-85.423837,34.85583],[2616,1906,-85.423767,34.855867],[2635,1907,-85.423766,34.855921],[2660,1908,-85.4238,34.855984],[2685,1911,-85.423833,34.856047],[2710,1914,-85.423867,34.856109],[2735,1917,-85.423901,34.856172],[2760,1920,-85.423934,34.856235],[2785,1924,-85.423968,34.856297],[2810,1927,-85.424001,34.85636],[2835,1929,-85.424035,34.856423],[2860,1930,-85.424069,34.856486],[2885,1929,-85.424102,34.856548],[2910,1927,-85.424136,34.856611],[2935,1923,-85.42417,34.856674],[2960,1921,-85.424203,34.856736],[2985,1917,-85.424253,34.85679],[3010,1916,-85.424312,34.856839],[3035,1916,-85.424371,34.856887],[3060,1917,-85.42443,34.856936],[3083,1917,-85.424472,34.856989],[3108,1917,-85.424465,34.857058],[3133,1915,-85.424459,34.857126],[3158,1915,-85.424452,34.857194],[3182,1915,-85.424389,34.857236],[3207,1918,-85.42432,34.857274],[3232,1921,-85.424251,34.857313],[3257,1925,-85.424182,34.857352],[3282,1927,-85.424113,34.85739],[3307,1927,-85.424044,34.857429],[3332,1926,-85.423961,34.857435],[3357,1924,-85.423878,34.85744],[3382,1923,-85.423794,34.857446],[3407,1924,-85.423722,34.857414],[3432,1924,-85.423652,34.857377],[3457,1925,-85.423581,34.857341],[3482,1923,-85.42351,34.857305],[3506,1925,-85.423439,34.857272],[3531,1926,-85.423361,34.857296],[3556,1928,-85.423283,34.857321],[3581,1929,-85.423205,34.857345],[3606,1928,-85.423127,34.85737],[3631,1930,-85.423049,34.857394],[3656,1931,-85.422978,34.857427],[3681,1932,-85.422928,34.857482],[3706,1932,-85.422878,34.857537],[3731,1930,-85.422828,34.857591],[3756,1926,-85.422778,34.857646],[3780,1922,-85.422735,34.857703],[3805,1921,-85.42273,34.857772],[3830,1922,-85.422725,34.85784],[3855,1922,-85.42272,34.857908],[3880,1923,-85.422715,34.857977],[3905,1923,-85.42271,34.858045],[3930,1923,-85.422705,34.858114],[3955,1922,-85.4227,34.858182],[3980,1919,-85.422695,34.85825],[4004,1917,-85.422712,34.858313],[4029,1914,-85.422762,34.858368],[4054,1913,-85.422812,34.858423],[4079,1910,-85.422862,34.858478],[4104,1908,-85.422912,34.858533],[4127,1902,-85.422971,34.858576],[4152,1902,-85.423054,34.858585],[4177,1902,-85.423137,34.858594],[4202,1901,-85.423219,34.858602],[4227,1896,-85.423302,34.858611],[4252,1895,-85.423385,34.85862],[4273,1897,-85.423454,34.858608],[4298,1900,-85.423492,34.858547],[4323,1907,-85.423529,34.858486],[4348,1915,-85.423566,34.858424],[4373,1918,-85.423604,34.858363],[4392,1918,-85.423665,34.858369],[4417,1918,-85.423737,34.858404],[4442,1921,-85.423809,34.858438],[4467,1919,-85.423881,34.858473],[4492,1918,-85.423953,34.858508],[4513,1922,-85.424023,34.858496],[4538,1925,-85.424091,34.858457],[4563,1926,-85.42416,34.858417],[4586,1927,-85.424198,34.858364],[4611,1929,-85.424204,34.858295],[4636,1930,-85.42421,34.858227],[4658,1931,-85.424228,34.858169],[4683,1930,-85.424311,34.858169],[4708,1930,-85.424395,34.858169],[4732,1929,-85.424475,34.858173],[4757,1928,-85.424503,34.858237],[4782,1927,-85.424531,34.858302],[4807,1927,-85.424559,34.858366],[4832,1927,-85.424587,34.858431],[4857,1927,-85.424615,34.858495],[4882,1926,-85.424644,34.85856],[4907,1924,-85.424672,34.858624],[4932,1921,-85.4247,34.858689],[4957,1920,-85.424728,34.858753],[4982,1921,-85.424756,34.858818],[5007,1922,-85.424784,34.858883],[5031,1926,-85.424783,34.858948],[5056,1930,-85.424762,34.859015],[5081,1933,-85.424741,34.859081],[5106,1936,-85.424721,34.859147],[5131,1937,-85.4247,34.859214],[5156,1938,-85.424679,34.85928],[5181,1936,-85.424659,34.859347],[5206,1936,-85.424638,34.859413],[5231,1934,-85.424617,34.859479],[5256,1933,-85.424597,34.859546],[5281,1930,-85.424576,34.859612],[5306,1930,-85.424555,34.859679],[5330,1930,-85.424544,34.859744],[5355,1932,-85.424587,34.859803],[5380,1933,-85.42463,34.859861],[5405,1934,-85.424673,34.85992],[5430,1935,-85.424716,34.859979],[5455,1934,-85.424759,34.860038],[5480,1933,-85.424801,34.860096],[5505,1934,-85.424844,34.860155],[5530,1931,-85.424869,34.86022],[5555,1931,-85.424884,34.860287],[5580,1927,-85.424899,34.860354],[5605,1924,-85.424914,34.860422],[5630,1926,-85.424929,34.860489],[5655,1926,-85.424944,34.860557],[5657,1926,-85.424945,34.860563]]}