{"trail":"Picnic","distance":759,"gain":64,"loss":44,"min":1046,"max":1107,"profile":[[0,1046,-85.057418,35.046019],[25,1049,-85.057493,35.04605],[50,1050,-85.057568,35.046081],[75,1053,-85.057643,35.046111],[100,1057,-85.057718,35.046142],[125,1062,-85.057793,35.046172],[150,1065,-85.057868,35.046203],[175,1072,-85.057942,35.046234],[200,1075,-85.058017,35.046264],[225,1082,-85.058058,35.046324],[250,1087,-85.058099,35.046384],[275,1093,-85.058139,35.046444],[300,1096,-85.05818,35.046504],[325,1101,-85.05822,35.046564],[350,1105,-85.058256,35.046625],[375,1107,-85.058261,35.046693],[400,1107,-85.058266,35.046762],[425,1105,-85.058271,35.04683],[450,1102,-85.058275,35.046899],[474,1099,-85.058319,35.046954],[499,1094,-85.058376,35.047004],[524,1090,-85.058432,35.047055],[549,1086,-85.058489,35.047105],[574,1080,-85.058545,35.047156],[599,1076,-85.058602,35.047206],[624,1070,-85.058658,35.047257],[649,1067,-85.058715,35.047308],[674,1064,-85.058771,35.047358],[699,1063,-85.058828,35.047409],[724,1064,-85.058884,35.047459],[749,1065,-85.058941,35.04751],[759,1066,-85.058963,35.04753]]}