{"trail":"Pinedrops","distance":10218,"gain":294,"loss":152,"min":4503,"max":4970,"profile":[[0,4659,-121.472681,44.028438],[54,4662,-121.472871,44.028378],[98,4665,-121.473031,44.028345],[163,4668,-121.473274,44.028384],[193,4671,-121.473375,44.02835],[218,4673,-121.473449,44.028303],[252,4676,-121.473547,44.028243],[285,4678,-121.473664,44.028208],[306,4680,-121.473735,44.028183],[343,4683,-121.473811,44.0281],[370,4686,-121.473871,44.028039],[399,4687,-121.47397,44.028002],[419,4689,-121.474034,44.027971],[438,4690,-121.474086,44.027937],[461,4692,-121.474133,44.027881],[478,4692,-121.474191,44.027862],[504,4694,-121.474275,44.027827],[513,4697,-121.474302,44.02781],[541,4697,-121.474313,44.027735],[564,4698,-121.474337,44.027674],[591,4699,-121.47432,44.027601],[618,4698,-121.474262,44.027539],[636,4698,-121.474238,44.027493],[670,4698,-121.474247,44.027401],[712,4702,-121.474312,44.027296],[746,4704,-121.47439,44.02722],[775,4705,-121.474422,44.027144],[794,4705,-121.474443,44.027094],[818,4709,-121.474484,44.027035],[829,4709,-121.474509,44.02701],[848,4709,-121.47454,44.026965],[864,4713,-121.474549,44.026919],[881,4712,-121.474526,44.026876],[931,4712,-121.474435,44.026757],[957,4714,-121.474427,44.026687],[969,4714,-121.4744,44.026659],[979,4715,-121.474394,44.026631],[988,4715,-121.474417,44.026613],[1011,4717,-121.474498,44.026594],[1041,4720,-121.474599,44.026551],[1069,4724,-121.474644,44.026484],[1085,4725,-121.474662,44.026442],[1132,4727,-121.474648,44.026312],[1166,4729,-121.474639,44.02622],[1223,4731,-121.474699,44.02607],[1251,4733,-121.474739,44.025999],[1279,4735,-121.474821,44.025948],[1336,4739,-121.474993,44.025854],[1359,4741,-121.47506,44.025812],[1375,4741,-121.475078,44.025771],[1421,4741,-121.475116,44.025648],[1435,4741,-121.475129,44.025609],[1448,4741,-121.475143,44.025577],[1470,4742,-121.475174,44.025519],[1483,4742,-121.475223,44.025511],[1494,4744,-121.475261,44.025522],[1525,4745,-121.475359,44.025566],[1551,4747,-121.475457,44.025584],[1648,4751,-121.475757,44.02574],[1682,4753,-121.475884,44.025755],[1725,4756,-121.476044,44.025731],[1760,4759,-121.476177,44.025749],[1796,4760,-121.476311,44.02574],[1831,4763,-121.476442,44.025758],[1925,4766,-121.476747,44.025893],[1947,4767,-121.476831,44.025898],[1961,4767,-121.476884,44.0259],[1971,4767,-121.476916,44.025883],[1990,4769,-121.476949,44.025837],[2006,4769,-121.476954,44.025792],[2031,4769,-121.477031,44.025752],[2063,4771,-121.477148,44.025725],[2088,4772,-121.477238,44.025747],[2106,4774,-121.477293,44.025774],[2155,4776,-121.477475,44.0258],[2192,4777,-121.477619,44.025805],[2281,4780,-121.477911,44.025926],[2383,4782,-121.478269,44.026039],[2417,4782,-121.478399,44.026043],[2461,4784,-121.478525,44.026123],[2481,4785,-121.478599,44.026111],[2524,4789,-121.47876,44.026127],[2558,4791,-121.478885,44.026105],[2589,4793,-121.478995,44.026136],[2636,4796,-121.479171,44.026112],[2685,4799,-121.479358,44.026129],[2708,4800,-121.479441,44.026108],[2810,4803,-121.479823,44.026163],[2853,4806,-121.479979,44.026127],[2961,4815,-121.48039,44.026124],[3008,4819,-121.480566,44.026103],[3024,4819,-121.480622,44.026084],[3046,4821,-121.480705,44.026086],[3102,4826,-121.480912,44.02605],[3119,4826,-121.480957,44.026017],[3127,4826,-121.48098,44.026001],[3162,4828,-121.481021,44.025909],[3178,4828,-121.481048,44.025871],[3194,4831,-121.481093,44.025841],[3218,4834,-121.481156,44.025793],[3244,4835,-121.481181,44.025724],[3272,4837,-121.481212,44.025651],[3295,4839,-121.481276,44.025607],[3317,4842,-121.481356,44.025618],[3333,4842,-121.4814,44.025651],[3359,4841,-121.481402,44.02572],[3379,4843,-121.481431,44.025773],[3410,4844,-121.481495,44.025843],[3426,4844,-121.481539,44.025874],[3439,4846,-121.481586,44.025884],[3458,4846,-121.481655,44.025868],[3470,4849,-121.481691,44.025847],[3512,4851,-121.481691,44.025732],[3551,4853,-121.481735,44.025629],[3595,4860,-121.481769,44.025513],[3625,4864,-121.481864,44.025465],[3660,4865,-121.481994,44.025483],[3752,4864,-121.482169,44.025702],[3782,4866,-121.482273,44.025732],[3799,4867,-121.482326,44.025704],[3814,4867,-121.482345,44.025665],[3842,4870,-121.482343,44.025588],[3857,4872,-121.482388,44.025564],[3884,4873,-121.482494,44.025568],[3899,4875,-121.482542,44.02559],[3933,4874,-121.482634,44.025653],[3960,4876,-121.482738,44.025638],[3981,4877,-121.482806,44.025611],[3998,4878,-121.482842,44.025571],[4015,4880,-121.482904,44.02556],[4033,4881,-121.482971,44.025575],[4054,4879,-121.48302,44.025618],[4078,4881,-121.483111,44.025636],[4095,4882,-121.483174,44.025638],[4107,4883,-121.483218,44.025631],[4155,4885,-121.4834,44.025612],[4193,4889,-121.483528,44.025561],[4213,4893,-121.483582,44.025525],[4234,4894,-121.48365,44.025493],[4261,4898,-121.483745,44.025463],[4287,4899,-121.483825,44.025422],[4298,4901,-121.483838,44.025394],[4314,4901,-121.483815,44.025352],[4336,4903,-121.483768,44.025304],[4374,4907,-121.483706,44.02521],[4398,4906,-121.483622,44.02518],[4445,4906,-121.483447,44.025154],[4463,4906,-121.483418,44.025108],[4485,4909,-121.483438,44.02505],[4498,4910,-121.483485,44.02504],[4519,4915,-121.483563,44.025029],[4542,4916,-121.483647,44.025014],[4584,4917,-121.483807,44.025019],[4631,4920,-121.483987,44.025012],[4670,4921,-121.484136,44.02502],[4728,4921,-121.484354,44.025042],[4755,4922,-121.484454,44.025063],[4810,4924,-121.484662,44.025064],[4888,4925,-121.484951,44.025113],[4921,4928,-121.48507,44.025082],[4954,4930,-121.485197,44.025076],[4984,4931,-121.485302,44.025044],[5044,4935,-121.485528,44.025018],[5065,4936,-121.485592,44.024985],[5101,4941,-121.48566,44.024901],[5133,4944,-121.485744,44.024834],[5169,4947,-121.485827,44.024757],[5216,4951,-121.485867,44.02463],[5251,4955,-121.48597,44.024572],[5293,4958,-121.486093,44.024495],[5339,4962,-121.486182,44.024387],[5378,4965,-121.486298,44.024322],[5423,4967,-121.48643,44.024243],[5461,4969,-121.486574,44.024232],[5509,4970,-121.486756,44.024226],[5545,4970,-121.486886,44.024191],[5567,4972,-121.486958,44.02416],[5596,4971,-121.487064,44.024181],[5613,4971,-121.487123,44.024203],[5653,4970,-121.487266,44.024241],[5710,4969,-121.487437,44.024336],[5737,4969,-121.487478,44.024402],[5753,4967,-121.487504,44.024443],[5785,4966,-121.487511,44.024532],[5824,4964,-121.487491,44.024636],[5838,4963,-121.487496,44.024676],[5855,4963,-121.487528,44.024716],[5896,4958,-121.487573,44.024824],[5938,4956,-121.487671,44.024914],[5963,4954,-121.487761,44.024939],[5978,4954,-121.487816,44.024943],[6032,4951,-121.487998,44.025012],[6071,4951,-121.488147,44.025007],[6111,4948,-121.488292,44.02504],[6164,4948,-121.488489,44.025074],[6201,4945,-121.488622,44.02511],[6241,4944,-121.488772,44.025114],[6289,4945,-121.488949,44.025082],[6317,4946,-121.489032,44.025032],[6367,4946,-121.489179,44.024943],[6407,4946,-121.4893,44.024877],[6463,4945,-121.489481,44.024796],[6505,4945,-121.489623,44.024743],[6572,4944,-121.489824,44.024632],[6602,4944,-121.489929,44.024599],[6634,4943,-121.49005,44.02459],[6682,4941,-121.490236,44.024586],[6721,4938,-121.490367,44.02463],[6740,4938,-121.490436,44.02465],[6765,4937,-121.490506,44.024697],[6791,4935,-121.49055,44.02476],[6825,4934,-121.490566,44.024852],[6825,4645,-121.471901,44.028836],[6906,4642,-121.471595,44.028797],[6977,4639,-121.471329,44.02883],[7014,4637,-121.471187,44.02883],[7036,4637,-121.471114,44.028861],[7107,4635,-121.470957,44.029019],[7183,4631,-121.470699,44.029112],[7243,4628,-121.470487,44.029177],[7303,4626,-121.47026,44.029189],[7346,4625,-121.470106,44.029226],[7389,4622,-121.469978,44.0293],[7435,4622,-121.469815,44.029345],[7484,4619,-121.469732,44.029467],[7553,4617,-121.469543,44.029597],[7621,4615,-121.469353,44.029727],[7699,4610,-121.469195,44.029906],[7739,4608,-121.469065,44.029966],[7786,4604,-121.468938,44.030054],[7868,4601,-121.468943,44.03028],[7950,4597,-121.468949,44.030505],[8000,4595,-121.468908,44.03064],[8088,4593,-121.468923,44.030881],[8147,4590,-121.468807,44.031018],[8195,4587,