{"trail":"Pine","distance":5837,"gain":370,"loss":172,"min":870,"max":1069,"profile":[[0,871,-85.056453,35.042998],[25,870,-85.056477,35.042932],[50,872,-85.056501,35.042866],[71,876,-85.056496,35.042808],[96,875,-85.056431,35.042765],[121,874,-85.056365,35.042722],[146,878,-85.0563,35.04268],[171,875,-85.056235,35.042637],[196,875,-85.056169,35.042594],[221,873,-85.056104,35.042551],[246,872,-85.056038,35.042508],[271,871,-85.055973,35.042466],[296,871,-85.055908,35.042423],[319,871,-85.055868,35.042368],[344,873,-85.055858,35.0423],[367,875,-85.055876,35.04224],[392,878,-85.055936,35.042193],[417,882,-85.055997,35.042145],[442,884,-85.056057,35.042097],[467,888,-85.056117,35.042049],[492,888,-85.056177,35.042002],[517,890,-85.056237,35.041954],[542,890,-85.056297,35.041906],[567,891,-85.056357,35.041858],[592,893,-85.056417,35.041811],[617,891,-85.056477,35.041763],[642,891,-85.056537,35.041715],[667,894,-85.056602,35.041674],[692,896,-85.05668,35.041649],[717,899,-85.056758,35.041624],[742,901,-85.056836,35.041599],[767,904,-85.056914,35.041574],[792,907,-85.056992,35.041549],[817,914,-85.057069,35.041524],[838,914,-85.057024,35.04157],[863,913,-85.056969,35.041622],[888,913,-85.056914,35.041673],[913,914,-85.056859,35.041725],[938,918,-85.056805,35.041777],[963,915,-85.05675,35.041829],[988,919,-85.056695,35.04188],[1013,918,-85.05664,35.041932],[1038,921,-85.056585,35.041984],[1063,917,-85.05653,35.042036],[1088,918,-85.056475,35.042087],[1113,916,-85.05642,35.042139],[1138,913,-85.056369,35.042191],[1163,915,-85.056429,35.042238],[1188,915,-85.05649,35.042285],[1213,914,-85.05655,35.042333],[1238,913,-85.056611,35.04238],[1263,913,-85.056672,35.042427],[1288,908,-85.056732,35.042474],[1313,907,-85.056793,35.042522],[1335,910,-85.056866,35.042534],[1360,912,-85.056949,35.042522],[1385,914,-85.057031,35.042511],[1410,918,-85.057114,35.042499],[1435,919,-85.057196,35.042488],[1460,920,-85.057279,35.042476],[1485,924,-85.057361,35.042465],[1510,924,-85.057444,35.042453],[1535,924,-85.057526,35.042442],[1560,929,-85.057609,35.04243],[1585,929,-85.057691,35.042419],[1610,930,-85.057775,35.042425],[1635,932,-85.057858,35.042433],[1660,930,-85.057941,35.042441],[1685,934,-85.058024,35.042449],[1710,937,-85.058107,35.042457],[1735,939,-85.05819,35.042465],[1760,941,-85.058273,35.042473],[1785,945,-85.058357,35.042481],[1810,951,-85.05844,35.042489],[1835,955,-85.058523,35.042496],[1860,958,-85.058606,35.042504],[1878,958,-85.05856,35.042534],[1903,957,-85.058487,35.042568],[1928,957,-85.058414,35.042602],[1953,959,-85.058342,35.042636],[1978,958,-85.058269,35.04267],[2003,958,-85.058196,35.042704],[2028,955,-85.058124,35.042738],[2053,956,-85.058051,35.042772],[2075,957,-85.058011,35.042825],[2100,956,-85.057996,35.042892],[2125,956,-85.057982,35.04296],[2150,956,-85.057967,35.043027],[2169,955,-85.057961,35.043077],[2194,960,-85.058003,35.043018],[2219,963,-85.058045,35.042959],[2244,965,-85.058087,35.0429],[2268,966,-85.058148,35.042857],[2293,972,-85.058223,35.042826],[2318,973,-85.058298,35.042796],[2343,976,-85.058373,35.042765],[2368,978,-85.058448,35.042734],[2393,980,-85.058523,35.042704],[2418,977,-85.058597,35.042673],[2443,978,-85.058672,35.042642],[2468,984,-85.058747,35.042612],[2493,986,-85.058822,35.042581],[2518,983,-85.058897,35.04255],[2538,985,-85.058955,35.04252],[2563,977,-85.058881,35.042487],[2588,968,-85.058808,35.042454],[2613,968,-85.058734,35.042421],[2638,965,-85.058661,35.042389],[2663,968,-85.058587,35.042356],[2688,971,-85.058514,35.042323],[2713,972,-85.05844,35.042291],[2738,973,-85.058367,35.042258],[2763,969,-85.058293,35.042225],[2788,971,-85.05822,35.042192],[2813,969,-85.058146,35.04216],[2838,969,-85.058073,35.042127],[2863,970,-85.057999,35.042094],[2887,972,-85.057948,35.042043],[2912,972,-85.057908,35.041983],[2936,975,-85.057873,35.041925],[2961,978,-85.057953,35.041905],[2986,980,-85.058033,35.041886],[3011,983,-85.058114,35.041866],[3036,984,-85.058194,35.041846],[3061,986,-85.058274,35.041827],[3086,988,-85.058354,35.041807],[3111,991,-85.058434,35.041787],[3136,993,-85.058514,35.041767],[3161,994,-85.058595,35.041748],[3186,995,-85.058675,35.041728],[3211,998,-85.058755,35.041708],[3236,997,-85.058835,35.041689],[3261,1000,-85.058915,35.041669],[3284,994,-85.058965,35.041621],[3309,992,-85.059,35.041558],[3334,990,-85.059034,35.041496],[3359,989,-85.059061,35.041431],[3384,993,-85.059081,35.041365],[3409,995,-85.059101,35.041298],[3434,998,-85.059122,35.041232],[3459,995,-85.059142,35.041165],[3482,996,-85.059178,35.041109],[3507,997,-85.059253,35.041078],[3532,995,-85.059328,35.041048],[3557,992,-85.059402,35.041017],[3582,989,-85.059477,35.040986],[3606,989,-85.059558,35.040985],[3631,994,-85.05964,35.040996],[3656,993,-85.059723,35.041007],[3681,992,-85.059805,35.041018],[3706,990,-85.059888,35.041029],[3731,994,-85.059971,35.04104],[3756,991,-85.060053,35.041052],[3781,988,-85.060136,35.041063],[3806,990,-85.060218,35.041074],[3831,988,-85.060301,35.041085],[3856,985,-85.060384,35.041096],[3881,987,-85.060466,35.041107],[3906,984,-85.060549,35.041118],[3931,982,-85.060631,35.041129],[3956,984,-85.060714,35.04114],[3981,981,-85.060797,35.041151],[4006,983,-85.060874,35.041176],[4031,981,-85.060951,35.041203],[4056,984,-85.061028,35.041229],[4081,986,-85.061106,35.041256],[4106,988,-85.061183,35.041283],[4131,986,-85.06126,35.04131],[4156,990,-85.061337,35.041336],[4181,992,-85.061414,35.041363],[4206,995,-85.061491,35.04139],[4230,993,-85.061572,35.041395],[4255,990,-85.061655,35.041388],[4280,988,-85.061739,35.041382],[4305,981,-85.061822,35.041375],[4330,978,-85.061905,35.041369],[4355,977,-85.061988,35.041369],[4380,979,-85.062067,35.04139],[4405,977,-85.062147,35.041412],[4430,981,-85.062226,35.041433],[4455,983,-85.062306,35.041454],[4480,982,-85.062386,35.041475],[4505,984,-85.062465,35.041496],[4530,983,-85.062545,35.041518],[4555,985,-85.062624,35.041539],[4580,987,-85.062704,35.04156],[4605,984,-85.062784,35.041581],[4630,987,-85.062863,35.041603],[4654,990,-85.062932,35.041639],[4679,992,-85.062995,35.041684],[4704,994,-85.063058,35.041729],[4729,998,-85.063122,35.041774],[4754,1000,-85.063185,35.041819],[4773,1000,-85.063246,35.04181],[4798,996,-85.063305,35.041762],[4823,997,-85.063364,35.041713],[4848,996,-85.063423,35.041665],[4873,994,-85.063483,35.041617],[4898,994,-85.063542,35.041568],[4923,991,-85.063601,35.04152],[4939,990,-85.063567,35.041486],[4964,989,-85.063489,35.04146],[4989,989,-85.063412,35.041434],[5014,987,-85.063335,35.041408],[5039,983,-85.063257,35.041382],[5064,980,-85.06318,35.041355],[5089,980,-85.063103,35.041329],[5114,981,-85.063025,35.041303],[5122,981,-85.063051,35.041291],[5147,986,-85.063134,35.041287],[5172,990,-85.063218,35.041283],[5197,994,-85.063301,35.041279],[5222,1003,-85.063385,35.041275],[5247,1005,-85.063469,35.041271],[5272,1007,-85.063552,35.041267],[5297,1008,-85.063636,35.041263],[5322,1008,-85.063719,35.041259],[5346,1014,-85.063752,35.0412],[5371,1021,-85.063781,35.041135],[5396,1022,-85.063809,35.041071],[5420,1025,-85.063842,35.041011],[5445,1024,-85.063923,35.040993],[5470,1024,-85.064003,35.040975],[5493,1025,-85.064079,35.040969],[5518,1025,-85.064132,35.041023],[5543,1028,-85.064184,35.041076],[5568,1032,-85.064236,35.04113],[5593,1037,-85.064288,35.041183],[5618,1042,-85.064341,35.041237],[5643,1047,-85.064393,35.04129],[5668,1048,-85.064456,35.041334],[5693,1051,-85.064525,35.041372],[5718,1051,-85.064595,35.04141],[5743,1054,-85.064665,35.041448],[5768,1055,-85.064734,35.041486],[5793,1060,-85.064804,35.041524],[5818,1066,-85.064874,35.041562],[5837,1069,-85.064929,35.041592]]}