{"trail":"Plug","distance":2631,"gain":134,"loss":65,"min":1770,"max":1851,"profile":[[0,1782,-85.422285,34.87162],[25,1782,-85.422334,34.871675],[50,1780,-85.422384,34.87173],[75,1780,-85.422434,34.871785],[100,1777,-85.422484,34.87184],[125,1777,-85.422533,34.871895],[150,1776,-85.422583,34.87195],[175,1775,-85.422633,34.872005],[200,1773,-85.422683,34.87206],[225,1774,-85.422733,34.872115],[250,1776,-85.422779,34.872171],[275,1775,-85.422786,34.872239],[300,1774,-85.422793,34.872308],[325,1774,-85.4228,34.872376],[350,1774,-85.422808,34.872444],[375,1774,-85.422815,34.872512],[400,1779,-85.422822,34.872581],[425,1778,-85.422829,34.872649],[450,1777,-85.422837,34.872717],[475,1775,-85.422844,34.872786],[500,1774,-85.422851,34.872854],[525,1773,-85.422858,34.872922],[549,1777,-85.422877,34.872986],[574,1779,-85.422938,34.873033],[599,1783,-85.422999,34.87308],[624,1783,-85.423059,34.873127],[649,1784,-85.42312,34.873174],[674,1786,-85.423181,34.873221],[699,1785,-85.423241,34.873268],[722,1784,-85.423313,34.873295],[747,1783,-85.423396,34.873302],[772,1781,-85.423479,34.873308],[797,1780,-85.423563,34.873315],[822,1777,-85.423646,34.873321],[847,1774,-85.423727,34.873323],[872,1774,-85.423784,34.873274],[897,1773,-85.423842,34.873224],[922,1772,-85.423899,34.873174],[947,1771,-85.423957,34.873124],[972,1772,-85.424014,34.873075],[997,1770,-85.424072,34.873025],[1021,1772,-85.424116,34.872969],[1046,1775,-85.424138,34.872903],[1071,1775,-85.424159,34.872837],[1096,1777,-85.424181,34.872771],[1120,1778,-85.424186,34.872705],[1145,1779,-85.424162,34.872639],[1170,1780,-85.424138,34.872573],[1195,1781,-85.424114,34.872507],[1220,1783,-85.42409,34.872442],[1245,1784,-85.424067,34.872376],[1270,1785,-85.424043,34.87231],[1295,1786,-85.424019,34.872245],[1320,1785,-85.423995,34.872179],[1345,1784,-85.423971,34.872113],[1368,1783,-85.423979,34.872052],[1393,1779,-85.424026,34.871995],[1418,1776,-85.424072,34.871938],[1441,1775,-85.42408,34.871873],[1466,1776,-85.424069,34.871805],[1491,1781,-85.424058,34.871737],[1516,1782,-85.424047,34.871669],[1541,1783,-85.424035,34.871601],[1566,1783,-85.424024,34.871534],[1591,1786,-85.424013,34.871466],[1616,1785,-85.424002,34.871398],[1641,1781,-85.424036,34.871336],[1666,1780,-85.424075,34.871275],[1691,1782,-85.424113,34.871215],[1716,1786,-85.424152,34.871154],[1741,1789,-85.42419,34.871093],[1766,1793,-85.424229,34.871032],[1789,1794,-85.424251,34.870971],[1814,1795,-85.42422,34.870907],[1839,1797,-85.424189,34.870844],[1864,1799,-85.424158,34.87078],[1889,1800,-85.424131,34.870716],[1914,1801,-85.424145,34.870649],[1939,1802,-85.42416,34.870581],[1964,1803,-85.424174,34.870514],[1989,1804,-85.424188,34.870446],[2014,1805,-85.424202,34.870379],[2039,1806,-85.424216,34.870311],[2064,1807,-85.42423,34.870243],[2084,1809,-85.4242,34.870193],[2109,1809,-85.424127,34.870158],[2134,1810,-85.424055,34.870124],[2159,1811,-85.423983,34.870089],[2184,1812,-85.423911,34.870054],[2209,1813,-85.423839,34.87002],[2234,1813,-85.423767,34.869985],[2259,1813,-85.423695,34.869951],[2284,1812,-85.423623,34.869916],[2308,1814,-85.423621,34.869851],[2333,1818,-85.423628,34.869783],[2358,1822,-85.423635,34.869715],[2382,1829,-85.423688,34.869666],[2407,1824,-85.423752,34.869623],[2432,1821,-85.423817,34.869579],[2457,1818,-85.423881,34.869535],[2482,1816,-85.423946,34.869492],[2506,1818,-85.424002,34.869445],[2531,1827,-85.424006,34.869376],[2556,1836,-85.42401,34.869308],[2581,1842,-85.424014,34.86924],[2606,1848,-85.424018,34.869171],[2631,1851,-85.424023,34.869103],[2631,1851,-85.424023,34.869102]]}