{"trail":"Pocket Rockets","distance":2198,"gain":31,"loss":309,"min":823,"max":1102,"profile":[[0,1102,-85.311327,35.137283],[25,1099,-85.311331,35.137214],[50,1092,-85.311335,35.137146],[75,1086,-85.311338,35.137077],[100,1080,-85.311342,35.137009],[125,1075,-85.311346,35.13694],[137,1070,-85.311325,35.136912],[162,1068,-85.311261,35.136956],[187,1063,-85.311197,35.137001],[212,1065,-85.311133,35.137045],[237,1063,-85.311069,35.137089],[262,1064,-85.311004,35.137133],[287,1063,-85.31094,35.137177],[312,1066,-85.310876,35.137221],[337,1064,-85.310812,35.137265],[362,1058,-85.310802,35.137197],[387,1052,-85.310791,35.137129],[410,1052,-85.310727,35.137162],[435,1050,-85.310659,35.137203],[460,1047,-85.310592,35.137243],[468,1047,-85.310566,35.137235],[493,1041,-85.310591,35.13717],[518,1038,-85.310616,35.137105],[543,1037,-85.310641,35.137039],[568,1031,-85.310666,35.136974],[593,1027,-85.310691,35.136908],[618,1021,-85.310716,35.136843],[643,1017,-85.310741,35.136777],[668,1012,-85.310766,35.136712],[691,1008,-85.31072,35.136659],[716,1002,-85.310664,35.136609],[741,998,-85.310607,35.136558],[766,991,-85.310551,35.136508],[791,988,-85.310494,35.136457],[816,984,-85.310438,35.136406],[841,978,-85.310381,35.136356],[866,973,-85.310325,35.136305],[890,974,-85.310337,35.13624],[915,977,-85.310357,35.136174],[940,972,-85.310377,35.136107],[954,968,-85.31033,35.136114],[979,966,-85.310257,35.136147],[1004,958,-85.310184,35.136181],[1029,950,-85.310111,35.136214],[1054,944,-85.310039,35.136249],[1079,944,-85.310025,35.136316],[1104,944,-85.310012,35.136384],[1129,945,-85.309998,35.136452],[1151,937,-85.309935,35.136421],[1176,929,-85.309867,35.136381],[1201,925,-85.309799,35.13634],[1212,921,-85.309763,35.136347],[1237,922,-85.309768,35.136415],[1262,926,-85.309773,35.136483],[1287,931,-85.309777,35.136552],[1311,937,-85.309777,35.136618],[1336,934,-85.309701,35.136646],[1361,930,-85.309624,35.136674],[1386,926,-85.309548,35.136703],[1411,922,-85.309472,35.136731],[1436,918,-85.309396,35.136759],[1461,914,-85.309319,35.136788],[1482,908,-85.30931,35.136731],[1507,904,-85.30931,35.136662],[1524,901,-85.309284,35.136621],[1549,894,-85.309203,35.136638],[1574,890,-85.309122,35.136654],[1599,883,-85.30904,35.136671],[1624,878,-85.308959,35.136687],[1649,870,-85.308878,35.136704],[1674,868,-85.308796,35.136721],[1698,864,-85.308828,35.136659],[1723,861,-85.308862,35.136596],[1748,861,-85.308895,35.136534],[1773,860,-85.308929,35.136471],[1784,856,-85.308904,35.136449],[1809,848,-85.308823,35.136466],[1834,843,-85.308742,35.136484],[1859,837,-85.30866,35.136501],[1884,838,-85.308579,35.136518],[1909,837,-85.308498,35.136536],[1934,837,-85.308417,35.136541],[1959,838,-85.308334,35.136529],[1984,837,-85.308251,35.136518],[2009,833,-85.308169,35.136507],[2034,832,-85.308086,35.136496],[2059,831,-85.308003,35.136484],[2084,825,-85.307921,35.136473],[2109,823,-85.307838,35.136462],[2132,825,-85.307766,35.136485],[2157,825,-85.307701,35.136528],[2182,824,-85.307635,35.136571],[2198,824,-85.307593,35.136598]]}