{"trail":"Poe Run Overlook","distance":3081,"gain":70,"loss":125,"min":891,"max":987,"profile":[[0,946,-85.111728,35.085202],[25,946,-85.111779,35.085148],[50,946,-85.111829,35.085093],[75,947,-85.11188,35.085039],[100,947,-85.111931,35.084985],[125,947,-85.111982,35.08493],[149,947,-85.112048,35.084893],[174,947,-85.112127,35.084871],[199,948,-85.112207,35.084849],[224,948,-85.112286,35.084828],[249,949,-85.112365,35.084806],[274,950,-85.112445,35.084784],[299,951,-85.112528,35.084775],[324,952,-85.112611,35.084769],[349,953,-85.112694,35.084762],[374,954,-85.112778,35.084755],[399,955,-85.112861,35.084748],[424,956,-85.112944,35.084742],[449,957,-85.113028,35.084735],[474,958,-85.113111,35.084728],[499,958,-85.113194,35.084722],[524,958,-85.113278,35.084715],[549,959,-85.113361,35.084708],[574,959,-85.113444,35.084702],[599,959,-85.113528,35.084695],[623,959,-85.113608,35.08471],[648,960,-85.113686,35.084733],[673,961,-85.113765,35.084757],[698,963,-85.113844,35.084781],[723,965,-85.113922,35.084804],[748,966,-85.114001,35.084828],[773,968,-85.11408,35.084851],[798,969,-85.114158,35.084875],[822,969,-85.11422,35.084916],[847,969,-85.114268,35.084972],[872,970,-85.114315,35.085029],[897,970,-85.114363,35.085085],[922,969,-85.11441,35.085142],[946,969,-85.114437,35.085205],[971,970,-85.114448,35.085273],[996,971,-85.114458,35.085341],[1021,973,-85.114468,35.085409],[1046,973,-85.114465,35.085476],[1071,974,-85.114442,35.085542],[1096,977,-85.114419,35.085608],[1121,977,-85.114396,35.085673],[1144,981,-85.114336,35.085714],[1169,983,-85.114261,35.085743],[1194,986,-85.114185,35.085773],[1219,987,-85.114109,35.085802],[1244,987,-85.114034,35.085831],[1268,987,-85.113969,35.085871],[1293,986,-85.113932,35.085932],[1318,986,-85.113895,35.085993],[1343,986,-85.113857,35.086054],[1368,986,-85.11382,35.086116],[1393,985,-85.113782,35.086177],[1417,985,-85.113763,35.086242],[1442,985,-85.113757,35.086311],[1467,985,-85.113751,35.086379],[1492,985,-85.113745,35.086447],[1517,983,-85.113739,35.086516],[1542,982,-85.113733,35.086584],[1567,980,-85.113727,35.086652],[1592,977,-85.113737,35.086718],[1617,974,-85.113772,35.086781],[1642,970,-85.113808,35.086843],[1667,968,-85.113843,35.086905],[1689,964,-85.113884,35.086955],[1714,966,-85.113962,35.08693],[1739,968,-85.11404,35.086905],[1764,968,-85.114118,35.08688],[1789,969,-85.114196,35.086855],[1814,970,-85.114274,35.08683],[1839,969,-85.114352,35.086805],[1863,971,-85.114411,35.086758],[1888,970,-85.114465,35.086705],[1913,969,-85.11452,35.086653],[1938,969,-85.114574,35.086601],[1963,968,-85.114628,35.086549],[1988,967,-85.114682,35.086497],[2013,964,-85.114739,35.086448],[2038,961,-85.114822,35.086437],[2063,957,-85.114904,35.086427],[2088,955,-85.114987,35.086416],[2113,950,-85.11507,35.086405],[2135,946,-85.115139,35.086385],[2160,946,-85.115139,35.086317],[2183,945,-85.115131,35.086255],[2208,948,-85.115047,35.086247],[2233,950,-85.114964,35.08624],[2258,951,-85.114881,35.086232],[2283,954,-85.114798,35.086225],[2308,957,-85.114714,35.086217],[2333,960,-85.114631,35.08621],[2355,961,-85.114559,35.086193],[2380,958,-85.114554,35.086125],[2405,958,-85.11455,35.086056],[2430,959,-85.114545,35.085988],[2455,962,-85.11454,35.085919],[2479,961,-85.114574,35.08586],[2504,960,-85.11462,35.085802],[2529,959,-85.114665,35.085744],[2554,957,-85.114711,35.085687],[2579,955,-85.114756,35.085629],[2589,952,-85.114784,35.085646],[2614,950,-85.114799,35.085714],[2639,950,-85.114815,35.085781],[2664,945,-85.11483,35.085848],[2676,941,-85.114863,35.085866],[2701,941,-85.11492,35.085815],[2726,939,-85.114977,35.085765],[2751,932,-85.115034,35.085715],[2776,931,-85.11509,35.085664],[2798,924,-85.115134,35.085712],[2823,919,-85.115175,35.085771],[2844,914,-85.115248,35.085763],[2869,913,-85.115327,35.08574],[2894,907,-85.115406,35.085718],[2919,902,-85.115485,35.085695],[2944,899,-85.115564,35.085672],[2967,897,-85.115639,35.085674],[2992,896,-85.115708,35.085713],[3017,895,-85.115777,35.085752],[3042,894,-85.115846,35.085791],[3067,892,-85.115915,35.085829],[3081,891,-85.115955,35.085852]]}