{"trail":"Pogo's Place","distance":6319,"gain":246,"loss":237,"min":999,"max":1064,"profile":[[0,1023,-85.038922,35.027747],[25,1025,-85.038859,35.027792],[50,1027,-85.038795,35.027837],[75,1030,-85.038732,35.027882],[100,1032,-85.038669,35.027927],[125,1032,-85.038606,35.027972],[150,1029,-85.038542,35.028017],[175,1027,-85.038479,35.028061],[200,1024,-85.038416,35.028106],[225,1022,-85.038353,35.028151],[250,1019,-85.038289,35.028196],[273,1023,-85.038283,35.02826],[298,1025,-85.038289,35.028329],[323,1026,-85.038295,35.028397],[348,1027,-85.038301,35.028465],[373,1025,-85.038307,35.028534],[398,1021,-85.038313,35.028602],[423,1015,-85.038319,35.02867],[448,1014,-85.038351,35.028731],[473,1009,-85.038399,35.028787],[498,1004,-85.038447,35.028843],[523,1003,-85.038495,35.0289],[548,999,-85.038543,35.028956],[573,1000,-85.038591,35.029012],[598,1001,-85.038639,35.029068],[623,1007,-85.038687,35.029124],[648,1010,-85.038735,35.02918],[671,1015,-85.038791,35.029225],[696,1016,-85.038874,35.029234],[721,1016,-85.038957,35.029242],[746,1016,-85.03904,35.029251],[770,1016,-85.039122,35.029254],[795,1017,-85.039189,35.029213],[820,1018,-85.039256,35.029172],[845,1020,-85.039313,35.029123],[870,1024,-85.039363,35.029068],[895,1025,-85.039413,35.029013],[920,1028,-85.039462,35.028958],[945,1032,-85.039512,35.028903],[970,1032,-85.039562,35.028848],[995,1035,-85.039611,35.028793],[1020,1034,-85.039661,35.028737],[1045,1035,-85.039711,35.028682],[1070,1031,-85.039761,35.028627],[1095,1031,-85.03981,35.028572],[1120,1031,-85.03986,35.028517],[1145,1030,-85.03991,35.028462],[1170,1029,-85.039956,35.028405],[1195,1030,-85.039985,35.028341],[1220,1031,-85.040014,35.028277],[1245,1031,-85.040044,35.028213],[1270,1032,-85.040073,35.028148],[1295,1035,-85.040102,35.028084],[1320,1034,-85.040131,35.02802],[1345,1033,-85.04016,35.027956],[1370,1031,-85.040189,35.027891],[1395,1033,-85.040218,35.027827],[1420,1032,-85.040247,35.027763],[1445,1030,-85.040276,35.027699],[1470,1031,-85.040305,35.027634],[1495,1029,-85.040335,35.02757],[1520,1026,-85.040364,35.027506],[1545,1027,-85.040393,35.027442],[1570,1025,-85.040422,35.027377],[1595,1027,-85.040454,35.027314],[1620,1027,-85.040497,35.027255],[1645,1029,-85.04054,35.027197],[1670,1031,-85.040583,35.027138],[1695,1031,-85.040626,35.027079],[1720,1030,-85.040669,35.02702],[1745,1029,-85.040712,35.026962],[1770,1028,-85.040755,35.026903],[1795,1027,-85.040798,35.026844],[1820,1030,-85.040841,35.026785],[1845,1033,-85.040884,35.026726],[1870,1035,-85.040905,35.026661],[1895,1038,-85.040918,35.026593],[1920,1042,-85.04093,35.026526],[1945,1045,-85.040943,35.026458],[1970,1048,-85.040955,35.02639],[1995,1048,-85.040968,35.026322],[2020,1050,-85.04098,35.026255],[2045,1052,-85.040993,35.026187],[2069,1049,-85.04101,35.02612],[2094,1046,-85.041048,35.026059],[2119,1047,-85.041086,35.025998],[2144,1045,-85.041125,35.025937],[2169,1044,-85.041163,35.025877],[2194,1041,-85.041201,35.025816],[2219,1040,-85.041239,35.025755],[2244,1038,-85.041278,35.025694],[2269,1037,-85.041316,35.025633],[2294,1034,-85.041354,35.025572],[2319,1037,-85.041389,35.02551],[2344,1039,-85.041388,35.025442],[2369,1042,-85.041386,35.025373],[2394,1044,-85.041384,35.025305],[2419,1046,-85.041382,35.025236],[2444,1047,-85.041381,35.025168],[2469,1048,-85.041379,35.025099],[2494,1048,-85.041377,35.025031],[2519,1048,-85.041376,35.024962],[2544,1047,-85.041374,35.024894],[2569,1047,-85.041372,35.024825],[2594,1046,-85.04137,35.024757],[2619,1045,-85.041369,35.024688],[2644,1044,-85.041367,35.02462],[2669,1043,-85.041365,35.024551],[2694,1042,-85.041363,35.024483],[2719,1042,-85.041362,35.024414],[2744,1042,-85.04136,35.024346],[2769,1042,-85.041358,35.024277],[2794,1042,-85.041357,35.024209],[2819,1044,-85.041355,35.02414],[2844,1045,-85.041353,35.024072],[2869,1045,-85.041351,35.024003],[2894,1046,-85.04135,35.023934],[2919,1047,-85.041348,35.023866],[2944,1052,-85.041337,35.0238],[2969,1057,-85.041292,35.023742],[2994,1061,-85.041246,35.023685],[3019,1063,-85.041201,35.023627],[3044,1064,-85.041156,35.02357],[3069,1061,-85.04111,35.023512],[3094,1054,-85.041036,35.02348],[3119,1050,-85.040962,35.023447],[3144,1041,-85.040889,35.023415],[3167,1035,-85.040815,35.023396],[3192,1030,-85.04074,35.023427],[3217,1026,-85.040665,35.023458],[3239,1021,-85.040615,35.023502],[3264,1022,-85.040609,35.02357],[3289,1023,-85.040602,35.023638],[3314,1024,-85.040596,35.023707],[3339,1025,-85.04059,35.023775],[3364,1026,-85.040584,35.023843],[3389,1027,-85.040578,35.023912],[3414,1025,-85.040572,35.02398],[3439,1026,-85.040565,35.024049],[3464,1027,-85.040559,35.024117],[3489,1029,-85.040553,35.024185],[3514,1030,-85.040547,35.024254],[3539,1031,-85.040541,35.024322],[3564,1032,-85.040534,35.02439],[3589,1030,-85.040522,35.024458],[3614,1031,-85.040503,35.024525],[3639,1030,-85.040485,35.024591],[3664,1031,-85.040466,35.024658],[3689,1033,-85.040447,35.024725],[3714,1031,-85.040428,35.024792],[3739,1033,-85.040409,35.024858],[3764,1031,-85.040391,35.024925],[3789,1033,-85.040372,35.024992],[3814,1032,-85.040353,35.025059],[3839,1034,-85.040334,35.025126],[3864,1033,-85.040315,35.025192],[3889,1035,-85.040296,35.025259],[3914,1037,-85.040278,35.025326],[3939,1036,-85.040259,35.025393],[3964,1037,-85.04024,35.025459],[3989,1035,-85.040221,35.025526],[4014,1037,-85.040197,35.025591],[4039,1036,-85.040163,35.025654],[4064,1034,-85.040129,35.025717],[4089,1033,-85.040095,35.025779],[4114,1034,-85.040061,35.025842],[4139,1033,-85.040027,35.025905],[4164,1031,-85.039993,35.025967],[4189,1030,-85.039959,35.02603],[4214,1028,-85.039925,35.026092],[4239,1030,-85.039891,35.026155],[4264,1029,-85.039857,35.026218],[4289,1028,-85.039823,35.02628],[4314,1026,-85.039789,35.026343],[4339,1023,-85.039755,35.026406],[4364,1026,-85.039721,35.026468],[4389,1025,-85.039687,35.026531],[4414,1023,-85.039653,35.026593],[4439,1021,-85.039619,35.026656],[4464,1019,-85.039585,35.026719],[4489,1023,-85.039551,35.026781],[4514,1022,-85.039517,35.026844],[4539,1021,-85.039483,35.026906],[4564,1018,-85.039449,35.026969],[4589,1017,-85.039415,35.027032],[4614,1021,-85.039381,35.027094],[4639,1020,-85.039347,35.027157],[4664,1018,-85.039313,35.02722],[4689,1017,-85.039279,35.027282],[4714,1020,-85.039245,35.027345],[4739,1019,-85.039211,35.027407],[4764,1018,-85.039177,35.02747],[4789,1016,-85.039143,35.027533],[4814,1017,-85.039109,35.027595],[4838,1019,-85.03906,35.027648],[4863,1019,-85.038996,35.027693],[4888,1019,-85.038933,35.027738],[4913,1025,-85.03887,35.027783],[4938,1027,-85.038807,35.027828],[4963,1030,-85.038744,35.027873],[4988,1030,-85.03868,35.027918],[5013,1032,-85.038617,35.027963],[5038,1029,-85.038554,35.028008],[5063,1027,-85.038491,35.028053],[5088,1023,-85.038428,35.028098],[5113,1022,-85.038364,35.028143],[5138,1021,-85.038301,35.028188],[5160,1023,-85.038282,35.028247],[5185,1025,-85.038288,35.028316],[5210,1026,-85.038294,35.028384],[5235,1027,-85.0383,35.028452],[5260,1025,-85.038306,35.028521],[5285,1023,-85.038312,35.028589],[5310,1019,-85.038318,35.028658],[5335,1012,-85.038342,35.028721],[5360,1009,-85.03839,35.028777],[5385,1008,-85.038438,35.028833],[5410,1003,-85.038486,35.028889],[5435,999,-85.038534,35.028945],[5460,1000,-85.038582,35.029001],[5485,1001,-85.03863,35.029057],[5510,1004,-85.038678,35.029114],[5535,1008,-85.038726,35.02917],[5559,1015,-85.038775,35.029224],[5584,1016,-85.038858,35.029232],[5609,1016,-85.038942,35.029241],[5634,1016,-85.039025,35.029249],[5659,1016,-85.039108,35.029258],[5684,1017,-85.039176,35.029221],[5709,1019,-85.039243,35.02918],[5733,1020,-85.039304,35.029134],[5758,1024,-85.039354,35.029079],[5783,1025,-85.039403,35.029024],[5808,1029,-85.039453,35.028968],[5833,1030,-85.039503,35.028913],[5858,1032,-85.039552,35.028858],[5883,1033,-85.039602,35.028803],[5908,1034,-85.039652,35.028748],[5933,1035,-85.039701,35.028693],[5958,1034,-85.039751,35.028638],[5983,1034,-85.039801,35.028582],[6008,1030,-85.039851,35.028527],[6033,1030,