{"trail":"Pogo's Place","distance":6719,"gain":242,"loss":242,"min":999,"max":1064,"profile":[[0,1014,-85.038772,35.029223],[25,1016,-85.038855,35.029232],[50,1016,-85.038938,35.02924],[75,1016,-85.039021,35.029249],[100,1016,-85.039104,35.029257],[124,1017,-85.039173,35.029223],[149,1019,-85.03924,35.029182],[174,1020,-85.039302,35.029136],[199,1024,-85.039351,35.029081],[224,1025,-85.039401,35.029026],[249,1029,-85.039451,35.028971],[274,1031,-85.0395,35.028916],[299,1032,-85.03955,35.028861],[324,1033,-85.0396,35.028806],[349,1034,-85.039649,35.02875],[374,1035,-85.039699,35.028695],[399,1034,-85.039749,35.02864],[424,1034,-85.039799,35.028585],[449,1030,-85.039848,35.02853],[474,1030,-85.039898,35.028475],[499,1028,-85.039948,35.02842],[524,1028,-85.039978,35.028356],[549,1031,-85.040008,35.028292],[574,1031,-85.040037,35.028228],[599,1032,-85.040066,35.028163],[624,1033,-85.040095,35.028099],[649,1033,-85.040124,35.028035],[674,1032,-85.040153,35.027971],[699,1034,-85.040182,35.027906],[724,1033,-85.040211,35.027842],[749,1032,-85.04024,35.027778],[774,1032,-85.04027,35.027714],[799,1031,-85.040299,35.027649],[824,1029,-85.040328,35.027585],[849,1029,-85.040357,35.027521],[874,1027,-85.040386,35.027457],[899,1025,-85.040415,35.027392],[924,1028,-85.040444,35.027328],[949,1029,-85.040487,35.027269],[974,1032,-85.04053,35.02721],[999,1031,-85.040573,35.027152],[1024,1032,-85.040616,35.027093],[1049,1032,-85.040659,35.027034],[1074,1031,-85.040702,35.026975],[1099,1030,-85.040745,35.026917],[1124,1030,-85.040788,35.026858],[1149,1029,-85.040831,35.026799],[1174,1032,-85.040874,35.02674],[1198,1035,-85.040902,35.026677],[1223,1040,-85.040915,35.026609],[1248,1042,-85.040927,35.026542],[1273,1045,-85.04094,35.026474],[1298,1048,-85.040952,35.026406],[1323,1048,-85.040965,35.026338],[1348,1050,-85.040977,35.02627],[1373,1051,-85.04099,35.026203],[1398,1052,-85.041002,35.026135],[1423,1050,-85.041039,35.026074],[1448,1047,-85.041077,35.026013],[1473,1045,-85.041116,35.025952],[1498,1043,-85.041154,35.025891],[1523,1041,-85.041192,35.02583],[1548,1040,-85.04123,35.025769],[1573,1038,-85.041269,35.025708],[1598,1036,-85.041307,35.025647],[1623,1038,-85.041345,35.025586],[1648,1037,-85.041384,35.025525],[1673,1039,-85.041388,35.025458],[1698,1042,-85.041386,35.025389],[1723,1044,-85.041385,35.025321],[1748,1045,-85.041383,35.025252],[1773,1047,-85.041381,35.025184],[1798,1048,-85.041379,35.025115],[1823,1048,-85.041378,35.025047],[1848,1048,-85.041376,35.024978],[1873,1048,-85.041374,35.02491],[1898,1047,-85.041372,35.024841],[1923,1046,-85.041371,35.024773],[1948,1045,-85.041369,35.024704],[1973,1044,-85.041367,35.024636],[1998,1043,-85.041366,35.024567],[2023,1042,-85.041364,35.024499],[2048,1042,-85.041362,35.02443],[2073,1042,-85.04136,35.024362],[2098,1042,-85.041359,35.024293],[2123,1042,-85.041357,35.024225],[2148,1044,-85.041355,35.024156],[2173,1045,-85.041354,35.024088],[2198,1045,-85.041352,35.024019],[2223,1046,-85.04135,35.023951],[2248,1047,-85.041348,35.023882],[2273,1048,-85.041347,35.023813],[2298,1057,-85.041303,35.023756],[2323,1061,-85.041257,35.023698],[2348,1064,-85.041212,35.023641],[2373,1064,-85.041166,35.023583],[2398,1061,-85.041121,35.023525],[2422,1058,-85.041053,35.023487],[2447,1050,-85.04098,35.023455],[2472,1041,-85.040906,35.023422],[2497,1038,-85.040832,35.02339],[2522,1032,-85.040757,35.02342],[2547,1026,-85.040683,35.023451],[2571,1021,-85.040616,35.023486],[2596,1022,-85.04061,35.023554],[2621,1022,-85.040604,35.023622],[2646,1024,-85.040598,35.023691],[2671,1025,-85.040592,35.023759],[2696,1026,-85.040585,35.023827],[2721,1027,-85.040579,35.023896],[2746,1025,-85.040573,35.023964],[2771,1026,-85.040567,35.024033],[2796,1027,-85.040561,35.024101],[2821,1029,-85.040554,35.024169],[2846,1030,-85.040548,35.024238],[2871,1031,-85.040542,35.024306],[2896,1032,-85.040536,35.024374],[2921,1029,-85.040527,35.024442],[2946,1031,-85.040508,35.024509],[2971,1032,-85.040489,35.024576],[2996,1031,-85.04047,35.024643],[3021,1032,-85.040451,35.024709],[3046,1031,-85.040433,35.024776],[3071,1033,-85.040414,35.024843],[3096,1031,-85.040395,35.02491],[3121,1033,-85.040376,35.024976],[3146,1032,-85.040357,35.025043],[3171,1033,-85.040339,35.02511],[3196,1035,-85.04032,35.025177],[3221,1034,-85.040301,35.025243],[3246,1036,-85.040282,35.02531],[3271,1035,-85.040263,35.025377],[3296,1037,-85.040244,35.025444],[3321,1035,-85.040226,35.025511],[3346,1037,-85.040205,35.025577],[3371,1036,-85.040171,35.025639],[3396,1033,-85.040137,35.025702],[3421,1036,-85.040103,35.025765],[3446,1034,-85.040069,35.025827],[3471,1033,-85.040035,35.02589],[3496,1031,-85.040001,35.025953],[3521,1029,-85.039967,35.026015],[3546,1031,-85.039933,35.026078],[3571,1030,-85.039899,35.02614],[3596,1029,-85.039865,35.026203],[3621,1026,-85.039831,35.026266],[3646,1025,-85.039797,35.026328],[3671,1028,-85.039763,35.026391],[3696,1026,-85.039729,35.026453],[3721,1023,-85.039695,35.026516],[3746,1022,-85.039661,35.026579],[3771,1021,-85.039627,35.026641],[3796,1024,-85.039593,35.026704],[3821,1023,-85.039559,35.026767],[3846,1020,-85.039525,35.026829],[3871,1019,-85.039491,35.026892],[3896,1018,-85.039457,35.026954],[3921,1022,-85.039423,35.027017],[3946,1021,-85.039389,35.02708],[3971,1017,-85.039355,35.027142],[3996,1018,-85.039321,35.027205],[4021,1022,-85.039287,35.027268],[4046,1020,-85.039253,35.02733],[4071,1017,-85.039219,35.027393],[4096,1016,-85.039185,35.027455],[4121,1016,-85.039151,35.027518],[4146,1019,-85.039117,35.027581],[4170,1019,-85.039074,35.027638],[4195,1019,-85.039011,35.027683],[4220,1021,-85.038948,35.027728],[4245,1021,-85.038885,35.027773],[4270,1028,-85.038822,35.027818],[4295,1030,-85.038758,35.027863],[4320,1031,-85.038695,35.027908],[4345,1030,-85.038632,35.027952],[4370,1031,-85.038569,35.027997],[4395,1027,-85.038506,35.028042],[4420,1026,-85.038442,35.028087],[4445,1021,-85.038379,35.028132],[4470,1021,-85.038316,35.028177],[4493,1021,-85.03828,35.028231],[4518,1024,-85.038286,35.0283],[4543,1026,-85.038292,35.028368],[4568,1026,-85.038298,35.028436],[4593,1026,-85.038304,35.028505],[4618,1023,-85.03831,35.028573],[4643,1019,-85.038316,35.028642],[4667,1012,-85.038331,35.028707],[4692,1010,-85.038379,35.028764],[4717,1005,-85.038427,35.02882],[4742,1003,-85.038475,35.028876],[4767,1002,-85.038523,35.028932],[4792,1000,-85.038571,35.028988],[4817,1001,-85.038619,35.029044],[4842,1004,-85.038667,35.0291],[4867,1008,-85.038715,35.029157],[4892,1012,-85.038763,35.029213],[4916,1016,-85.038839,35.02923],[4941,1016,-85.038922,35.029239],[4966,1016,-85.039005,35.029247],[4991,1016,-85.039088,35.029256],[5014,1016,-85.03916,35.029231],[5039,1017,-85.039227,35.029189],[5064,1020,-85.039292,35.029147],[5089,1022,-85.039342,35.029092],[5114,1025,-85.039392,35.029036],[5139,1027,-85.039441,35.028981],[5164,1031,-85.039491,35.028926],[5189,1034,-85.039541,35.028871],[5214,1033,-85.03959,35.028816],[5239,1034,-85.03964,35.028761],[5264,1033,-85.03969,35.028706],[5289,1034,-85.03974,35.02865],[5314,1033,-85.039789,35.028595],[5339,1033,-85.039839,35.02854],[5364,1030,-85.039889,35.028485],[5389,1028,-85.039938,35.02843],[5414,1031,-85.039973,35.028368],[5439,1031,-85.040002,35.028304],[5464,1030,-85.040031,35.02824],[5489,1030,-85.04006,35.028175],[5514,1033,-85.040089,35.028111],[5539,1033,-85.040118,35.028047],[5564,1032,-85.040146,35.027982],[5589,1034,-85.040175,35.027918],[5614,1032,-85.040204,35.027854],[5639,1031,-85.040233,35.027789],[5655,1032,-85.040252,35.027747],[6053,1023,-85.038922,35.027747],[6078,1025,-85.038859,35.027792],[6103,1027,-85.038795,35.027837],[6128,1030,-85.038732,35.027882],[6153,1032,-85.038669,35.027927],[6178,1032,-85.038606,35.027972],[6203,1029,-85.038542,35.028017],[6228,1027,-85.038479,35.028061],[6253,1024,-85.038416,35.028106],[6278,1022,-85.038353,35.028151],[6303,1019,-85.038289,35.028196],[6326,1023,-85.038283,35.02826],[6351,1025,-85.038289,35.028329],[6376,1026,-85.038295,35.028397],[6401,1027,-85.038301,