{"trail":"Points Unknown","distance":14221,"gain":494,"loss":490,"min":1035,"max":1203,"profile":[[0,1035,-85.059156,35.055364],[25,1036,-85.059189,35.055301],[50,1038,-85.059221,35.055238],[75,1039,-85.059253,35.055175],[100,1041,-85.059285,35.055111],[125,1037,-85.059317,35.055048],[150,1040,-85.05935,35.054985],[175,1042,-85.059382,35.054922],[200,1043,-85.059414,35.054858],[225,1040,-85.059446,35.054795],[250,1041,-85.059478,35.054732],[275,1044,-85.059511,35.054669],[300,1046,-85.059543,35.054605],[325,1042,-85.059575,35.054542],[350,1044,-85.059607,35.054479],[375,1045,-85.059639,35.054416],[400,1049,-85.059672,35.054352],[425,1045,-85.059707,35.054291],[450,1047,-85.05975,35.054232],[475,1050,-85.059793,35.054173],[500,1052,-85.059836,35.054114],[525,1053,-85.059879,35.054055],[550,1057,-85.059922,35.053996],[575,1058,-85.059964,35.053937],[600,1060,-85.060007,35.053878],[625,1063,-85.06005,35.05382],[650,1064,-85.060093,35.053761],[675,1065,-85.060136,35.053702],[700,1068,-85.060179,35.053643],[725,1070,-85.060222,35.053584],[750,1071,-85.060264,35.053525],[775,1073,-85.060307,35.053466],[800,1076,-85.06035,35.053407],[825,1078,-85.060393,35.053349],[850,1080,-85.060436,35.05329],[875,1083,-85.060479,35.053231],[900,1084,-85.060521,35.053172],[925,1085,-85.060564,35.053113],[950,1088,-85.060607,35.053054],[975,1089,-85.06065,35.052995],[1000,1090,-85.060693,35.052936],[1025,1093,-85.060736,35.052878],[1050,1095,-85.060778,35.052819],[1075,1098,-85.060821,35.05276],[1100,1104,-85.060864,35.052701],[1125,1109,-85.060899,35.05264],[1150,1106,-85.060915,35.052572],[1175,1107,-85.060931,35.052505],[1200,1104,-85.060947,35.052438],[1225,1107,-85.060962,35.05237],[1250,1105,-85.060978,35.052303],[1275,1103,-85.060994,35.052236],[1300,1108,-85.06101,35.052169],[1325,1105,-85.061026,35.052101],[1350,1102,-85.061041,35.052034],[1375,1105,-85.061057,35.051967],[1400,1102,-85.061073,35.051899],[1425,1103,-85.061089,35.051832],[1450,1100,-85.061105,35.051765],[1474,1101,-85.061134,35.051701],[1499,1098,-85.061168,35.051639],[1524,1101,-85.061203,35.051576],[1549,1103,-85.061237,35.051514],[1574,1105,-85.061272,35.051451],[1599,1106,-85.061306,35.051389],[1624,1104,-85.061341,35.051326],[1649,1106,-85.061375,35.051264],[1674,1107,-85.06141,35.051201],[1699,1108,-85.061444,35.051139],[1724,1110,-85.061479,35.051077],[1749,1107,-85.061513,35.051014],[1774,1109,-85.061548,35.050952],[1799,1110,-85.061582,35.050889],[1824,1111,-85.061617,35.050827],[1849,1115,-85.061651,35.050764],[1874,1111,-85.061686,35.050702],[1899,1112,-85.06172,35.050639],[1924,1113,-85.061755,35.050577],[1949,1115,-85.061789,35.050515],[1974,1118,-85.061829,35.050455],[1999,1119,-85.061891,35.050409],[2024,1129,-85.061953,35.050364],[2049,1133,-85.062015,35.050318],[2073,1134,-85.062048,35.050257],[2098,1131,-85.06207,35.050191],[2123,1133,-85.062092,35.050125],[2148,1129,-85.062114,35.050058],[2173,1133,-85.062135,35.049992],[2198,1130,-85.062157,35.049926],[2223,1132,-85.062179,35.04986],[2248,1129,-85.062201,35.049794],[2273,1131,-85.062223,35.049728],[2298,1128,-85.062245,35.049662],[2323,1130,-85.062267,35.049595],[2348,1126,-85.062289,35.049529],[2373,1131,-85.062311,35.049463],[2398,1133,-85.062333,35.049397],[2423,1129,-85.062355,35.049331],[2448,1132,-85.062376,35.049265],[2473,1126,-85.062398,35.049199],[2498,1127,-85.06242,35.049133],[2523,1121,-85.062442,35.049066],[2548,1123,-85.062464,35.049],[2573,1118,-85.062486,35.048934],[2598,1122,-85.062508,35.048868],[2623,1117,-85.06253,35.048802],[2648,1119,-85.062552,35.048736],[2673,1116,-85.062574,35.04867],[2698,1117,-85.062596,35.048603],[2723,1114,-85.062617,35.048537],[2748,1116,-85.062639,35.048471],[2773,1114,-85.062661,35.048405],[2798,1117,-85.062683,35.048339],[2823,1114,-85.062705,35.048273],[2848,1115,-85.062732,35.048208],[2873,1117,-85.062765,35.048145],[2898,1113,-85.062798,35.048082],[2923,1115,-85.062831,35.048019],[2948,1118,-85.062864,35.047956],[2973,1120,-85.062898,35.047893],[2998,1115,-85.062931,35.04783],[3023,1114,-85.062964,35.047768],[3048,1114,-85.062997,35.047705],[3073,1117,-85.063031,35.047642],[3098,1119,-85.063063,35.047579],[3123,1117,-85.063079,35.047511],[3148,1115,-85.063096,35.047444],[3173,1120,-85.063112,35.047377],[3198,1119,-85.063128,35.04731],[3223,1116,-85.063145,35.047243],[3248,1119,-85.063161,35.047175],[3273,1115,-85.063178,35.047108],[3298,1119,-85.063194,35.047041],[3323,1113,-85.06321,35.046974],[3348,1108,-85.063227,35.046907],[3373,1108,-85.063243,35.046839],[3398,1103,-85.06326,35.046772],[3423,1098,-85.063276,35.046705],[3448,1099,-85.063293,35.046638],[3473,1095,-85.063309,35.046571],[3498,1096,-85.063325,35.046503],[3523,1092,-85.063343,35.046437],[3548,1095,-85.06338,35.046375],[3573,1095,-85.063417,35.046314],[3598,1095,-85.063454,35.046252],[3623,1091,-85.063491,35.04619],[3648,1093,-85.063527,35.046129],[3673,1092,-85.063564,35.046067],[3698,1091,-85.063601,35.046006],[3723,1091,-85.063638,35.045944],[3748,1095,-85.063675,35.045883],[3773,1096,-85.063711,35.045821],[3798,1093,-85.063748,35.04576],[3823,1094,-85.063785,35.045698],[3848,1096,-85.063822,35.045637],[3873,1098,-85.063859,35.045575],[3898,1099,-85.063896,35.045514],[3923,1099,-85.063932,35.045452],[3948,1103,-85.063969,35.04539],[3973,1104,-85.064006,35.045329],[3998,1100,-85.064043,35.045267],[4023,1101,-85.06408,35.045206],[4048,1104,-85.064117,35.045144],[4073,1105,-85.064153,35.045083],[4098,1107,-85.06419,35.045021],[4123,1108,-85.064227,35.04496],[4148,1112,-85.064264,35.044898],[4173,1109,-85.064301,35.044837],[4198,1111,-85.064338,35.044775],[4223,1114,-85.064374,35.044714],[4248,1111,-85.064392,35.044648],[4273,1109,-85.064392,35.04458],[4298,1106,-85.064392,35.044511],[4323,1103,-85.064392,35.044443],[4347,1096,-85.064337,35.044393],[4372,1093,-85.064278,35.044345],[4385,1096,-85.064308,35.044369],[4410,1102,-85.064367,35.044418],[4424,1105,-85.06441,35.044401],[4449,1108,-85.064441,35.044338],[4474,1105,-85.064473,35.044274],[4499,1106,-85.064504,35.04421],[4524,1108,-85.064535,35.044147],[4549,1109,-85.064566,35.044083],[4574,1108,-85.064597,35.04402],[4599,1109,-85.064629,35.043956],[4624,1111,-85.06466,35.043892],[4649,1109,-85.064691,35.043829],[4674,1110,-85.064722,35.043765],[4699,1113,-85.064753,35.043702],[4724,1115,-85.064785,35.043638],[4749,1113,-85.064816,35.043575],[4774,1115,-85.064847,35.043511],[4799,1118,-85.064878,35.043447],[4824,1120,-85.064909,35.043384],[4849,1120,-85.064941,35.04332],[4874,1123,-85.064972,35.043257],[4899,1126,-85.065003,35.043193],[4924,1124,-85.065034,35.043129],[4949,1127,-85.065065,35.043066],[4974,1129,-85.065097,35.043002],[4999,1130,-85.065128,35.042939],[5024,1128,-85.065159,35.042875],[5049,1130,-85.06519,35.042811],[5074,1131,-85.065221,35.042748],[5099,1134,-85.065253,35.042684],[5124,1132,-85.065284,35.042621],[5149,1133,-85.065315,35.042557],[5174,1135,-85.065346,35.042493],[5199,1133,-85.065377,35.04243],[5224,1135,-85.065405,35.042365],[5249,1134,-85.065421,35.042298],[5274,1136,-85.065437,35.042231],[5299,1134,-85.065453,35.042164],[5324,1137,-85.065468,35.042096],[5349,1135,-85.065484,35.042029],[5374,1133,-85.0655,35.041962],[5399,1135,-85.065516,35.041894],[5424,1134,-85.065532,35.041827],[5449,1132,-85.065548,35.04176],[5474,1134,-85.065564,35.041693],[5499,1131,-85.06558,35.041625],[5524,1135,-85.065596,35.041558],[5549,1132,-85.065612,35.041491],[5574,1129,-85.065628,35.041424],[5599,1129,-85.065644,35.041356],[5624,1125,-85.06566,35.041289],[5649,1121,-85.065676,35.041222],[5674,1119,-85.065715,35.041162],[5699,1120,-85.065761,35.041105],[5724,1117,-85.065808,35.041048],[5749,1117,-85.065854,35.040991],[5774,1117,-85.065901,35.040934],[5799,1114,-85.065947,35.040877],[5823,1114,-85.066,35.040826],[5848,1118,-85.06607,35.040788],[5873,1119,-85.06614,35.04075],[5898,1120,-85.066209,35.040712],[5923,1120,-85.066279,35.040674],[5948,1125,-85.066332,35.040622],[5973,1124,-85.066377,35.040565],[5998,1126,-85.066423,35.040507],[6023,1127,