{"trail":"Points Unknown","distance":9149,"gain":419,"loss":492,"min":1035,"max":1203,"profile":[[0,1168,-85.060894,35.054188],[25,1167,-85.060894,35.054119],[50,1165,-85.060894,35.054051],[75,1163,-85.060894,35.053982],[100,1160,-85.060894,35.053913],[125,1156,-85.060894,35.053845],[150,1153,-85.060894,35.053776],[175,1150,-85.060894,35.053708],[200,1146,-85.060894,35.053639],[225,1143,-85.060894,35.053571],[250,1140,-85.060894,35.053502],[275,1139,-85.060894,35.053434],[300,1137,-85.060894,35.053365],[325,1135,-85.060894,35.053297],[350,1132,-85.060894,35.053228],[375,1129,-85.060894,35.05316],[400,1126,-85.060894,35.053091],[410,1124,-85.060879,35.053065],[435,1123,-85.060835,35.053123],[460,1120,-85.06079,35.053181],[485,1119,-85.060745,35.053239],[510,1114,-85.060701,35.053297],[535,1110,-85.060656,35.053355],[560,1107,-85.060611,35.053413],[585,1104,-85.060566,35.053471],[610,1100,-85.060522,35.053529],[635,1097,-85.060477,35.053587],[660,1094,-85.060432,35.053645],[685,1090,-85.060388,35.053703],[710,1088,-85.060343,35.053761],[735,1087,-85.060298,35.053819],[760,1084,-85.060254,35.053877],[785,1084,-85.060209,35.053935],[810,1082,-85.060164,35.053992],[835,1082,-85.06012,35.054051],[860,1082,-85.060087,35.054114],[885,1081,-85.060055,35.054177],[910,1082,-85.060022,35.05424],[935,1082,-85.059989,35.054303],[960,1079,-85.059956,35.054366],[985,1078,-85.059923,35.054429],[1010,1080,-85.059891,35.054492],[1035,1077,-85.059858,35.054555],[1060,1075,-85.059825,35.054618],[1085,1073,-85.059792,35.054681],[1110,1077,-85.05976,35.054744],[1135,1075,-85.059727,35.054807],[1160,1072,-85.059694,35.05487],[1185,1071,-85.05964,35.054923],[1210,1068,-85.059586,35.054975],[1235,1062,-85.059531,35.055027],[1260,1059,-85.059477,35.055079],[1285,1058,-85.059422,35.055131],[1310,1049,-85.059368,35.055183],[1335,1048,-85.059313,35.055235],[1360,1044,-85.059259,35.055287],[1385,1042,-85.059204,35.055339],[1398,1038,-85.059165,35.055348],[1423,1035,-85.059197,35.055285],[1448,1037,-85.059229,35.055222],[1473,1039,-85.059261,35.055158],[1498,1041,-85.059293,35.055095],[1523,1037,-85.059326,35.055032],[1548,1039,-85.059358,35.054969],[1573,1040,-85.05939,35.054905],[1598,1043,-85.059422,35.054842],[1623,1040,-85.059454,35.054779],[1648,1041,-85.059487,35.054716],[1673,1043,-85.059519,35.054652],[1698,1044,-85.059551,35.054589],[1723,1042,-85.059583,35.054526],[1748,1044,-85.059615,35.054463],[1773,1045,-85.059648,35.054399],[1798,1047,-85.05968,35.054336],[1823,1050,-85.059718,35.054275],[1848,1052,-85.059761,35.054217],[1873,1054,-85.059804,35.054158],[1898,1055,-85.059847,35.054099],[1923,1058,-85.05989,35.05404],[1948,1060,-85.059933,35.053981],[1973,1061,-85.059975,35.053922],[1998,1064,-85.060018,35.053863],[2023,1065,-85.060061,35.053804],[2048,1066,-85.060104,35.053746],[2073,1069,-85.060147,35.053687],[2098,1071,-85.06019,35.053628],[2123,1073,-85.060233,35.053569],[2148,1075,-85.060275,35.05351],[2173,1077,-85.060318,35.053451],[2198,1079,-85.060361,35.053392],[2223,1083,-85.060404,35.053333],[2248,1085,-85.060447,35.053275],[2273,1086,-85.06049,35.053216],[2298,1089,-85.060532,35.053157],[2323,1090,-85.060575,35.053098],[2348,1090,-85.060618,35.053039],[2373,1093,-85.060661,35.05298],[2398,1094,-85.060704,35.052921],[2423,1096,-85.060747,35.052863],[2448,1100,-85.060789,35.052804],[2473,1105,-85.060832,35.052745],[2498,1110,-85.060875,35.052686],[2522,1107,-85.060903,35.052622],[2547,1111,-85.060919,35.052555],[2572,1107,-85.060935,35.052488],[2597,1104,-85.060951,35.052421],[2622,1107,-85.060966,35.052353],[2647,1105,-85.060982,35.052286],[2672,1103,-85.060998,35.052219],[2697,1107,-85.061014,35.052151],[2722,1104,-85.06103,35.052084],[2747,1106,-85.061045,35.052017],[2772,1103,-85.061061,35.051949],[2797,1100,-85.061077,35.051882],[2822,1102,-85.061093,35.051815],[2847,1100,-85.061109,35.051748],[2872,1101,-85.061143,35.051685],[2897,1103,-85.061177,35.051623],[2922,1100,-85.061212,35.05156],[2947,1102,-85.061246,35.051498],[2972,1105,-85.061281,35.051435],[2997,1106,-85.061315,35.051373],[3022,1108,-85.06135,35.05131],[3047,1104,-85.061384,35.051248],[3072,1107,-85.061419,35.051185],[3097,1108,-85.061453,35.051123],[3122,1110,-85.061488,35.051061],[3147,1111,-85.061522,35.050998],[3172,1107,-85.061557,35.050936],[3197,1110,-85.061591,35.050873],[3222,1111,-85.061625,35.050811],[3247,1113,-85.06166,35.050748],[3272,1114,-85.061694,35.050686],[3297,1112,-85.061729,35.050623],[3322,1113,-85.061763,35.050561],[3347,1115,-85.061798,35.050499],[3372,1116,-85.061845,35.050443],[3397,1125,-85.061907,35.050398],[3422,1129,-85.061969,35.050352],[3447,1133,-85.062031,35.050306],[3472,1134,-85.062053,35.05024],[3497,1136,-85.062075,35.050174],[3522,1133,-85.062097,35.050108],[3547,1135,-85.062119,35.050042],[3572,1132,-85.062141,35.049975],[3597,1134,-85.062163,35.049909],[3622,1131,-85.062185,35.049843],[3647,1133,-85.062207,35.049777],[3672,1131,-85.062229,35.049711],[3697,1134,-85.062251,35.049645],[3722,1130,-85.062273,35.049579],[3747,1133,-85.062294,35.049512],[3772,1129,-85.062316,35.049446],[3797,1131,-85.062338,35.04938],[3822,1127,-85.06236,35.049314],[3847,1129,-85.062382,35.049248],[3872,1126,-85.062404,35.049182],[3897,1127,-85.062426,35.049116],[3922,1121,-85.062448,35.049049],[3947,1123,-85.06247,35.048983],[3972,1118,-85.062492,35.048917],[3997,1119,-85.062514,35.048851],[4022,1115,-85.062535,35.048785],[4047,1117,-85.062557,35.048719],[4072,1114,-85.062579,35.048653],[4097,1117,-85.062601,35.048586],[4122,1114,-85.062623,35.04852],[4147,1116,-85.062645,35.048454],[4172,1114,-85.062667,35.048388],[4197,1115,-85.062689,35.048322],[4222,1112,-85.062711,35.048256],[4247,1114,-85.06274,35.048192],[4272,1117,-85.062773,35.048129],[4297,1118,-85.062806,35.048066],[4322,1115,-85.06284,35.048003],[4347,1116,-85.062873,35.04794],[4372,1117,-85.062906,35.047877],[4397,1120,-85.062939,35.047814],[4422,1114,-85.062973,35.047751],[4447,1114,-85.063006,35.047689],[4472,1115,-85.063039,35.047626],[4496,1118,-85.063067,35.047561],[4521,1116,-85.063083,35.047494],[4546,1115,-85.0631,35.047427],[4571,1120,-85.063116,35.04736],[4596,1119,-85.063133,35.047293],[4621,1123,-85.063149,35.047225],[4646,1119,-85.063165,35.047158],[4671,1115,-85.063182,35.047091],[4696,1116,-85.063198,35.047024],[4721,1111,-85.063215,35.046957],[4746,1105,-85.063231,35.046889],[4771,1105,-85.063248,35.046822],[4796,1101,-85.063264,35.046755],[4821,1103,-85.06328,35.046688],[4846,1099,-85.063297,35.046621],[4871,1095,-85.063313,35.046553],[4896,1096,-85.06333,35.046486],[4921,1092,-85.063353,35.046421],[4946,1093,-85.063389,35.046359],[4971,1093,-85.063426,35.046298],[4996,1095,-85.063463,35.046236],[5021,1095,-85.0635,35.046175],[5046,1094,-85.063537,35.046113],[5071,1089,-85.063574,35.046052],[5096,1091,-85.06361,35.04599],[5121,1091,-85.063647,35.045929],[5146,1093,-85.063684,35.045867],[5171,1094,-85.063721,35.045805],[5196,1097,-85.063758,35.045744],[5221,1098,-85.063795,35.045682],[5246,1094,-85.063831,35.045621],[5271,1096,-85.063868,35.045559],[5296,1099,-85.063905,35.045498],[5321,1099,-85.063942,35.045436],[5346,1101,-85.063979,35.045375],[5371,1102,-85.064016,35.045313],[5396,1105,-85.064052,35.045252],[5421,1101,-85.064089,35.04519],[5446,1102,-85.064126,35.045129],[5471,1103,-85.064163,35.045067],[5496,1107,-85.0642,35.045005],[5521,1108,-85.064237,35.044944],[5546,1110,-85.064273,35.044882],[5571,1113,-85.06431,35.044821],[5596,1111,-85.064347,35.044759],[5621,1114,-85.064384,35.044698],[5646,1111,-85.064392,35.044631],[5671,1108,-85.064392,35.044562],[5696,1105,-85.064392,35.044494],[5720,1102,-85.064381,35.044429],[5745,1096,-85.064322,35.044381],[5769,1093,-85.064264,35.044333],[5794,1096,-85.064323,35.044382],[5819,1102,-85.064383,35.04443],[5839,1105,-85.064418,35.044385],[5864,1106,-85.064449,35.044321],[5889,1108,-85.064481,35.044258],[5914,1106,-85.064512,35.044194],[5939,1108,-85.064543,35.04413],[5964,1109,-85.064574,35.044067],[5989,1106,-85.064605,35.044003],[6014,