{"trail":"Pondo","distance":4375,"gain":0,"loss":343,"min":5358,"max":5705,"profile":[[0,5707,-121.54002,43.97976],[10,5707,-121.539982,43.979764],[29,5704,-121.539915,43.979744],[44,5707,-121.539896,43.979706],[62,5703,-121.539836,43.979683],[76,5703,-121.539799,43.979713],[100,5694,-121.539761,43.979771],[113,5694,-121.539715,43.979783],[136,5689,-121.53966,43.979731],[166,5687,-121.539581,43.979672],[183,5689,-121.539588,43.979625],[199,5691,-121.5396,43.979583],[207,5691,-121.539579,43.979568],[218,5691,-121.539536,43.979571],[236,5686,-121.539488,43.979534],[263,5685,-121.539473,43.979462],[322,5687,-121.539519,43.979303],[354,5683,-121.539558,43.97922],[383,5680,-121.539596,43.979145],[399,5677,-121.539593,43.979103],[411,5677,-121.539562,43.979076],[423,5677,-121.539517,43.979082],[471,5668,-121.539344,43.979121],[481,5668,-121.539305,43.979124],[497,5663,-121.539246,43.979129],[538,5658,-121.539097,43.97916],[584,5650,-121.538943,43.979223],[609,5647,-121.538883,43.979277],[727,5642,-121.538691,43.979567],[757,5642,-121.538658,43.979647],[788,5638,-121.538649,43.979731],[820,5641,-121.538675,43.979818],[851,5639,-121.538713,43.979898],[868,5637,-121.538709,43.979944],[879,5637,-121.53867,43.979955],[909,5631,-121.538569,43.979916],[963,5630,-121.538421,43.979812],[1012,5621,-121.538289,43.979717],[1045,5621,-121.538234,43.979637],[1069,5621,-121.538243,43.97957],[1081,5621,-121.538231,43.979538],[1096,5615,-121.538195,43.979508],[1122,5610,-121.538114,43.979549],[1157,5604,-121.53802,43.979617],[1199,5605,-121.53798,43.979728],[1253,5604,-121.53798,43.979876],[1288,5602,-121.538022,43.97997],[1304,5602,-121.53803,43.980011],[1311,5602,-121.538003,43.980017],[1332,5597,-121.537941,43.979979],[1390,5588,-121.537792,43.979864],[1477,5575,-121.53762,43.97966],[1541,5567,-121.537498,43.979506],[1590,5558,-121.537431,43.979381],[1619,5557,-121.537437,43.979302],[1634,5555,-121.537426,43.979263],[1655,5549,-121.537346,43.979253],[1689,5544,-121.537243,43.979308],[1752,5540,-121.537176,43.979474],[1824,5536,-121.537058,43.979653],[1872,5532,-121.536998,43.979777],[1931,5533,-121.536975,43.979938],[1991,5528,-121.53686,43.98008],[2035,5521,-121.536836,43.980198],[2063,5520,-121.536855,43.980276],[2077,5518,-121.536836,43.980309],[2091,5518,-121.536787,43.980295],[2143,5510,-121.536654,43.980188],[2209,5507,-121.53655,43.980023],[2242,5503,-121.536498,43.979939],[2259,5503,-121.536444,43.979919],[2273,5499,-121.536399,43.979944],[2319,5494,-121.536341,43.980061],[2355,5493,-121.536313,43.98016],[2367,5493,-121.536269,43.980158],[2395,5490,-121.536197,43.980103],[2429,5487,-121.53609,43.980048],[2453,5483,-121.536039,43.979995],[2510,5485,-121.536006,43.979839],[2581,5481,-121.535982,43.979647],[2662,5482,-121.535929,43.979426],[2716,5481,-121.535919,43.979279],[2748,5477,-121.535831,43.979218],[2771,5473,-121.535792,43.979163],[2804,5472,-121.535788,43.979073],[2852,5472,-121.535757,43.978942],[2887,5468,-121.535696,43.978858],[2926,5463,-121.535605,43.978773],[2950,5458,-121.535543,43.978722],[2968,5454,-121.535474,43.97872],[3039,5455,-121.535414,43.978907],[3091,5451,-121.535366,43.979047],[3150,5446,-121.535289,43.9792],[3185,5445,-121.535236,43.979286],[3227,5439,-121.535161,43.979389],[3264,5432,-121.535124,43.979487],[3290,5431,-121.535124,43.979558],[3302,5431,-121.535095,43.979584],[3315,5426,-121.535047,43.979589],[3337,5427,-121.535008,43.979534],[3394,5424,-121.534924,43.97939],[3431,5421,-121.534835,43.979312],[3484,5417,-121.534711,43.979197],[3549,5409,-121.534593,43.979043],[3608,5408,-121.534478,43.978904],[3677,5399,-121.534344,43.978739],[3757,5391,-121.534179,43.978557],[3801,5389,-121.534044,43.978484],[3835,5380,-121.533924,43.978449],[3884,5378,-121.533821,43.978337],[3939,5376,-121.533689,43.978218],[3971,5374,-121.533625,43.978146],[4005,5375,-121.533627,43.978053],[4028,5376,-121.533646,43.97799],[4049,5376,-121.533629,43.977935],[4062,5373,-121.533577,43.977933],[4093,5370,-121.533483,43.977981],[4117,5369,-121.533447,43.978043],[4193,5366,-121.533438,43.978252],[4207,5364,-121.533421,43.978286],[4217,5364,-121.533382,43.978289],[4263,5361,-121.53321,43.978263],[4287,5361,-121.53315,43.978212],[4311,5359,-121.533068,43.978189],[4329,5359,-121.533013,43.978221],[4343,5358,-121.53296,43.97822],[4360,5357,-121.532895,43.978222],[4375,5357,-121.532842,43.978239]]}