{"trail":"Pony Boy Spur","distance":831,"gain":94,"loss":0,"min":1776,"max":1870,"profile":[[0,1776,-85.449235,34.828759],[25,1778,-85.44918,34.82881],[50,1783,-85.449125,34.828861],[75,1785,-85.449069,34.828912],[99,1788,-85.448988,34.828919],[124,1788,-85.448905,34.828921],[149,1790,-85.448821,34.828923],[174,1792,-85.448738,34.828925],[199,1795,-85.448654,34.828927],[224,1796,-85.448571,34.828929],[249,1797,-85.448488,34.828931],[274,1799,-85.448404,34.828933],[299,1803,-85.448321,34.828935],[324,1810,-85.448247,34.828965],[349,1815,-85.448174,34.828998],[374,1819,-85.448101,34.829032],[399,1822,-85.448028,34.829065],[424,1823,-85.447955,34.829098],[443,1826,-85.447948,34.829149],[468,1829,-85.447982,34.829212],[493,1830,-85.448017,34.829274],[518,1831,-85.448051,34.829336],[543,1832,-85.448086,34.829399],[568,1835,-85.44812,34.829461],[590,1838,-85.448123,34.829522],[615,1840,-85.448078,34.82958],[640,1844,-85.448033,34.829637],[665,1848,-85.447989,34.829695],[690,1850,-85.447944,34.829753],[715,1855,-85.447899,34.829811],[740,1860,-85.447854,34.829869],[765,1862,-85.447809,34.829926],[790,1865,-85.447765,34.829984],[815,1867,-85.44772,34.830042],[831,1870,-85.44769,34.83008]]}