{"trail":"Positive Vibrations","distance":1735,"gain":0,"loss":138,"min":3681,"max":3823,"profile":[[0,3825,-121.29958,44.256709],[52,3827,-121.299629,44.256848],[95,3827,-121.299672,44.25696],[161,3819,-121.29962,44.257137],[187,3821,-121.299568,44.257197],[233,3818,-121.299568,44.257324],[279,3815,-121.299609,44.257447],[310,3813,-121.299582,44.25753],[346,3809,-121.299617,44.257624],[425,3803,-121.299565,44.257838],[509,3804,-121.299565,44.258069],[542,3797,-121.299658,44.258129],[573,3795,-121.299699,44.258208],[611,3790,-121.299675,44.258312],[651,3788,-121.299629,44.258416],[669,3785,-121.299655,44.258462],[695,3779,-121.299742,44.258496],[727,3775,-121.299849,44.258538],[744,3768,-121.299891,44.258576],[764,3765,-121.299891,44.258629],[789,3764,-121.299835,44.258685],[826,3763,-121.299737,44.258759],[851,3762,-121.299668,44.258806],[867,3759,-121.299642,44.258847],[915,3757,-121.299608,44.258975],[955,3758,-121.299526,44.259067],[983,3755,-121.299479,44.259137],[1004,3752,-121.299496,44.259194],[1021,3748,-121.299554,44.259212],[1078,3739,-121.299768,44.259247],[1106,3732,-121.299822,44.259314],[1154,3723,-121.299929,44.25942],[1171,3720,-121.299991,44.259437],[1201,3718,-121.300101,44.259451],[1216,3716,-121.300156,44.259438],[1245,3714,-121.300264,44.259455],[1267,3712,-121.300351,44.259455],[1284,3708,-121.300398,44.259486],[1317,3704,-121.300491,44.259546],[1328,3704,-121.300533,44.259549],[1349,3701,-121.300614,44.259541],[1377,3699,-121.30071,44.259573],[1401,3695,-121.300743,44.259634],[1417,3693,-121.300748,44.25968],[1441,3691,-121.300743,44.259745],[1483,3686,-121.300805,44.259851],[1504,3684,-121.300797,44.259907],[1525,3682,-121.300761,44.259959],[1534,3682,-121.300743,44.259981],[1559,3681,-121.300752,44.260049],[1577,3680,-121.300745,44.260097],[1609,3681,-121.30069,44.260177],[1636,3683,-121.300625,44.260236],[1668,3682,-121.300607,44.26032],[1691,3681,-121.300594,44.260382],[1716,3681,-121.300558,44.260446],[1735,3681,-121.300494,44.260475]]}