{"trail":"Prince Albert","distance":7110,"gain":142,"loss":88,"min":1799,"max":1897,"profile":[[0,1843,-85.471015,34.819405],[25,1843,-85.470997,34.819472],[50,1842,-85.470978,34.819539],[75,1842,-85.47096,34.819606],[100,1840,-85.470941,34.819673],[125,1839,-85.470923,34.81974],[150,1837,-85.470904,34.819806],[175,1836,-85.470886,34.819873],[200,1835,-85.470868,34.81994],[225,1833,-85.470849,34.820007],[250,1834,-85.470831,34.820074],[275,1832,-85.470812,34.820141],[300,1831,-85.470794,34.820207],[325,1829,-85.470775,34.820274],[350,1830,-85.470756,34.82034],[375,1830,-85.470693,34.820386],[400,1829,-85.47063,34.820431],[425,1828,-85.470568,34.820477],[450,1828,-85.470505,34.820522],[475,1825,-85.470443,34.820567],[500,1824,-85.47038,34.820613],[525,1821,-85.470318,34.820658],[550,1821,-85.470255,34.820704],[575,1821,-85.470195,34.820751],[600,1820,-85.470157,34.820812],[625,1820,-85.470119,34.820872],[650,1821,-85.47008,34.820933],[675,1822,-85.470042,34.820994],[700,1824,-85.470004,34.821055],[725,1824,-85.469965,34.821116],[750,1825,-85.469927,34.821177],[775,1825,-85.469889,34.821238],[799,1825,-85.469824,34.821277],[824,1828,-85.46975,34.821308],[849,1829,-85.469675,34.821338],[874,1828,-85.4696,34.821369],[899,1828,-85.469526,34.821399],[924,1828,-85.469451,34.82143],[947,1828,-85.469375,34.821439],[972,1828,-85.469297,34.821415],[995,1827,-85.46923,34.821383],[1020,1828,-85.469209,34.821317],[1045,1829,-85.469188,34.82125],[1070,1828,-85.469167,34.821184],[1095,1829,-85.469146,34.821118],[1120,1829,-85.469125,34.821051],[1145,1829,-85.469104,34.820985],[1170,1830,-85.469084,34.820918],[1195,1830,-85.469095,34.820851],[1220,1829,-85.469106,34.820783],[1245,1829,-85.469117,34.820715],[1270,1830,-85.469128,34.820647],[1295,1829,-85.469139,34.820579],[1320,1827,-85.46915,34.820511],[1345,1826,-85.469161,34.820443],[1366,1825,-85.469151,34.820385],[1391,1820,-85.469075,34.820356],[1416,1818,-85.468999,34.820328],[1440,1822,-85.468924,34.820309],[1465,1825,-85.468853,34.820345],[1490,1825,-85.468782,34.820381],[1515,1823,-85.468711,34.820417],[1540,1821,-85.46864,34.820453],[1565,1820,-85.468569,34.820489],[1590,1817,-85.468497,34.820525],[1615,1818,-85.468426,34.820561],[1640,1816,-85.468355,34.820597],[1665,1817,-85.468284,34.820633],[1690,1816,-85.468213,34.820669],[1715,1811,-85.468174,34.820728],[1740,1807,-85.46814,34.820791],[1765,1808,-85.468106,34.820853],[1790,1810,-85.468072,34.820916],[1815,1810,-85.468038,34.820978],[1840,1808,-85.468004,34.821041],[1865,1802,-85.46797,34.821103],[1890,1803,-85.467936,34.821166],[1915,1801,-85.467902,34.821228],[1940,1799,-85.467868,34.821291],[1964,1799,-85.467827,34.821349],[1989,1801,-85.467757,34.821386],[2014,1804,-85.467687,34.821423],[2039,1805,-85.467616,34.82146],[2061,1806,-85.467551,34.82143],[2086,1806,-85.467488,34.821386],[2111,1807,-85.467424,34.821341],[2136,1806,-85.467361,34.821297],[2161,1805,-85.467297,34.821252],[2186,1803,-85.467234,34.821208],[2211,1804,-85.46717,34.821163],[2236,1801,-85.467107,34.821119],[2261,1800,-85.467043,34.821075],[2286,1800,-85.467001,34.821017],[2311,1801,-85.466968,34.820954],[2336,1801,-85.466935,34.820891],[2361,1803,-85.466902,34.820828],[2386,1803,-85.466869,34.820765],[2411,1802,-85.466836,34.820702],[2435,1802,-85.466829,34.820635],[2460,1801,-85.466827,34.820566],[2485,1800,-85.466825,34.820498],[2510,1799,-85.466823,34.820429],[2535,1799,-85.466821,34.820361],[2560,1800,-85.466819,34.820292],[2585,1802,-85.466817,34.820224],[2610,1803,-85.466815,34.820155],[2635,1805,-85.466813,34.820087],[2660,1806,-85.466811,34.820018],[2685,1807,-85.46681,34.81995],[2710,1808,-85.466856,34.819892],[2735,1809,-85.466901,34.819835],[2760,1810,-85.466946,34.819777],[2785,1811,-85.466992,34.81972],[2810,1812,-85.467037,34.819662],[2835,1813,-85.467051,34.819596],[2860,1815,-85.467057,34.819528],[2885,1817,-85.467063,34.819459],[2910,1819,-85.46707,34.819391],[2935,1822,-85.467076,34.819323],[2960,1824,-85.467083,34.819254],[2982,1825,-85.467088,34.819194],[6202,1867,-85.477817,34.819758],[6227,1868,-85.477869,34.819704],[6252,1869,-85.477921,34.819651],[6277,1869,-85.477973,34.819597],[6302,1871,-85.478026,34.819544],[6327,1872,-85.478078,34.81949],[6352,1874,-85.47813,34.819437],[6377,1872,-85.478182,34.819383],[6402,1873,-85.478234,34.81933],[6426,1873,-85.47827,34.819268],[6451,1875,-85.4783,34.819204],[6476,1876,-85.47833,34.81914],[6501,1876,-85.478361,34.819077],[6526,1879,-85.478391,34.819013],[6551,1879,-85.478422,34.818949],[6571,1880,-85.478474,34.818917],[6596,1879,-85.478556,34.818928],[6621,1880,-85.478639,34.818939],[6646,1880,-85.478721,34.81895],[6671,1883,-85.478804,34.818961],[6696,1885,-85.478886,34.818972],[6721,1885,-85.478968,34.818983],[6746,1886,-85.479051,34.818993],[6771,1887,-85.479133,34.819004],[6796,1888,-85.479216,34.819015],[6820,1888,-85.479289,34.818989],[6845,1888,-85.47936,34.818953],[6870,1889,-85.47943,34.818917],[6895,1889,-85.479501,34.81888],[6920,1890,-85.479572,34.818844],[6945,1891,-85.479643,34.818808],[6970,1892,-85.479714,34.818771],[6994,1894,-85.479791,34.818752],[7019,1895,-85.479874,34.818748],[7044,1896,-85.479958,34.818745],[7069,1897,-85.480041,34.818742],[7094,1897,-85.480124,34.818738],[7110,1897,-85.480177,34.818736]]}