{"trail":"Prince Albert","distance":5928,"gain":174,"loss":246,"min":1768,"max":1897,"profile":[[0,1897,-85.480177,34.818736],[25,1897,-85.480094,34.818739],[50,1896,-85.480011,34.818743],[75,1895,-85.479927,34.818746],[100,1894,-85.479844,34.81875],[125,1893,-85.479761,34.818753],[150,1892,-85.479688,34.818785],[175,1891,-85.479617,34.818821],[200,1890,-85.479546,34.818857],[225,1889,-85.479476,34.818893],[250,1889,-85.479405,34.81893],[275,1889,-85.479334,34.818966],[300,1888,-85.479263,34.819002],[323,1887,-85.479186,34.819011],[348,1887,-85.479103,34.819],[373,1886,-85.479021,34.81899],[398,1886,-85.478939,34.818979],[423,1884,-85.478856,34.818968],[448,1881,-85.478774,34.818957],[473,1881,-85.478691,34.818946],[498,1880,-85.478609,34.818935],[523,1879,-85.478527,34.818924],[548,1880,-85.478444,34.818913],[572,1879,-85.478411,34.818972],[597,1878,-85.47838,34.819036],[622,1877,-85.47835,34.8191],[647,1875,-85.478319,34.819164],[672,1875,-85.478289,34.819227],[697,1874,-85.478259,34.819291],[722,1873,-85.478215,34.819349],[747,1873,-85.478163,34.819402],[772,1872,-85.478111,34.819456],[797,1872,-85.478059,34.81951],[822,1870,-85.478007,34.819563],[847,1869,-85.477955,34.819617],[872,1868,-85.477902,34.81967],[897,1867,-85.47785,34.819724],[919,1868,-85.477787,34.819756],[944,1870,-85.477704,34.819752],[969,1871,-85.47762,34.819747],[994,1871,-85.477537,34.819743],[1019,1871,-85.477454,34.819739],[1044,1870,-85.47737,34.819735],[1069,1870,-85.477287,34.81973],[1094,1869,-85.477204,34.819726],[1119,1868,-85.47712,34.819722],[1144,1866,-85.477037,34.819717],[1169,1864,-85.476954,34.819713],[1194,1862,-85.47687,34.819709],[1219,1859,-85.476787,34.819704],[1244,1857,-85.476704,34.8197],[1269,1855,-85.476621,34.819696],[1294,1853,-85.476537,34.819691],[1319,1853,-85.476454,34.819687],[1344,1854,-85.476371,34.819683],[1369,1853,-85.476287,34.819678],[1394,1852,-85.476204,34.819674],[1419,1852,-85.476121,34.81967],[1444,1852,-85.476037,34.819665],[1469,1855,-85.475954,34.819661],[1494,1858,-85.475871,34.819657],[1519,1861,-85.475787,34.819653],[1544,1865,-85.475704,34.819648],[1569,1867,-85.475621,34.819644],[1594,1870,-85.475538,34.81964],[1619,1871,-85.475454,34.819635],[1644,1873,-85.475371,34.819631],[1669,1873,-85.475288,34.819627],[1694,1873,-85.475204,34.819622],[1719,1873,-85.475121,34.819618],[1744,1873,-85.475038,34.819614],[1769,1872,-85.474954,34.819609],[1794,1871,-85.474871,34.819605],[1819,1870,-85.474788,34.819601],[1844,1868,-85.474704,34.819596],[1869,1868,-85.474621,34.819592],[1894,1866,-85.474538,34.819588],[1919,1865,-85.474455,34.819583],[1944,1863,-85.474371,34.819579],[1969,1861,-85.474288,34.819575],[1994,1859,-85.474205,34.819571],[2019,1856,-85.474121,34.819566],[2044,1854,-85.474038,34.819562],[2069,1852,-85.473955,34.819558],[2094,1850,-85.473871,34.819553],[2119,1849,-85.473788,34.819549],[2144,1848,-85.473705,34.819545],[2169,1847,-85.473621,34.81954],[2194,1846,-85.473538,34.819536],[2219,1845,-85.473455,34.819532],[2244,1843,-85.473371,34.819527],[2269,1838,-85.473288,34.819523],[2294,1835,-85.473205,34.819519],[2319,1829,-85.473122,34.819514],[2344,1823,-85.473038,34.81951],[2369,1820,-85.472955,34.819506],[2394,1819,-85.472872,34.819501],[2419,1819,-85.472788,34.819497],[2444,1819,-85.472705,34.819493],[2469,1819,-85.472622,34.819489],[2494,1818,-85.472538,34.819484],[2519,1819,-85.472455,34.81948],[2544,1814,-85.472372,34.819476],[2569,1810,-85.472288,34.819471],[2594,1805,-85.472205,34.819467],[2619,1798,-85.472122,34.819463],[2644,1789,-85.472039,34.819458],[2669,1780,-85.471955,34.819454],[2694,1773,-85.471872,34.81945],[2719,1770,-85.471789,34.819445],[2744,1768,-85.471705,34.819441],[2769,1777,-85.471622,34.819437],[2794,1791,-85.471539,34.819432],[2819,1804,-85.471455,34.819428],[2844,1816,-85.471372,34.819424],[2869,1825,-85.471289,34.81942],[2894,1832,-85.471205,34.819415],[2919,1838,-85.471122,34.819411],[2944,1842,-85.471039,34.819407],[2964,1843,-85.471002,34.819453],[2989,1842,-85.470983,34.81952],[3014,1842,-85.470965,34.819587],[3039,1840,-85.470947,34.819654],[3064,1840,-85.470928,34.81972],[3089,1839,-85.47091,34.819787],[3114,1836,-85.470891,34.819854],[3139,1836,-85.470873,34.819921],[3164,1834,-85.470854,34.819988],[3189,1834,-85.470836,34.820055],[3214,1832,-85.470817,34.820121],[3239,1831,-85.470799,34.820188],[3264,1829,-85.470781,34.820255],[3289,1827,-85.470762,34.820322],[3313,1830,-85.470711,34.820373],[3338,1830,-85.470648,34.820418],[3363,1829,-85.470586,34.820464],[3388,1828,-85.470523,34.820509],[3413,1826,-85.470461,34.820554],[3438,1824,-85.470398,34.8206],[3463,1822,-85.470336,34.820645],[3488,1821,-85.470273,34.820691],[3513,1820,-85.470211,34.820736],[3538,1820,-85.470168,34.820794],[3563,1820,-85.47013,34.820855],[3588,1822,-85.470091,34.820916],[3613,1823,-85.470053,34.820977],[3638,1824,-85.470015,34.821038],[3663,1824,-85.469976,34.821098],[3688,1826,-85.469938,34.821159],[3713,1824,-85.4699,34.82122],[3737,1827,-85.469846,34.821268],[3762,1827,-85.469771,34.821299],[3787,1828,-85.469696,34.821329],[3812,1828,-85.469622,34.82136],[3837,1828,-85.469547,34.821391],[3862,1828,-85.469472,34.821421],[3886,1829,-85.469397,34.821446],[3911,1828,-85.469319,34.821422],[3936,1827,-85.469241,34.821398],[3960,1829,-85.469215,34.821336],[3985,1829,-85.469194,34.821269],[4010,1830,-85.469173,34.821203],[4035,1829,-85.469152,34.821137],[4060,1830,-85.469131,34.82107],[4085,1829,-85.46911,34.821004],[4110,1830,-85.469089,34.820938],[4135,1830,-85.469092,34.82087],[4160,1829,-85.469103,34.820802],[4185,1829,-85.469114,34.820734],[4210,1828,-85.469125,34.820666],[4235,1829,-85.469136,34.820598],[4260,1827,-85.469147,34.82053],[4285,1826,-85.469158,34.820462],[4310,1825,-85.469169,34.820395],[4334,1822,-85.469097,34.820365],[4359,1818,-85.469021,34.820336],[4384,1822,-85.468945,34.820308],[4408,1823,-85.468873,34.820334],[4433,1824,-85.468802,34.82037],[4458,1823,-85.468731,34.820407],[4483,1820,-85.46866,34.820443],[4508,1818,-85.468589,34.820479],[4533,1817,-85.468518,34.820515],[4558,1815,-85.468447,34.820551],[4583,1816,-85.468376,34.820587],[4608,1817,-85.468305,34.820623],[4633,1814,-85.468234,34.820659],[4657,1809,-85.468184,34.82071],[4682,1809,-85.46815,34.820773],[4707,1809,-85.468116,34.820835],[4732,1810,-85.468082,34.820898],[4757,1810,-85.468048,34.82096],[4782,1807,-85.468014,34.821023],[4807,1805,-85.46798,34.821085],[4832,1803,-85.467946,34.821148],[4857,1801,-85.467911,34.82121],[4882,1799,-85.467877,34.821273],[4907,1797,-85.467843,34.821336],[4931,1802,-85.467777,34.821375],[4956,1806,-85.467707,34.821412],[4981,1804,-85.467636,34.821449],[5001,1806,-85.46757,34.821443],[5026,1807,-85.467506,34.821398],[5051,1806,-85.467443,34.821354],[5076,1806,-85.467379,34.82131],[5101,1805,-85.467315,34.821265],[5126,1805,-85.467252,34.821221],[5151,1803,-85.467188,34.821176],[5176,1802,-85.467125,34.821132],[5201,1800,-85.467061,34.821087],[5226,1799,-85.46701,34.821035],[5251,1800,-85.466977,34.820972],[5276,1802,-85.466945,34.820909],[5301,1803,-85.466912,34.820846],[5326,1802,-85.466879,34.820783],[5351,1802,-85.466846,34.82072],[5375,1802,-85.46683,34.820654],[5400,1801,-85.466828,34.820586],[5425,1800,-85.466826,34.820517],[5450,1799,-85.466824,34.820449],[5475,1799,-85.466822,34.82038],[5500,1800,-85.46682,34.820312],[5525,1802,-85.466818,34.820243],[5550,1803,-85.466816,34.820175],[5575,1805,-85.466814,34.820106],[5600,1806,-85.466812,34.820038],[5625,1807,-85.46681,34.819969],[5649,1807,-85.466843,34.819909],[5674,1808,-85.466888,34.819851],[5699,1809,-85.466933,34.819794],[5724,1810,-85.466979,34.819736],[5749,1812,-85.467024,34.819679],[5774,1813,-85.467049,34.819615],[5799,1814,-85.467055,34.819547],[5824,1816,-85.467062,34.819479],[5849,1818,-85.467068,34.81941],[5874,1820,-85.467074,34.819342],[5899,1823,-85.467081,34.819274],[5924,1825,-85.467087,34.819206],[5928,1825,-85.467088,34.819194]]}