{"trail":"Pumice Foot","distance":10868,"gain":21,"loss":41,"min":3142,"max":3187,"profile":[[0,3193,-121.300901,44.23341],[50,3193,-121.300718,44.233449],[131,3191,-121.300418,44.23351],[229,3186,-121.300085,44.233633],[327,3181,-121.29986,44.233848],[432,3177,-121.299656,44.234094],[547,3175,-121.299517,44.234394],[628,3175,-121.299411,44.234602],[757,3182,-121.299148,44.234902],[782,3182,-121.299123,44.234969],[872,3174,-121.299123,44.235215],[890,3171,-121.299096,44.23526],[914,3167,-121.299024,44.235303],[941,3170,-121.298929,44.235327],[1000,3173,-121.298703,44.235339],[1041,3169,-121.298549,44.235364],[1112,3166,-121.298311,44.235455],[1236,3164,-121.297838,44.235476],[1291,3162,-121.297628,44.23546],[1330,3162,-121.297485,44.235431],[1411,3162,-121.297201,44.23534],[1462,3162,-121.297057,44.235245],[1495,3162,-121.296997,44.235167],[1550,3163,-121.296926,44.235025],[1633,3164,-121.296858,44.234801],[1658,3164,-121.296808,44.234744],[1686,3164,-121.296718,44.234702],[1764,3163,-121.296429,44.234646],[1816,3163,-121.296252,44.234581],[1902,3162,-121.295974,44.234455],[1988,3162,-121.295695,44.23433],[2020,3162,-121.295577,44.234304],[2068,3162,-121.295395,44.234306],[2135,3161,-121.295142,44.23433],[2202,3162,-121.294888,44.234355],[2268,3162,-121.294635,44.234379],[2333,3162,-121.29441,44.234455],[2415,3162,-121.29411,44.234517],[2502,3161,-121.293777,44.234517],[2589,3161,-121.293476,44.234417],[2691,3161,-121.293101,44.23434],[2799,3163,-121.292704,44.234256],[2855,3165,-121.292489,44.23424],[2920,3166,-121.292253,44.234294],[2984,3168,-121.29206,44.234402],[3036,3168,-121.291899,44.234486],[3122,3170,-121.29161,44.234594],[3192,3173,-121.291341,44.234579],[3290,3174,-121.291009,44.234456],[3369,3173,-121.290751,44.23434],[3446,3171,-121.290462,44.23431],[3547,3166,-121.290075,44.234287],[3654,3164,-121.289668,44.234294],[3780,3163,-121.289185,44.234271],[3861,3163,-121.288879,44.234229],[3943,3163,-121.288573,44.234187],[4043,3161,-121.288209,44.234102],[4096,3161,-121.288026,44.23404],[4197,3161,-121.287747,44.233848],[4267,3161,-121.287576,44.233702],[4336,3161,-121.287404,44.233556],[4446,3162,-121.287071,44.233372],[4529,3163,-121.286814,44.233241],[4655,3164,-121.286406,44.233057],[4755,3163,-121.286063,44.232934],[4825,3162,-121.285805,44.232884],[4894,3162,-121.285548,44.232834],[5007,3163,-121.285119,44.232849],[5085,3164,-121.284833,44.232916],[5164,3164,-121.284546,44.232982],[5243,3165,-121.28426,44.233049],[5361,3164,-121.283853,44.233187],[5443,3163,-121.283595,44.233318],[5515,3162,-121.283375,44.233437],[5587,3162,-121.283155,44.233556],[5669,3161,-121.282994,44.233748],[5718,3160,-121.282898,44.233864],[5782,3155,-121.283059,44.233994],[5866,3148,-121.283241,44.234187],[5906,3146,-121.28322,44.234294],[5975,3146,-121.282962,44.23434],[6057,3146,-121.282673,44.234425],[6139,3143,-121.282383,44.234509],[6221,3146,-121.282093,44.234594],[6282,3147,-121.281879,44.234663],[6336,3147,-121.281739,44.234771],[6421,3146,-121.281503,44.234932],[6487,3144,-121.281353,44.235078],[6569,3145,-121.28116,44.235255],[6622,3147,-121.281052,44.235378],[6713,3148,-121.280999,44.235624],[6779,3148,-121.281138,44.235774],[6844,3146,-121.281278,44.235924],[6963,3145,-121.281546,44.236185],[7077,3144,-121.281771,44.236454],[7204,3144,-121.282136,44.236685],[7276,3143,-121.282329,44.236823],[7338,3143,-121.282469,44.236962],[7441,3143,-121.282662,44.237208],[7544,3143,-121.28278,44.237477],[7615,3143,-121.282823,44.237669],[7713,3142,-121.282801,44.237938],[7786,3142,-121.282726,44.23813],[7862,3142,-121.282544,44.238291],[7967,3142,-121.282286,44.238514],[8029,3143,-121.282104,44.238622],[8098,3143,-121.282007,44.238799],[8176,3144,-121.281932,44.239006],[8277,3143,-121.281814,44.239268],[8332,3142,-121.281707,44.239398],[8420,3142,-121.281374,44.239429],[8511,3143,-121.281031,44.239483],[8574,3144,-121.280806,44.239544],[8660,3145,-121.280505,44.239637],[8704,3144,-121.280398,44.239729],[8789,3141,-121.280226,44.239929],[8855,3142,-121.280023,44.240036],[8923,3143,-121.279792,44.240121],[8991,3142,-121.279561,44.240205],[9057,3142,-121.279336,44.240286],[9123,3143,-121.279111,44.240367],[9230,3145,-121.278746,44.240505],[9301,3143,-121.278531,44.24062],[9404,3140,-121.278317,44.240859],[9503,3139,-121.278156,44.241105],[9582,3139,-121.277995,44.241289],[9624,3140,-121.277918,44.241389],[9646,3142,-121.277877,44.241443],[9740,3146,-121.277533,44.24152],[9853,3150,-121.277104,44.241512],[9944,3153,-121.276772,44.241435],[9998,3155,-121.2766,44.241351],[10054,3156,-121.276512,44.241211],[10121,3159,-121.276358,44.241067],[10194,3161,-121.276128,44.240951],[10283,3164,-121.275875,44.240788],[10349,3166,-121.275705,44.240655],[10414,3168,-121.275535,44.240523],[10532,3171,-121.275233,44.240285],[10626,3176,-121.275066,44.240056],[10741,3180,-121.274787,44.239813],[10868,3184,-121.27454,44.239513]]}