{"trail":"Rattlesnake","distance":5991,"gain":0,"loss":700,"min":6657,"max":7364,"profile":[[0,7377,-121.678638,43.991097],[23,7372,-121.67865,43.991158],[74,7367,-121.678769,43.99127],[98,7359,-121.67881,43.991327],[114,7355,-121.678863,43.991349],[152,7353,-121.67895,43.991434],[215,7360,-121.679164,43.991513],[239,7353,-121.679222,43.991563],[249,7345,-121.679215,43.99159],[259,7345,-121.679192,43.991613],[281,7342,-121.679117,43.99164],[302,7338,-121.679041,43.991627],[330,7335,-121.678933,43.991618],[364,7327,-121.678808,43.991638],[386,7317,-121.678729,43.991656],[412,7312,-121.678629,43.991652],[441,7307,-121.678519,43.991643],[469,7307,-121.678447,43.991587],[497,7309,-121.678377,43.991529],[530,7312,-121.678259,43.991494],[600,7319,-121.678036,43.991389],[620,7319,-121.677963,43.991381],[649,7304,-121.677856,43.991401],[670,7299,-121.677785,43.991427],[712,7295,-121.677628,43.991401],[748,7284,-121.677492,43.991402],[767,7283,-121.67743,43.991372],[780,7283,-121.677385,43.991383],[799,7272,-121.677353,43.99143],[826,7268,-121.677355,43.991505],[849,7269,-121.677403,43.991557],[887,7273,-121.677541,43.991586],[934,7271,-121.677695,43.991654],[956,7263,-121.677688,43.991713],[979,7263,-121.677627,43.99176],[1017,7258,-121.677482,43.991754],[1043,7249,-121.677413,43.991805],[1068,7243,-121.67744,43.991871],[1087,7240,-121.677502,43.991895],[1103,7242,-121.677565,43.991902],[1122,7243,-121.677619,43.991936],[1146,7235,-121.677594,43.991999],[1167,7227,-121.677521,43.992024],[1187,7224,-121.677445,43.99202],[1216,7226,-121.677342,43.991995],[1236,7222,-121.677273,43.991969],[1259,7228,-121.677207,43.991929],[1282,7223,-121.677131,43.991898],[1305,7218,-121.677058,43.991932],[1329,7212,-121.677032,43.991996],[1364,7202,-121.677084,43.992082],[1444,7196,-121.677228,43.992276],[1468,7194,-121.677288,43.992327],[1519,7182,-121.677348,43.99246],[1566,7171,-121.677435,43.992573],[1603,7171,-121.677532,43.992647],[1629,7174,-121.677626,43.992668],[1668,7160,-121.677584,43.992769],[1694,7157,-121.677501,43.992809],[1727,7148,-121.677375,43.992816],[1773,7150,-121.677202,43.992788],[1792,7141,-121.677148,43.99282],[1814,7140,-121.677099,43.992869],[1845,7127,-121.677064,43.992952],[1882,7121,-121.677002,43.993042],[1923,7121,-121.676847,43.99305],[1942,7120,-121.676775,43.993054],[1968,7117,-121.676674,43.993052],[1988,7114,-121.676616,43.993018],[2045,7119,-121.676522,43.992876],[2065,7118,-121.676455,43.992851],[2090,7113,-121.676365,43.99287],[2158,7092,-121.676192,43.993012],[2177,7088,-121.676156,43.993057],[2233,7078,-121.676199,43.993207],[2250,7078,-121.676235,43.993245],[2271,7077,-121.676263,43.993299],[2293,7072,-121.676267,43.99336],[2319,7067,-121.67631,43.993424],[2374,7054,-121.676354,43.99357],[2391,7054,-121.676412,43.993592],[2412,7055,-121.67649,43.993607],[2442,7053,-121.676601,43.99362],[2460,7053,-121.676668,43.993635],[2483,7056,-121.676745,43.993667],[2521,7058,-121.676847,43.993741],[2560,7049,-121.676887,43.993843],[2580,7044,-121.6769,43.993897],[2598,7038,-121.676943,43.993934],[2619,7031,-121.676937,43.993994],[2645,7030,-121.676851,43.994024],[2661,7029,-121.67679,43.994031],[2700,7030,-121.676653,43.993986],[2716,7030,-121.676609,43.993955],[2751,7028,-121.67649,43.993913],[2779,7025,-121.676388,43.993892],[2803,7021,-121.676298,43.9939],[2855,7018,-121.676109,43.993861],[2886,7013,-121.676006,43.99382],[2913,7014,-121.675916,43.993781],[2936,7009,-121.675838,43.993755],[2958,7005,-121.675756,43.993748],[2976,7001,-121.67572,43.99379],[3000,6995,-121.675692,43.993853],[3057,6988,-121.675803,43.993987],[3089,6980,-121.675871,43.994063],[3123,6981,-121.675965,43.994126],[3174,6988,-121.67612,43.994211],[3203,6990,-121.676183,43.994274],[3231,6985,-121.676226,43.994345],[3256,6980,-121.676239,43.994412],[3274,6976,-121.676262,43.994459],[3295,6970,-121.67627,43.994516],[3339,6955,-121.67633,43.99463],[3358,6953,-121.676401,43.994633],[3405,6939,-121.676574,43.994673],[3432,6937,-121.676675,43.994681],[3450,6937,-121.676729,43.994708],[3473,6927,-121.67671,43.994771],[3506,6918,-121.676617,43.994834],[3544,6911,-121.676482,43.994865],[3574,6915,-121.676367,43.994855],[3604,6919,-121.676255,43.994866],[3658,6915,-121.676084,43.994949],[3725,6904,-121.675831,43.994978],[3753,6895,-121.675725,43.994977],[3780,6902,-121.675645,43.99493],[3815,6892,-121.67552,43.994894],[3866,6882,-121.675353,43.994824],[3889,6876,-121.675266,43.994818],[3943,6870,-121.675285,43.994965],[3980,6863,-121.675299,43.995067],[4020,6861,-121.67535,43.995168],[4083,6861,-121.675505,43.995303],[4137,6854,-121.675626,43.99542],[4156,6855,-121.675654,43.995469],[4181,6849,-121.675731,43.995509],[4202,6843,-121.675782,43.995553],[4223,6834,-121.675739,43.995601],[4235,6836,-121.675693,43.995609],[4266,6836,-121.675574,43.995611],[4305,6841,-121.67544,43.995567],[4333,6838,-121.675339,43.995543],[4346,6835,-121.675289,43.995539],[4358,6835,-121.67525,43.995554],[4375,6830,-121.675203,43.995586],[4405,6822,-121.675206,43.995668],[4416,6825,-121.675216,43.995698],[4425,6820,-121.67523,43.995721],[4433,6820,-121.675226,43.995744],[4439,6819,-121.675212,43.995754],[4450,6819,-121.675183,43.995776],[4476,6816,-121.675087,43.995761],[4489,6812,-121.675042,43.995778],[4502,6809,-121.675008,43.995806],[4521,6806,-121.674997,43.995855],[4537,6806,-121.675003,43.9959],[4564,6806,-121.675087,43.995944],[4574,6801,-121.675106,43.995968],[4586,6801,-121.675098,43.996],[4602,6795,-121.675057,43.99603],[4624,6791,-121.67497,43.996032],[4636,6787,-121.674956,43.996063],[4649,6785,-121.674978,43.996095],[4665,6785,-121.675033,43.99611],[4683,6788,-121.675078,43.996149],[4690,6781,-121.675081,43.996168],[4698,6781,-121.67507,43.996186],[4729,6776,-121.674951,43.996198],[4764,6767,-121.674826,43.996229],[4789,6761,-121.674865,43.996291],[4805,6766,-121.674927,43.996298],[4841,6771,-121.675065,43.996293],[4872,6776,-121.67517,43.996258],[4936,6775,-121.675403,43.996203],[4966,6769,-121.675503,43.996164],[4990,6764,-121.675593,43.996167],[5031,6759,-121.675741,43.996201],[5063,6755,-121.67583,43.996264],[5094,6747,-121.675892,43.996334],[5128,6746,-121.675974,43.996408],[5153,6752,-121.676047,43.996453],[5181,6756,-121.676113,43.996512],[5206,6753,-121.67615,43.996577],[5237,6752,-121.676196,43.996654],[5274,6747,-121.676204,43.996755],[5300,6746,-121.676245,43.99682],[5325,6741,-121.676307,43.99687],[5359,6739,-121.676416,43.996921],[5379,6742,-121.676487,43.996946],[5396,6736,-121.676492,43.996991],[5416,6729,-121.676435,43.997027],[5452,6724,-121.676298,43.997024],[5518,6718,-121.676057,43.996973],[5550,6713,-121.675934,43.996968],[5562,6707,-121.675892,43.996983],[5592,6703,-121.675878,43.997064],[5618,6699,-121.675893,43.997135],[5653,6695,-121.675928,43.997227],[5674,6698,-121.676003,43.997247],[5691,6694,-121.676055,43.997277],[5724,6697,-121.67618,43.997287],[5747,6691,-121.67624,43.99733],[5791,6679,-121.676187,43.997447],[5815,6679,-121.67611,43.997484],[5839,6679,-121.676024,43.997495],[5862,6671,-121.675943,43.997522],[5887,6674,-121.675851,43.997506],[5929,6666,-121.675692,43.997492],[5946,6662,-121.675633,43.997473],[5964,6659,-121.675585,43.99751],[5970,6659,-121.675569,43.997522],[5977,6659,-121.67556,43.99754],[5987,6655,-121.675551,43.997566],[5991,6652,-121.675539,43.997574]]}