{"trail":"Rattler","distance":17403,"gain":157,"loss":221,"min":3081,"max":3318,"profile":[[0,3162,-121.31496,44.276491],[35,3167,-121.31497,44.276396],[64,3167,-121.314995,44.276317],[114,3171,-121.315019,44.276181],[188,3178,-121.315061,44.275982],[209,3176,-121.315112,44.275935],[267,3180,-121.315193,44.275789],[318,3179,-121.315357,44.275714],[373,3184,-121.315488,44.275594],[420,3186,-121.315599,44.275494],[461,3187,-121.315725,44.275426],[491,3188,-121.31582,44.275377],[529,3188,-121.315886,44.275287],[575,3190,-121.315953,44.275169],[618,3189,-121.316054,44.275075],[674,3192,-121.316129,44.274932],[703,3191,-121.316215,44.27488],[732,3192,-121.316237,44.274804],[769,3195,-121.316137,44.274732],[790,3198,-121.316056,44.274734],[846,3199,-121.31592,44.274852],[911,3201,-121.315736,44.274971],[960,3199,-121.315655,44.275095],[1038,3203,-121.315382,44.275181],[1073,3204,-121.315248,44.275179],[1135,3206,-121.315039,44.275257],[1163,3205,-121.314942,44.275289],[1197,3204,-121.314869,44.275366],[1271,3207,-121.314596,44.275424],[1302,3208,-121.314479,44.27543],[1339,3209,-121.314348,44.27547],[1369,3213,-121.314245,44.275438],[1390,3215,-121.314164,44.275436],[1419,3216,-121.314053,44.275422],[1452,3220,-121.313978,44.275351],[1471,3222,-121.314003,44.275301],[1496,3221,-121.314081,44.275261],[1567,3216,-121.314348,44.275281],[1592,3212,-121.314429,44.275321],[1665,3209,-121.314702,44.275281],[1715,3209,-121.314858,44.275201],[1754,3208,-121.314998,44.275167],[1804,3207,-121.31517,44.275107],[1866,3206,-121.315404,44.275069],[1930,3203,-121.315594,44.27496],[1957,3204,-121.315663,44.274904],[2004,3205,-121.315689,44.274778],[2034,3207,-121.315675,44.274696],[2102,3209,-121.315705,44.274511],[2187,3210,-121.315686,44.274277],[2274,3213,-121.315725,44.274042],[2312,3213,-121.315792,44.273948],[2377,3215,-121.315775,44.27377],[2406,3215,-121.315803,44.273694],[2463,3212,-121.315928,44.273565],[2515,3212,-121.315992,44.273431],[2576,3212,-121.316009,44.273264],[2618,3215,-121.315925,44.273164],[2665,3215,-121.315847,44.27305],[2722,3222,-121.315703,44.272932],[2782,3222,-121.315672,44.272769],[2850,3224,-121.315627,44.272585],[2876,3223,-121.315599,44.272517],[2893,3222,-121.315624,44.272473],[2957,3219,-121.315808,44.272358],[2986,3219,-121.315889,44.272306],[3022,3218,-121.316023,44.27228],[3049,3220,-121.316098,44.272228],[3097,3224,-121.316148,44.2721],[3140,3229,-121.316162,44.271985],[3167,3230,-121.316224,44.271925],[3195,3232,-121.316235,44.271849],[3220,3234,-121.316246,44.271781],[3252,3236,-121.316268,44.271693],[3298,3241,-121.316159,44.271594],[3344,3245,-121.316143,44.27147],[3378,3248,-121.316176,44.271378],[3423,3249,-121.316237,44.271262],[3458,3248,-121.316285,44.271173],[3508,3249,-121.316382,44.271057],[3537,3248,-121.316446,44.270991],[3585,3250,-121.316491,44.270863],[3608,3251,-121.316483,44.270801],[3625,3252,-121.316444,44.270764],[3642,3253,-121.316382,44.270784],[3674,3255,-121.316343,44.270865],[3713,3256,-121.316237,44.270939],[3777,3258,-121.316017,44.271019],[3808,3264,-121.3159,44.271015],[3831,3266,-121.31582,44.270985],[3855,3266,-121.31582,44.270921],[3881,3266,-121.315856,44.270855],[3911,3266,-121.315895,44.270778],[3939,3268,-121.315881,44.270702],[3962,3269,-121.31585,44.270642],[3981,3269,-121.315878,44.270594],[4052,3270,-121.316012,44.270422],[4070,3271,-121.316003,44.270375],[4196,3276,-121.315911,44.270035],[4227,3276,-121.315878,44.269953],[4265,3273,-121.315934,44.269858],[4293,3274,-121.315945,44.269782],[4323,3274,-121.316003,44.269712],[4353,3271,-121.31602,44.26963],[4396,3276,-121.316009,44.269512],[4432,3279,-121.316001,44.269415],[4451,3279,-121.315939,44.269385],[4468,3281,-121.3159,44.269421],[4491,3280,-121.315884,44.269485],[4524,3275,-121.315939,44.269564],[4554,3275,-121.315942,44.269648],[4579,3277,-121.31587,44.26969],[4619,3283,-121.315725,44.26973],[4643,3285,-121.315658,44.269776],[4662,3285,-121.315585,44.269772],[4681,3287,-121.315544,44.26973],[4738,3286,-121.315624,44.269584],[4770,3287,-121.315627,44.269497],[4811,3286,-121.315753,44.269431],[4847,3283,-121.315842,44.269357],[4896,3285,-121.315909,44.269231],[4952,3285,-121.315978,44.269086],[4994,3284,-121.316062,44.268988],[5038,3282,-121.316107,44.26887],[5086,3285,-121.316104,44.268738],[5149,3287,-121.316107,44.268567],[5184,3289,-121.316073,44.268473],[5225,3290,-121.316098,44.268363],[5282,3288,-121.316101,44.268206],[5340,3287,-121.316112,44.268048],[5380,3287,-121.316059,44.267944],[5461,3287,-121.315939,44.267741],[5544,3290,-121.315792,44.267539],[5590,3294,-121.315658,44.267455],[5653,3292,-121.315597,44.26729],[5706,3292,-121.315544,44.267148],[5746,3291,-121.315558,44.267038],[5778,3289,-121.315521,44.266956],[5804,3292,-121.315432,44.266922],[5847,3293,-121.315385,44.266809],[5885,3292,-121.315343,44.266709],[5923,3292,-121.315354,44.266607],[5964,3291,-121.31534,44.266494],[6012,3295,-121.315276,44.266372],[6066,3299,-121.315089,44.266308],[6125,3302,-121.314922,44.266198],[6210,3304,-121.314685,44.266037],[6254,3304,-121.314577,44.265947],[6301,3307,-121.314415,44.265887],[6359,3310,-121.31422,44.265815],[6419,3313,-121.314019,44.265733],[6444,3314,-121.313925,44.265735],[6474,3315,-121.313812,44.265757],[6496,3316,-121.313732,44.265743],[6519,3316,-121.313654,44.265711],[6529,3316,-121.313618,44.265715],[6557,3318,-121.313515,44.265739],[6583,3319,-121.31342,44.265759],[6593,3319,-121.313429,44.265785],[6614,3319,-121.313509,44.265795],[6638,3319,-121.313585,44.265831],[6672,3319,-121.31371,44.265863],[6711,3318,-121.31385,44.265897],[6775,3316,-121.314053,44.265997],[6829,3313,-121.314251,44.266033],[6884,3311,-121.314426,44.266116],[6908,3311,-121.314493,44.266164],[6942,3310,-121.314563,44.266242],[7008,3307,-121.314791,44.266316],[7058,3304,-121.314947,44.266396],[7089,3302,-121.315014,44.266466],[7133,3303,-121.31505,44.266585],[7174,3304,-121.315014,44.266695],[7225,3304,-121.314986,44.266833],[7275,3310,-121.314869,44.26694],[7291,3310,-121.314847,44.266982],[7328,3310,-121.314844,44.267082],[7412,3307,-121.315014,44.267278],[7492,3306,-121.31519,44.267457],[7575,3307,-121.315229,44.267683],[7619,3304,-121.315363,44.267759],[7664,3304,-121.315485,44.267844],[7753,3301,-121.315605,44.268074],[7801,3301,-121.315611,44.268206],[7836,3301,-121.315641,44.268299],[7869,3298,-121.315708,44.268373],[7886,3298,-121.315738,44.268416],[7920,3295,-121.31578,44.268504],[7984,3294,-121.315818,44.268676],[8026,3293,-121.315827,44.268793],[8081,3289,-121.315854,44.268943],[8104,3290,-121.315834,44.269002],[8185,3292,-121.315651,44.269182],[8253,3289,-121.315591,44.269363],[8320,3292,-121.315462,44.269521],[8374,3293,-121.315334,44.269639],[8420,3294,-121.315257,44.269751],[8464,3295,-121.31516,44.269852],[8494,3297,-121.315131,44.269931],[8509,3297,-121.315145,44.26997],[8525,3294,-121.315191,44.269999],[8559,3292,-121.315316,44.269969],[8603,3291,-121.315371,44.269857],[8619,3289,-121.315433,44.269847],[8634,3289,-121.315473,44.269876],[8657,3288,-121.315455,44.269939],[8714,3289,-121.315407,44.270092],[8774,3285,-121.315422,44.270256],[8804,3286,-121.315398,44.270335],[8842,3285,-121.315347,44.270432],[8882,3284,-121.315325,44.270541],[8925,3280,-121.315369,44.270655],[8956,3279,-121.315343,44.270738],[9025,3277,-121.315219,44.270904],[9048,3275,-121.315244,44.270965],[9065,3275,-121.315294,44.270995],[9100,3272,-121.315429,44.270994],[9127,3270,-121.315532,44.270989],[9146,3269,-121.315605,44.270998],[9164,3268,-121.315644,44.271038],[9180,3268,-121.315618,44.271076],[9195,3267,-121.315642,44.271113],[9205,3265,-121.315675,44.271126],[9245,3263,-121.315823,44.271094],[9262,3261,-121.315887,44.271102],[9303,3256,-121.315959,44.271203],[9377,3251,-121.315957,44.271406],[9434,3249,-121.31586,44.271547],[9475,3248,-121.315785,44.271645],[9515,3247,-121.315684,44.271728],[9538,3247,-121.315635,44.27178],[9620,3238,-121.315583,44.272002],[9667,3230,-121.315572,44.272129],[9742,3226,-121.315442,44.272313],[9815,3235,-121.315321,