{"trail":"Return Policy","distance":2734,"gain":96,"loss":97,"min":3828,"max":4031,"profile":[[0,3930,-121.299649,44.254405],[19,3927,-121.299617,44.254357],[34,3927,-121.299578,44.25433],[49,3927,-121.299539,44.254298],[56,3923,-121.299521,44.254284],[63,3923,-121.299521,44.254266],[69,3923,-121.299532,44.25425],[84,3930,-121.29958,44.25427],[94,3930,-121.299608,44.254292],[105,3933,-121.299646,44.254305],[123,3933,-121.299697,44.254335],[139,3939,-121.299756,44.254347],[158,3941,-121.29982,44.254376],[186,3946,-121.299917,44.254403],[219,3945,-121.30002,44.254455],[232,3948,-121.300069,44.254465],[239,3948,-121.300095,44.254459],[244,3948,-121.300086,44.254447],[256,3945,-121.300045,44.254429],[283,3949,-121.299978,44.254375],[302,3949,-121.299924,44.25434],[336,3952,-121.299888,44.254251],[359,3950,-121.29985,44.254194],[395,3947,-121.299767,44.254115],[417,3950,-121.299732,44.254058],[436,3953,-121.299716,44.254008],[468,3953,-121.299664,44.253929],[485,3953,-121.299622,44.253894],[521,3953,-121.299597,44.253796],[567,3954,-121.299531,44.253678],[589,3957,-121.299501,44.253622],[615,3959,-121.299491,44.253553],[645,3961,-121.299512,44.253472],[701,3965,-121.299553,44.253321],[716,3963,-121.299573,44.253283],[725,3963,-121.299591,44.25326],[733,3967,-121.299621,44.253263],[744,3967,-121.29962,44.253291],[769,3970,-121.29964,44.253359],[777,3970,-121.299667,44.253368],[789,3970,-121.299701,44.253343],[802,3975,-121.299737,44.253323],[809,3975,-121.299764,44.253325],[814,3975,-121.299764,44.253339],[857,3979,-121.299769,44.253457],[897,3982,-121.299817,44.253562],[926,3986,-121.299894,44.253621],[935,3984,-121.299926,44.253623],[940,3986,-121.299931,44.253609],[964,3987,-121.299935,44.253542],[984,3990,-121.299981,44.253499],[1004,3989,-121.300015,44.253451],[1013,3988,-121.300032,44.253428],[1022,3990,-121.300065,44.253425],[1029,3991,-121.300073,44.253443],[1037,3991,-121.300065,44.253466],[1049,3991,-121.300089,44.253493],[1055,3991,-121.300112,44.253489],[1063,3994,-121.300136,44.253475],[1073,3994,-121.300138,44.253448],[1081,3992,-121.300145,44.253428],[1089,3992,-121.300177,44.253424],[1099,3994,-121.300207,44.253438],[1108,3994,-121.30021,44.253462],[1121,3996,-121.300226,44.253498],[1133,3997,-121.300227,44.25353],[1153,3997,-121.300251,44.253583],[1159,3997,-121.300272,44.25359],[1166,3997,-121.300297,44.253586],[1177,4001,-121.300326,44.253563],[1203,4004,-121.300401,44.253515],[1216,4002,-121.300435,44.25349],[1231,4007,-121.300491,44.253502],[1260,4010,-121.300596,44.253477],[1268,4010,-121.300622,44.25347],[1282,4014,-121.300678,44.253472],[1312,4019,-121.300786,44.253498],[1339,4027,-121.300867,44.253543],[1355,4028,-121.300906,44.253578],[1371,4033,-121.300951,44.253605],[1382,4038,-121.300993,44.253609],[1390,4038,-121.301026,44.253606],[1390,3930,-121.299649,44.254405],[1406,3927,-121.299673,44.254444],[1435,3928,-121.29974,44.254508],[1448,3928,-121.299767,44.254539],[1455,3924,-121.299755,44.254555],[1463,3924,-121.299722,44.254556],[1475,3924,-121.299684,44.254539],[1506,3919,-121.299592,44.254485],[1546,3916,-121.299466,44.254424],[1558,3913,-121.299427,44.254407],[1565,3913,-121.299403,44.254418],[1574,3910,-121.299402,44.254442],[1597,3908,-121.299417,44.254505],[1630,3911,-121.299486,44.254579],[1659,3908,-121.29952,44.254657],[1676,3909,-121.29956,44.254692],[1682,3909,-121.299553,44.254706],[1690,3905,-121.299522,44.254705],[1705,3905,-121.299472,44.254686],[1737,3904,-121.299372,44.254633],[1753,3899,-121.29932,44.254613],[1759,3899,-121.299299,44.254625],[1768,3899,-121.299298,44.254648],[1777,3896,-121.299312,44.25467],[1794,3896,-121.29935,44.25471],[1818,3897,-121.299413,44.254755],[1835,3891,-121.299436,44.254801],[1870,3890,-121.299518,44.254877],[1922,3887,-121.299643,44.254986],[1957,3885,-121.299753,44.255044],[1974,3888,-121.299811,44.255061],[2008,3885,-121.299892,44.255133],[2026,3879,-121.29995,44.255163],[2058,3883,-121.30006,44.2552],[2064,3883,-121.300068,44.255216],[2071,3878,-121.300051,44.25523],[2079,3876,-121.300021,44.255227],[2112,3879,-121.299896,44.25521],[2130,3877,-121.299837,44.255184],[2141,3877,-121.299796,44.255184],[2148,3874,-121.299779,44.255199],[2154,3874,-121.299779,44.255215],[2169,3870,-121.299821,44.255242],[2191,3873,-121.299889,44.255279],[2212,3867,-121.299945,44.255322],[2218,3867,-121.299958,44.255336],[2226,3862,-121.299931,44.255347],[2236,3862,-121.299896,44.255344],[2255,3865,-121.29983,44.255319],[2280,3862,-121.299737,44.255307],[2301,3865,-121.299665,44.255281],[2315,3865,-121.29962,44.25526],[2324,3862,-121.299587,44.255265],[2330,3862,-121.299575,44.255279],[2342,3857,-121.299591,44.255312],[2361,3859,-121.29966,44.255326],[2376,3854,-121.2997,44.255354],[2413,3854,-121.2998,44.255426],[2463,3852,-121.29995,44.255512],[2499,3848,-121.300031,44.255592],[2536,3849,-121.300059,44.255692],[2572,3840,-121.300033,44.255788],[2597,3837,-121.299988,44.255848],[2628,3831,-121.299923,44.255919],[2653,3826,-121.299871,44.255978],[2692,3825,-121.299858,44.256083],[2710,3825,-121.299816,44.256124],[2734,3824,-121.299869,44.256177]]}