{"trail":"Ridge Loop Trail","distance":16677,"gain":206,"loss":429,"min":5808,"max":6371,"profile":[[0,6158,-121.591465,43.994177],[83,6158,-121.591529,43.993955],[166,6158,-121.591593,43.993733],[203,6158,-121.591583,43.993631],[226,6158,-121.591541,43.993574],[304,6159,-121.591448,43.993371],[382,6161,-121.591355,43.993168],[460,6162,-121.591263,43.992965],[582,6161,-121.591225,43.992631],[662,6162,-121.591134,43.992422],[742,6162,-121.591044,43.992213],[857,6163,-121.590981,43.991901],[917,6163,-121.590898,43.991747],[1044,6169,-121.590632,43.991458],[1097,6169,-121.590573,43.991319],[1136,6167,-121.59057,43.99121],[1186,6161,-121.590621,43.991079],[1277,6159,-121.590658,43.990833],[1347,6156,-121.59066,43.990639],[1401,6152,-121.59064,43.990494],[1521,6142,-121.590424,43.990203],[1594,6140,-121.590271,43.990036],[1705,6140,-121.589978,43.989816],[1761,6137,-121.589856,43.98969],[1810,6138,-121.589707,43.989609],[1838,6131,-121.589678,43.989536],[1955,6123,-121.589484,43.989246],[2038,6120,-121.5893,43.98906],[2122,6115,-121.589115,43.988875],[2199,6105,-121.588905,43.988727],[2314,6102,-121.588623,43.988484],[2390,6098,-121.588393,43.988358],[2466,6090,-121.588163,43.988232],[2532,6085,-121.588012,43.988088],[2641,6081,-121.587734,43.987866],[2673,6081,-121.587678,43.987789],[2727,6078,-121.587507,43.987705],[2773,6073,-121.587378,43.987621],[2832,6068,-121.587181,43.987541],[2917,6067,-121.586991,43.987351],[3003,6067,-121.586801,43.98716],[3049,6068,-121.586709,43.987054],[3093,6069,-121.586649,43.986941],[3131,6069,-121.586632,43.986837],[3153,6070,-121.586645,43.986778],[3182,6071,-121.586616,43.9867],[3260,6071,-121.58669,43.986494],[3370,6072,-121.586729,43.986193],[3395,6071,-121.586729,43.986124],[3418,6071,-121.586694,43.986067],[3484,6072,-121.586537,43.985927],[3550,6072,-121.586379,43.985787],[3663,6074,-121.585993,43.98565],[3707,6074,-121.585827,43.985628],[3797,6073,-121.585484,43.98563],[3846,6071,-121.585306,43.985667],[3881,6069,-121.585171,43.985662],[3969,6066,-121.584841,43.985703],[4018,6064,-121.584656,43.985688],[4147,6065,-121.584192,43.985572],[4222,6067,-121.583948,43.985465],[4295,6068,-121.583731,43.985337],[4384,6061,-121.583449,43.985202],[4473,6060,-121.583166,43.985068],[4569,6062,-121.582849,43.984939],[4664,6055,-121.582533,43.984811],[4744,6049,-121.582356,43.984633],[4824,6041,-121.582179,43.984455],[4901,6038,-121.581994,43.984292],[4977,6036,-121.581808,43.984129],[5054,6031,-121.581622,43.983966],[5071,6028,-121.581559,43.983962],[5094,6025,-121.581485,43.983994],[5158,6020,-121.581248,43.984041],[5247,6012,-121.581017,43.984217],[5293,6007,-121.580959,43.984338],[5329,6003,-121.580948,43.984436],[5386,5998,-121.580969,43.984592],[5443,5991,-121.581051,43.984738],[5526,5986,-121.581223,43.984927],[5609,5980,-121.581396,43.985117],[5739,5984,-121.581636,43.985428],[5821,5987,-121.581826,43.985609],[5845,5990,-121.581861,43.985669],[5892,5985,-121.581874,43.985797],[5969,5982,-121.581986,43.985993],[6032,5982,-121.582108,43.98614],[6040,5980,-121.58211,43.986161],[6055,5977,-121.582079,43.986196],[6071,5974,-121.58202,43.986213],[6085,5971,-121.581967,43.986209],[6134,5967,-121.581797,43.986158],[6201,5967,-121.581578,43.98606],[6252,5958,-121.581399,43.98601],[6344,5948,-121.58114,43.98584],[6436,5942,-121.580881,43.98567],[6489,5941,-121.580689,43.985624],[6516,5940,-121.580584,43.985624],[6635,5935,-121.580152,43.985715],[6685,5933,-121.579976,43.98577],[6685,5933,-121.579976,43.98577],[6802,5927,-121.579551,43.985864],[6884,5925,-121.579263,43.985954],[6990,5921,-121.578983,43.986164],[7024,5921,-121.578864,43.986203],[7050,5920,-121.578789,43.986246],[7110,5919,-121.578602,43.986342],[7177,5918,-121.578425,43.986473],[7273,5917,-121.578183,43.986673],[7328,5917,-121.578035,43.986779],[7387,5916,-121.57785,43.986872],[7426,5916,-121.577717,43.986919],[7486,5915,-121.577489,43.986925],[7541,5916,-121.57729,43.986974],[7586,5917,-121.577167,43.987057],[7662,5920,-121.5769,43.987142],[7725,5921,-121.57669,43.987225],[7755,5923,-121.576593,43.987265],[7828,5924,-121.576359,43.987376],[7912,5927,-121.576112,43.987524],[7961,5927,-121.575978,43.987614],[8049,5927,-121.575702,43.987751],[8068,5925,-121.575639,43.987777],[8143,5924,-121.575473,43.987945],[8174,5922,-121.575378,43.987995],[8219,5920,-121.575218,43.988044],[8302,5917,-121.574949,43.98816],[8384,5914,-121.574681,43.988275],[8453,5909,-121.574433,43.988344],[8523,5906,-121.574173,43.988375],[8608,5904,-121.573876,43.988468],[8672,5901,-121.573633,43.988447],[8717,5899,-121.573462,43.988452],[8749,5898,-121.573347,43.988483],[8841,5899,-121.573048,43.988616],[8904,5896,-121.572822,43.988673],[8942,5896,-121.572727,43.98875],[8956,5896,-121.572678,43.98877],[9023,5891,-121.572425,43.98878],[9105,5884,-121.572125,43.98884],[9147,5882,-121.571964,43.988856],[9184,5879,-121.571832,43.98889],[9207,5877,-121.571755,43.98892],[9267,5875,-121.571584,43.989028],[9319,5871,-121.571391,43.989061],[9429,5864,-121.571023,43.989206],[9542,5854,-121.570596,43.989245],[9597,5848,-121.570389,43.989226],[9620,5847,-121.570305,43.989243],[9644,5845,-121.570229,43.989281],[9707,5842,-121.570062,43.989407],[9801,5838,-121.569768,43.989552],[9895,5833,-121.569474,43.989697],[9931,5832,-121.569388,43.989775],[9989,5828,-121.569204,43.989863],[10035,5826,-121.569078,43.989951],[10128,5820,-121.568858,43.990151],[10132,5820,-121.568847,43.990157],[10258,5810,-121.568474,43.990376],[10274,5809,-121.568414,43.990381],[10287,5809,-121.568365,43.990386],[10360,5802,-121.568089,43.990363],[10420,5799,-121.567877,43.990299],[10420,6158,-121.591465,43.994177],[10485,6156,-121.591703,43.99422],[10541,6156,-121.591916,43.994224],[10658,6154,-121.592317,43.994364],[10775,6154,-121.592692,43.994538],[10840,6154,-121.592882,43.994654],[10899,6155,-121.593029,43.994777],[10984,6154,-121.593213,43.994969],[11017,6155,-121.593301,43.995033],[11114,6156,-121.593597,43.995193],[11206,6156,-121.593857,43.995359],[11297,6156,-121.594117,43.995525],[11363,6156,-121.594331,43.995622],[11429,6159,-121.594544,43.995719],[11487,6159,-121.594686,43.995841],[11558,6159,-121.594764,43.996026],[11628,6161,-121.594842,43.996211],[11702,6165,-121.594888,43.996411],[11717,6165,-121.594904,43.99645],[11729,6163,-121.594936,43.996473],[11806,6173,-121.595198,43.996566],[11881,6171,-121.595408,43.996707],[11957,6166,-121.595618,43.996849],[12074,6173,-121.595995,43.997024],[12120,6180,-121.596159,43.997067],[12176,6182,-121.596345,43.997138],[12237,6172,-121.596504,43.997261],[12266,6183,-121.596597,43.997307],[12361,6182,-121.59692,43.997424],[12398,6191,-121.597059,43.997437],[12419,6187,-121.597116,43.997476],[12446,6182,-121.59721,43.997509],[12536,6184,-121.597541,43.997575],[12650,6201,-121.597971,43.997611],[12702,6202,-121.598165,43.997641],[12768,6211,-121.598415,43.997644],[12833,6221,-121.598655,43.997687],[12865,6224,-121.598779,43.997683],[12894,6228,-121.59888,43.997653],[12912,6233,-121.598917,43.997612],[13039,6242,-121.59901,43.997268],[13111,6251,-121.599031,43.997073],[13182,6256,-121.599051,43.996878],[13253,6262,-121.599072,43.996684],[13305,6269,-121.599111,43.996546],[13416,6282,-121.599193,43.996247],[13474,6284,-121.599302,43.996108],[13529,6284,-121.599379,43.995967],[13583,6290,-121.599535,43.99587],[13597,6290,-121.599578,43.99585],[13657,6302,-121.599804,43.995814],[13721,6305,-121.600027,43.995744],[13758,6311,-121.600155,43.995701],[13800,6317,-121.600307,43.995671],[13829,6318,-121.600408,43.995634],[13866,6321,-121.600543,43.995615],[13911,6323,-121.600718,43.995613],[13948,6324,-121.600858,43.995613],[13985,6327,-121.600993,43.995582],[14045,6330,-121.601207,43.995524],[14134,6339,-121.60151,43.995418],[14222,6341,-121.601813,43.995311],[14318,6342,-121.602178,43.9953],[14388,6344,-121.602436,43.995253],[14435,6352,-121.602614,43.995247],[14475,6355,-121.602738,43.995183],[14509,6361,-121.602865,43.995157],[14519,6361,-121.602891,43.995138],[14579,6364,-121.60297,