{"trail":"Ridge Runner","distance":8039,"gain":32,"loss":249,"min":3326,"max":3583,"profile":[[0,3549,-121.317753,44.254536],[35,3549,-121.317851,44.25447],[47,3549,-121.317885,44.25445],[59,3547,-121.317932,44.254441],[90,3547,-121.318005,44.254376],[135,3550,-121.318084,44.254266],[165,3550,-121.318163,44.254205],[188,3550,-121.318242,44.254176],[209,3551,-121.318276,44.254125],[231,3551,-121.318326,44.254077],[271,3553,-121.318442,44.254003],[302,3554,-121.318549,44.253965],[350,3554,-121.318699,44.253891],[376,3554,-121.318778,44.25385],[423,3552,-121.31895,44.253808],[485,3552,-121.319144,44.253712],[529,3553,-121.319234,44.253611],[567,3553,-121.319348,44.253541],[600,3551,-121.319467,44.253516],[625,3551,-121.319557,44.253496],[653,3550,-121.319639,44.253447],[679,3550,-121.319705,44.253393],[701,3553,-121.319774,44.253357],[733,3551,-121.319893,44.253332],[761,3553,-121.319962,44.253276],[798,3560,-121.320021,44.253182],[814,3560,-121.320062,44.253151],[831,3562,-121.320118,44.253128],[858,3562,-121.320218,44.253106],[877,3563,-121.320275,44.253072],[901,3566,-121.320337,44.253027],[937,3568,-121.320469,44.252994],[964,3568,-121.320551,44.252949],[996,3572,-121.320623,44.252877],[1020,3572,-121.320698,44.252841],[1052,3574,-121.320814,44.252812],[1100,3573,-121.320989,44.252776],[1120,3575,-121.321061,44.252756],[1148,3573,-121.321143,44.252706],[1170,3573,-121.321193,44.252657],[1187,3575,-121.32124,44.252626],[1214,3572,-121.321337,44.252599],[1234,3574,-121.321396,44.252563],[1280,3575,-121.321484,44.252455],[1295,3576,-121.321531,44.252428],[1315,3574,-121.321597,44.252401],[1339,3577,-121.32165,44.252347],[1358,3578,-121.321703,44.252311],[1388,3579,-121.321766,44.252244],[1414,3581,-121.321848,44.252204],[1462,3577,-121.322017,44.252152],[1490,3577,-121.322104,44.252109],[1526,3576,-121.322211,44.252046],[1544,3579,-121.322245,44.252004],[1575,3579,-121.322314,44.251934],[1610,3577,-121.32244,44.251903],[1638,3574,-121.322546,44.251885],[1658,3574,-121.322606,44.251851],[1688,3574,-121.322678,44.251789],[1730,3571,-121.322803,44.251717],[1768,3573,-121.322885,44.251629],[1786,3573,-121.322941,44.2516],[1812,3573,-121.323025,44.251562],[1849,3572,-121.323144,44.251508],[1877,3573,-121.323232,44.251466],[1890,3573,-121.323282,44.251454],[1902,3572,-121.323314,44.251432],[1921,3575,-121.323359,44.251389],[1945,3578,-121.323386,44.251326],[1971,3580,-121.323442,44.25127],[1998,3583,-121.323492,44.251205],[2017,3584,-121.323476,44.251153],[2040,3585,-121.323448,44.251094],[2063,3585,-121.323439,44.251032],[2091,3585,-121.323405,44.250958],[2114,3583,-121.323331,44.250923],[2134,3580,-121.32327,44.250893],[2153,3577,-121.323239,44.250844],[2171,3577,-121.323239,44.250794],[2200,3572,-121.323276,44.25072],[2240,3574,-121.323398,44.250655],[2293,3569,-121.323533,44.250548],[2311,3572,-121.323593,44.250523],[2334,3573,-121.323677,44.2505],[2382,3568,-121.323815,44.250415],[2407,3570,-121.3239,44.250382],[2424,3570,-121.323956,44.250357],[2455,3572,-121.324072,44.250341],[2491,3579,-121.3242,44.250377],[2515,3580,-121.324285,44.250402],[2537,3582,-121.32437,44.250402],[2560,3583,-121.324448,44.250372],[2592,3583,-121.324523,44.250303],[2622,3583,-121.324617,44.250256],[2653,3582,-121.32473,44.250236],[2676,3583,-121.324821,44.250229],[2708,3584,-121.324943,44.250233],[2737,3584,-121.325046,44.250204],[2760,3582,-121.325115,44.250165],[2779,3582,-121.325176,44.250137],[2802,3581,-121.325248,44.250104],[2824,3580,-121.325311,44.250064],[2838,3580,-121.32536,44.250044],[2855,3579,-121.325422,44.250031],[2871,3578,-121.325477,44.250014],[2887,3578,-121.325523,44.249986],[2906,3576,-121.325568,44.249945],[2933,3576,-121.325596,44.249874],[2959,3573,-121.325627,44.249806],[2982,3573,-121.32567,44.24975],[3003,3572,-121.325719,44.249706],[3027,3572,-121.325795,44.249667],[3052,3571,-121.325866,44.249623],[3063,3570,-121.325886,44.249595],[3102,3571,-121.325921,44.249492],[3129,3571,-121.325964,44.249424],[3148,3570,-121.325984,44.249374],[3165,3570,-121.325993,44.249329],[3182,3570,-121.326026,44.249287],[3214,3569,-121.326113,44.249225],[3242,3568,-121.326173,44.249162],[3270,3568,-121.326211,44.249089],[3285,3567,-121.326232,44.249053],[3301,3567,-121.326275,44.24902],[3324,3566,-121.326352,44.24899],[3357,3564,-121.326475,44.248971],[3369,3562,-121.326518,44.248961],[3400,3560,-121.326596,44.248896],[3425,3561,-121.326639,44.248835],[3443,3559,-121.326667,44.24879],[3468,3560,-121.326733,44.248741],[3486,3558,-121.326771,44.248699],[3503,3558,-121.326786,44.248656],[3524,3559,-121.326767,44.248598],[3548,3560,-121.326743,44.248534],[3569,3563,-121.326712,44.248482],[3582,3564,-121.326679,44.248457],[3593,3565,-121.326651,44.248431],[3609,3566,-121.326638,44.24839],[3633,3564,-121.326657,44.248326],[3653,3564,-121.326694,44.248278],[3675,3562,-121.326763,44.248243],[3707,3560,-121.326876,44.248207],[3733,3557,-121.326962,44.248172],[3764,3554,-121.327049,44.248113],[3826,3550,-121.327174,44.24797],[3861,3551,-121.327254,44.247894],[3888,3549,-121.327301,44.247827],[3917,3547,-121.327366,44.247762],[3949,3546,-121.327445,44.247696],[3977,3545,-121.327497,44.247629],[3996,3544,-121.327561,44.247602],[4028,3541,-121.32768,44.247589],[4060,3537,-121.32779,44.247546],[4084,3534,-121.32787,44.247515],[4102,3534,-121.327939,44.247516],[4127,3530,-121.328033,44.247531],[4145,3530,-121.328099,44.247528],[4179,3528,-121.328195,44.247465],[4216,3525,-121.328283,44.247386],[4275,3521,-121.328457,44.247282],[4348,3514,-121.328692,44.247172],[4370,3512,-121.32875,44.247129],[4405,3510,-121.328823,44.247048],[4421,3510,-121.328874,44.247024],[4439,3508,-121.328942,44.247019],[4454,3506,-121.328996,44.247004],[4477,3504,-121.329079,44.24698],[4512,3501,-121.329164,44.246908],[4552,3498,-121.32928,44.246836],[4598,3491,-121.329426,44.246769],[4624,3489,-121.329514,44.246734],[4639,3489,-121.329571,44.246732],[4655,3486,-121.329614,44.246764],[4666,3486,-121.329656,44.246767],[4684,3483,-121.329709,44.246736],[4702,3483,-121.329743,44.246692],[4744,3480,-121.329826,44.246592],[4778,3477,-121.329871,44.246505],[4836,3473,-121.329984,44.246369],[4875,3469,-121.330069,44.24628],[4912,3465,-121.330099,44.246181],[4955,3466,-121.330082,44.246065],[4983,3464,-121.330074,44.245988],[5004,3460,-121.330102,44.245935],[5026,3460,-121.330154,44.245887],[5040,3458,-121.330205,44.245879],[5058,3455,-121.330274,44.245891],[5079,3455,-121.330346,44.245916],[5095,3453,-121.330405,44.245929],[5118,3450,-121.330489,44.245918],[5138,3448,-121.33055,44.245882],[5176,3444,-121.330672,44.245826],[5213,3440,-121.330792,44.245772],[5237,3439,-121.330883,44.245764],[5271,3437,-121.331011,44.245783],[5303,3433,-121.331129,44.245811],[5332,3432,-121.331237,44.245799],[5365,3430,-121.331355,44.245767],[5391,3429,-121.331455,44.245776],[5418,3429,-121.331542,44.245816],[5440,3428,-121.331578,44.24587],[5482,3428,-121.331606,44.245982],[5509,3427,-121.331677,44.246037],[5536,3426,-121.331765,44.246074],[5560,3424,-121.331858,44.246077],[5598,3417,-121.332001,44.246068],[5649,3410,-121.332199,44.246077],[5675,3407,-121.332297,44.246078],[5692,3404,-121.332357,44.246061],[5724,3402,-121.332473,44.246029],[5769,3396,-121.332622,44.24597],[5784,3392,-121.332679,44.245973],[5799,3392,-121.332728,44.245997],[5822,3390,-121.332798,44.246034],[5837,3388,-121.332854,44.246039],[5853,3388,-121.332909,44.24602],[5893,3388,-121.333031,44.245952],[5937,3386,-121.333116,44.24585],[5980,3382,-121.333162,44.245734],[6015,3383,-121.333241,44.245658],[6062,3388,-121.333418,44.245634],[6108,3390,-121.333591,44.245634],[6142,3391,-121.333719,44.245658],[6170,3390,-121.333817,44.245688],[6191,3394,-121.333893,44.245703],[6228,3389,-121.334033,44.245684],[6257,3388,-121.334137,44.245658],[6282,3387,-121.334234,44.24566],[6319,3386,-121.334375,44.24564],[6347,3385,-121.334478,44.245638],[6375,3379,-121.334579,44.24561],[6404,3377,-121.334685,44.245583],[6441,3372,-121.334823,44.245603],[6479,3370,-121.334969,