{"trail":"River Trail","distance":11257,"gain":53,"loss":73,"min":2636,"max":2701,"profile":[[0,2664,-121.145534,44.363762],[74,2668,-121.145364,44.363601],[198,2662,-121.145029,44.363361],[271,2663,-121.144827,44.363219],[329,2664,-121.144656,44.363118],[373,2664,-121.144525,44.363044],[414,2664,-121.144445,44.362948],[462,2663,-121.144435,44.362816],[505,2669,-121.144475,44.3627],[525,2669,-121.144501,44.362648],[560,2677,-121.144525,44.362556],[623,2665,-121.144594,44.36239],[667,2665,-121.144651,44.362277],[760,2673,-121.144978,44.362175],[856,2670,-121.145303,44.362051],[958,2661,-121.145615,44.361884],[1057,2663,-121.145921,44.36172],[1113,2667,-121.146101,44.361638],[1162,2674,-121.146241,44.36155],[1253,2675,-121.146551,44.361434],[1328,2674,-121.146765,44.361294],[1404,2662,-121.146979,44.361154],[1475,2660,-121.147162,44.361012],[1550,2659,-121.14736,44.360862],[1625,2658,-121.147558,44.360711],[1673,2658,-121.147688,44.360619],[1711,2659,-121.147817,44.360572],[1785,2657,-121.148004,44.36042],[1822,2655,-121.14804,44.360323],[1847,2655,-121.148116,44.360279],[1868,2656,-121.148194,44.360263],[1917,2657,-121.148325,44.360166],[1968,2659,-121.148505,44.360114],[2041,2665,-121.148756,44.360027],[2079,2666,-121.148864,44.359957],[2197,2666,-121.149181,44.359723],[2277,2666,-121.149346,44.35954],[2326,2667,-121.149486,44.359451],[2349,2668,-121.149517,44.359393],[2358,2662,-121.149541,44.359373],[2380,2670,-121.149613,44.359345],[2428,2688,-121.149791,44.359305],[2462,2710,-121.149914,44.359276],[2487,2726,-121.150008,44.359284],[2517,2751,-121.150104,44.359331],[2548,2745,-121.150221,44.35934],[2583,2714,-121.150346,44.359305],[2602,2700,-121.15042,44.359316],[2637,2676,-121.150554,44.359317],[2668,2673,-121.150665,44.359342],[2712,2652,-121.15081,44.359403],[2792,2654,-121.150867,44.359618],[2832,2651,-121.150925,44.359721],[2863,2651,-121.15095,44.359804],[2931,2648,-121.150973,44.359989],[2999,2650,-121.150997,44.360175],[3067,2651,-121.15102,44.36036],[3158,2649,-121.150991,44.360609],[3204,2646,-121.151003,44.360735],[3249,2644,-121.151065,44.360851],[3370,2645,-121.151092,44.361182],[3435,2647,-121.151111,44.36136],[3503,2644,-121.151212,44.361531],[3614,2642,-121.151301,44.361827],[3672,2642,-121.151358,44.361981],[3713,2642,-121.151367,44.362095],[3758,2642,-121.15131,44.362211],[3785,2643,-121.151299,44.362283],[3839,2642,-121.15132,44.362433],[3899,2643,-121.151294,44.362595],[3929,2643,-121.151237,44.362668],[3986,2645,-121.151151,44.36281],[4059,2651,-121.151043,44.362995],[4102,2650,-121.150995,44.363108],[4125,2653,-121.150943,44.363159],[4201,2651,-121.150926,44.363365],[4217,2650,-121.150904,44.363407],[4263,2653,-121.150799,44.36351],[4316,2654,-121.150706,44.363637],[4346,2656,-121.150627,44.363698],[4381,2658,-121.150596,44.36379],[4402,2657,-121.150535,44.363831],[4421,2659,-121.150503,44.363877],[4443,2664,-121.150442,44.363916],[4471,2661,-121.150362,44.36397],[4542,2662,-121.150192,44.364123],[4626,2667,-121.150015,44.364314],[4681,2663,-121.149918,44.364448],[4711,2662,-121.149824,44.364495],[4735,2659,-121.14977,44.364548],[4748,2662,-121.149727,44.364568],[4767,2666,-121.149659,44.364581],[4785,2661,-121.149607,44.364614],[4836,2657,-121.149496,44.364731],[4919,2652,-121.149268,44.364888],[4933,2655,-121.149222,44.364909],[4984,2654,-121.149036,44.364953],[5012,2649,-121.148949,44.364997],[5094,2642,-121.148714,44.365145],[5149,2640,-121.148549,44.365242],[5160,2640,-121.148522,44.365262],[5178,2642,-121.148458,44.36528],[5246,2640,-121.148254,44.3654],[5357,2644,-121.147925,44.365591],[5397,2645,-121.147839,44.365682],[5455,2640,-121.1477,44.365808],[5476,2641,-121.147672,44.365861],[5519,2643,-121.147535,44.365925],[5635,2645,-121.147345,44.366214],[5689,2639,-121.147311,44.366359],[5719,2640,-121.14727,44.366436],[5752,2642,-121.147168,44.36649],[5776,2639,-121.147106,44.366538],[5829,2640,-121.147051,44.366678],[5918,2636,-121.146936,44.366909],[5987,2641,-121.146811,44.367074],[6055,2644,-121.146685,44.367238],[6110,2640,-121.146585,44.367371],[6217,2647,-121.146401,44.367631],[6271,2639,-121.146337,44.367773],[6330,2670,-121.146232,44.367915],[6361,2660,-121.146203,44.367998],[6384,2655,-121.14623,44.368059],[6401,2647,-121.146221,44.368105],[6446,2656,-121.146149,44.368216],[6487,2637,-121.146173,44.368328],[6532,2636,-121.146162,44.36845],[6584,2652,-121.146068,44.368577],[6611,2640,-121.146114,44.368644],[6641,2639,-121.146138,44.368723],[6669,2639,-121.146101,44.368795],[6708,2640,-121.146112,44.368901],[6745,2641,-121.146079,44.369001],[6787,2635,-121.146168,44.369096],[6863,2635,-121.14617,44.369305],[6951,2634,-121.146162,44.369546],[7039,2638,-121.146154,44.369787],[7109,2638,-121.146136,44.369978],[7128,2637,-121.146136,44.37003],[7161,2637,-121.146085,44.370115],[7213,2636,-121.146093,44.370256],[7251,2635,-121.146085,44.37036],[7324,2637,-121.146028,44.370557],[7406,2636,-121.146023,44.370782],[7502,2639,-121.145955,44.37104],[7598,2643,-121.145886,44.371298],[7714,2646,-121.145741,44.3716],[7771,2642,-121.145728,44.371754],[7841,2644,-121.145725,44.371947],[7879,2643,-121.145694,44.372048],[7937,2647,-121.145611,44.372195],[7981,2651,-121.145521,44.372297],[8027,2654,-121.145393,44.372387],[8063,2654,-121.145315,44.372467],[8160,2656,-121.145188,44.372717],[8160,2672,-121.139283,44.368079],[8189,2674,-121.139393,44.368067],[8254,2672,-121.139598,44.367963],[8306,2673,-121.139765,44.367886],[8380,2675,-121.139973,44.367748],[8468,2685,-121.140174,44.367557],[8509,2687,-121.140246,44.367456],[8551,2681,-121.140277,44.367343],[8602,2679,-121.140304,44.367205],[8689,2676,-121.140316,44.366966],[8776,2677,-121.140328,44.366727],[8800,2675,-121.140348,44.366663],[8829,2673,-121.140391,44.366589],[8853,2674,-121.140447,44.366537],[8903,2673,-121.14062,44.36648],[8943,2668,-121.14076,44.366439],[8983,2667,-121.140916,44.366438],[9045,2668,-121.14115,44.366465],[9131,2668,-121.14148,44.366476],[9201,2672,-121.141732,44.366544],[9313,2678,-121.142159,44.366572],[9376,2670,-121.142399,44.366557],[9446,2669,-121.142668,44.366539],[9563,2666,-121.143108,44.366478],[9630,2664,-121.143359,44.366442],[9697,2665,-121.14361,44.366407],[9776,2664,-121.143906,44.366359],[9867,2664,-121.144244,44.366297],[9958,2664,-121.144582,44.366234],[9985,2665,-121.14468,44.366209],[10026,2664,-121.144828,44.36617],[10097,2664,-121.145074,44.366089],[10167,2663,-121.145319,44.366009],[10238,2666,-121.145564,44.365929],[10308,2667,-121.145809,44.365848],[10348,2674,-121.145954,44.36581],[10399,2684,-121.146113,44.365729],[10521,2683,-121.146412,44.365472],[10593,2687,-121.146547,44.365299],[10655,2687,-121.146621,44.365137],[10705,2685,-121.146631,44.365002],[10747,2690,-121.146612,44.364886],[10795,2684,-121.146574,44.364759],[10858,2675,-121.146486,44.364598],[10914,2675,-121.146421,44.364452],[11000,2662,-121.146223,44.364261],[11041,2671,-121.146133,44.364169],[11140,2672,-121.145867,44.363978],[11209,2665,-121.145674,44.363847],[11257,2664,-121.145534,44.363762]]}