{"trail":"Rockbar","distance":5361,"gain":65,"loss":53,"min":3138,"max":3220,"profile":[[0,3202,-121.276426,44.214709],[56,3201,-121.276319,44.214576],[108,3200,-121.276308,44.214433],[181,3198,-121.276392,44.214242],[212,3198,-121.276374,44.21416],[263,3196,-121.276287,44.214032],[323,3194,-121.276199,44.213882],[397,3191,-121.276183,44.21368],[516,3187,-121.276042,44.213369],[624,3185,-121.275749,44.213161],[686,3183,-121.27555,44.213071],[741,3182,-121.275403,44.212962],[815,3181,-121.275249,44.212789],[858,3179,-121.275131,44.212707],[912,3178,-121.275084,44.212564],[971,3177,-121.275158,44.212411],[1047,3177,-121.275181,44.212204],[1096,3175,-121.275129,44.212073],[1141,3174,-121.275176,44.211957],[1195,3172,-121.275173,44.211809],[1203,3171,-121.275152,44.211791],[1258,3169,-121.275014,44.211678],[1374,3167,-121.274593,44.21158],[1466,3166,-121.27425,44.211522],[1512,3165,-121.274075,44.211515],[1565,3164,-121.273897,44.211445],[1591,3163,-121.273854,44.21138],[1664,3158,-121.273609,44.211287],[1736,3156,-121.273363,44.211194],[1859,3149,-121.272913,44.211098],[1902,3147,-121.272798,44.211012],[1948,3146,-121.272626,44.211008],[2017,3140,-121.272362,44.211036],[2098,3133,-121.272069,44.211102],[2147,3135,-121.271956,44.211209],[2208,3140,-121.271828,44.211351],[2253,3144,-121.271734,44.211453],[2334,3144,-121.27154,44.211625],[2425,3147,-121.271336,44.21183],[2544,3153,-121.271109,44.212113],[2611,3153,-121.270952,44.212255],[2686,3141,-121.27069,44.212345],[2729,3138,-121.270551,44.212407],[2771,3141,-121.270442,44.212489],[2796,3138,-121.270437,44.212559],[2837,3142,-121.270353,44.212654],[2907,3139,-121.270225,44.212823],[2936,3135,-121.270171,44.212891],[2994,3137,-121.270062,44.213031],[3057,3145,-121.270057,44.213202],[3130,3146,-121.269894,44.213366],[3204,3148,-121.26973,44.21353],[3325,3147,-121.269393,44.213757],[3395,3147,-121.269185,44.213879],[3465,3143,-121.268977,44.214],[3536,3143,-121.268743,44.214099],[3607,3118,-121.268509,44.214197],[3658,3111,-121.26836,44.214285],[3767,3137,-121.268216,44.214567],[3858,3143,-121.268072,44.214795],[3956,3155,-121.268103,44.215063],[4014,3161,-121.26819,44.21521],[4056,3166,-121.268211,44.215322],[4097,3168,-121.268299,44.215416],[4195,3170,-121.26825,44.215682],[4261,3172,-121.268247,44.215864],[4316,3174,-121.268318,44.216004],[4372,3178,-121.26847,44.216111],[4420,3183,-121.268641,44.216162],[4425,3183,-121.268658,44.216167],[4494,3185,-121.268879,44.216273],[4564,3187,-121.2691,44.216379],[4622,3188,-121.269311,44.216423],[4661,3189,-121.269393,44.216514],[4711,3196,-121.269503,44.216627],[4778,3195,-121.26949,44.216811],[4812,3197,-121.269451,44.216898],[4871,3198,-121.269382,44.217054],[4983,3201,-121.269204,44.217332],[5030,3207,-121.269246,44.217457],[5060,3210,-121.26932,44.217519],[5116,3215,-121.269534,44.217536],[5169,3214,-121.269735,44.217515],[5199,3217,-121.269849,44.217506],[5227,3219,-121.269955,44.217497],[5309,3225,-121.270223,44.217615],[5361,3228,-121.270334,44.217734]]}