{"trail":"Rockfall","distance":4705,"gain":0,"loss":914,"min":6800,"max":7723,"profile":[[0,7736,-121.685856,43.990528],[62,7742,-121.685774,43.990687],[67,7732,-121.685767,43.990699],[190,7714,-121.685688,43.991032],[222,7709,-121.685721,43.991116],[255,7707,-121.685773,43.991201],[283,7701,-121.685829,43.991264],[318,7694,-121.685877,43.991353],[356,7685,-121.685884,43.991457],[390,7680,-121.685904,43.991549],[414,7675,-121.685926,43.991613],[451,7664,-121.685933,43.991716],[469,7659,-121.685943,43.991765],[488,7657,-121.685949,43.991817],[511,7653,-121.68602,43.99185],[528,7649,-121.68606,43.991887],[548,7645,-121.686052,43.991942],[582,7638,-121.686029,43.992035],[618,7631,-121.685986,43.992127],[661,7617,-121.685979,43.992245],[671,7611,-121.685986,43.992273],[680,7611,-121.685969,43.992293],[700,7610,-121.685896,43.992308],[713,7606,-121.685845,43.992312],[761,7596,-121.685676,43.992262],[798,7591,-121.685542,43.992291],[847,7575,-121.685361,43.992323],[883,7572,-121.685232,43.992355],[959,7551,-121.684988,43.992471],[997,7541,-121.684864,43.992525],[1013,7539,-121.684809,43.992544],[1029,7539,-121.684753,43.992558],[1053,7537,-121.684662,43.992562],[1083,7531,-121.684552,43.992539],[1096,7531,-121.684508,43.992556],[1108,7528,-121.684465,43.992544],[1122,7528,-121.684413,43.99255],[1133,7523,-121.684375,43.992562],[1156,7513,-121.684296,43.992589],[1183,7503,-121.684215,43.992633],[1207,7503,-121.684157,43.992685],[1224,7493,-121.684094,43.992697],[1262,7482,-121.683951,43.992712],[1294,7474,-121.683829,43.992713],[1317,7467,-121.683744,43.99273],[1344,7455,-121.683697,43.992797],[1367,7451,-121.6837,43.992859],[1395,7456,-121.683713,43.992934],[1417,7453,-121.683733,43.992995],[1460,7438,-121.683614,43.993076],[1496,7436,-121.683552,43.993161],[1521,7427,-121.683525,43.993229],[1538,7424,-121.683522,43.993275],[1554,7425,-121.68356,43.993309],[1616,7415,-121.683609,43.993476],[1670,7401,-121.683773,43.993566],[1701,7400,-121.683879,43.993599],[1737,7383,-121.683962,43.993679],[1764,7377,-121.683987,43.993752],[1789,7366,-121.683935,43.993806],[1863,7366,-121.683652,43.993809],[1891,7366,-121.683564,43.993852],[1928,7345,-121.683512,43.993948],[1983,7328,-121.68351,43.994099],[2012,7313,-121.683536,43.994175],[2029,7318,-121.683548,43.994222],[2051,7309,-121.683578,43.994278],[2078,7300,-121.683553,43.99435],[2111,7288,-121.683473,43.994419],[2133,7276,-121.683389,43.99443],[2153,7280,-121.68334,43.994387],[2180,7276,-121.683243,43.994362],[2262,7267,-121.682935,43.99438],[2291,7270,-121.682829,43.994406],[2314,7260,-121.682771,43.994452],[2363,7248,-121.682692,43.994574],[2410,7250,-121.682526,43.994626],[2439,7241,-121.682435,43.99467],[2462,7228,-121.682398,43.994729],[2474,7233,-121.682441,43.99474],[2499,7235,-121.682534,43.994737],[2527,7233,-121.682637,43.99476],[2545,7224,-121.682627,43.994809],[2569,7217,-121.682567,43.994857],[2622,7201,-121.682408,43.99495],[2645,7191,-121.6824,43.995011],[2660,7181,-121.682362,43.995044],[2678,7181,-121.682373,43.995092],[2714,7166,-121.682274,43.995159],[2728,7158,-121.682266,43.995197],[2747,7149,-121.682259,43.995248],[2759,7149,-121.682302,43.995261],[2788,7154,-121.682412,43.995256],[2815,7159,-121.682514,43.995261],[2842,7148,-121.682611,43.995286],[2874,7138,-121.682626,43.995374],[2889,7129,-121.682642,43.995413],[2900,7129,-121.682638,43.995442],[2918,7120,-121.682612,43.99549],[2927,7120,-121.682591,43.995508],[3002,7114,-121.682306,43.995512],[3030,7102,-121.682209,43.995541],[3065,7089,-121.682098,43.995596],[3128,7074,-121.68186,43.99562],[3148,7058,-121.681819,43.995667],[3166,7063,-121.681839,43.995712],[3201,7055,-121.681946,43.995772],[3242,7052,-121.682097,43.995795],[3265,7056,-121.682182,43.995809],[3281,7044,-121.682225,43.995841],[3299,7044,-121.682232,43.995891],[3317,7035,-121.682186,43.995927],[3336,7030,-121.682116,43.995942],[3363,7013,-121.68203,43.995982],[3389,6999,-121.681976,43.996042],[3412,7002,-121.681896,43.996019],[3425,7002,-121.68186,43.995995],[3476,6980,-121.681671,43.996033],[3492,6974,-121.681622,43.996057],[3519,6963,-121.681596,43.996131],[3556,6963,-121.681732,43.996156],[3575,6971,-121.681806,43.996152],[3597,6968,-121.681815,43.996211],[3622,6968,-121.681762,43.996267],[3640,6956,-121.681708,43.996298],[3657,6950,-121.681684,43.996342],[3692,6948,-121.68178,43.996409],[3720,6939,-121.681747,43.996481],[3768,6923,-121.681572,43.99652],[3787,6919,-121.681558,43.996571],[3809,6914,-121.681581,43.99663],[3831,6901,-121.681523,43.996672],[3849,6893,-121.681519,43.996722],[3869,6889,-121.681475,43.996766],[3890,6881,-121.681396,43.99677],[3911,6885,-121.681317,43.996758],[3928,6873,-121.681271,43.996791],[3943,6868,-121.681223,43.996812],[3959,6868,-121.681184,43.996779],[3973,6862,-121.681131,43.996767],[3997,6861,-121.681143,43.996831],[4034,6857,-121.681231,43.99691],[4075,6843,-121.681233,43.997024],[4109,6838,-121.681334,43.997078],[4133,6832,-121.681375,43.997138],[4212,6827,-121.681594,43.997288],[4343,6816,-121.681919,43.99756],[4376,6814,-121.682012,43.997621],[4392,6809,-121.682066,43.997637],[4443,6802,-121.682127,43.997772],[4494,6805,-121.682266,43.99787],[4539,6797,-121.682405,43.997941],[4565,6801,-121.682486,43.997983],[4628,6796,-121.682692,43.998067],[4650,6800,-121.682778,43.998072],[4686,6803,-121.682913,43.998069],[4705,6806,-121.682975,43.998097]]}