{"trail":"Rolling Green","distance":9346,"gain":420,"loss":353,"min":871,"max":1034,"profile":[[0,929,-85.060551,35.045422],[25,921,-85.060614,35.045377],[50,920,-85.060677,35.045332],[74,922,-85.060746,35.045296],[99,923,-85.060828,35.045285],[124,927,-85.060911,35.045274],[149,929,-85.060993,35.045263],[174,931,-85.061076,35.045252],[199,934,-85.061159,35.045242],[224,935,-85.061241,35.045231],[249,936,-85.061324,35.04522],[274,937,-85.061407,35.045209],[299,938,-85.061489,35.045198],[324,938,-85.061572,35.045187],[349,938,-85.061655,35.045176],[374,940,-85.061737,35.045165],[399,939,-85.06182,35.045155],[424,938,-85.061903,35.045144],[448,938,-85.06197,35.045107],[473,940,-85.062031,35.04506],[498,939,-85.062093,35.045014],[523,940,-85.062155,35.044968],[548,941,-85.062216,35.044921],[573,941,-85.062278,35.044875],[598,940,-85.062339,35.044828],[623,941,-85.062401,35.044782],[648,941,-85.062463,35.044737],[673,941,-85.062544,35.044755],[698,946,-85.062625,35.044773],[720,953,-85.062698,35.044782],[745,951,-85.062703,35.044714],[770,951,-85.062709,35.044646],[795,951,-85.062715,35.044577],[820,955,-85.062721,35.044509],[845,956,-85.062726,35.044441],[870,957,-85.062732,35.044372],[895,958,-85.062738,35.044304],[919,961,-85.062769,35.044242],[944,962,-85.062815,35.044185],[969,965,-85.06286,35.044127],[994,967,-85.062905,35.04407],[1003,967,-85.062931,35.04406],[1028,969,-85.062925,35.044129],[1053,970,-85.062919,35.044197],[1078,972,-85.062914,35.044266],[1103,972,-85.062908,35.044334],[1128,972,-85.062902,35.044402],[1153,971,-85.062897,35.044471],[1178,970,-85.062891,35.044539],[1203,965,-85.062885,35.044607],[1228,965,-85.06288,35.044676],[1253,965,-85.062874,35.044744],[1278,966,-85.062869,35.044813],[1303,966,-85.062863,35.044881],[1328,966,-85.062857,35.044949],[1353,966,-85.062852,35.045018],[1377,967,-85.062853,35.045085],[1402,969,-85.062882,35.04515],[1427,975,-85.06291,35.045214],[1452,980,-85.062938,35.045279],[1471,980,-85.062922,35.045327],[1496,977,-85.062844,35.045351],[1521,980,-85.062765,35.045375],[1546,981,-85.062687,35.0454],[1571,982,-85.062609,35.045424],[1596,977,-85.062531,35.045448],[1621,974,-85.062452,35.045472],[1646,969,-85.062374,35.045497],[1666,970,-85.062335,35.045541],[1691,973,-85.062342,35.04561],[1716,974,-85.062348,35.045678],[1741,975,-85.062354,35.045746],[1766,976,-85.062361,35.045815],[1791,977,-85.062367,35.045883],[1816,978,-85.062374,35.045951],[1841,983,-85.06238,35.04602],[1866,984,-85.062386,35.046088],[1891,985,-85.062393,35.046156],[1915,986,-85.062388,35.046224],[1940,983,-85.062369,35.046291],[1965,985,-85.062351,35.046358],[1990,984,-85.062332,35.046424],[2015,989,-85.062313,35.046491],[2040,992,-85.062294,35.046558],[2065,990,-85.062275,35.046625],[2090,993,-85.062257,35.046691],[2115,991,-85.062238,35.046758],[2140,992,-85.062219,35.046825],[2165,991,-85.062195,35.04689],[2190,991,-85.062148,35.046947],[2215,991,-85.062101,35.047004],[2240,990,-85.062055,35.04706],[2265,992,-85.062008,35.047117],[2290,991,-85.061961,35.047174],[2315,992,-85.061914,35.047231],[2340,992,-85.061867,35.047287],[2365,991,-85.06182,35.047344],[2390,989,-85.061773,35.047401],[2415,987,-85.061727,35.047458],[2440,987,-85.06168,35.047515],[2465,989,-85.061655,35.047579],[2490,988,-85.061639,35.047646],[2515,990,-85.061622,35.047713],[2540,991,-85.061606,35.047781],[2565,990,-85.061589,35.047848],[2590,990,-85.061573,35.047915],[2615,990,-85.061556,35.047982],[2640,991,-85.06154,35.048049],[2664,991,-85.061487,35.048101],[2689,990,-85.06143,35.048151],[2714,992,-85.061373,35.048201],[2739,993,-85.061316,35.048251],[2764,994,-85.061258,35.048301],[2781,994,-85.061209,35.048321],[2806,996,-85.061183,35.048256],[2831,998,-85.061156,35.048191],[2856,998,-85.06113,35.048126],[2880,996,-85.061095,35.048065],[2905,999,-85.06103,35.048022],[2930,995,-85.060965,35.047979],[2955,996,-85.0609,35.047936],[2980,996,-85.060835,35.047893],[3005,1000,-85.060771,35.047849],[3029,996,-85.060801,35.04779],[3054,994,-85.06084,35.047729],[3079,992,-85.060878,35.047668],[3104,990,-85.060916,35.047607],[3129,995,-85.060955,35.047546],[3154,994,-85.060993,35.047485],[3179,993,-85.061032,35.047424],[3204,990,-85.06107,35.047364],[3229,989,-85.061108,35.047303],[3254,990,-85.061123,35.047235],[3279,987,-85.061138,35.047168],[3304,988,-85.061152,35.0471],[3329,988,-85.061166,35.047033],[3354,983,-85.061181,35.046965],[3379,982,-85.061195,35.046898],[3404,985,-85.061169,35.046832],[3429,984,-85.061143,35.046767],[3454,985,-85.061117,35.046702],[3479,983,-85.061091,35.046637],[3504,984,-85.061065,35.046572],[3529,985,-85.061039,35.046507],[3554,983,-85.061013,35.046442],[3579,984,-85.060987,35.046377],[3604,980,-85.060961,35.046311],[3629,979,-85.060935,35.046246],[3654,978,-85.060909,35.046181],[3679,973,-85.060882,35.046116],[3704,971,-85.060856,35.046051],[3729,969,-85.06083,35.045986],[3753,967,-85.060798,35.045924],[3778,967,-85.060736,35.045878],[3803,966,-85.060673,35.045833],[3828,967,-85.060611,35.045787],[3853,965,-85.060548,35.045742],[3878,962,-85.060486,35.045696],[3903,959,-85.060423,35.045651],[3928,957,-85.060341,35.045664],[3953,956,-85.060259,35.045677],[3975,954,-85.060196,35.045709],[4000,953,-85.060163,35.045772],[4025,951,-85.060131,35.045836],[4050,949,-85.060098,35.045899],[4075,950,-85.060066,35.045962],[4100,947,-85.060036,35.046025],[4125,947,-85.060031,35.046094],[4150,947,-85.060026,35.046162],[4175,948,-85.060021,35.046231],[4200,949,-85.060016,35.046299],[4225,950,-85.060011,35.046368],[4250,952,-85.060006,35.046436],[4275,954,-85.060001,35.046504],[4300,956,-85.059996,35.046573],[4318,958,-85.059963,35.046612],[4343,964,-85.059881,35.046601],[4365,961,-85.059852,35.046545],[4390,964,-85.059836,35.046478],[4415,961,-85.059821,35.04641],[4440,957,-85.059805,35.046343],[4465,955,-85.05979,35.046276],[4490,948,-85.059774,35.046208],[4515,942,-85.059758,35.046141],[4540,942,-85.059743,35.046074],[4565,940,-85.059727,35.046006],[4590,941,-85.059712,35.045939],[4615,939,-85.059696,35.045872],[4640,938,-85.05968,35.045804],[4665,938,-85.059665,35.045737],[4690,937,-85.059649,35.04567],[4715,932,-85.059634,35.045602],[4740,930,-85.059602,35.04554],[4765,928,-85.059562,35.045479],[4790,928,-85.059523,35.045419],[4815,929,-85.059483,35.045359],[4840,929,-85.059443,35.045298],[4865,928,-85.059404,35.045238],[4890,929,-85.059364,35.045178],[4915,927,-85.059324,35.045117],[4940,924,-85.059285,35.045057],[4965,917,-85.059245,35.044997],[4990,916,-85.059205,35.044936],[5014,911,-85.059155,35.044885],[5039,909,-85.059081,35.044852],[5064,909,-85.059007,35.04482],[5089,908,-85.058933,35.044788],[5114,910,-85.05886,35.044755],[5139,908,-85.058786,35.044723],[5164,907,-85.058712,35.04469],[5189,905,-85.058638,35.044658],[5214,902,-85.058565,35.044626],[5239,900,-85.058491,35.044593],[5264,899,-85.058417,35.044561],[5289,897,-85.058343,35.044529],[5314,897,-85.05827,35.044496],[5339,897,-85.058196,35.044464],[5364,897,-85.058122,35.044431],[5389,897,-85.058048,35.044399],[5414,896,-85.057975,35.044367],[5439,898,-85.057901,35.044334],[5464,897,-85.057827,35.044302],[5489,897,-85.057753,35.044269],[5514,898,-85.057683,35.044233],[5539,895,-85.057623,35.044186],[5564,897,-85.057562,35.044138],[5589,898,-85.057502,35.04409],[5614,894,-85.057442,35.044043],[5639,897,-85.057382,35.043995],[5664,896,-85.057322,35.043947],[5689,896,-85.057262,35.0439],[5714,896,-85.057202,35.043852],[5739,894,-85.057141,35.043804],[5764,895,-85.057081,35.043757],[5788,895,-85.057024,35.043707],[5813,892,-85.056982,35.043648],[5838,889,-85.056939,35.043589],[5863,888,-85.056896,35.04353],[5888,886,-85.056854,35.043471],[5913,883,-85.056811,35.043412],[5938,882,-85.056768,35.043353],[5963,879,-85.056726,35.043294],[5988,876,-85.056678,35.043239],[6013,878,-85.056603,35.04321],[6038,877,-85.056528,35.04318],[6063,877,-85.056452,35.043151],[6088,876,-85.056377,35.043121],[6113,875,-85.056301,35.043091],[6138,874,-85.056226,35.043062],[6162,875,-85.056155,