{"trail":"Roundabout","distance":16580,"gain":237,"loss":211,"min":4154,"max":4384,"profile":[[0,4155,-121.449468,43.899361],[91,4155,-121.449361,43.899597],[182,4155,-121.449253,43.899834],[262,4155,-121.449135,43.900036],[342,4155,-121.449017,43.900237],[416,4155,-121.448914,43.900428],[491,4155,-121.44881,43.900619],[565,4155,-121.448707,43.900809],[641,4155,-121.44852,43.900968],[717,4155,-121.448332,43.901126],[793,4155,-121.448145,43.901284],[869,4155,-121.447957,43.901443],[938,4155,-121.447856,43.901618],[1008,4155,-121.447755,43.901793],[1077,4155,-121.447654,43.901968],[1165,4155,-121.447605,43.902208],[1254,4155,-121.447556,43.902448],[1353,4155,-121.447629,43.902715],[1420,4155,-121.447615,43.902898],[1487,4155,-121.447602,43.90308],[1553,4154,-121.447588,43.903263],[1628,4155,-121.447511,43.903461],[1703,4154,-121.447434,43.903659],[1771,4154,-121.447345,43.903832],[1838,4155,-121.447255,43.904006],[1906,4155,-121.447166,43.904179],[1985,4154,-121.446993,43.904356],[2064,4154,-121.44682,43.904534],[2139,4154,-121.446605,43.904668],[2213,4154,-121.44639,43.904801],[2281,4154,-121.446157,43.904878],[2348,4154,-121.445924,43.904956],[2415,4154,-121.445691,43.905033],[2512,4154,-121.445465,43.905242],[2609,4154,-121.445239,43.905451],[2695,4154,-121.444997,43.905609],[2780,4154,-121.444755,43.905767],[2866,4154,-121.444513,43.905925],[2984,4155,-121.444246,43.906184],[3054,4155,-121.444115,43.906351],[3124,4155,-121.443983,43.906519],[3220,4155,-121.443918,43.906776],[3328,4154,-121.444187,43.906999],[3436,4152,-121.444564,43.907122],[3536,4156,-121.444849,43.907303],[3639,4160,-121.444981,43.907569],[3660,4162,-121.445029,43.907613],[3696,4161,-121.44516,43.907584],[3749,4162,-121.445334,43.907507],[3779,4162,-121.445435,43.907469],[3813,4166,-121.445557,43.90749],[3866,4174,-121.445719,43.907581],[3911,4180,-121.44581,43.907685],[3952,4184,-121.445929,43.907757],[4026,4188,-121.446074,43.90793],[4154,4193,-121.446537,43.90804],[4231,4196,-121.4467,43.908215],[4277,4198,-121.446872,43.908239],[4356,4201,-121.447072,43.908403],[4439,4210,-121.447205,43.908607],[4492,4217,-121.447342,43.908716],[4539,4219,-121.447497,43.908777],[4588,4224,-121.447542,43.908909],[4650,4228,-121.447734,43.909006],[4715,4233,-121.447897,43.909139],[4771,4239,-121.447819,43.909281],[4811,4241,-121.447868,43.909386],[4840,4244,-121.447826,43.90946],[4912,4247,-121.44763,43.909596],[4996,4250,-121.4474,43.909758],[5026,4252,-121.447335,43.909826],[5071,4255,-121.447371,43.909947],[5105,4258,-121.447341,43.910036],[5198,4261,-121.447097,43.910223],[5257,4264,-121.447145,43.910381],[5284,4267,-121.447174,43.910451],[5301,4267,-121.447233,43.910473],[5337,4268,-121.447277,43.910566],[5369,4269,-121.447198,43.91063],[5449,4275,-121.447353,43.910818],[5514,4278,-121.447556,43.910922],[5584,4282,-121.44766,43.9111],[5658,4286,-121.447917,43.911177],[5746,4292,-121.448133,43.911363],[5842,4297,-121.448498,43.911356],[5939,4302,-121.448572,43.911618],[5973,4305,-121.448657,43.911688],[5996,4305,-121.448739,43.911669],[6037,4307,-121.448896,43.911668],[6079,4309,-121.449053,43.911692],[6137,4310,-121.449103,43.911846],[6162,4311,-121.449141,43.911909],[6198,4313,-121.449223,43.911988],[6237,4315,-121.449247,43.912093],[6322,4316,-121.449205,43.912326],[6392,4320,-121.449381,43.912469],[6477,4324,-121.449413,43.912699],[6519,4326,-121.449535,43.912773],[6555,4329,-121.449572,43.912869],[6623,4331,-121.449672,43.913041],[6691,4335,-121.449932,43.913032],[6741,4338,-121.450082,43.913115],[6824,4342,-121.450249,43.913308],[6859,4344,-121.450377,43.913336],[6888,4346,-121.450465,43.913292],[6942,4349,-121.450672,43.913291],[6981,4353,-121.450817,43.913313],[7032,4357,-121.450978,43.913234],[7059,4358,-121.451078,43.913217],[7087,4361,-121.451183,43.913219],[7140,4365,-121.4513,43.913337],[7235,4370,-121.451598,43.913487],[7292,4373,-121.451812,43.913476],[7330,4375,-121.451913,43.913402],[7363,4377,-121.451978,43.913323],[7407,4378,-121.451969,43.913203],[7478,4383,-121.452013,43.91301],[7530,4384,-121.451956,43.912875],[7550,4385,-121.451979,43.912821],[7569,4386,-121.452033,43.912789],[7609,4386,-121.45218,43.912758],[7653,4387,-121.452155,43.912637],[7721,4387,-121.452264,43.912468],[7808,4382,-121.452104,43.912261],[7887,4379,-121.452247,43.912068],[7942,4380,-121.452438,43.912006],[7967,4378,-121.452474,43.911943],[8005,4376,-121.452541,43.911851],[8047,4381,-121.452697,43.911828],[8099,4383,-121.452859,43.911746],[8206,4375,-121.452997,43.911471],[8243,4374,-121.453085,43.911389],[8338,4380,-121.453445,43.911387],[8377,4377,-121.453564,43.911324],[8407,4378,-121.453675,43.911343],[8448,4383,-121.453795,43.911413],[8527,4385,-121.454094,43.911434],[8553,4385,-121.454122,43.911364],[8637,4383,-121.454344,43.911199],[8713,4381,-121.454631,43.91117],[8744,4376,-121.45472,43.911115],[8782,4380,-121.454851,43.911161],[8805,4382,-121.454921,43.911198],[8832,4379,-121.454995,43.911146],[8898,4374,-121.455227,43.911072],[8965,4370,-121.455458,43.910999],[9020,4370,-121.455608,43.910892],[9081,4369,-121.455837,43.910874],[9140,4368,-121.456002,43.910764],[9197,4371,-121.456127,43.910636],[9263,4369,-121.456068,43.910461],[9296,4370,-121.45612,43.910378],[9401,4371,-121.456414,43.910185],[9478,4367,-121.456492,43.909981],[9551,4361,-121.456503,43.909779],[9626,4357,-121.456716,43.909646],[9722,4348,-121.456994,43.909475],[9762,4347,-121.457082,43.909386],[9815,4348,-121.45707,43.909241],[9908,4349,-121.45741,43.909166],[9981,4350,-121.457553,43.908994],[10055,4349,-121.457696,43.908822],[10131,4350,-121.457953,43.908722],[10234,4349,-121.458145,43.908476],[10344,4345,-121.457969,43.908203],[10385,4344,-121.457921,43.908097],[10455,4337,-121.457837,43.907915],[10523,4331,-121.457998,43.907766],[10592,4331,-121.458159,43.907618],[10661,4320,-121.45832,43.90747],[10743,4332,-121.45863,43.907442],[10825,4333,-121.45894,43.907413],[10914,4328,-121.459236,43.907294],[11009,4328,-121.459576,43.907205],[11043,4333,-121.459704,43.907192],[11071,4332,-121.459728,43.907117],[11091,4330,-121.459757,43.907068],[11170,4327,-121.459825,43.906857],[11200,4325,-121.459839,43.906773],[11226,4321,-121.459778,43.906717],[11320,4323,-121.459896,43.906474],[11369,4322,-121.459772,43.906374],[11416,4325,-121.459638,43.906289],[11517,4314,-121.459257,43.906253],[11573,4315,-121.459136,43.906125],[11603,4318,-121.459171,43.906048],[11653,4316,-121.459061,43.905935],[11688,4315,-121.458945,43.90589],[11748,4313,-121.458875,43.905733],[11864,4315,-121.45904,43.905438],[11925,4313,-121.459086,43.905275],[11972,4311,-121.459063,43.905149],[12017,4308,-121.459024,43.905028],[12040,4307,-121.458935,43.90503],[12072,4304,-121.458849,43.904967],[12125,4298,-121.458916,43.904832],[12171,4290,-121.458982,43.904714],[12208,4282,-121.458912,43.904625],[12250,4280,-121.45888,43.904514],[12294,4274,-121.458743,43.904446],[12358,4270,-121.458544,43.904345],[12405,4271,-121.458363,43.904328],[12485,4273,-121.458076,43.904396],[12546,4276,-121.457924,43.904524],[12602,4271,-121.457717,43.904499],[12733,4263,-121.457477,43.904184],[12829,4259,-121.457128,43.904105],[12948,4250,-121.456989,43.903793],[12998,4247,-121.456812,43.903742],[13045,4245,-121.456636,43.903759],[13074,4243,-121.45653,43.903733],[13113,4240,-121.456424,43.903659],[13145,4238,-121.456307,43.903635],[13212,4234,-121.456192,43.903472],[13279,4228,-121.455938,43.903442],[13379,4222,-121.455783,43.903194],[13447,4218,-121.455598,43.903064],[13530,4213,-121.455283,43.903036],[13617,4205,-121.455044,43.902871],[13710,4200,-121.454695,43.902831],[13788,4196,-121.454536,43.90265],[13874,4192,-121.454209,43.902646],[13979,4185,-121.454032,43.902386],[14045,4185,-121.454143,43.902225],[14108,4187,-121.454301,43.902094],[14157,4186,-121.45433,43.901962],[14242,4183,-121.454238,43.90174],[14317,4185,-121.454414,43.901577],[14341,4184,-121.454446,43.901514],[14370,4184,-121.454415,43.90144],[14398,4181,-121.454369,43.901371],[14424,4182,-121.454379,43.901297],