{"trail":"Royal Flush","distance":6614,"gain":0,"loss":259,"min":4514,"max":4778,"profile":[[0,4781,-121.492264,43.93449],[13,4781,-121.492245,43.934521],[31,4780,-121.492217,43.934567],[91,4778,-121.49199,43.934594],[128,4776,-121.491855,43.934623],[182,4773,-121.491659,43.934664],[206,4771,-121.491595,43.934618],[246,4770,-121.491456,43.934569],[291,4767,-121.491287,43.934564],[350,4764,-121.49106,43.934581],[400,4762,-121.490878,43.934611],[466,4757,-121.490648,43.934684],[532,4754,-121.490421,43.934762],[568,4750,-121.490283,43.934764],[611,4744,-121.490134,43.934718],[678,4740,-121.489901,43.93464],[754,4736,-121.489644,43.934545],[810,4733,-121.489451,43.934482],[858,4728,-121.489285,43.934423],[899,4727,-121.489153,43.934362],[945,4723,-121.489025,43.93428],[972,4722,-121.488927,43.934255],[995,4720,-121.488842,43.934275],[1070,4715,-121.488558,43.934289],[1134,4709,-121.488322,43.934333],[1172,4705,-121.488176,43.934331],[1219,4703,-121.488034,43.934255],[1255,4702,-121.48794,43.934182],[1314,4699,-121.487723,43.934143],[1383,4697,-121.487466,43.934104],[1444,4694,-121.487233,43.934095],[1479,4693,-121.487103,43.934073],[1505,4691,-121.48702,43.934034],[1573,4688,-121.486814,43.933922],[1652,4685,-121.486553,43.933812],[1685,4684,-121.486428,43.933814],[1731,4683,-121.486259,43.933841],[1766,4683,-121.486164,43.933909],[1801,4682,-121.486029,43.933914],[1828,4681,-121.48593,43.933924],[1872,4681,-121.485771,43.93396],[1953,4678,-121.485478,43.93389],[1997,4677,-121.485309,43.933905],[2057,4675,-121.485086,43.93387],[2114,4673,-121.484951,43.933749],[2184,4671,-121.484789,43.933595],[2239,4669,-121.484606,43.933522],[2280,4667,-121.484454,43.933503],[2321,4667,-121.484299,43.933521],[2372,4665,-121.484112,43.933488],[2436,4662,-121.483883,43.933425],[2514,4658,-121.483605,43.933349],[2601,4653,-121.483345,43.933201],[2671,4650,-121.483149,43.933074],[2713,4649,-121.48299,43.93305],[2768,4650,-121.482784,43.933033],[2848,4652,-121.482492,43.933102],[2945,4653,-121.482131,43.93316],[2996,4653,-121.481938,43.933157],[3045,4653,-121.481753,43.933174],[3085,4652,-121.4816,43.933174],[3108,4653,-121.481524,43.933205],[3126,4653,-121.481475,43.93324],[3173,4655,-121.481506,43.933366],[3212,4658,-121.481523,43.933471],[3246,4659,-121.481472,43.933559],[3277,4660,-121.481398,43.933624],[3305,4660,-121.481292,43.933619],[3335,4658,-121.481212,43.933559],[3377,4657,-121.481181,43.933447],[3412,4653,-121.481087,43.933381],[3456,4652,-121.480934,43.933327],[3499,4649,-121.480782,43.933289],[3536,4648,-121.48064,43.933284],[3596,4645,-121.480417,43.933313],[3615,4644,-121.480343,43.933318],[3676,4641,-121.480116,43.933279],[3722,4637,-121.479944,43.933254],[3780,4633,-121.479748,43.933184],[3843,4627,-121.479589,43.933055],[3889,4624,-121.479487,43.932953],[3952,4619,-121.479295,43.932848],[3987,4615,-121.479169,43.932814],[4049,4613,-121.47894,43.932785],[4133,4607,-121.478632,43.932721],[4197,4601,-121.478388,43.932709],[4249,4599,-121.478189,43.932704],[4317,4595,-121.477936,43.93267],[4380,4593,-121.477698,43.932643],[4467,4586,-121.477373,43.932676],[4532,4584,-121.477144,43.932748],[4617,4579,-121.476854,43.932853],[4697,4577,-121.47659,43.932958],[4799,4572,-121.476245,43.933087],[4872,4571,-121.476025,43.933208],[4938,4564,-121.475779,43.93325],[4984,4564,-121.47564,43.933327],[5046,4562,-121.475437,43.933413],[5123,4557,-121.475146,43.93343],[5168,4553,-121.474974,43.933442],[5223,4549,-121.474787,43.933508],[5308,4544,-121.47448,43.933583],[5365,4541,-121.474267,43.933554],[5413,4539,-121.474104,43.933496],[5443,4537,-121.474027,43.933433],[5486,4537,-121.473875,43.933396],[5560,4535,-121.473594,43.933414],[5647,4534,-121.473265,43.933454],[5771,4531,-121.4728,43.933506],[5841,4529,-121.472536,43.933483],[5932,4525,-121.472239,43.933356],[6054,4521,-121.471774,43.933338],[6145,4520,-121.471429,43.933333],[6235,4519,-121.471084,43.933327],[6356,4515,-121.470627,43.933281],[6475,4512,-121.470186,43.933344],[6569,4508,-121.469841,43.933414],[6614,4506,-121.469668,43.933419]]}