{"trail":"Sand Canyon","distance":10872,"gain":1011,"loss":0,"min":3664,"max":4676,"profile":[[0,3664,-121.043251,43.945932],[25,3665,-121.043231,43.945865],[54,3665,-121.043178,43.945796],[65,3665,-121.04315,43.945771],[104,3665,-121.043104,43.945671],[146,3665,-121.043094,43.945557],[212,3665,-121.043166,43.945383],[277,3665,-121.043246,43.945213],[331,3665,-121.043292,43.945069],[373,3664,-121.043339,43.944959],[417,3664,-121.043375,43.944843],[470,3664,-121.043538,43.944754],[501,3664,-121.043644,43.944718],[564,3663,-121.04388,43.944688],[641,3663,-121.044174,43.944699],[720,3663,-121.04447,43.944728],[798,3664,-121.044767,43.944756],[869,3664,-121.045027,43.944709],[926,3664,-121.045207,43.944624],[974,3664,-121.045309,43.944514],[1043,3665,-121.045344,43.944325],[1114,3667,-121.045334,43.94413],[1175,3668,-121.045394,43.943971],[1221,3670,-121.045479,43.94386],[1280,3671,-121.045661,43.943767],[1334,3672,-121.04583,43.943682],[1392,3673,-121.046029,43.943611],[1433,3674,-121.046161,43.94355],[1466,3675,-121.046262,43.943499],[1525,3676,-121.046466,43.943427],[1569,3677,-121.046623,43.943388],[1599,3677,-121.046736,43.943372],[1673,3679,-121.046989,43.943283],[1703,3680,-121.047073,43.943229],[1742,3680,-121.047133,43.94313],[1772,3680,-121.047163,43.943051],[1806,3681,-121.047139,43.942958],[1862,3681,-121.047083,43.942812],[1937,3682,-121.046983,43.94262],[2052,3682,-121.046805,43.942332],[2138,3684,-121.046662,43.942119],[2185,3687,-121.046582,43.942004],[2226,3691,-121.0465,43.941909],[2298,3693,-121.046328,43.941755],[2326,3695,-121.046254,43.941699],[2360,3696,-121.0462,43.941616],[2394,3698,-121.046149,43.941527],[2427,3699,-121.04611,43.941441],[2449,3700,-121.046082,43.941385],[2472,3702,-121.046084,43.941322],[2497,3703,-121.046105,43.941257],[2575,3708,-121.0462,43.941052],[2617,3712,-121.046238,43.940942],[2645,3715,-121.046253,43.940866],[2658,3717,-121.04624,43.94083],[2676,3718,-121.046217,43.940785],[2703,3719,-121.046202,43.940712],[2717,3721,-121.0462,43.940673],[2827,3733,-121.046039,43.940395],[2901,3744,-121.045956,43.940202],[2943,3750,-121.045946,43.940086],[2987,3757,-121.045973,43.939965],[3041,3763,-121.046032,43.939825],[3100,3776,-121.046146,43.939684],[3124,3780,-121.046154,43.93962],[3167,3783,-121.046121,43.939505],[3216,3789,-121.04601,43.939398],[3259,3796,-121.045911,43.939303],[3305,3796,-121.045804,43.939201],[3359,3800,-121.045685,43.939082],[3404,3803,-121.045627,43.938967],[3455,3810,-121.045599,43.938827],[3476,3814,-121.045591,43.938771],[3508,3820,-121.045591,43.938683],[3543,3822,-121.045588,43.938587],[3571,3823,-121.045533,43.93852],[3613,3828,-121.045469,43.938416],[3633,3830,-121.045462,43.93836],[3696,3839,-121.045483,43.93819],[3739,3843,-121.045502,43.938072],[3783,3850,-121.045489,43.937951],[3825,3850,-121.045467,43.937837],[3878,3853,-121.045449,43.937692],[3930,3859,-121.045481,43.937552],[3985,3862,-121.045518,43.937404],[4041,3869,-121.045573,43.937256],[4148,3880,-121.045685,43.936973],[4261,3890,-121.045813,43.936679],[4315,3897,-121.045869,43.936536],[4378,3907,-121.045933,43.93637],[4465,3922,-121.046016,43.936137],[4531,3932,-121.046103,43.935968],[4605,3938,-121.046135,43.935767],[4646,3945,-121.046133,43.935655],[4692,3951,-121.046146,43.935529],[4782,3964,-121.046157,43.935281],[4834,3972,-121.046136,43.93514],[4886,3980,-121.046101,43.934999],[4948,3992,-121.046119,43.934829],[5028,4011,-121.046178,43.934616],[5083,4020,-121.04618,43.934464],[5126,4029,-121.046155,43.934348],[5155,4033,-121.046157,43.934269],[5186,4037,-121.046191,43.934187],[5224,4045,-121.04618,43.934084],[5257,4053,-121.046167,43.933994],[5308,4062,-121.046166,43.933854],[5378,4076,-121.046188,43.933663],[5426,4084,-121.046229,43.933535],[5463,4093,-121.046245,43.933433],[5501,4097,-121.046249,43.93333],[5540,4103,-121.046246,43.933223],[5567,4107,-121.046243,43.933147],[5599,4116,-121.046239,43.93306],[5622,4120,-121.04624,43.932997],[5644,4123,-121.046283,43.932947],[5673,4132,-121.046342,43.932878],[5710,4135,-121.046379,43.932781],[5742,4140,-121.046407,43.932696],[5814,4149,-121.046414,43.932499],[5893,4163,-121.046403,43.932283],[5958,4173,-121.046446,43.932105],[6038,4185,-121.046466,43.931886],[6101,4193,-121.046478,43.931715],[6156,4203,-121.046488,43.931565],[6215,4211,-121.046522,43.931404],[6279,4217,-121.046571,43.931233],[6370,4226,-121.046631,43.930987],[6434,4237,-121.046694,43.930818],[6487,4242,-121.046748,43.930677],[6527,4248,-121.046788,43.930572],[6557,4250,-121.046812,43.930491],[6596,4257,-121.046874,43.930395],[6633,4259,-121.046921,43.930299],[6685,4269,-121.047003,43.93017],[6700,4280,-121.047041,43.930139],[6735,4289,-121.047159,43.930093],[6824,4308,-121.047436,43.929951],[6864,4316,-121.047509,43.929855],[6879,4323,-121.047563,43.929843],[6895,4329,-121.047622,43.929848],[6903,4329,-121.047652,43.929855],[6937,4335,-121.047781,43.929852],[6957,4341,-121.047847,43.929822],[6971,4341,-121.047864,43.929786],[6989,4341,-121.047873,43.929738],[7001,4347,-121.047896,43.929708],[7022,4348,-121.047943,43.929663],[7036,4348,-121.047948,43.929623],[7056,4349,-121.047937,43.929569],[7076,4351,-121.047933,43.929517],[7112,4356,-121.047944,43.929416],[7145,4360,-121.047918,43.929327],[7170,4364,-121.047898,43.929262],[7183,4367,-121.047895,43.929226],[7208,4372,-121.047929,43.929162],[7240,4379,-121.047985,43.929085],[7256,4383,-121.048005,43.929043],[7275,4387,-121.048013,43.928991],[7303,4392,-121.048023,43.928916],[7342,4401,-121.048032,43.928807],[7373,4406,-121.048063,43.928727],[7390,4410,-121.048089,43.928684],[7404,4410,-121.048104,43.928645],[7417,4414,-121.048119,43.928612],[7441,4420,-121.048166,43.928555],[7453,4420,-121.048182,43.928525],[7473,4424,-121.048196,43.928471],[7484,4424,-121.048208,43.928443],[7498,4428,-121.048241,43.928411],[7513,4428,-121.048278,43.928382],[7524,4431,-121.048298,43.928353],[7550,4435,-121.048337,43.92829],[7577,4438,-121.048382,43.928223],[7621,4443,-121.048496,43.928134],[7641,4447,-121.048516,43.928082],[7668,4450,-121.048606,43.928044],[7699,4454,-121.048694,43.927988],[7719,4456,-121.048751,43.927951],[7737,4459,-121.048783,43.927909],[7773,4464,-121.048846,43.927819],[7811,4470,-121.048916,43.927729],[7842,4474,-121.049,43.92767],[7859,4477,-121.049036,43.927632],[7876,4477,-121.049064,43.92759],[7893,4482,-121.049098,43.92755],[7915,4485,-121.049133,43.927496],[7929,4485,-121.04916,43.927461],[7944,4488,-121.04916,43.92742],[7956,4488,-121.049157,43.927387],[7971,4490,-121.049161,43.927346],[7986,4496,-121.049193,43.927313],[8000,4496,-121.0492,43.927276],[8013,4499,-121.049188,43.92724],[8024,4499,-121.049187,43.927211],[8032,4502,-121.049203,43.927192],[8042,4502,-121.049232,43.927175],[8054,4504,-121.049272,43.927155],[8066,4507,-121.049308,43.927138],[8080,4507,-121.049335,43.927104],[8101,4511,-121.049381,43.927056],[8125,4514,-121.049412,43.926994],[8159,4519,-121.04946,43.926906],[8182,4522,-121.049495,43.926849],[8193,4524,-121.049527,43.92683],[8212,4527,-121.049584,43.9268],[8231,4531,-121.049635,43.926764],[8256,4535,-121.049685,43.926705],[8278,4535,-121.049724,43.926651],[8358,4544,-121.049847,43.926452],[8422,4550,-121.049964,43.926297],[8488,4553,-121.050042,43.926125],[8513,4553,-121.050054,43.926056],[8530,4552,-121.050076,43.926013],[8548,4552,-121.050101,43.925966],[8568,4556,-121.050117,43.925912],[8624,4553,-121.050133,43.92576],[8662,4551,-121.050122,43.925655],[8694,4547,-121.05008,43.925573],[8733,4545,-121.050004,43.925483],[8805,4554,-121.049888,43.925304],[8872,4569,-121.049754,43.925146],[8903,4575,-121.049673,43.925086],[8965,4585,-121.049496,43.924972],[9016,4589,-121.049353,43.924879],[9039,4592,-121.049285,43.924839],[9058,4592,-121.049223,43.924813],[9078,4591,-121.049149,43.924806],[9102,4594,-121.049061,43.924783],[9143,4594,-121.048912,43.924749],[9231,4598,-121.048607,43.924653],[9266,4597,-121.048476,43.924625],[9287,4600,-121.048412,43.924593],[9309,4600,-121.048338,43.924564],[9331,4601,-121.048263,