{"trail":"Sawtooth Mountain","distance":11758,"gain":156,"loss":1062,"min":5548,"max":6479,"profile":[[0,6452,-122.119718,43.379348],[50,6453,-122.119904,43.379374],[93,6453,-122.120059,43.379402],[114,6456,-122.120054,43.37946],[173,6456,-122.119835,43.379495],[239,6458,-122.119599,43.379546],[304,6462,-122.119356,43.379579],[359,6456,-122.119164,43.379634],[440,6428,-122.118927,43.379776],[517,6408,-122.118638,43.379801],[540,6395,-122.118648,43.379862],[580,6398,-122.118788,43.379905],[605,6387,-122.118796,43.379973],[636,6373,-122.11868,43.379982],[749,6343,-122.118316,43.380142],[839,6318,-122.117991,43.380212],[903,6289,-122.117784,43.380304],[1003,6251,-122.117492,43.380477],[1067,6249,-122.117269,43.380542],[1092,6254,-122.117188,43.380579],[1141,6251,-122.117059,43.380676],[1219,6249,-122.116828,43.380809],[1296,6248,-122.11658,43.380916],[1372,6254,-122.116333,43.381022],[1453,6244,-122.116096,43.381162],[1543,6225,-122.115891,43.38136],[1634,6217,-122.115685,43.381558],[1716,6212,-122.115595,43.381772],[1797,6214,-122.115505,43.381986],[1870,6227,-122.115269,43.382088],[1946,6208,-122.11529,43.382295],[1992,6209,-122.115143,43.382363],[2089,6215,-122.114856,43.38253],[2124,6223,-122.11477,43.382603],[2150,6233,-122.114736,43.382668],[2248,6241,-122.114691,43.382934],[2303,6243,-122.114694,43.383087],[2362,6243,-122.11473,43.383245],[2445,6238,-122.114816,43.383464],[2499,6235,-122.114898,43.383599],[2585,6227,-122.115081,43.383795],[2636,6223,-122.115118,43.383931],[2747,6229,-122.115023,43.384229],[2806,6235,-122.114992,43.384387],[2848,6235,-122.114993,43.384504],[2920,6234,-122.114965,43.3847],[2992,6235,-122.114938,43.384895],[3063,6245,-122.11491,43.385091],[3136,6252,-122.114909,43.385289],[3208,6261,-122.114908,43.385486],[3325,6276,-122.114995,43.385801],[3397,6288,-122.114983,43.385998],[3479,6301,-122.114946,43.386222],[3562,6317,-122.114909,43.386447],[3629,6333,-122.114802,43.386613],[3670,6340,-122.114777,43.386726],[3729,6346,-122.114779,43.386888],[3810,6365,-122.114823,43.387106],[3859,6378,-122.11482,43.387241],[3899,6393,-122.114837,43.387349],[3990,6426,-122.114501,43.387292],[4069,6438,-122.11463,43.387486],[4141,6448,-122.114689,43.387678],[4176,6466,-122.114691,43.387775],[4214,6492,-122.114648,43.387875],[4240,6500,-122.114585,43.387928],[4282,6527,-122.114469,43.388006],[4363,6518,-122.114164,43.387983],[4397,6498,-122.114035,43.387979],[4436,6493,-122.114095,43.388075],[4479,6458,-122.11413,43.388191],[4521,6427,-122.114125,43.388305],[4546,6414,-122.11409,43.388369],[4584,6395,-122.113989,43.388444],[4667,6363,-122.113715,43.388553],[4734,6353,-122.113467,43.388592],[4763,6351,-122.113372,43.388632],[4792,6344,-122.113301,43.38869],[4827,6330,-122.113262,43.388782],[4944,6295,-122.113278,43.389104],[5073,6276,-122.113357,43.389453],[5165,6262,-122.11336,43.389704],[5236,6245,-122.113321,43.389898],[5308,6239,-122.113282,43.390091],[5380,6231,-122.11328,43.390288],[5451,6221,-122.113277,43.390485],[5496,6212,-122.113311,43.390606],[5525,6209,-122.113358,43.390677],[5648,6189,-122.113708,43.390898],[5698,6193,-122.113885,43.390941],[5758,6176,-122.113836,43.391103],[5840,6163,-122.113847,43.391327],[5966,6150,-122.113981,43.391659],[6023,6135,-122.113917,43.391807],[6100,6123,-122.113963,43.392016],[6177,6120,-122.11401,43.392225],[6254,6116,-122.114056,43.392434],[6341,6106,-122.114142,43.392664],[6404,6095,-122.114054,43.392824],[6520,6081,-122.113867,43.393112],[6613,6067,-122.113763,43.393355],[6658,6059,-122.113744,43.393478],[6735,6048,-122.113749,43.393689],[6812,6035,-122.113755,43.3939],[6898,6025,-122.113855,43.394124],[6984,6010,-122.113954,43.394348],[7065,6000,-122.11396,43.394571],[7104,5998,-122.114083,43.39463],[7185,5990,-122.114319,43.394771],[7224,5987,-122.114414,43.39485],[7290,5980,-122.114545,43.395004],[7356,5968,-122.114676,43.395157],[7421,5965,-122.114807,43.395311],[7487,5963,-122.114938,43.395464],[7553,5961,-122.115069,43.395618],[7619,5960,-122.1152,43.395771],[7693,5960,-122.11539,43.395919],[7767,5958,-122.11558,43.396067],[7862,5952,-122.115644,43.396325],[7908,5952,-122.115765,43.396413],[7999,5952,-122.116007,43.39659],[8067,5952,-122.116177,43.396731],[8135,5951,-122.116347,43.396872],[8220,5948,-122.116532,43.397062],[8255,5944,-122.116615,43.397135],[8299,5937,-122.116631,43.397256],[8398,5926,-122.116476,43.397501],[8491,5902,-122.116394,43.397751],[8576,5882,-122.116364,43.397981],[8624,5875,-122.116358,43.398114],[8698,5862,-122.116215,43.398288],[8805,5846,-122.116191,43.398581],[8885,5839,-122.116134,43.398795],[8964,5827,-122.116076,43.399009],[9062,5818,-122.116066,43.399277],[9131,5815,-122.116137,43.399459],[9200,5809,-122.116208,43.399641],[9269,5802,-122.116279,43.399823],[9338,5785,-122.11635,43.400005],[9408,5769,-122.116395,43.400193],[9477,5761,-122.116441,43.40038],[9548,5757,-122.116538,43.400561],[9619,5754,-122.116636,43.400742],[9690,5747,-122.116733,43.400922],[9760,5741,-122.116831,43.401103],[9831,5736,-122.116928,43.401284],[9885,5735,-122.116973,43.401428],[9938,5732,-122.11697,43.401572],[9993,5731,-122.116937,43.401722],[10063,5728,-122.116841,43.401899],[10132,5720,-122.116745,43.402077],[10202,5704,-122.116649,43.402254],[10247,5693,-122.116578,43.402366],[10325,5689,-122.11629,43.402415],[10366,5685,-122.116173,43.402489],[10447,5669,-122.116127,43.402709],[10544,5659,-122.115837,43.402869],[10671,5646,-122.115655,43.403192],[10740,5639,-122.115481,43.403333],[10792,5627,-122.115338,43.40343],[10826,5621,-122.115354,43.403524],[10897,5610,-122.115536,43.403664],[11004,5597,-122.115816,43.403878],[11030,5596,-122.115912,43.403882],[11050,5594,-122.11595,43.403929],[11089,5592,-122.115918,43.404034],[11115,5590,-122.115832,43.404069],[11164,5589,-122.115651,43.40409],[11249,5589,-122.115336,43.404048],[11333,5584,-122.115022,43.404007],[11370,5581,-122.114882,43.404007],[11407,5575,-122.114781,43.404077],[11452,5566,-122.11469,43.40418],[11493,5562,-122.114633,43.404285],[11579,5553,-122.114593,43.404517],[11649,5543,-122.114476,43.40469],[11712,5536,-122.114357,43.404841],[11758,5529,-122.11422,43.404916]]}