{"trail":"Sector 16","distance":16553,"gain":150,"loss":262,"min":5444,"max":5694,"profile":[[0,5694,-121.547722,44.015182],[32,5695,-121.547672,44.015261],[57,5695,-121.54758,44.015284],[96,5694,-121.547439,44.015248],[120,5694,-121.54735,44.015266],[155,5694,-121.547264,44.015336],[278,5693,-121.546999,44.015614],[384,5692,-121.546662,44.015779],[412,5692,-121.54659,44.015834],[433,5693,-121.546511,44.015849],[456,5692,-121.546427,44.015845],[495,5691,-121.546282,44.015815],[539,5690,-121.546147,44.015746],[590,5688,-121.546045,44.015626],[638,5685,-121.546012,44.015497],[711,5680,-121.545981,44.015298],[784,5671,-121.545949,44.015098],[858,5665,-121.545918,44.014898],[931,5657,-121.545886,44.014699],[944,5655,-121.545911,44.014668],[957,5656,-121.545961,44.014659],[1020,5662,-121.546184,44.014718],[1044,5664,-121.546274,44.014713],[1072,5666,-121.54637,44.014678],[1141,5664,-121.54658,44.014562],[1211,5658,-121.546791,44.014447],[1280,5652,-121.547002,44.014332],[1296,5647,-121.547018,44.014289],[1312,5646,-121.546981,44.014255],[1365,5645,-121.546777,44.014256],[1397,5644,-121.546657,44.014241],[1446,5643,-121.546488,44.014297],[1495,5645,-121.546305,44.01432],[1523,5644,-121.546198,44.014305],[1566,5641,-121.546065,44.01424],[1603,5638,-121.546032,44.014141],[1647,5635,-121.54602,44.01402],[1697,5633,-121.546096,44.013893],[1724,5632,-121.546178,44.013851],[1796,5631,-121.54637,44.013711],[1864,5629,-121.546486,44.013542],[1933,5627,-121.546603,44.013373],[1964,5626,-121.546622,44.013289],[2083,5622,-121.546626,44.012963],[2117,5621,-121.546671,44.012875],[2193,5622,-121.54693,44.012783],[2235,5621,-121.54702,44.01269],[2302,5619,-121.547068,44.012507],[2392,5617,-121.547094,44.012262],[2423,5616,-121.547056,44.012183],[2491,5615,-121.546931,44.012017],[2553,5612,-121.546894,44.011849],[2630,5610,-121.546773,44.011658],[2707,5607,-121.546651,44.011467],[2739,5605,-121.546557,44.011409],[2814,5603,-121.546282,44.011349],[2928,5601,-121.546002,44.011111],[2960,5600,-121.545976,44.011027],[2988,5600,-121.545992,44.010951],[3054,5600,-121.546064,44.010777],[3120,5600,-121.546137,44.010604],[3179,5600,-121.546117,44.010443],[3239,5601,-121.546047,44.010285],[3330,5601,-121.545974,44.010043],[3410,5604,-121.546109,44.009846],[3490,5607,-121.546243,44.009648],[3550,5610,-121.546246,44.009484],[3601,5611,-121.546163,44.009359],[3680,5614,-121.546154,44.009141],[3755,5616,-121.546092,44.00894],[3853,5619,-121.546091,44.008672],[3884,5619,-121.546052,44.008592],[3927,5619,-121.545968,44.008491],[4000,5620,-121.545925,44.008293],[4027,5620,-121.54588,44.008226],[4053,5620,-121.545814,44.008175],[4097,5618,-121.54566,44.008127],[4154,5617,-121.545449,44.008092],[4205,5616,-121.545253,44.008075],[4274,5614,-121.544992,44.008085],[4317,5613,-121.544834,44.008047],[4344,5613,-121.544734,44.008047],[4406,5612,-121.54453,44.008133],[4484,5610,-121.544235,44.008155],[4561,5609,-121.54394,44.008177],[4637,5608,-121.543654,44.008165],[4671,5608,-121.543531,44.008135],[4755,5606,-121.543249,44.008022],[4780,5606,-121.543155,44.008025],[4826,5605,-121.542997,44.008077],[4855,5605,-121.542886,44.008082],[4887,5603,-121.542764,44.008072],[4947,5598,-121.542556,44.008009],[5025,5589,-121.542265,44.007959],[5081,5582,-121.54206,44.008002],[5170,5579,-121.541751,44.008104],[5260,5574,-121.541442,44.008207],[5295,5572,-121.541307,44.00821],[5331,5570,-121.541175,44.008184],[5365,5568,-121.541092,44.008112],[5402,5567,-121.541079,44.00801],[5436,5566,-121.541037,44.007923],[5457,5565,-121.540967,44.007897],[5499,5564,-121.540808,44.007882],[5532,5562,-121.540682,44.007898],[5563,5562,-121.540575,44.007929],[5618,5561,-121.540366,44.007949],[5689,5557,-121.540101,44.007905],[5774,5555,-121.539789,44.007963],[5854,5551,-121.539484,44.007947],[5916,5547,-121.53925,44.007953],[5985,5544,-121.53899,44.007989],[6032,5542,-121.538813,44.007987],[6072,5542,-121.538702,44.008064],[6140,5541,-121.538451,44.008113],[6230,5539,-121.538113,44.008155],[6324,5536,-121.537763,44.008106],[6407,5535,-121.537564,44.007927],[6464,5535,-121.537385,44.007841],[6494,5536,-121.537271,44.007833],[6560,5538,-121.537022,44.00786],[6626,5539,-121.536773,44.007887],[6712,5541,-121.5365,44.008018],[6766,5541,-121.536314,44.008083],[6782,5541,-121.536255,44.008072],[6840,5544,-121.536078,44.007978],[6870,5543,-121.535973,44.007945],[6886,5545,-121.535915,44.007937],[6971,5541,-121.535604,44.008003],[6980,5541,-121.535569,44.008003],[7011,5541,-121.535466,44.007963],[7041,5540,-121.53535,44.007951],[7075,5537,-121.535253,44.008013],[7153,5533,-121.534968,44.008073],[7189,5531,-121.534836,44.008101],[7220,5530,-121.53472,44.008097],[7252,5529,-121.534637,44.008032],[7287,5527,-121.534534,44.007971],[7311,5528,-121.534473,44.00792],[7340,5527,-121.534425,44.007849],[7359,5524,-121.534361,44.007827],[7374,5524,-121.534305,44.007824],[7387,5519,-121.534269,44.00785],[7444,5511,-121.534197,44.007997],[7499,5495,-121.534095,44.008129],[7521,5495,-121.534025,44.008161],[7575,5497,-121.533824,44.008123],[7659,5505,-121.533508,44.008098],[7717,5508,-121.533284,44.008099],[7778,5507,-121.533067,44.008044],[7858,5503,-121.532812,44.007921],[7939,5496,-121.532558,44.007798],[8023,5490,-121.532333,44.007634],[8061,5488,-121.532198,44.007594],[8131,5488,-121.53193,44.007596],[8216,5485,-121.53161,44.007573],[8292,5481,-121.531321,44.007598],[8356,5481,-121.531121,44.007698],[8399,5478,-121.530966,44.007737],[8479,5474,-121.530664,44.007755],[8518,5478,-121.530562,44.007835],[8619,5484,-121.530336,44.008059],[8649,5484,-121.530225,44.008076],[8723,5482,-121.529944,44.008074],[8782,5482,-121.529721,44.008097],[8820,5483,-121.529576,44.008098],[8878,5482,-121.529366,44.008046],[8979,5483,-121.528984,44.008024],[9014,5483,-121.528848,44.008025],[9081,5484,-121.528623,44.00811],[9118,5483,-121.528483,44.008123],[9145,5483,-121.528378,44.008126],[9273,5480,-121.527901,44.008065],[9356,5476,-121.527583,44.008055],[9465,5470,-121.527174,44.008001],[9537,5467,-121.526902,44.007984],[9590,5463,-121.526726,44.007915],[9624,5462,-121.526594,44.007924],[9731,5459,-121.526231,44.008055],[9769,5457,-121.526092,44.008088],[9826,5454,-121.525875,44.008086],[9884,5451,-121.525657,44.008063],[9921,5450,-121.525518,44.008066],[9970,5448,-121.525344,44.008117],[10029,5447,-121.525118,44.008138],[10062,5445,-121.525019,44.008191],[10086,5444,-121.524975,44.008249],[10106,5444,-121.524973,44.008303],[10161,5444,-121.525021,44.00845],[10214,5442,-121.525007,44.008595],[10232,5443,-121.525049,44.008635],[10263,5444,-121.525144,44.008686],[10298,5445,-121.525225,44.008761],[10381,5445,-121.525333,44.008975],[10416,5447,-121.525355,44.00907],[10527,5450,-121.52529,44.009372],[10576,5451,-121.525282,44.009505],[10686,5453,-121.525209,44.009802],[10760,5455,-121.525322,44.009987],[10797,5456,-121.525351,44.010087],[10852,5457,-121.525362,44.010238],[10907,5458,-121.525406,44.010384],[10954,5459,-121.525387,44.010514],[11042,5460,-121.525302,44.010745],[11129,5461,-121.525218,44.010976],[11205,5462,-121.52518,44.011183],[11297,5466,-121.525225,44.011434],[11343,5469,-121.525273,44.011555],[11373,5469,-121.525268,44.011638],[11418,5470,-121.525247,44.011759],[11478,5473,-121.52517,44.011916],[11530,5475,-121.525134,44.012055],[11597,5478,-121.525042,44.012227],[11624,5479,-121.525066,44.012297],[11650,5481,-121.525115,44.01236],[11676,5482,-121.525131,44.01243],[11720,5484,-121.525092,44.012547],[11783,5485,-121.524956,44.012691],[11820,5486,-121.524845,44.012752],[11840,5487,-121.524771,44.01277],[11945,5488,-121.524467,44.012955],[11980,5488,-121.524411,44.013042],[12027,5488,-121.524273,44.013123],[12053,5488,-121.524211,44.01318],[12084,5488,-121.524169,44.013259],[12159,5488,-121.523934,44.013377],[12260,5488,-121.523881,44.013651],[12292,5488,-121.523901,44.013738],[12341,5488,-121.523971,44.013862],[12391,5488,-121.524102,44.013961],[12417,5488,-121.524185,44.014],[12468,5488,-121.524366,44.014049],[12503,5488,-121.524501,44.01406],[12561,