{"trail":"Shale Flats","distance":7037,"gain":191,"loss":212,"min":1919,"max":1976,"profile":[[0,1940,-85.432434,34.8438],[25,1940,-85.432357,34.843826],[50,1942,-85.43228,34.843852],[75,1942,-85.432203,34.843879],[100,1943,-85.432126,34.843905],[125,1943,-85.432049,34.843931],[150,1945,-85.431972,34.843958],[174,1945,-85.431905,34.843994],[199,1945,-85.431862,34.844053],[224,1945,-85.431819,34.844112],[249,1945,-85.431777,34.844171],[274,1946,-85.431734,34.844229],[299,1946,-85.431691,34.844288],[324,1947,-85.431648,34.844347],[349,1947,-85.431605,34.844406],[374,1948,-85.431578,34.84447],[399,1948,-85.431555,34.844536],[424,1947,-85.431532,34.844602],[449,1947,-85.431509,34.844668],[474,1946,-85.431485,34.844734],[499,1946,-85.431462,34.8448],[524,1946,-85.431439,34.844865],[549,1947,-85.431416,34.844931],[574,1947,-85.431393,34.844997],[599,1946,-85.43137,34.845063],[624,1944,-85.431346,34.845129],[649,1943,-85.431323,34.845195],[672,1942,-85.431256,34.845226],[697,1943,-85.431177,34.845247],[722,1942,-85.431097,34.845269],[747,1940,-85.431018,34.845291],[772,1936,-85.430939,34.845312],[797,1932,-85.430861,34.845336],[822,1929,-85.4308,34.845383],[847,1929,-85.430738,34.845429],[872,1930,-85.430677,34.845475],[897,1931,-85.430615,34.845522],[922,1933,-85.430554,34.845568],[947,1937,-85.430492,34.845614],[972,1939,-85.430431,34.845661],[997,1939,-85.430369,34.845707],[1021,1942,-85.430337,34.845768],[1046,1941,-85.430315,34.845834],[1071,1942,-85.430293,34.8459],[1096,1940,-85.430271,34.845966],[1121,1941,-85.430249,34.846032],[1146,1940,-85.430228,34.846098],[1171,1942,-85.430206,34.846165],[1196,1941,-85.430184,34.846231],[1221,1943,-85.430162,34.846297],[1246,1942,-85.43014,34.846363],[1271,1943,-85.430118,34.846429],[1296,1943,-85.430097,34.846495],[1321,1944,-85.430075,34.846561],[1346,1946,-85.430111,34.846622],[1371,1949,-85.43015,34.846683],[1396,1953,-85.430189,34.846743],[1421,1955,-85.430228,34.846804],[1446,1958,-85.430267,34.846865],[1471,1962,-85.430306,34.846925],[1496,1964,-85.430345,34.846986],[1521,1970,-85.430385,34.847046],[1546,1976,-85.430424,34.847107],[1567,1976,-85.430457,34.847159],[1592,1976,-85.430418,34.847098],[1617,1970,-85.430379,34.847038],[1642,1964,-85.43034,34.846977],[1667,1962,-85.430301,34.846917],[1692,1958,-85.430262,34.846856],[1717,1955,-85.430223,34.846796],[1742,1952,-85.430184,34.846735],[1767,1949,-85.430145,34.846674],[1792,1946,-85.430106,34.846614],[1816,1944,-85.430078,34.846552],[1841,1942,-85.4301,34.846486],[1866,1943,-85.430121,34.84642],[1891,1942,-85.430143,34.846354],[1916,1943,-85.430165,34.846288],[1941,1941,-85.430187,34.846222],[1966,1942,-85.430209,34.846155],[1991,1940,-85.430231,34.846089],[2016,1941,-85.430252,34.846023],[2041,1940,-85.430274,34.845957],[2066,1942,-85.430296,34.845891],[2091,1941,-85.430318,34.845825],[2116,1942,-85.43034,34.845759],[2140,1940,-85.430378,34.8457],[2165,1939,-85.430439,34.845654],[2190,1935,-85.430501,34.845608],[2215,1933,-85.430562,34.845562],[2240,1931,-85.430624,34.845515],[2265,1929,-85.430685,34.845469],[2290,1929,-85.430747,34.845423],[2315,1931,-85.430808,34.845376],[2340,1933,-85.430871,34.845331],[2365,1936,-85.43095,34.845309],[2390,1940,-85.431029,34.845288],[2415,1943,-85.431108,34.845266],[2440,1943,-85.431187,34.845244],[2465,1942,-85.431267,34.845223],[2488,1943,-85.431326,34.845185],[2513,1944,-85.43135,34.84512],[2538,1946,-85.431373,34.845054],[2563,1947,-85.431396,34.844988],[2588,1947,-85.431419,34.844922],[2613,1946,-85.431442,34.844856],[2638,1946,-85.431465,34.84479],[2663,1946,-85.431489,34.844725],[2688,1947,-85.431512,34.844659],[2713,1948,-85.431535,34.844593],[2738,1948,-85.431558,34.844527],[2763,1948,-85.431581,34.844461],[2787,1947,-85.431611,34.844398],[2812,1947,-85.431654,34.844339],[2837,1946,-85.431697,34.84428],[2862,1946,-85.43174,34.844221],[2887,1945,-85.431782,34.844163],[2912,1945,-85.431825,34.844104],[2937,1945,-85.431868,34.844045],[2962,1945,-85.431911,34.843986],[2987,1945,-85.431982,34.843954],[3012,1943,-85.432059,34.843927],[3037,1942,-85.432136,34.8439],[3062,1942,-85.432213,34.843873],[3087,1942,-85.432289,34.843846],[3112,1940,-85.432366,34.843819],[3137,1939,-85.432443,34.843793],[3162,1937,-85.43252,34.843766],[3187,1935,-85.432597,34.843739],[3212,1934,-85.432673,34.843712],[3237,1934,-85.43275,34.843685],[3262,1933,-85.432827,34.843658],[3287,1931,-85.432904,34.843631],[3312,1930,-85.432981,34.843605],[3337,1932,-85.433058,34.843578],[3361,1934,-85.433139,34.843571],[3386,1935,-85.433223,34.843571],[3411,1935,-85.433306,34.843571],[3436,1935,-85.43339,34.843571],[3461,1934,-85.433473,34.843571],[3486,1934,-85.433557,34.843571],[3511,1934,-85.43364,34.843571],[3536,1935,-85.433724,34.843571],[3561,1936,-85.433807,34.843571],[3586,1936,-85.433891,34.843571],[3611,1935,-85.433974,34.843571],[3636,1931,-85.434024,34.843517],[3661,1930,-85.434071,34.843461],[3686,1930,-85.434118,34.843404],[3711,1930,-85.434166,34.843348],[3736,1930,-85.434213,34.843292],[3761,1932,-85.434286,34.843259],[3786,1931,-85.43436,34.843228],[3811,1932,-85.434434,34.843196],[3836,1933,-85.434509,34.843165],[3861,1933,-85.434583,34.843134],[3886,1932,-85.434657,34.843102],[3911,1932,-85.434731,34.843071],[3936,1932,-85.434806,34.84304],[3961,1932,-85.43488,34.843008],[3986,1932,-85.434954,34.842977],[4008,1930,-85.434949,34.842916],[4033,1928,-85.434928,34.84285],[4058,1928,-85.434907,34.842784],[4083,1930,-85.434886,34.842717],[4108,1933,-85.434865,34.842651],[4133,1935,-85.434844,34.842585],[4158,1936,-85.434823,34.842518],[4181,1936,-85.434769,34.842471],[4206,1934,-85.4347,34.842433],[4231,1935,-85.43463,34.842395],[4256,1937,-85.434561,34.842357],[4281,1939,-85.434491,34.842319],[4306,1940,-85.434422,34.842281],[4331,1941,-85.434352,34.842243],[4355,1941,-85.434294,34.842198],[4380,1943,-85.434268,34.842133],[4405,1945,-85.434241,34.842068],[4428,1946,-85.434281,34.842013],[4453,1945,-85.434334,34.841961],[4478,1944,-85.434388,34.841908],[4503,1943,-85.434442,34.841856],[4528,1940,-85.434496,34.841803],[4553,1939,-85.43455,34.841751],[4576,1938,-85.434616,34.84172],[4601,1939,-85.4347,34.841716],[4626,1938,-85.434783,34.841712],[4651,1938,-85.434866,34.841708],[4676,1939,-85.43495,34.841704],[4701,1937,-85.435033,34.8417],[4726,1937,-85.435116,34.841697],[4751,1938,-85.4352,34.841693],[4776,1939,-85.435283,34.841689],[4801,1940,-85.435367,34.841685],[4826,1941,-85.43545,34.841681],[4851,1942,-85.435533,34.841677],[4876,1943,-85.435617,34.841673],[4901,1943,-85.4357,34.841669],[4926,1941,-85.435776,34.841643],[4951,1940,-85.43585,34.841612],[4976,1942,-85.435924,34.84158],[5001,1945,-85.435998,34.841548],[5026,1945,-85.436072,34.841516],[5051,1945,-85.436146,34.841484],[5076,1945,-85.43622,34.841453],[5101,1944,-85.436294,34.841421],[5126,1944,-85.436368,34.841389],[5151,1943,-85.436442,34.841357],[5176,1943,-85.436516,34.841325],[5201,1943,-85.436589,34.841294],[5222,1940,-85.436616,34.84124],[5247,1937,-85.436611,34.841171],[5272,1935,-85.436606,34.841103],[5297,1938,-85.436602,34.841034],[5322,1940,-85.436597,34.840966],[5347,1938,-85.436515,34.840969],[5372,1935,-85.436432,34.840974],[5397,1933,-85.436349,34.840978],[5422,1931,-85.436266,34.840983],[5447,1930,-85.436182,34.840988],[5472,1930,-85.436099,34.840992],[5497,1930,-85.436016,34.840997],[5518,1930,-85.435953,34.84097],[5543,1937,-85.435911,34.840911],[5568,1939,-85.435974,34.840867],[5593,1942,-85.436038,34.840823],[5618,1943,-85.436102,34.840778],[5643,1942,-85.436166,34.840734],[5666,1940,-85.436189,34.840674],[5691,1937,-85.436189,34.840606],[5716,1935,-85.436189,34.840537],[5741,1934,-85.436189,34.840469],[5766,1933,-85.436189,34.8404],[5791,1935,-85.436242,34.840347],[5816,1936,-85.436295,34.840294],[5841,1939,-85.436348,34.840241],[5862,1939,-85.43641,34.840215],[5887,1941,-85.436489,34.840237],[5912,1941,-85.436568,34.84026],[5937,1941,-85.436647,34.840282],[5962,1939,-85.436726,34.840305],[5987,1937,-85.436805,34.840327],[6012,1936,-85.436884,