{"trail":"Shale Flats","distance":9690,"gain":209,"loss":209,"min":1919,"max":1976,"profile":[[0,1976,-85.43046,34.847163],[25,1976,-85.430421,34.847103],[50,1970,-85.430382,34.847042],[75,1964,-85.430343,34.846981],[100,1962,-85.430304,34.846921],[125,1958,-85.430265,34.84686],[150,1955,-85.430226,34.8468],[175,1952,-85.430186,34.846739],[200,1949,-85.430147,34.846679],[225,1946,-85.430108,34.846618],[249,1944,-85.430076,34.846557],[274,1942,-85.430098,34.846491],[299,1943,-85.43012,34.846425],[324,1942,-85.430142,34.846358],[349,1943,-85.430164,34.846292],[374,1941,-85.430185,34.846226],[399,1942,-85.430207,34.84616],[424,1940,-85.430229,34.846094],[449,1941,-85.430251,34.846028],[474,1940,-85.430273,34.845962],[499,1942,-85.430295,34.845895],[524,1941,-85.430316,34.845829],[549,1942,-85.430338,34.845763],[573,1939,-85.430373,34.845704],[598,1939,-85.430435,34.845657],[623,1935,-85.430496,34.845611],[648,1933,-85.430558,34.845565],[673,1931,-85.43062,34.845518],[698,1929,-85.430681,34.845472],[723,1929,-85.430743,34.845426],[748,1931,-85.430804,34.845379],[773,1932,-85.430866,34.845333],[798,1936,-85.430944,34.845311],[823,1940,-85.431024,34.845289],[848,1942,-85.431103,34.845267],[873,1943,-85.431182,34.845246],[898,1942,-85.431261,34.845224],[921,1943,-85.431325,34.84519],[946,1944,-85.431348,34.845124],[971,1946,-85.431371,34.845058],[996,1947,-85.431394,34.844993],[1021,1947,-85.431417,34.844927],[1046,1946,-85.431441,34.844861],[1071,1946,-85.431464,34.844795],[1096,1946,-85.431487,34.844729],[1121,1947,-85.43151,34.844663],[1146,1948,-85.431533,34.844597],[1171,1948,-85.431557,34.844532],[1196,1948,-85.43158,34.844466],[1221,1947,-85.431608,34.844402],[1246,1947,-85.431651,34.844343],[1271,1946,-85.431694,34.844284],[1296,1946,-85.431737,34.844225],[1321,1945,-85.43178,34.844167],[1346,1945,-85.431822,34.844108],[1371,1945,-85.431865,34.844049],[1396,1945,-85.431908,34.84399],[1420,1945,-85.431977,34.843956],[1445,1943,-85.432054,34.843929],[1470,1943,-85.43213,34.843902],[1495,1942,-85.432207,34.843875],[1520,1942,-85.432284,34.843848],[1545,1940,-85.432361,34.843821],[1570,1939,-85.432438,34.843794],[1595,1937,-85.432515,34.843768],[1620,1935,-85.432591,34.843741],[1645,1934,-85.432668,34.843714],[1670,1934,-85.432745,34.843687],[1695,1933,-85.432822,34.84366],[1720,1931,-85.432899,34.843633],[1745,1932,-85.432975,34.843606],[1770,1932,-85.433052,34.84358],[1795,1934,-85.433134,34.843571],[1820,1935,-85.433217,34.843571],[1845,1935,-85.433301,34.843571],[1870,1935,-85.433384,34.843571],[1895,1934,-85.433468,34.843571],[1920,1934,-85.433551,34.843571],[1945,1934,-85.433635,34.843571],[1970,1935,-85.433718,34.843571],[1995,1936,-85.433802,34.843571],[2020,1936,-85.433885,34.843571],[2045,1935,-85.433969,34.843571],[2068,1931,-85.43402,34.843521],[2093,1930,-85.434068,34.843465],[2118,1930,-85.434115,34.843408],[2143,1930,-85.434162,34.843352],[2168,1930,-85.43421,34.843295],[2193,1932,-85.434281,34.843261],[2218,1931,-85.434355,34.84323],[2243,1932,-85.434429,34.843199],[2268,1933,-85.434503,34.843167],[2293,1932,-85.434578,34.843136],[2318,1932,-85.434652,34.843104],[2343,1932,-85.434726,34.843073],[2368,1932,-85.434801,34.843042],[2393,1932,-85.434875,34.84301],[2418,1932,-85.434949,34.842979],[2439,1930,-85.43495,34.842921],[2464,1928,-85.434929,34.842854],[2489,1928,-85.434908,34.842788],[2514,1930,-85.434887,34.842722],[2539,1930,-85.434866,34.842655],[2564,1935,-85.434845,34.842589],[2589,1936,-85.434824,34.842523],[2613,1936,-85.434774,34.842474],[2638,1934,-85.434705,34.842436],[2663,1935,-85.434635,34.842398],[2688,1937,-85.434566,34.842359],[2713,1939,-85.434496,34.842321],[2738,1940,-85.434427,34.842283],[2763,1941,-85.434357,34.842245],[2787,1941,-85.434296,34.842202],[2812,1943,-85.434269,34.842137],[2837,1945,-85.434243,34.842072],[2860,1945,-85.434277,34.842017],[2885,1945,-85.434331,34.841964],[2910,1944,-85.434385,34.841912],[2935,1943,-85.434438,34.841859],[2960,1940,-85.434492,34.841807],[2985,1939,-85.434546,34.841755],[3008,1938,-85.434611,34.84172],[3033,1939,-85.434694,34.841716],[3058,1938,-85.434777,34.841712],[3083,1938,-85.434861,34.841708],[3108,1939,-85.434944,34.841705],[3133,1937,-85.435027,34.841701],[3158,1937,-85.435111,34.841697],[3183,1938,-85.435194,34.841693],[3208,1939,-85.435277,34.841689],[3233,1940,-85.435361,34.841685],[3258,1941,-85.435444,34.841681],[3283,1942,-85.435528,34.841678],[3308,1943,-85.435611,34.841674],[3333,1943,-85.435694,34.84167],[3357,1941,-85.435771,34.841646],[3382,1940,-85.435845,34.841614],[3407,1942,-85.435919,34.841582],[3432,1943,-85.435993,34.84155],[3457,1945,-85.436067,34.841518],[3482,1945,-85.436141,34.841487],[3507,1945,-85.436215,34.841455],[3532,1945,-85.436289,34.841423],[3557,1944,-85.436362,34.841391],[3582,1943,-85.436436,34.841359],[3607,1943,-85.43651,34.841328],[3632,1943,-85.436584,34.841296],[3653,1940,-85.436616,34.841244],[3678,1939,-85.436611,34.841176],[3703,1936,-85.436607,34.841107],[3728,1937,-85.436602,34.841039],[3753,1940,-85.436597,34.840971],[3776,1938,-85.436521,34.840969],[3801,1935,-85.436438,34.840973],[3826,1933,-85.436355,34.840978],[3851,1931,-85.436271,34.840983],[3876,1930,-85.436188,34.840987],[3901,1930,-85.436105,34.840992],[3926,1930,-85.436021,34.840997],[3947,1930,-85.435956,34.840974],[3972,1937,-85.435913,34.840915],[3996,1939,-85.43597,34.84087],[4021,1941,-85.436034,34.840826],[4046,1943,-85.436098,34.840781],[4071,1942,-85.436161,34.840737],[4094,1940,-85.436189,34.840679],[4119,1937,-85.436189,34.840611],[4144,1936,-85.436189,34.840542],[4169,1935,-85.436189,34.840474],[4194,1933,-85.436189,34.840405],[4219,1935,-85.436239,34.840351],[4244,1937,-85.436292,34.840298],[4269,1939,-85.436344,34.840245],[4290,1939,-85.436405,34.840213],[4315,1941,-85.436484,34.840236],[4340,1941,-85.436563,34.840258],[4365,1941,-85.436641,34.840281],[4390,1941,-85.43672,34.840303],[4415,1937,-85.436799,34.840325],[4440,1936,-85.436878,34.840348],[4464,1934,-85.436956,34.840359],[4489,1931,-85.437031,34.840329],[4514,1932,-85.437106,34.840299],[4539,1931,-85.437181,34.840269],[4564,1932,-85.437256,34.840239],[4589,1936,-85.437332,34.840209],[4614,1935,-85.437407,34.840179],[4639,1934,-85.437482,34.840149],[4664,1935,-85.437557,34.840119],[4689,1935,-85.437632,34.840089],[4714,1936,-85.437707,34.840059],[4738,1940,-85.437782,34.840032],[4763,1944,-85.437864,34.840045],[4788,1948,-85.437946,34.840059],[4813,1947,-85.438028,34.840072],[4838,1946,-85.43811,34.840085],[4863,1943,-85.438192,34.840099],[4888,1938,-85.438274,34.840112],[4913,1939,-85.438355,34.840126],[4938,1936,-85.438437,34.840139],[4963,1934,-85.438519,34.840153],[4988,1937,-85.438601,34.840166],[5013,1937,-85.438683,34.84018],[5038,1935,-85.438764,34.840183],[5063,1933,-85.438843,34.84016],[5088,1931,-85.438921,34.840138],[5113,1931,-85.439,34.840115],[5138,1932,-85.439079,34.840092],[5163,1930,-85.439158,34.840069],[5188,1928,-85.439236,34.840046],[5213,1929,-85.439315,34.840024],[5238,1927,-85.439394,34.840001],[5263,1927,-85.439473,34.839978],[5288,1928,-85.439551,34.840002],[5313,1930,-85.439629,34.840025],[5338,1931,-85.439708,34.840049],[5363,1928,-85.439786,34.840072],[5388,1927,-85.439865,34.840096],[5413,1926,-85.439943,34.84012],[5438,1922,-85.440021,34.840143],[5463,1919,-85.4401,34.840167],[5468,1919,-85.440116,34.840172],[8122,1940,-85.432434,34.8438],[8147,1940,-85.432357,34.843826],[8172,1942,-85.43228,34.843852],[8197,1942,-85.432203,34.843879],[8222,1943,-85.432126,34.843905],[8247,1943,-85.432049,34.843931],[8272,1945,-85.431972,34.843958],[8295,1945,-85.431905,34.843994],[8320,1945,-85.431862,34.844053],[8345,1945,-85.431819,34.844112],[8370,1945,-85.431777,34.844171],[8395,1946,-85.431734,34.844229],[8420,1946,-85.431691,34.844288],[8445,1947,-85.431648,34.844347],[8470,1947,-85.431605,34.844406],[8495,1948,-85.431578,34.84447],[8520,1948,-85.431555,34.844536],[8545,1947,-85.431532,34.844602],[8570,1947,-85.431509,34.844668],[8595,1946,-85.431485,34.844734],[8620,