{"trail":"Shevlin","distance":15690,"gain":396,"loss":11,"min":3631,"max":4036,"profile":[[0,3621,-121.378552,44.081689],[60,3623,-121.378746,44.081602],[105,3625,-121.378917,44.081605],[134,3633,-121.379025,44.081628],[179,3641,-121.379195,44.081631],[209,3645,-121.37931,44.081624],[234,3646,-121.379386,44.081585],[292,3649,-121.379565,44.081487],[313,3650,-121.379638,44.081469],[332,3653,-121.379707,44.081453],[355,3650,-121.37977,44.081408],[453,3650,-121.379946,44.08117],[523,3653,-121.380042,44.080992],[592,3658,-121.380139,44.080815],[664,3655,-121.380193,44.080622],[734,3649,-121.380203,44.08043],[785,3647,-121.380214,44.080291],[823,3649,-121.380257,44.080191],[849,3652,-121.380318,44.080136],[877,3655,-121.380414,44.080103],[916,3657,-121.380536,44.08004],[942,3659,-121.380598,44.079984],[961,3658,-121.380626,44.079936],[1008,3656,-121.380631,44.079807],[1050,3655,-121.380627,44.079692],[1096,3654,-121.380568,44.079574],[1138,3649,-121.380506,44.079468],[1173,3648,-121.380493,44.079373],[1223,3647,-121.380498,44.079236],[1260,3646,-121.380522,44.079136],[1299,3648,-121.380575,44.079036],[1313,3648,-121.380612,44.079007],[1328,3648,-121.380628,44.078968],[1354,3648,-121.380622,44.078896],[1387,3647,-121.380602,44.078807],[1408,3647,-121.380587,44.078751],[1474,3650,-121.380665,44.07858],[1505,3650,-121.380686,44.078495],[1542,3649,-121.380707,44.078395],[1586,3654,-121.380754,44.07828],[1617,3654,-121.38074,44.078195],[1659,3654,-121.380793,44.078087],[1706,3660,-121.380849,44.077965],[1750,3660,-121.380859,44.077843],[1794,3661,-121.380892,44.077724],[1853,3668,-121.380987,44.077578],[1932,3674,-121.381072,44.07737],[2001,3681,-121.381158,44.077193],[2048,3688,-121.381197,44.077067],[2131,3685,-121.381212,44.076838],[2206,3687,-121.381265,44.076638],[2270,3689,-121.38135,44.076471],[2306,3694,-121.381419,44.076386],[2370,3696,-121.38157,44.076251],[2419,3697,-121.381652,44.076129],[2465,3700,-121.38177,44.076037],[2499,3700,-121.381874,44.075982],[2554,3704,-121.382067,44.075921],[2596,3709,-121.382216,44.075877],[2621,3709,-121.382299,44.07584],[2721,3706,-121.382574,44.075654],[2801,3698,-121.382767,44.075482],[2856,3698,-121.382886,44.075358],[2889,3696,-121.382925,44.075273],[2900,3695,-121.382939,44.075243],[2930,3698,-121.382978,44.075167],[2951,3698,-121.382983,44.075108],[2980,3695,-121.38295,44.075035],[3034,3696,-121.382875,44.074896],[3085,3703,-121.382852,44.074756],[3118,3705,-121.382817,44.07467],[3142,3707,-121.38278,44.074609],[3193,3708,-121.382671,44.074495],[3235,3706,-121.382606,44.074387],[3272,3704,-121.382596,44.074287],[3320,3702,-121.38265,44.074163],[3339,3698,-121.382681,44.074115],[3376,3702,-121.382795,44.074054],[3441,3707,-121.383009,44.073965],[3465,3708,-121.383073,44.073917],[3485,3709,-121.383137,44.073888],[3525,3713,-121.38329,44.073885],[3545,3717,-121.383366,44.07388],[3562,3720,-121.38342,44.073854],[3594,3721,-121.383488,44.073782],[3673,3723,-121.383697,44.073624],[3729,3722,-121.383808,44.073494],[3759,3724,-121.383899,44.073442],[3815,3732,-121.384066,44.073346],[3884,3744,-121.384268,44.073228],[3915,3747,-121.384353,44.073167],[3958,3748,-121.384431,44.073063],[3983,3745,-121.384484,44.073007],[4008,3748,-121.384558,44.072966],[4024,3754,-121.384602,44.072935],[4040,3752,-121.384626,44.072893],[4067,3750,-121.384664,44.072826],[4097,3754,-121.384699,44.072745],[4173,3763,-121.384891,44.072591],[4225,3766,-121.38496,44.072457],[4249,3764,-121.385011,44.072402],[4282,3768,-121.385095,44.072335],[4316,3773,-121.38517,44.072258],[4334,3771,-121.385181,44.07221],[4379,3773,-121.385219,44.072091],[4429,3768,-121.385278,44.071959],[4483,3775,-121.385374,44.071828],[4511,3772,-121.385419,44.071759],[4559,3773,-121.38548,44.071636],[4596,3766,-121.385532,44.07154],[4627,3769,-121.385601,44.071471],[4648,3773,-121.385635,44.071419],[4664,3773,-121.385646,44.071376],[4688,3770,-121.385702,44.071324],[4712,3772,-121.385755,44.07127],[4730,3770,-121.385763,44.071223],[4833,3768,-121.385919,44.070963],[4861,3770,-121.385983,44.070901],[4899,3773,-121.386065,44.070816],[4926,3765,-121.386094,44.070744],[4967,3767,-121.386153,44.070639],[5001,3760,-121.38622,44.07056],[5039,3762,-121.386302,44.070475],[5108,3764,-121.386419,44.070305],[5158,3764,-121.386494,44.070178],[5201,3769,-121.386597,44.070089],[5226,3767,-121.386639,44.070026],[5298,3770,-121.386736,44.069843],[5395,3778,-121.386876,44.069596],[5470,3780,-121.386965,44.0694],[5521,3779,-121.386996,44.069261],[5550,3775,-121.387041,44.069191],[5578,3772,-121.387081,44.069117],[5595,3776,-121.387087,44.069072],[5624,3773,-121.387083,44.068992],[5659,3765,-121.387118,44.068899],[5715,3763,-121.387182,44.068754],[5777,3760,-121.38727,44.068597],[5845,3750,-121.387402,44.068436],[5905,3749,-121.387541,44.068303],[5934,3747,-121.38762,44.06825],[5985,3750,-121.387796,44.068188],[6013,3747,-121.387896,44.068159],[6070,3756,-121.38811,44.068136],[6124,3759,-121.388293,44.068066],[6218,3755,-121.388624,44.067973],[6248,3761,-121.38874,44.067962],[6333,3780,-121.389062,44.067977],[6364,3777,-121.389179,44.067968],[6392,3780,-121.389269,44.067927],[6460,3777,-121.389494,44.067835],[6544,3773,-121.389741,44.067688],[6610,3772,-121.389945,44.06758],[6684,3771,-121.39017,44.067457],[6733,3776,-121.390321,44.06738],[6800,3782,-121.390535,44.06728],[6860,3787,-121.390717,44.06718],[6961,3784,-121.390996,44.066987],[7041,3784,-121.39119,44.066817],[7093,3783,-121.391318,44.066709],[7143,3786,-121.391469,44.066625],[7193,3780,-121.391587,44.066517],[7264,3780,-121.391823,44.066424],[7342,3779,-121.392069,44.066301],[7418,3774,-121.392295,44.06617],[7480,3770,-121.392456,44.066046],[7554,3774,-121.392702,44.065946],[7620,3774,-121.392921,44.06586],[7685,3781,-121.39317,44.065842],[7697,3784,-121.393214,44.065831],[7710,3780,-121.393245,44.065806],[7725,3784,-121.393276,44.065772],[7760,3783,-121.393371,44.065702],[7814,3779,-121.393502,44.065589],[7881,3781,-121.393711,44.065484],[7945,3781,-121.393872,44.065353],[8007,3781,-121.394049,44.065238],[8064,3778,-121.394204,44.065129],[8158,3786,-121.394483,44.064967],[8232,3778,-121.394687,44.064828],[8306,3775,-121.394865,44.06467],[8375,3779,-121.395112,44.064609],[8389,3776,-121.395145,44.064576],[8412,3777,-121.395181,44.06452],[8473,3778,-121.395245,44.064358],[8521,3774,-121.395288,44.064231],[8578,3780,-121.395427,44.064111],[8668,3778,-121.39561,44.063903],[8726,3782,-121.395786,44.063806],[8796,3781,-121.395938,44.063649],[8875,3780,-121.396099,44.063466],[9005,3783,-121.396408,44.063187],[9081,3785,-121.396581,44.06302],[9157,3787,-121.396754,44.062852],[9223,3791,-121.396886,44.062699],[9304,3785,-121.397034,44.062504],[9348,3781,-121.397101,44.062392],[9390,3781,-121.397209,44.062307],[9442,3781,-121.397359,44.062215],[9484,3790,-121.397513,44.062182],[9525,3797,-121.397659,44.062137],[9545,3793,-121.397718,44.062104],[9561,3800,-121.397728,44.062061],[9614,3783,-121.397707,44.061918],[9634,3781,-121.397705,44.061861],[9665,3784,-121.397766,44.061791],[9731,3785,-121.397884,44.061629],[9816,3787,-121.398022,44.061419],[9837,3784,-121.398056,44.061367],[9896,3788,-121.398174,44.061228],[9961,3786,-121.398314,44.061082],[10049,3783,-121.398464,44.060866],[10091,3785,-121.398533,44.060762],[10120,3787,-121.398611,44.060705],[10143,3788,-121.398674,44.060663],[10156,3784,-121.398694,44.060629],[10174,3784,-121.398719,44.060585],[10230,3782,-121.398833,44.060454],[10285,3782,-121.398948,44.060326],[10360,3785,-121.399156,44.060185],[10424,3789,-121.39929,44.060041],[10458,3792,-121.399361,44.059961],[10484,3787,-121.3994,44.059895],[10538,3787,-121.399467,44.059756],[10599,3786,-121.399573,44.059606],[10671,3785,-121.399739,44.059452],[10707,3787,-121.399809,44.059367],[10773,3783,-121.399927,44.059205],[10846,3787,-121.400094,44.059046],[10929,3786,-121.400245,44.058846],[10995,3787,-121.400374,44.058692],[11030,3787,-121.400419,44.0586],[11087,3788,-121.400492,44.058453],[11201,3789,-121.400658,44.058164],[11201,