{"trail":"Skyliner","distance":16641,"gain":268,"loss":107,"min":4760,"max":4930,"profile":[[0,4749,-121.514917,44.031407],[74,4754,-121.514802,44.031222],[147,4758,-121.514687,44.031038],[221,4762,-121.514572,44.030853],[295,4767,-121.514457,44.030669],[325,4769,-121.514372,44.030613],[347,4769,-121.514292,44.030598],[472,4768,-121.513815,44.030599],[513,4771,-121.513661,44.030576],[603,4774,-121.513343,44.030488],[631,4775,-121.513235,44.030477],[669,4776,-121.513094,44.0305],[711,4775,-121.512964,44.030565],[837,4770,-121.512632,44.030815],[888,4767,-121.512483,44.030906],[932,4768,-121.512325,44.030943],[971,4770,-121.512174,44.030941],[1032,4772,-121.511944,44.030913],[1079,4775,-121.511779,44.030863],[1140,4780,-121.511599,44.030757],[1223,4786,-121.511309,44.030668],[1311,4791,-121.510975,44.030663],[1359,4794,-121.510796,44.030688],[1449,4798,-121.510471,44.030773],[1540,4802,-121.510146,44.030859],[1607,4814,-121.509895,44.030896],[1675,4824,-121.509643,44.030932],[1742,4825,-121.509392,44.030969],[1813,4841,-121.509123,44.030987],[1884,4847,-121.508853,44.031006],[1988,4853,-121.508461,44.031055],[2063,4861,-121.508191,44.031121],[2138,4873,-121.50792,44.031186],[2213,4879,-121.50765,44.031252],[2308,4879,-121.507315,44.031356],[2415,4869,-121.506996,44.031535],[2520,4866,-121.506654,44.031686],[2634,4870,-121.506232,44.031765],[2720,4869,-121.505933,44.031862],[2806,4869,-121.505633,44.031958],[2892,4871,-121.505324,44.032035],[2962,4872,-121.50506,44.032058],[3031,4869,-121.504797,44.032081],[3113,4864,-121.504497,44.032141],[3195,4857,-121.504198,44.032202],[3227,4856,-121.504076,44.03221],[3302,4851,-121.50379,44.0322],[3395,4852,-121.503443,44.032146],[3456,4853,-121.503212,44.032162],[3480,4848,-121.503136,44.032199],[3578,4850,-121.502786,44.032292],[3657,4843,-121.50307,44.032362],[3735,4841,-121.503354,44.032432],[3813,4839,-121.503066,44.032479],[3850,4839,-121.502943,44.032531],[3981,4839,-121.502469,44.03264],[4060,4837,-121.502233,44.032776],[4093,4838,-121.502108,44.032788],[4194,4844,-121.501749,44.032693],[4239,4848,-121.50158,44.03267],[4316,4855,-121.501286,44.032671],[4393,4858,-121.500992,44.032671],[4441,4861,-121.500809,44.032684],[4540,4861,-121.500456,44.032781],[4610,4862,-121.500197,44.032817],[4679,4866,-121.499937,44.032853],[4754,4867,-121.499664,44.032913],[4828,4867,-121.499392,44.032973],[4928,4863,-121.499051,44.033091],[4994,4854,-121.498845,44.033196],[5060,4855,-121.49864,44.033301],[5157,4844,-121.498324,44.033438],[5253,4848,-121.497978,44.033523],[5348,4852,-121.497633,44.033608],[5468,4844,-121.497243,44.033779],[5544,4844,-121.496974,44.033859],[5626,4845,-121.496673,44.033913],[5707,4846,-121.496372,44.033967],[5789,4850,-121.496071,44.034021],[5870,4851,-121.49577,44.034075],[5947,4854,-121.495482,44.034111],[6029,4855,-121.495186,44.03419],[6080,4858,-121.494997,44.034217],[6129,4862,-121.494809,44.034216],[6184,4861,-121.494603,44.03424],[6292,4860,-121.494206,44.034321],[6386,4860,-121.493854,44.034365],[6456,4862,-121.493589,44.034388],[6526,4865,-121.493323,44.03441],[6596,4862,-121.493058,44.034433],[6723,4873,-121.492577,44.034413],[6774,4869,-121.492381,44.034431],[6840,4871,-121.492132,44.034433],[6907,4873,-121.491876,44.034459],[6975,4869,-121.49162,44.034486],[7043,4875,-121.491365,44.034513],[7111,4880,-121.491109,44.034539],[7192,4878,-121.490821,44.034621],[7273,4882,-121.490532,44.034703],[7355,4890,-121.490244,44.034785],[7427,4893,-121.489977,44.03483],[7499,4896,-121.489709,44.034874],[7571,4898,-121.489442,44.034919],[7615,4903,-121.489285,44.034967],[7709,4891,-121.488979,44.035101],[7803,4887,-121.488674,44.035236],[7890,4881,-121.488382,44.035346],[7976,4884,-121.48809,44.035456],[8052,4884,-121.487808,44.035495],[8127,4884,-121.487526,44.035534],[8211,4883,-121.487223,44.035609],[8295,4878,-121.486921,44.035685],[8398,4874,-121.486533,44.03573],[8437,4874,-121.486384,44.035733],[8561,4867,-121.485926,44.035816],[8593,4867,-121.485804,44.035824],[8645,4865,-121.485608,44.035809],[8724,4865,-121.485323,44.035736],[8746,4863,-121.485239,44.035728],[8821,4858,-121.484956,44.035743],[8881,4851,-121.484748,44.035812],[8918,4850,-121.484607,44.035827],[8947,4849,-121.484504,44.035802],[9029,4852,-121.484267,44.035652],[9054,4850,-121.484176,44.035638],[9069,4849,-121.484119,44.035647],[9094,4844,-121.48404,44.035685],[9139,4839,-121.483967,44.035796],[9223,4830,-121.483933,44.036024],[9249,4828,-121.483871,44.036081],[9267,4825,-121.483806,44.036097],[9295,4825,-121.4837,44.036084],[9386,4823,-121.483415,44.035941],[9412,4820,-121.483323,44.035921],[9436,4816,-121.483232,44.035929],[9472,4810,-121.483134,44.036],[9546,4801,-121.483014,44.036182],[9564,4800,-121.482957,44.03621],[9588,4798,-121.482865,44.036225],[9627,4798,-121.482724,44.036193],[9685,4797,-121.482538,44.036108],[9753,4797,-121.482301,44.036034],[9821,4800,-121.482064,44.035959],[9941,4804,-121.48162,44.035872],[10035,4811,-121.481268,44.035836],[10101,4816,-121.481033,44.035768],[10168,4817,-121.48078,44.03574],[10244,4821,-121.480506,44.03567],[10320,4824,-121.480233,44.035601],[10441,4831,-121.479823,44.035448],[10508,4831,-121.479587,44.035382],[10574,4832,-121.479351,44.035316],[10620,4832,-121.479214,44.03524],[10693,4832,-121.479009,44.035102],[10767,4828,-121.478805,44.034964],[10840,4824,-121.4786,44.034826],[10884,4824,-121.478515,44.034722],[10956,4826,-121.47843,44.034534],[11028,4832,-121.478345,44.034347],[11105,4839,-121.478287,44.03414],[11172,4845,-121.478286,44.033958],[11238,4846,-121.478286,44.033775],[11305,4842,-121.478285,44.033593],[11344,4838,-121.478303,44.033488],[11417,4835,-121.478379,44.033294],[11490,4832,-121.478456,44.033101],[11529,4832,-121.478521,44.033006],[11596,4830,-121.478667,44.032854],[11664,4827,-121.478813,44.032701],[11692,4827,-121.478885,44.032643],[11746,4831,-121.479066,44.032572],[11781,4831,-121.479163,44.032506],[11878,4829,-121.479364,44.032283],[11953,4830,-121.479568,44.03214],[12028,4827,-121.479771,44.031997],[12103,4825,-121.479906,44.031815],[12178,4822,-121.48004,44.031634],[12216,4822,-121.480141,44.031557],[12286,4822,-121.480348,44.031436],[12356,4825,-121.480555,44.031315],[12420,4826,-121.480748,44.031207],[12472,4828,-121.480869,44.031095],[12586,4833,-121.481187,44.030881],[12713,4836,-121.481489,44.030612],[12758,4836,-121.481577,44.030504],[12785,4837,-121.481651,44.030452],[12813,4840,-121.481757,44.03046],[12849,4843,-121.481861,44.030522],[12875,4846,-121.481953,44.030552],[12953,4850,-121.482242,44.0305],[12975,4851,-121.482317,44.030477],[13050,4851,-121.48254,44.030348],[13125,4847,-121.482763,44.03022],[13200,4847,-121.482986,44.030091],[13224,4848,-121.483071,44.030063],[13248,4849,-121.483163,44.030059],[13359,4856,-121.483579,44.030103],[13382,4855,-121.483665,44.030088],[13465,4855,-121.483902,44.029939],[13573,4859,-121.484313,44.029916],[13643,4858,-121.484561,44.029847],[13712,4860,-121.48481,44.029778],[13750,4859,-121.484927,44.029717],[13821,4860,-121.485115,44.029579],[13892,4863,-121.485362,44.029498],[13970,4865,-121.485617,44.029387],[14007,4866,-121.485754,44.02937],[14039,4868,-121.485863,44.029409],[14064,4871,-121.485909,44.029469],[14106,4873,-121.485937,44.029583],[14144,4877,-121.485993,44.029681],[14169,4878,-121.486064,44.029723],[14191,4880,-121.486151,44.029728],[14207,4880,-121.4862,44.029702],[14231,4881,-121.486244,44.029647],[14300,4880,-121.486344,44.02947],[14335,4881,-121.486413,44.02939],[14361,4882,-121.486494,44.029347],[14377,4882,-121.486556,44.029341],[14422,4886,-121.486714,44.029384],[14445,4887,-121.486801,44.029388],[14488,4889,-121.486936,44.029321],[14567,4890,-121.487127,44.029153],[14646,4890,-121.487317,44.028985],[14759,4894,-121.487636,44.028775],[14826,4896,-121.487848,44.028676],[14902,4897,-121.488072,44.028542],[14938,4900,-121.488204,44.028511],[15012,4903,-121.48848,44.028477],[15070,4905,-121.48869,44.028427],[15107,4909,-121.488817,44.02838],[15225,4910,-121.489155,44.028167],