{"trail":"Slickenside","distance":8789,"gain":395,"loss":395,"min":1976,"max":2034,"profile":[[0,2000,-85.42928,34.850755],[25,2001,-85.429197,34.850763],[50,2001,-85.429114,34.850771],[74,2004,-85.429047,34.850806],[99,2003,-85.428988,34.850854],[124,2004,-85.428929,34.850903],[149,2000,-85.42887,34.850951],[174,1998,-85.428811,34.851],[199,2000,-85.428752,34.851048],[224,2001,-85.428693,34.851096],[248,2007,-85.428646,34.851151],[273,2014,-85.428618,34.851216],[298,2013,-85.42859,34.85128],[323,2013,-85.428561,34.851345],[348,2015,-85.428533,34.851409],[373,2012,-85.428505,34.851474],[398,2014,-85.428476,34.851538],[422,2012,-85.428425,34.851588],[447,2004,-85.428356,34.851627],[472,2000,-85.428287,34.851665],[497,1994,-85.428218,34.851704],[522,1998,-85.428149,34.851743],[547,1999,-85.42808,34.851781],[568,2002,-85.428066,34.851839],[593,2009,-85.428081,34.851907],[618,2013,-85.428095,34.851974],[643,2018,-85.42811,34.852042],[668,2018,-85.428115,34.852108],[693,2014,-85.428089,34.852173],[718,2014,-85.428062,34.852239],[743,2013,-85.428036,34.852304],[768,2016,-85.428009,34.852369],[793,2021,-85.427983,34.852434],[818,2023,-85.427957,34.852499],[843,2025,-85.42793,34.852564],[868,2021,-85.427904,34.852629],[892,2020,-85.42789,34.852694],[917,2020,-85.427906,34.852761],[942,2020,-85.427923,34.852829],[967,2024,-85.427939,34.852896],[992,2020,-85.427955,34.852963],[1017,2016,-85.427968,34.853029],[1042,2010,-85.427914,34.853081],[1067,2010,-85.427859,34.853133],[1092,2010,-85.427804,34.853185],[1117,2014,-85.42775,34.853237],[1142,2014,-85.427695,34.853288],[1167,2018,-85.427674,34.853354],[1192,2017,-85.427656,34.853421],[1217,2018,-85.427638,34.853488],[1242,2011,-85.427619,34.853555],[1267,2010,-85.427601,34.853622],[1292,2008,-85.427582,34.853689],[1317,2011,-85.427564,34.853755],[1342,2015,-85.427545,34.853822],[1367,2014,-85.427527,34.853889],[1392,2017,-85.427509,34.853956],[1417,2011,-85.42749,34.854023],[1442,2008,-85.427472,34.85409],[1467,2002,-85.427453,34.854156],[1492,2004,-85.427435,34.854223],[1516,1999,-85.427359,34.854251],[1541,1998,-85.427284,34.854279],[1566,2001,-85.42728,34.854348],[1591,2007,-85.427276,34.854416],[1616,2013,-85.427272,34.854484],[1641,2019,-85.427267,34.854553],[1666,2024,-85.427263,34.854621],[1691,2024,-85.427231,34.854684],[1716,2027,-85.427194,34.854745],[1741,2034,-85.427158,34.854807],[1766,2033,-85.427121,34.854869],[1791,2033,-85.427084,34.85493],[1816,2030,-85.427048,34.854992],[1841,2029,-85.427011,34.855053],[1866,2028,-85.426975,34.855115],[1891,2029,-85.426938,34.855177],[1916,2034,-85.426902,34.855238],[1941,2033,-85.426865,34.8553],[1966,2030,-85.426829,34.855362],[1991,2029,-85.426792,34.855423],[2016,2029,-85.426756,34.855485],[2041,2029,-85.426719,34.855546],[2066,2027,-85.426683,34.855608],[2091,2031,-85.426646,34.85567],[2116,2030,-85.42661,34.855731],[2141,2027,-85.426573,34.855793],[2166,2023,-85.426536,34.855855],[2191,2020,-85.4265,34.855916],[2216,2017,-85.426463,34.855978],[2241,2019,-85.426427,34.856039],[2266,2017,-85.42639,34.856101],[2291,2017,-85.426354,34.856163],[2316,2017,-85.426317,34.856224],[2341,2016,-85.426281,34.856286],[2366,2012,-85.426244,34.856348],[2391,2009,-85.426208,34.856409],[2416,2009,-85.426171,34.856471],[2441,2009,-85.426135,34.856532],[2465,2006,-85.426106,34.856595],[2490,2008,-85.42612,34.856663],[2515,2013,-85.426133,34.85673],[2540,2014,-85.426146,34.856798],[2565,2014,-85.42616,34.856866],[2590,2016,-85.426173,34.856933],[2615,2014,-85.426186,34.857001],[2640,2011,-85.4262,34.857069],[2665,2013,-85.426213,34.857136],[2690,2008,-85.426227,34.857204],[2715,2002,-85.426222,34.857271],[2740,1999,-85.426202,34.857337],[2765,2007,-85.426182,34.857404],[2790,2013,-85.426161,34.85747],[2815,2018,-85.426141,34.857537],[2840,2012,-85.426121,34.857603],[2865,2012,-85.4261,34.85767],[2890,2010,-85.42608,34.857736],[2915,2015,-85.42606,34.857803],[2940,2018,-85.42604,34.857869],[2965,2017,-85.426019,34.857936],[2989,2023,-85.426047,34.857999],[3014,2023,-85.426078,34.858063],[3039,2024,-85.426109,34.858127],[3064,2021,-85.42614,34.85819],[3089,2021,-85.426171,34.858254],[3114,2012,-85.426202,34.858318],[3139,2008,-85.426233,34.858381],[3164,2005,-85.426264,34.858445],[3189,1997,-85.426296,34.858508],[3211,2000,-85.426302,34.858567],[3236,1987,-85.426238,34.85861],[3261,1988,-85.426173,34.858654],[3286,1985,-85.426108,34.858697],[3309,1990,-85.426075,34.858755],[3334,1997,-85.426064,34.858823],[3359,2002,-85.426052,34.858891],[3384,2004,-85.42604,34.858959],[3409,1996,-85.425989,34.859013],[3434,1993,-85.425937,34.859066],[3459,1997,-85.425885,34.85912],[3484,2001,-85.425833,34.859173],[3509,1997,-85.42578,34.859227],[3534,1998,-85.425728,34.85928],[3558,1997,-85.425695,34.85934],[3583,2000,-85.42569,34.859408],[3608,2002,-85.425686,34.859476],[3633,2003,-85.425681,34.859545],[3658,2002,-85.425677,34.859613],[3683,1996,-85.425672,34.859682],[3708,1995,-85.425668,34.85975],[3733,1998,-85.425664,34.859819],[3758,2003,-85.425659,34.859887],[3783,2007,-85.425655,34.859955],[3808,2004,-85.42565,34.860024],[3833,2004,-85.425646,34.860092],[3858,2003,-85.425641,34.860161],[3883,2002,-85.425637,34.860229],[3908,2002,-85.425632,34.860298],[3933,1999,-85.425628,34.860366],[3958,1994,-85.425623,34.860435],[3983,1989,-85.425619,34.860503],[4008,1989,-85.425615,34.860571],[4033,1986,-85.425607,34.860639],[4058,1985,-85.42557,34.8607],[4083,1978,-85.425532,34.860762],[4108,1976,-85.425495,34.860823],[4133,1977,-85.425458,34.860884],[4158,1977,-85.42542,34.860946],[4183,1979,-85.425423,34.861013],[4208,1980,-85.425429,34.861082],[4233,1981,-85.425435,34.86115],[4257,1986,-85.425453,34.861215],[4282,1991,-85.425498,34.861273],[4307,1995,-85.425544,34.86133],[4332,1999,-85.425589,34.861388],[4357,2000,-85.425634,34.861445],[4382,1999,-85.425679,34.861503],[4407,2000,-85.425725,34.861561],[4432,1994,-85.42577,34.861618],[4457,1987,-85.425815,34.861676],[4482,1987,-85.425861,34.861733],[4486,1980,-85.425868,34.861743],[6910,2029,-85.426941,34.855158],[6935,2028,-85.426978,34.855096],[6960,2027,-85.427016,34.855035],[6985,2029,-85.427053,34.854974],[7010,2033,-85.42709,34.854912],[7035,2033,-85.427128,34.854851],[7060,2031,-85.427165,34.85479],[7085,2027,-85.427202,34.854729],[7110,2024,-85.42724,34.854667],[7134,2024,-85.427264,34.854603],[7159,2019,-85.427269,34.854535],[7184,2013,-85.427273,34.854466],[7209,2007,-85.427277,34.854398],[7234,2001,-85.427281,34.85433],[7257,1997,-85.427302,34.854271],[7282,2002,-85.427379,34.854244],[7304,2003,-85.42744,34.854206],[7329,2006,-85.427458,34.854139],[7354,2008,-85.427476,34.854072],[7379,2011,-85.427495,34.854005],[7404,2017,-85.427513,34.853938],[7429,2014,-85.427532,34.853872],[7454,2013,-85.42755,34.853805],[7479,2009,-85.427569,34.853738],[7504,2010,-85.427587,34.853671],[7529,2011,-85.427606,34.853604],[7554,2012,-85.427624,34.853537],[7579,2018,-85.427642,34.853471],[7604,2017,-85.427661,34.853404],[7629,2018,-85.427679,34.853337],[7654,2014,-85.427709,34.853275],[7679,2015,-85.427764,34.853223],[7704,2010,-85.427819,34.853171],[7729,2010,-85.427873,34.853119],[7754,2014,-85.427928,34.853068],[7777,2016,-85.427967,34.853013],[7802,2020,-85.427951,34.852945],[7827,2024,-85.427935,34.852878],[7852,2020,-85.427918,34.852811],[7877,2020,-85.427902,34.852744],[7902,2020,-85.427885,34.852677],[7927,2021,-85.427911,34.852611],[7952,2024,-85.427937,34.852546],[7977,2023,-85.427964,34.852481],[8002,2021,-85.42799,34.852416],[8027,2018,-85.428016,34.852351],[8052,2013,-85.428043,34.852286],[8077,2013,-85.428069,34.852221],[8102,2014,-85.428096,34.852156],[8127,2019,-85.428121,34.852091],[8152,2018,-85.428106,34.852024],[8177,2013,-85.428092,34.851956],[8202,2009,-85.428077,34.851889],[8227,2002,-85.428063,34.851821],[8248,1996,-85.428098,34.851771],[8273,1994,-85.428167,34.851732],[8298,1996,-85.428236,34.851694],[8323,2000,-85.428305,34.851655],[8348,2009,-85.428374,34.851616],[8373,2012,-85.428443,34.851578],[8397,2011,-85.428484,