{"trail":"Slickenside","distance":6347,"gain":331,"loss":380,"min":1974,"max":2034,"profile":[[0,2029,-85.426941,34.855158],[25,2028,-85.426978,34.855096],[50,2027,-85.427016,34.855035],[75,2029,-85.427053,34.854974],[100,2033,-85.42709,34.854912],[125,2033,-85.427128,34.854851],[150,2031,-85.427165,34.85479],[175,2027,-85.427202,34.854729],[200,2024,-85.42724,34.854667],[224,2024,-85.427264,34.854603],[249,2019,-85.427269,34.854535],[274,2013,-85.427273,34.854466],[299,2007,-85.427277,34.854398],[324,2001,-85.427281,34.85433],[347,1997,-85.427302,34.854271],[372,2002,-85.427379,34.854244],[395,2003,-85.42744,34.854206],[420,2006,-85.427458,34.854139],[445,2008,-85.427476,34.854072],[470,2011,-85.427495,34.854005],[495,2017,-85.427513,34.853938],[520,2014,-85.427532,34.853872],[545,2013,-85.42755,34.853805],[570,2009,-85.427569,34.853738],[595,2010,-85.427587,34.853671],[620,2011,-85.427606,34.853604],[645,2012,-85.427624,34.853537],[670,2018,-85.427642,34.853471],[695,2017,-85.427661,34.853404],[720,2018,-85.427679,34.853337],[744,2014,-85.427709,34.853275],[769,2015,-85.427764,34.853223],[794,2010,-85.427819,34.853171],[819,2010,-85.427873,34.853119],[844,2014,-85.427928,34.853068],[867,2016,-85.427967,34.853013],[892,2020,-85.427951,34.852945],[917,2024,-85.427935,34.852878],[942,2020,-85.427918,34.852811],[967,2020,-85.427902,34.852744],[992,2020,-85.427885,34.852677],[1017,2021,-85.427911,34.852611],[1042,2024,-85.427937,34.852546],[1067,2023,-85.427964,34.852481],[1092,2021,-85.42799,34.852416],[1117,2018,-85.428016,34.852351],[1142,2013,-85.428043,34.852286],[1167,2013,-85.428069,34.852221],[1192,2014,-85.428096,34.852156],[1217,2019,-85.428121,34.852091],[1242,2018,-85.428106,34.852024],[1267,2013,-85.428092,34.851956],[1292,2009,-85.428077,34.851889],[1317,2002,-85.428063,34.851821],[1338,1996,-85.428098,34.851771],[1363,1994,-85.428167,34.851732],[1388,1996,-85.428236,34.851694],[1413,2000,-85.428305,34.851655],[1438,2009,-85.428374,34.851616],[1463,2012,-85.428443,34.851578],[1487,2011,-85.428484,34.851521],[1512,2011,-85.428512,34.851457],[1537,2015,-85.42854,34.851392],[1562,2013,-85.428569,34.851328],[1587,2013,-85.428597,34.851263],[1612,2010,-85.428625,34.851199],[1637,2004,-85.428654,34.851134],[1662,2002,-85.428708,34.851084],[1687,1997,-85.428767,34.851035],[1712,1998,-85.428826,34.850987],[1737,2003,-85.428885,34.850938],[1762,2003,-85.428944,34.85089],[1787,2005,-85.429003,34.850841],[1812,2004,-85.429062,34.850793],[1836,2001,-85.429136,34.850769],[1861,2000,-85.429219,34.850761],[1872,2000,-85.429258,34.850757],[1897,2001,-85.429175,34.850765],[1922,2001,-85.429092,34.850773],[1947,2003,-85.429031,34.850818],[1972,2005,-85.428972,34.850867],[1997,2002,-85.428913,34.850915],[2022,2000,-85.428854,34.850964],[2047,2000,-85.428795,34.851012],[2072,1999,-85.428736,34.851061],[2097,2005,-85.428677,34.851109],[2122,2007,-85.428639,34.851168],[2147,2010,-85.42861,34.851233],[2172,2015,-85.428582,34.851297],[2197,2014,-85.428554,34.851362],[2222,2011,-85.428525,34.851426],[2247,2012,-85.428497,34.851491],[2272,2014,-85.428469,34.851555],[2296,2012,-85.428406,34.851598],[2321,2004,-85.428338,34.851637],[2346,1996,-85.428269,34.851675],[2371,1995,-85.4282,34.851714],[2396,1997,-85.428131,34.851753],[2421,1999,-85.428062,34.851792],[2445,2006,-85.42807,34.851857],[2470,2011,-85.428085,34.851924],[2495,2014,-85.428099,34.851992],[2520,2019,-85.428114,34.852059],[2544,2018,-85.428108,34.852126],[2569,2014,-85.428082,34.852191],[2594,2012,-85.428055,34.852256],[2619,2015,-85.428029,34.852321],[2644,2019,-85.428003,34.852386],[2669,2023,-85.427976,34.852451],[2694,2023,-85.42795,34.852516],[2719,2021,-85.427923,34.852581],[2744,2021,-85.427897,34.852646],[2768,2020,-85.427894,34.852712],[2793,2020,-85.42791,34.852779],[2818,2020,-85.427927,34.852846],[2843,2022,-85.427943,34.852913],[2868,2019,-85.42796,34.852981],[2891,2016,-85.427954,34.853043],[2916,2010,-85.427899,34.853095],[2941,2010,-85.427845,34.853147],[2966,2012,-85.42779,34.853198],[2991,2014,-85.427735,34.85325],[3016,2016,-85.427688,34.853305],[3041,2016,-85.42767,34.853372],[3066,2017,-85.427651,34.853439],[3091,2017,-85.427633,34.853506],[3116,2011,-85.427614,34.853573],[3141,2010,-85.427596,34.853639],[3166,2008,-85.427577,34.853706],[3191,2011,-85.427559,34.853773],[3216,2012,-85.427541,34.85384],[3241,2016,-85.427522,34.853907],[3266,2017,-85.427504,34.853974],[3291,2010,-85.427485,34.85404],[3316,2006,-85.427467,34.854107],[3341,2003,-85.427448,34.854174],[3364,2004,-85.427416,34.854231],[3389,1999,-85.427339,34.854258],[3411,1998,-85.427283,34.854297],[3436,2004,-85.427279,34.854366],[3461,2010,-85.427275,34.854434],[3486,2016,-85.427271,34.854502],[3511,2022,-85.427266,34.854571],[3535,2026,-85.427258,34.854638],[3560,2027,-85.427221,34.8547],[3585,2027,-85.427184,34.854762],[3610,2031,-85.427148,34.854823],[3635,2031,-85.427111,34.854885],[3660,2034,-85.427075,34.854946],[3685,2030,-85.427038,34.855008],[3710,2029,-85.427002,34.85507],[3735,2030,-85.426965,34.855131],[3760,2031,-85.426929,34.855193],[3785,2030,-85.426892,34.855255],[3810,2033,-85.426856,34.855316],[3835,2031,-85.426819,34.855378],[3860,2031,-85.426783,34.855439],[3885,2029,-85.426746,34.855501],[3910,2029,-85.42671,34.855563],[3935,2029,-85.426673,34.855624],[3960,2029,-85.426636,34.855686],[3985,2030,-85.4266,34.855748],[4010,2027,-85.426563,34.855809],[4035,2024,-85.426527,34.855871],[4060,2020,-85.42649,34.855932],[4085,2017,-85.426454,34.855994],[4110,2015,-85.426417,34.856056],[4135,2015,-85.426381,34.856117],[4160,2019,-85.426344,34.856179],[4185,2017,-85.426308,34.85624],[4210,2016,-85.426271,34.856302],[4235,2012,-85.426235,34.856364],[4260,2009,-85.426198,34.856425],[4285,2006,-85.426162,34.856487],[4310,2005,-85.426125,34.856549],[4334,2007,-85.42611,34.856613],[4359,2009,-85.426123,34.85668],[4384,2014,-85.426137,34.856748],[4409,2014,-85.42615,34.856816],[4434,2013,-85.426163,34.856883],[4459,2016,-85.426177,34.856951],[4484,2014,-85.42619,34.857019],[4509,2011,-85.426203,34.857086],[4534,2013,-85.426217,34.857154],[4559,2008,-85.42623,34.857222],[4584,2002,-85.426217,34.857288],[4609,2003,-85.426196,34.857355],[4634,2012,-85.426176,34.857421],[4659,2015,-85.426156,34.857488],[4684,2018,-85.426136,34.857554],[4709,2012,-85.426115,34.857621],[4734,2012,-85.426095,34.857687],[4759,2010,-85.426075,34.857754],[4784,2015,-85.426055,34.85782],[4809,2016,-85.426034,34.857887],[4833,2018,-85.426025,34.857953],[4858,2023,-85.426056,34.858016],[4883,2027,-85.426087,34.85808],[4908,2024,-85.426118,34.858143],[4933,2021,-85.426149,34.858207],[4958,2016,-85.42618,34.858271],[4983,2008,-85.426211,34.858334],[5008,2003,-85.426242,34.858398],[5033,2005,-85.426273,34.858462],[5058,2003,-85.426304,34.858525],[5078,1992,-85.426285,34.858578],[5103,1987,-85.426221,34.858622],[5128,1984,-85.426156,34.858665],[5153,1985,-85.426091,34.858709],[5177,1990,-85.426072,34.858773],[5202,1997,-85.426061,34.858841],[5227,2002,-85.426049,34.858909],[5252,2000,-85.426028,34.858973],[5277,1996,-85.425975,34.859027],[5302,1996,-85.425923,34.85908],[5327,1997,-85.425871,34.859134],[5352,1998,-85.425819,34.859187],[5377,1997,-85.425767,34.859241],[5402,1998,-85.425715,34.859294],[5426,1999,-85.425693,34.859358],[5451,2001,-85.425689,34.859426],[5476,2002,-85.425685,34.859494],[5501,2002,-85.42568,34.859563],[5526,1999,-85.425676,34.859631],[5551,1996,-85.425671,34.8597],[5576,1995,-85.425667,34.859768],[5601,1998,-85.425662,34.859837],[5626,2003,-85.425658,34.859905],[5651,2002,-85.425653,34.859973],[5676,2004,-85.425649,34.860042],[5701,2004,-85.425645,34.86011],[5726,2003,-85.42564,34.860179],[5751,2002,-85.425636,34.860247],[5776,2000,-85.425631,34.860316],[5801,1997,-85.425627,34.860384],[5826,1991,-85.425622,34.860453],[5851,1987,-85.425618,34.860521],[5876,1991,-85.425613,34.860589],[5900,1986,-85.425597,34.860655],[5925,1979,-85.42556,34.860717],[5950,1974,-85.425523,34.860778],[5975,1978,-85.425485,34.860839],[6000,