{"trail":"Small Intestine Loop","distance":14768,"gain":562,"loss":577,"min":1528,"max":1663,"profile":[[0,1657,-85.389261,35.056805],[25,1656,-85.389331,35.056843],[50,1656,-85.389401,35.056881],[74,1656,-85.38946,35.056925],[99,1655,-85.389487,35.05699],[124,1654,-85.389513,35.057055],[149,1654,-85.38954,35.05712],[174,1652,-85.389566,35.057185],[199,1651,-85.389593,35.05725],[224,1650,-85.389619,35.057315],[249,1649,-85.389646,35.05738],[274,1651,-85.389672,35.057445],[299,1653,-85.389699,35.05751],[324,1653,-85.389725,35.057575],[349,1655,-85.389752,35.05764],[374,1657,-85.389778,35.057705],[399,1656,-85.389805,35.05777],[424,1656,-85.389831,35.057835],[449,1654,-85.389857,35.0579],[474,1652,-85.389884,35.057965],[499,1653,-85.38991,35.05803],[524,1650,-85.389937,35.058095],[549,1649,-85.389963,35.05816],[574,1645,-85.38999,35.058225],[599,1643,-85.390016,35.05829],[624,1640,-85.390043,35.058355],[648,1639,-85.390087,35.058411],[673,1636,-85.390146,35.05846],[698,1636,-85.390205,35.058508],[723,1641,-85.390264,35.058557],[748,1639,-85.390323,35.058605],[773,1643,-85.39039,35.058645],[798,1645,-85.390466,35.058674],[823,1644,-85.390541,35.058704],[848,1646,-85.390617,35.058733],[873,1644,-85.390693,35.058763],[898,1641,-85.390768,35.058792],[923,1637,-85.390844,35.058821],[948,1634,-85.39092,35.058851],[973,1629,-85.390995,35.05888],[998,1629,-85.391071,35.05891],[1023,1625,-85.391146,35.058939],[1043,1621,-85.391205,35.058965],[1068,1621,-85.391122,35.058958],[1093,1622,-85.391038,35.058951],[1118,1626,-85.390955,35.058944],[1143,1627,-85.390872,35.058937],[1168,1628,-85.390788,35.05893],[1193,1627,-85.390705,35.058924],[1218,1626,-85.390622,35.058917],[1242,1627,-85.390542,35.0589],[1267,1629,-85.390469,35.058867],[1292,1628,-85.390396,35.058834],[1317,1624,-85.390322,35.058801],[1342,1624,-85.390249,35.058768],[1367,1620,-85.390176,35.058735],[1387,1609,-85.390112,35.058747],[1412,1604,-85.390057,35.058798],[1437,1600,-85.390002,35.05885],[1457,1599,-85.390046,35.058892],[1482,1599,-85.390114,35.058932],[1507,1599,-85.390182,35.058972],[1532,1601,-85.39025,35.059012],[1557,1602,-85.390318,35.059052],[1582,1601,-85.390386,35.059092],[1607,1601,-85.390454,35.059132],[1632,1601,-85.390522,35.059172],[1657,1599,-85.39059,35.059212],[1682,1597,-85.390658,35.059252],[1707,1594,-85.390726,35.059292],[1732,1589,-85.390794,35.059332],[1756,1585,-85.390869,35.059352],[1781,1585,-85.390953,35.059352],[1806,1585,-85.391037,35.059352],[1831,1586,-85.391121,35.059352],[1856,1588,-85.391204,35.059352],[1881,1590,-85.391288,35.059352],[1906,1592,-85.391372,35.059352],[1931,1594,-85.391456,35.059352],[1955,1592,-85.391522,35.059388],[1980,1592,-85.391585,35.059433],[2002,1590,-85.391636,35.059476],[2027,1588,-85.391554,35.05949],[2052,1587,-85.391472,35.059504],[2077,1584,-85.39139,35.059517],[2102,1582,-85.391308,35.059531],[2127,1578,-85.391226,35.059545],[2152,1575,-85.391144,35.059559],[2177,1573,-85.391062,35.059573],[2201,1573,-85.39098,35.059573],[2226,1573,-85.390899,35.059557],[2251,1576,-85.390817,35.059542],[2276,1579,-85.390735,35.059527],[2301,1583,-85.390654,35.059512],[2326,1588,-85.390572,35.059497],[2351,1594,-85.39049,35.059482],[2376,1598,-85.390409,35.059467],[2400,1599,-85.390335,35.05944],[2425,1600,-85.390274,35.059393],[2450,1600,-85.390214,35.059345],[2475,1600,-85.390154,35.059297],[2500,1600,-85.390094,35.059249],[2525,1600,-85.390034,35.059202],[2550,1600,-85.389974,35.059154],[2575,1601,-85.389914,35.059106],[2600,1602,-85.389854,35.059059],[2625,1603,-85.389794,35.059011],[2650,1604,-85.389734,35.058963],[2675,1605,-85.389674,35.058915],[2700,1607,-85.38961,35.058872],[2725,1606,-85.389534,35.058843],[2750,1608,-85.389458,35.058814],[2775,1610,-85.389382,35.058785],[2800,1613,-85.389306,35.058757],[2825,1615,-85.38923,35.058728],[2850,1617,-85.389154,35.058699],[2875,1616,-85.389078,35.05867],[2896,1616,-85.389056,35.058725],[2921,1615,-85.389042,35.058793],[2946,1616,-85.389029,35.05886],[2968,1614,-85.389076,35.058907],[2993,1609,-85.389145,35.058946],[3018,1607,-85.389213,35.058986],[3043,1602,-85.389282,35.059025],[3068,1599,-85.38935,35.059065],[3093,1599,-85.389419,35.059104],[3118,1598,-85.389487,35.059144],[3143,1598,-85.389556,35.059183],[3167,1597,-85.389615,35.059229],[3192,1597,-85.38965,35.059291],[3217,1595,-85.389685,35.059353],[3242,1594,-85.38972,35.059416],[3267,1592,-85.389755,35.059478],[3292,1592,-85.38979,35.05954],[3317,1591,-85.389825,35.059602],[3342,1588,-85.38986,35.059664],[3367,1586,-85.389855,35.059732],[3392,1583,-85.389847,35.059801],[3417,1581,-85.389846,35.059868],[3442,1582,-85.389893,35.059924],[3467,1581,-85.38994,35.059981],[3492,1579,-85.389987,35.060038],[3517,1579,-85.390033,35.060095],[3542,1580,-85.39008,35.060151],[3567,1581,-85.390127,35.060208],[3592,1579,-85.390174,35.060265],[3617,1577,-85.390221,35.060322],[3642,1576,-85.390268,35.060379],[3667,1572,-85.390315,35.060435],[3692,1570,-85.390362,35.060492],[3703,1563,-85.390325,35.060494],[3728,1563,-85.390248,35.060468],[3753,1564,-85.39017,35.060442],[3778,1561,-85.390092,35.060416],[3803,1555,-85.390015,35.06039],[3828,1552,-85.389937,35.060364],[3853,1552,-85.38986,35.060338],[3871,1552,-85.389799,35.060331],[3896,1546,-85.389805,35.0604],[3921,1542,-85.389812,35.060468],[3946,1539,-85.389818,35.060536],[3971,1535,-85.389825,35.060604],[3996,1532,-85.389831,35.060673],[4021,1528,-85.389837,35.060741],[4044,1528,-85.389812,35.060801],[4069,1529,-85.389756,35.060852],[4094,1533,-85.389701,35.060903],[4113,1541,-85.38964,35.060916],[4138,1552,-85.389571,35.060877],[4163,1560,-85.389502,35.060837],[4188,1564,-85.389433,35.060798],[4213,1567,-85.389365,35.060759],[4238,1570,-85.389296,35.06072],[4263,1573,-85.389227,35.060681],[4288,1574,-85.389158,35.060642],[4313,1576,-85.38909,35.060603],[4338,1575,-85.389021,35.060563],[4363,1577,-85.388952,35.060524],[4388,1578,-85.388884,35.060485],[4413,1577,-85.388815,35.060446],[4438,1575,-85.388746,35.060407],[4463,1576,-85.388677,35.060368],[4488,1574,-85.388609,35.060329],[4513,1575,-85.38854,35.06029],[4538,1573,-85.388471,35.06025],[4563,1575,-85.388402,35.060211],[4588,1575,-85.388334,35.060172],[4613,1572,-85.388265,35.060133],[4638,1572,-85.388196,35.060094],[4663,1575,-85.388152,35.060036],[4688,1576,-85.388112,35.059976],[4703,1576,-85.388076,35.059948],[4728,1570,-85.388056,35.060014],[4753,1564,-85.388035,35.060081],[4778,1563,-85.388015,35.060147],[4803,1564,-85.387995,35.060214],[4828,1564,-85.387975,35.06028],[4852,1568,-85.387984,35.060348],[4877,1570,-85.387994,35.060416],[4902,1573,-85.388004,35.060484],[4927,1575,-85.388014,35.060552],[4952,1574,-85.388024,35.06062],[4977,1579,-85.388034,35.060688],[5002,1585,-85.388044,35.060756],[5027,1590,-85.388054,35.060824],[5052,1590,-85.388065,35.060892],[5077,1592,-85.388075,35.06096],[5096,1595,-85.38805,35.061006],[5121,1600,-85.387967,35.061013],[5146,1604,-85.387883,35.061021],[5171,1608,-85.3878,35.061029],[5196,1610,-85.387717,35.061037],[5221,1613,-85.387634,35.061044],[5246,1615,-85.387551,35.061052],[5271,1614,-85.387468,35.06106],[5296,1615,-85.387384,35.061067],[5321,1614,-85.387301,35.061075],[5346,1613,-85.387218,35.061083],[5370,1612,-85.387135,35.06109],[5395,1612,-85.387062,35.061057],[5420,1614,-85.386988,35.061024],[5445,1616,-85.386915,35.060991],[5469,1620,-85.386882,35.060932],[5494,1622,-85.386858,35.060866],[5519,1623,-85.386835,35.0608],[5544,1621,-85.386811,35.060734],[5569,1619,-85.386788,35.060668],[5594,1618,-85.386765,35.060603],[5619,1618,-85.386731,35.060541],[5644,1617,-85.386682,35.060486],[5669,1617,-85.386633,35.06043],[5694,1618,-85.386583,35.060375],[5719,1618,-85.386534,35.060319],[5744,1620,-85.386485,35.060263],[5769,1621,-85.386436,35.060208],[5794,1621,-85.386387,35.060152],[5819,1621,-85.386338,35.060097],[5836,1622,-85.386319,35.060054],[5861,1624,-85.386403,35.060054],[5886,1625,-85.386487,35.060054],[5911,1627,-85.38657,35.060054],[5935,1628,-85.38665,35.060067],[5960,1628,-85.386724,