{"trail":"South Fork","distance":16602,"gain":0,"loss":926,"min":4940,"max":5890,"profile":[[0,5887,-121.585411,44.008719],[124,5889,-121.585581,44.009036],[166,5889,-121.5856,44.009149],[235,5890,-121.585599,44.009338],[304,5890,-121.585597,44.009527],[341,5890,-121.585615,44.00963],[361,5890,-121.585661,44.009672],[390,5890,-121.58577,44.009685],[501,5889,-121.586171,44.009584],[564,5884,-121.586381,44.009501],[587,5879,-121.586469,44.009505],[609,5875,-121.586501,44.00956],[665,5872,-121.586447,44.009708],[740,5863,-121.586326,44.009895],[857,5847,-121.58618,44.010198],[950,5844,-121.586124,44.010448],[1042,5844,-121.586069,44.010698],[1115,5843,-121.58607,44.010899],[1188,5843,-121.58607,44.011099],[1262,5842,-121.586071,44.0113],[1352,5842,-121.586114,44.011546],[1460,5842,-121.586114,44.011842],[1581,5843,-121.586199,44.012167],[1620,5844,-121.586198,44.012275],[1692,5844,-121.586165,44.012472],[1765,5842,-121.586131,44.012668],[1837,5838,-121.586098,44.012865],[1865,5835,-121.586051,44.012934],[1926,5831,-121.585885,44.013053],[1964,5822,-121.585802,44.013136],[2052,5809,-121.585655,44.013354],[2096,5805,-121.585544,44.013445],[2168,5805,-121.58533,44.013567],[2239,5804,-121.585116,44.013689],[2311,5801,-121.584902,44.013811],[2360,5800,-121.584757,44.013896],[2429,5797,-121.584635,44.014064],[2498,5796,-121.584513,44.014231],[2613,5796,-121.584319,44.014512],[2698,5797,-121.584145,44.014711],[2789,5793,-121.583931,44.014907],[2910,5788,-121.58355,44.01509],[2969,5784,-121.58334,44.015152],[3048,5778,-121.583042,44.015185],[3064,5777,-121.582987,44.0152],[3086,5772,-121.582941,44.015253],[3124,5767,-121.582989,44.015349],[3176,5759,-121.583024,44.01549],[3220,5759,-121.583127,44.015585],[3343,5748,-121.583526,44.015761],[3461,5740,-121.583956,44.015862],[3503,5741,-121.584111,44.015887],[3628,5734,-121.584587,44.01592],[3686,5737,-121.584799,44.015881],[3800,5730,-121.585195,44.015753],[3829,5726,-121.585306,44.015738],[3850,5723,-121.58538,44.015753],[3874,5720,-121.58542,44.015814],[3897,5717,-121.58539,44.015874],[3978,5714,-121.585218,44.016058],[4065,5703,-121.585121,44.016286],[4117,5702,-121.584997,44.016395],[4202,5695,-121.584712,44.01651],[4288,5683,-121.584427,44.016625],[4326,5675,-121.584289,44.016658],[4398,5672,-121.584018,44.016677],[4446,5670,-121.583834,44.016671],[4542,5675,-121.583472,44.01663],[4633,5678,-121.583139,44.016566],[4699,5672,-121.582889,44.016542],[4765,5670,-121.582639,44.016519],[4843,5667,-121.582361,44.016444],[4921,5659,-121.582084,44.016368],[5007,5659,-121.581797,44.016249],[5094,5656,-121.581511,44.016129],[5204,5639,-121.581107,44.016057],[5264,5628,-121.580876,44.016048],[5293,5624,-121.58077,44.016071],[5315,5619,-121.580706,44.016109],[5341,5616,-121.580674,44.016175],[5355,5613,-121.580688,44.016214],[5392,5611,-121.580766,44.016299],[5445,5612,-121.58092,44.016393],[5520,5613,-121.581175,44.016483],[5648,5621,-121.581637,44.016596],[5734,5626,-121.581917,44.016719],[5820,5625,-121.582197,44.016842],[5906,5624,-121.582477,44.016965],[6032,5618,-121.582855,44.017178],[6097,5612,-121.583031,44.017304],[6180,5602,-121.583203,44.017493],[6262,5594,-121.583375,44.017682],[6346,5588,-121.583624,44.017828],[6424,5587,-121.583898,44.017905],[6530,5582,-121.584293,44.017974],[6559,5576,-121.584387,44.018013],[6591,5571,-121.584465,44.018082],[6619,5568,-121.584488,44.018156],[6643,5563,-121.584465,44.018221],[6669,5557,-121.584413,44.01828],[6723,5558,-121.584249,44.018371],[6821,5556,-121.583879,44.018405],[6862,5549,-121.583734,44.018445],[6924,5541,-121.58355,44.018551],[6959,5532,-121.583429,44.018594],[6988,5530,-121.583322,44.01861],[7026,5524,-121.583176,44.018607],[7116,5514,-121.582836,44.018567],[7171,5511,-121.582627,44.018564],[7297,5504,-121.582148,44.018596],[7368,5501,-121.581878,44.0186],[7439,5500,-121.581607,44.018604],[7505,5498,-121.581357,44.018586],[7531,5498,-121.581259,44.018592],[7649,5494,-121.580816,44.018654],[7753,5488,-121.580457,44.018771],[7799,5488,-121.580286,44.018803],[7908,5482,-121.579874,44.018826],[8025,5470,-121.579427,44.018813],[8039,5470,-121.579379,44.018829],[8057,5467,-121.579351,44.018875],[8079,5467,-121.579396,44.018924],[8104,5466,-121.579478,44.018961],[8201,5463,-121.579818,44.019065],[8262,5466,-121.580047,44.0191],[8385,5452,-121.580453,44.019268],[8472,5442,-121.580753,44.019368],[8583,5426,-121.581096,44.019544],[8647,5410,-121.581316,44.019621],[8682,5404,-121.581421,44.019683],[8717,5398,-121.581501,44.01976],[8801,5383,-121.581653,44.01996],[8880,5369,-121.581884,44.020102],[8960,5362,-121.582115,44.020244],[8992,5360,-121.582195,44.020311],[9073,5356,-121.582329,44.020509],[9153,5352,-121.582462,44.020708],[9233,5348,-121.582596,44.020906],[9279,5347,-121.582642,44.021027],[9307,5345,-121.582655,44.021103],[9307,5345,-121.582667,44.021202],[9358,5346,-121.582528,44.0213],[9384,5345,-121.582446,44.02134],[9469,5341,-121.582149,44.021434],[9522,5340,-121.581995,44.021525],[9633,5336,-121.581613,44.021658],[9685,5333,-121.581421,44.021696],[9751,5330,-121.581172,44.021712],[9797,5328,-121.580997,44.021711],[9816,5328,-121.580925,44.021697],[9902,5326,-121.580599,44.021698],[10005,5318,-121.580228,44.021796],[10116,5303,-121.579897,44.021984],[10182,5300,-121.579731,44.022118],[10234,5303,-121.579654,44.022251],[10266,5307,-121.579631,44.022338],[10279,5303,-121.579597,44.022364],[10319,5302,-121.579466,44.022416],[10384,5292,-121.579219,44.022434],[10403,5292,-121.579159,44.022466],[10436,5290,-121.579043,44.022499],[10508,5284,-121.578768,44.022501],[10541,5286,-121.578649,44.02253],[10592,5277,-121.578459,44.022506],[10618,5274,-121.578361,44.022503],[10634,5270,-121.578304,44.022487],[10646,5270,-121.578295,44.022453],[10678,5264,-121.578366,44.022382],[10711,5260,-121.578397,44.022296],[10729,5257,-121.57842,44.022248],[10747,5254,-121.578392,44.022203],[10770,5250,-121.578313,44.022178],[10853,5242,-121.577998,44.022207],[10892,5239,-121.577854,44.022233],[10943,5237,-121.577659,44.022222],[11068,5230,-121.577185,44.02223],[11087,5230,-121.577117,44.022209],[11140,5225,-121.576918,44.022198],[11166,5226,-121.57682,44.022213],[11199,5225,-121.576706,44.02225],[11257,5224,-121.57649,44.022284],[11303,5222,-121.576315,44.02228],[11368,5218,-121.576089,44.022207],[11453,5213,-121.575765,44.022208],[11505,5212,-121.575575,44.022252],[11518,5211,-121.575525,44.022252],[11538,5211,-121.575453,44.022238],[11570,5209,-121.575355,44.022182],[11623,5204,-121.575236,44.022067],[11688,5202,-121.575005,44.022001],[11747,5202,-121.574788,44.02196],[11793,5200,-121.574613,44.02196],[11826,5199,-121.574494,44.021989],[11871,5197,-121.574321,44.022004],[11963,5193,-121.573981,44.022064],[12086,5186,-121.573512,44.022053],[12203,5179,-121.573074,44.022114],[12284,5174,-121.572768,44.022098],[12364,5167,-121.572462,44.022083],[12384,5167,-121.57239,44.022098],[12417,5165,-121.572265,44.022099],[12436,5165,-121.572196,44.02212],[12518,5161,-121.571961,44.022267],[12600,5158,-121.571725,44.022415],[12665,5155,-121.571517,44.022513],[12734,5152,-121.57128,44.022592],[12803,5149,-121.571042,44.022671],[12868,5145,-121.570836,44.02277],[12901,5144,-121.570715,44.022793],[12979,5140,-121.570418,44.022809],[13083,5135,-121.570033,44.022876],[13129,5133,-121.569868,44.022918],[13212,5129,-121.569587,44.023026],[13283,5125,-121.569327,44.023079],[13315,5123,-121.569231,44.023135],[13348,5122,-121.569121,44.023177],[13426,5119,-121.568825,44.023193],[13478,5118,-121.568635,44.023233],[13530,5114,-121.56844,44.023252],[13575,5115,-121.568266,44.023252],[13595,5115,-121.568198,44.023274],[13627,5109,-121.56809,44.023318],[13758,5103,-121.567765,44.023591],[13824,5099,-121.56758,44.023712],[13948,5091,-121.567127,44.023809],[14000,5088,-121.566963,44.023889],[14091,5085,-121.56662,44.023931],[14124,5078,-121.566499,44.02391],[14163,5074,-121.566351,44.023914],[14274,5057,-121.565953,44.023812],[14346,5043,-121.565678,44.023813],[14378,5041,-121.56556,44.023842],[14444,5038,