{"trail":"Southern Mission","distance":10348,"gain":515,"loss":465,"min":1010,"max":1130,"profile":[[0,1079,-85.065057,35.041223],[25,1084,-85.065029,35.041159],[50,1091,-85.065,35.041094],[75,1098,-85.064972,35.04103],[100,1102,-85.064944,35.040965],[125,1104,-85.064915,35.040901],[150,1106,-85.064887,35.040837],[175,1107,-85.064858,35.040772],[200,1107,-85.06483,35.040708],[225,1105,-85.064801,35.040643],[249,1104,-85.064766,35.040583],[274,1103,-85.0647,35.04054],[299,1104,-85.064635,35.040498],[324,1104,-85.064569,35.040456],[349,1105,-85.064503,35.040413],[374,1106,-85.064437,35.040371],[399,1108,-85.064372,35.040328],[424,1112,-85.064306,35.040286],[449,1114,-85.06424,35.040244],[474,1116,-85.064174,35.040201],[499,1118,-85.064109,35.040159],[523,1122,-85.064035,35.040132],[548,1123,-85.063952,35.040129],[573,1122,-85.063868,35.040125],[598,1121,-85.063785,35.040121],[623,1121,-85.063701,35.040117],[648,1124,-85.063618,35.040113],[673,1125,-85.063534,35.04011],[698,1127,-85.06345,35.040106],[723,1129,-85.063367,35.040102],[748,1130,-85.063283,35.040098],[773,1130,-85.0632,35.040094],[798,1129,-85.063116,35.040091],[823,1128,-85.063033,35.040087],[848,1126,-85.062949,35.040083],[867,1126,-85.062904,35.040119],[892,1126,-85.06289,35.040186],[917,1123,-85.062876,35.040254],[940,1120,-85.062893,35.040314],[965,1117,-85.062949,35.040365],[990,1115,-85.063005,35.040416],[1015,1114,-85.063061,35.040467],[1039,1116,-85.063143,35.040459],[1064,1117,-85.063226,35.040451],[1089,1118,-85.063281,35.040401],[1114,1122,-85.063333,35.040347],[1139,1122,-85.063384,35.040293],[1164,1123,-85.063436,35.040239],[1187,1121,-85.063499,35.040204],[1212,1117,-85.063583,35.040204],[1237,1115,-85.063666,35.040204],[1262,1114,-85.06375,35.040204],[1286,1114,-85.06383,35.040219],[1311,1112,-85.063905,35.040249],[1336,1109,-85.06398,35.040279],[1361,1107,-85.064056,35.040309],[1386,1105,-85.064131,35.040338],[1411,1104,-85.064207,35.040368],[1436,1102,-85.064282,35.040398],[1461,1103,-85.064357,35.040427],[1477,1102,-85.064303,35.04042],[1502,1102,-85.064222,35.040404],[1527,1103,-85.064141,35.040388],[1552,1098,-85.064059,35.040372],[1577,1099,-85.063978,35.040356],[1602,1095,-85.063896,35.040341],[1627,1100,-85.063815,35.040325],[1652,1102,-85.063733,35.040309],[1677,1107,-85.063652,35.040293],[1702,1115,-85.06357,35.040278],[1724,1115,-85.063523,35.040324],[1749,1113,-85.063484,35.040384],[1774,1109,-85.063445,35.040445],[1799,1102,-85.063406,35.040505],[1824,1101,-85.063367,35.040566],[1849,1100,-85.063294,35.040596],[1874,1097,-85.063216,35.040621],[1898,1097,-85.063138,35.04064],[1923,1096,-85.063062,35.040612],[1948,1098,-85.062986,35.040584],[1973,1100,-85.06291,35.040555],[1998,1099,-85.062833,35.040527],[2023,1100,-85.062757,35.040499],[2048,1098,-85.062681,35.040471],[2073,1098,-85.062604,35.040443],[2098,1099,-85.062528,35.040414],[2120,1096,-85.062452,35.04041],[2145,1090,-85.062378,35.04044],[2170,1080,-85.062303,35.040471],[2195,1076,-85.062228,35.040502],[2220,1072,-85.062145,35.040493],[2245,1068,-85.062063,35.040482],[2270,1064,-85.06198,35.040472],[2295,1065,-85.061897,35.040461],[2320,1060,-85.061815,35.04045],[2345,1057,-85.061732,35.04044],[2370,1057,-85.061649,35.040429],[2395,1050,-85.061567,35.040419],[2420,1049,-85.061494,35.040388],[2445,1047,-85.061426,35.040348],[2470,1048,-85.061359,35.040307],[2495,1045,-85.061291,35.040267],[2520,1046,-85.061224,35.040226],[2544,1050,-85.061178,35.040169],[2569,1052,-85.061136,35.04011],[2594,1051,-85.061093,35.040052],[2619,1052,-85.06105,35.039993],[2644,1051,-85.061008,35.039934],[2669,1048,-85.060965,35.039875],[2694,1046,-85.060922,35.039816],[2719,1046,-85.06088,35.039757],[2743,1037,-85.060803,35.03974],[2768,1031,-85.06072,35.039731],[2793,1030,-85.060637,35.039721],[2818,1027,-85.060554,35.039712],[2843,1025,-85.060471,35.039703],[2868,1028,-85.060388,35.039694],[2893,1025,-85.060306,35.039684],[2918,1022,-85.060223,35.039675],[2943,1018,-85.06014,35.039666],[2968,1018,-85.060057,35.039657],[2993,1016,-85.059974,35.039648],[3018,1012,-85.059891,35.039638],[3043,1010,-85.059808,35.039629],[3068,1013,-85.059725,35.03962],[3093,1011,-85.059642,35.039611],[3118,1012,-85.059559,35.039601],[3143,1013,-85.059476,35.039592],[3168,1018,-85.059393,35.039583],[3193,1017,-85.05931,35.039574],[3218,1016,-85.059227,35.039565],[3243,1015,-85.059144,35.039555],[3265,1018,-85.059151,35.039495],[3290,1022,-85.059169,35.039428],[3315,1025,-85.059187,35.039361],[3340,1030,-85.059204,35.039294],[3365,1032,-85.059222,35.039227],[3390,1033,-85.05924,35.03916],[3415,1037,-85.059258,35.039093],[3440,1037,-85.059276,35.039026],[3465,1039,-85.059307,35.038964],[3490,1040,-85.059353,35.038907],[3515,1040,-85.059399,35.038849],[3540,1040,-85.059445,35.038792],[3565,1039,-85.05949,35.038734],[3590,1039,-85.059536,35.038677],[3615,1038,-85.059582,35.03862],[3638,1041,-85.059644,35.038584],[3663,1046,-85.059727,35.038575],[3688,1049,-85.05981,35.038566],[3713,1052,-85.059893,35.038558],[3738,1054,-85.059976,35.038549],[3763,1056,-85.060059,35.03854],[3788,1054,-85.060142,35.038531],[3813,1055,-85.060225,35.038523],[3837,1055,-85.060308,35.038522],[3862,1055,-85.060391,35.038533],[3887,1057,-85.060474,35.038543],[3912,1055,-85.060556,35.038554],[3937,1053,-85.060639,35.038565],[3962,1055,-85.060722,35.038575],[3987,1052,-85.060804,35.038586],[4012,1051,-85.060887,35.038596],[4037,1053,-85.060969,35.03861],[4062,1053,-85.061043,35.038641],[4087,1055,-85.061118,35.038672],[4112,1057,-85.061193,35.038703],[4137,1057,-85.061267,35.038734],[4162,1060,-85.061342,35.038765],[4187,1060,-85.061417,35.038796],[4212,1060,-85.061491,35.038827],[4237,1060,-85.061566,35.038858],[4262,1062,-85.06164,35.038889],[4287,1060,-85.061715,35.03892],[4312,1062,-85.06179,35.038951],[4337,1065,-85.061864,35.038982],[4362,1068,-85.061939,35.039013],[4387,1070,-85.062014,35.039044],[4412,1072,-85.062088,35.039075],[4437,1073,-85.062163,35.039106],[4462,1074,-85.062238,35.039137],[4487,1074,-85.062312,35.039168],[4512,1071,-85.062387,35.039199],[4537,1073,-85.062428,35.039257],[4562,1075,-85.062464,35.039318],[4587,1080,-85.0625,35.03938],[4612,1079,-85.062537,35.039442],[4637,1080,-85.062573,35.039504],[4662,1082,-85.062609,35.039565],[4687,1087,-85.062645,35.039627],[4709,1085,-85.062717,35.039646],[4734,1087,-85.062801,35.039652],[4759,1089,-85.062884,35.039658],[4783,1093,-85.062961,35.039637],[4808,1092,-85.063033,35.039603],[4833,1092,-85.063106,35.03957],[4858,1089,-85.063179,35.039536],[4883,1088,-85.063252,35.039502],[4908,1086,-85.063325,35.039468],[4933,1082,-85.063398,35.039435],[4957,1087,-85.063475,35.039455],[4982,1087,-85.063552,35.039481],[5007,1090,-85.063629,35.039508],[5031,1093,-85.063685,35.039553],[5056,1100,-85.063724,35.039614],[5081,1105,-85.063764,35.039674],[5106,1111,-85.063803,35.039735],[5129,1113,-85.063852,35.039784],[5154,1109,-85.063935,35.03979],[5179,1106,-85.064018,35.039797],[5204,1108,-85.064102,35.039803],[5229,1106,-85.064185,35.03981],[5254,1102,-85.064268,35.039816],[5279,1098,-85.064352,35.039822],[5304,1096,-85.064435,35.039829],[5329,1092,-85.064518,35.039835],[5353,1094,-85.064445,35.039811],[5378,1095,-85.064367,35.039786],[5403,1095,-85.064289,35.039761],[5428,1098,-85.064211,35.039736],[5453,1095,-85.064134,35.039711],[5478,1091,-85.064056,35.039686],[5502,1088,-85.063991,35.039645],[5527,1086,-85.063934,35.039595],[5552,1084,-85.063877,35.039545],[5577,1083,-85.06382,35.039495],[5602,1078,-85.063763,35.039445],[5627,1076,-85.063706,35.039394],[5652,1074,-85.063649,35.039344],[5677,1068,-85.063592,35.039294],[5702,1065,-85.063535,35.039244],[5727,1057,-85.063478,35.039194],[5748,1056,-85.063411,35.03918],[5773,1057,-85.063333,35.039206],[5798,1054,-85.063256,35.039232],[5823,1055,-85.063179,35.039259],[5848,1057,-85.063101,35.039285],[5873,1060,-85.063024,35.039311],[5898,1060,-85.062947,35.039337],[5923,1061,-85.062869,35.039363],[5948,1063,-85.062792,35.039389],[5971,1064,-85.062716,35.039411],[5996,1062,