{"trail":"South Chickamauga Creek Greenway","distance":3597,"gain":69,"loss":44,"min":682,"max":718,"profile":[[0,692,-85.212922,35.051078],[25,696,-85.212999,35.051106],[50,698,-85.213075,35.051134],[75,700,-85.213152,35.051162],[100,700,-85.213228,35.05119],[125,700,-85.213305,35.051218],[150,700,-85.213381,35.051245],[175,700,-85.213458,35.051273],[200,699,-85.213534,35.051301],[225,699,-85.213611,35.051329],[250,699,-85.213687,35.051357],[275,699,-85.213764,35.051385],[300,699,-85.21384,35.051412],[325,699,-85.213917,35.05144],[350,699,-85.213993,35.051468],[375,700,-85.21407,35.051496],[399,699,-85.214106,35.051555],[424,698,-85.214136,35.051619],[449,697,-85.214166,35.051683],[474,696,-85.214196,35.051747],[499,697,-85.214226,35.051811],[524,697,-85.214256,35.051875],[549,696,-85.214286,35.051939],[574,696,-85.214316,35.052003],[599,696,-85.214345,35.052067],[624,696,-85.214375,35.052131],[649,696,-85.214405,35.052195],[674,696,-85.214435,35.052259],[699,695,-85.214465,35.052323],[724,695,-85.214495,35.052387],[749,694,-85.214525,35.052451],[774,693,-85.214555,35.052515],[799,692,-85.214585,35.052579],[824,691,-85.214615,35.052643],[849,692,-85.214649,35.052704],[874,692,-85.214705,35.052756],[899,692,-85.21476,35.052807],[924,692,-85.214815,35.052859],[949,692,-85.214871,35.05291],[974,693,-85.214926,35.052961],[999,694,-85.214981,35.053013],[1024,694,-85.215037,35.053064],[1049,695,-85.215092,35.053116],[1074,697,-85.215147,35.053167],[1099,698,-85.215203,35.053218],[1124,699,-85.215258,35.05327],[1149,700,-85.215314,35.053321],[1174,701,-85.215369,35.053373],[1199,701,-85.215424,35.053424],[1224,702,-85.21548,35.053475],[1249,702,-85.215535,35.053527],[1274,703,-85.21559,35.053578],[1299,704,-85.215646,35.05363],[1324,706,-85.215701,35.053681],[1349,707,-85.215754,35.053733],[1374,709,-85.21575,35.053802],[1399,711,-85.215745,35.05387],[1424,712,-85.21574,35.053938],[1449,713,-85.215736,35.054007],[1474,713,-85.215731,35.054075],[1499,713,-85.215726,35.054144],[1524,712,-85.215722,35.054212],[1549,711,-85.215717,35.05428],[1574,710,-85.215713,35.054349],[1598,709,-85.215692,35.054415],[1623,708,-85.215667,35.05448],[1648,706,-85.215642,35.054546],[1673,704,-85.215617,35.054611],[1698,703,-85.215592,35.054677],[1723,701,-85.215567,35.054742],[1748,701,-85.215542,35.054807],[1773,699,-85.215517,35.054873],[1798,698,-85.21549,35.054938],[1823,697,-85.215455,35.055],[1848,696,-85.215421,35.055062],[1873,694,-85.215386,35.055125],[1898,693,-85.215351,35.055187],[1923,692,-85.215317,35.055249],[1948,692,-85.215282,35.055312],[1973,693,-85.215247,35.055374],[1998,693,-85.215213,35.055437],[2023,693,-85.215178,35.055499],[2048,693,-85.215143,35.055561],[2073,693,-85.215108,35.055624],[2098,693,-85.215074,35.055686],[2123,692,-85.215039,35.055748],[2148,691,-85.215004,35.055811],[2173,690,-85.21497,35.055873],[2198,689,-85.214935,35.055935],[2223,688,-85.2149,35.055998],[2248,688,-85.214865,35.05606],[2273,687,-85.214831,35.056122],[2298,686,-85.214796,35.056185],[2323,686,-85.214761,35.056247],[2348,686,-85.214727,35.05631],[2373,685,-85.214692,35.056372],[2398,684,-85.214657,35.056434],[2423,684,-85.214623,35.056497],[2448,683,-85.214588,35.056559],[2473,683,-85.214553,35.056621],[2498,682,-85.214518,35.056684],[2523,682,-85.214484,35.056746],[2548,682,-85.214449,35.056808],[2573,682,-85.214414,35.056871],[2598,683,-85.21438,35.056933],[2623,685,-85.214345,35.056996],[2648,687,-85.21431,35.057058],[2673,688,-85.214275,35.05712],[2698,691,-85.214241,35.057183],[2723,693,-85.214206,35.057245],[2748,696,-85.214171,35.057307],[2773,698,-85.214137,35.05737],[2798,699,-85.214102,35.057432],[2823,700,-85.214067,35.057494],[2848,701,-85.214033,35.057557],[2873,701,-85.213998,35.057619],[2898,702,-85.213963,35.057682],[2923,702,-85.213928,35.057744],[2948,703,-85.213894,35.057806],[2973,703,-85.213859,35.057869],[2998,704,-85.213824,35.057931],[3023,704,-85.21379,35.057993],[3048,704,-85.213755,35.058056],[3070,705,-85.213762,35.058115],[3095,705,-85.21381,35.058171],[3118,706,-85.213836,35.058229],[3143,706,-85.213805,35.058292],[3168,707,-85.213773,35.058356],[3193,707,-85.213742,35.05842],[3218,708,-85.213711,35.058483],[3243,708,-85.21368,35.058547],[3268,709,-85.213649,35.05861],[3293,710,-85.213618,35.058674],[3318,711,-85.213587,35.058738],[3343,711,-85.213556,35.058801],[3368,712,-85.213525,35.058865],[3393,713,-85.213494,35.058929],[3418,714,-85.213463,35.058992],[3442,715,-85.213478,35.059058],[3467,716,-85.2135,35.059124],[3492,717,-85.213523,35.05919],[3517,717,-85.213545,35.059256],[3541,718,-85.213572,35.059319],[3566,718,-85.213647,35.05935],[3591,717,-85.213722,35.05938],[3597,717,-85.213737,35.059387]]}