{"trail":"South Nuthatch","distance":896,"gain":72,"loss":76,"min":975,"max":1046,"profile":[[0,1045,-85.061345,35.037481],[25,1046,-85.061383,35.037542],[50,1043,-85.06142,35.037604],[75,1039,-85.061457,35.037665],[100,1038,-85.061495,35.037726],[125,1033,-85.061532,35.037788],[150,1027,-85.06157,35.037849],[175,1019,-85.061607,35.03791],[200,1013,-85.061645,35.037971],[224,1009,-85.061564,35.03797],[249,999,-85.06148,35.037968],[274,989,-85.061397,35.037965],[299,982,-85.061313,35.037963],[324,977,-85.061229,35.03796],[349,975,-85.061146,35.037957],[370,975,-85.061079,35.037975],[395,977,-85.061049,35.038039],[420,983,-85.06102,35.038103],[445,992,-85.060991,35.038167],[470,1000,-85.060961,35.038232],[494,1002,-85.060882,35.038241],[519,1005,-85.060798,35.038246],[544,1008,-85.060715,35.038251],[569,1016,-85.060631,35.038255],[594,1021,-85.060548,35.03826],[619,1026,-85.060464,35.038265],[644,1031,-85.060381,35.03827],[669,1035,-85.060297,35.038274],[694,1037,-85.060214,35.038279],[719,1037,-85.06013,35.038284],[744,1038,-85.060047,35.038289],[768,1042,-85.059983,35.03833],[793,1043,-85.059922,35.038377],[818,1044,-85.059861,35.038424],[843,1046,-85.0598,35.038471],[868,1044,-85.059739,35.038518],[893,1043,-85.059678,35.038565],[896,1041,-85.059671,35.03857]]}