{"trail":"South Creek","distance":4368,"gain":207,"loss":83,"min":1321,"max":1456,"profile":[[0,1332,-85.383854,34.920247],[25,1327,-85.383791,34.920202],[50,1327,-85.383727,34.920157],[75,1326,-85.383664,34.920112],[100,1323,-85.383601,34.920068],[125,1323,-85.383538,34.920023],[150,1324,-85.383474,34.919978],[175,1324,-85.383411,34.919933],[198,1326,-85.383337,34.919913],[223,1325,-85.383253,34.919913],[248,1324,-85.38317,34.919913],[273,1323,-85.383086,34.919913],[298,1323,-85.383003,34.919913],[323,1322,-85.382919,34.919913],[348,1321,-85.382843,34.91989],[373,1322,-85.382771,34.919855],[398,1323,-85.3827,34.91982],[423,1326,-85.382628,34.919784],[447,1327,-85.38256,34.919746],[472,1326,-85.382516,34.919688],[497,1326,-85.382472,34.91963],[522,1326,-85.382428,34.919571],[547,1326,-85.382384,34.919513],[572,1327,-85.38234,34.919455],[597,1327,-85.382296,34.919397],[622,1329,-85.382252,34.919338],[647,1330,-85.382208,34.91928],[672,1332,-85.382177,34.919218],[697,1332,-85.38217,34.91915],[722,1332,-85.382162,34.919082],[747,1332,-85.382155,34.919013],[772,1331,-85.382147,34.918945],[797,1331,-85.38214,34.918877],[822,1331,-85.382132,34.918809],[847,1331,-85.382125,34.91874],[872,1333,-85.382117,34.918672],[897,1334,-85.38211,34.918604],[922,1334,-85.382102,34.918536],[947,1334,-85.382095,34.918467],[972,1338,-85.382087,34.918399],[997,1338,-85.38208,34.918331],[1022,1338,-85.382072,34.918263],[1047,1339,-85.382065,34.918194],[1072,1339,-85.382057,34.918126],[1097,1344,-85.38205,34.918058],[1122,1345,-85.382042,34.91799],[1147,1346,-85.382035,34.917921],[1172,1345,-85.382027,34.917853],[1197,1345,-85.38202,34.917785],[1222,1343,-85.382012,34.917717],[1247,1346,-85.382005,34.917648],[1272,1344,-85.381997,34.91758],[1297,1342,-85.38199,34.917512],[1322,1340,-85.381982,34.917444],[1347,1338,-85.381975,34.917375],[1372,1338,-85.381967,34.917307],[1397,1342,-85.38196,34.917239],[1422,1341,-85.381952,34.917171],[1447,1340,-85.381945,34.917102],[1472,1340,-85.381952,34.917034],[1497,1339,-85.381961,34.916966],[1522,1333,-85.38197,34.916898],[1547,1332,-85.381979,34.91683],[1572,1332,-85.381988,34.916762],[1597,1332,-85.381997,34.916694],[1622,1333,-85.382006,34.916625],[1647,1330,-85.382015,34.916557],[1672,1330,-85.382024,34.916489],[1697,1330,-85.382033,34.916421],[1722,1331,-85.382041,34.916353],[1747,1332,-85.38205,34.916285],[1772,1326,-85.382059,34.916217],[1797,1326,-85.382068,34.916148],[1822,1326,-85.382077,34.91608],[1847,1327,-85.382086,34.916012],[1872,1324,-85.382095,34.915944],[1897,1325,-85.382104,34.915876],[1922,1326,-85.382113,34.915808],[1947,1327,-85.382122,34.91574],[1972,1328,-85.38213,34.915671],[1997,1327,-85.382139,34.915603],[2022,1327,-85.382148,34.915535],[2047,1329,-85.382157,34.915467],[2072,1331,-85.382166,34.915399],[2097,1332,-85.382175,34.915331],[2122,1329,-85.382184,34.915263],[2147,1331,-85.382193,34.915195],[2172,1335,-85.382202,34.915126],[2197,1338,-85.382211,34.915058],[2222,1342,-85.38222,34.91499],[2247,1340,-85.382228,34.914922],[2272,1345,-85.382237,34.914854],[2297,1349,-85.382246,34.914786],[2322,1353,-85.382255,34.914718],[2347,1357,-85.382264,34.914649],[2361,1355,-85.382229,34.914678],[2386,1360,-85.382181,34.914734],[2411,1370,-85.382134,34.91479],[2436,1373,-85.382086,34.914846],[2461,1374,-85.382038,34.914903],[2486,1377,-85.38199,34.914959],[2511,1379,-85.381943,34.915015],[2536,1383,-85.381895,34.915071],[2561,1387,-85.381847,34.915128],[2586,1389,-85.3818,34.915184],[2611,1393,-85.381752,34.91524],[2636,1402,-85.381704,34.915296],[2661,1406,-85.381656,34.915353],[2686,1408,-85.381609,34.915409],[2711,1412,-85.381575,34.91547],[2736,1411,-85.381564,34.915538],[2761,1410,-85.381553,34.915606],[2786,1409,-85.381542,34.915674],[2811,1412,-85.381531,34.915742],[2836,1411,-85.381521,34.915809],[2861,1410,-85.38151,34.915877],[2886,1409,-85.381499,34.915945],[2911,1413,-85.381488,34.916013],[2936,1413,-85.381477,34.916081],[2961,1412,-85.381466,34.916149],[2986,1412,-85.381455,34.916217],[3011,1416,-85.381444,34.916285],[3036,1416,-85.381433,34.916353],[3061,1415,-85.381422,34.916421],[3086,1415,-85.381411,34.916489],[3111,1419,-85.3814,34.916557],[3136,1420,-85.381389,34.916625],[3161,1421,-85.381379,34.916693],[3186,1421,-85.381368,34.916761],[3211,1425,-85.381357,34.916829],[3236,1426,-85.381346,34.916896],[3261,1426,-85.381335,34.916964],[3286,1426,-85.381324,34.917032],[3310,1430,-85.381269,34.91708],[3335,1431,-85.381204,34.917124],[3360,1432,-85.38114,34.917167],[3385,1431,-85.381075,34.917211],[3410,1432,-85.381011,34.917255],[3432,1429,-85.380963,34.917301],[3457,1430,-85.381001,34.917362],[3482,1429,-85.381038,34.917424],[3507,1429,-85.381075,34.917485],[3532,1429,-85.381113,34.917546],[3557,1430,-85.38115,34.917608],[3582,1429,-85.381188,34.917669],[3606,1426,-85.381209,34.917732],[3631,1427,-85.381189,34.917798],[3656,1423,-85.381169,34.917865],[3681,1423,-85.381149,34.917931],[3706,1423,-85.38113,34.917998],[3731,1424,-85.38111,34.918064],[3756,1427,-85.38109,34.918131],[3781,1427,-85.38107,34.918198],[3806,1431,-85.38105,34.918264],[3831,1432,-85.38103,34.918331],[3856,1436,-85.38101,34.918397],[3881,1437,-85.38099,34.918464],[3906,1440,-85.380971,34.91853],[3930,1439,-85.380944,34.918595],[3955,1441,-85.380904,34.918655],[3980,1442,-85.380864,34.918715],[4005,1443,-85.380823,34.918775],[4030,1445,-85.380783,34.918835],[4055,1447,-85.380743,34.918895],[4080,1449,-85.380688,34.918944],[4105,1452,-85.380618,34.918981],[4130,1455,-85.380548,34.919018],[4155,1455,-85.380477,34.919055],[4180,1455,-85.380407,34.919092],[4205,1454,-85.380337,34.919129],[4230,1453,-85.380266,34.919166],[4255,1454,-85.380196,34.919203],[4278,1452,-85.380172,34.919266],[4303,1454,-85.380158,34.919333],[4328,1454,-85.380143,34.919401],[4353,1455,-85.380129,34.919468],[4368,1456,-85.38012,34.919508]]}