{"trail":"South Hogsback","distance":1586,"gain":35,"loss":81,"min":1881,"max":1927,"profile":[[0,1927,-85.439408,34.839996],[25,1924,-85.439334,34.839963],[50,1922,-85.439261,34.839931],[75,1920,-85.439187,34.839899],[100,1918,-85.439113,34.839866],[125,1916,-85.43904,34.839834],[150,1914,-85.438966,34.839801],[175,1913,-85.438893,34.839769],[200,1910,-85.438819,34.839737],[223,1908,-85.438812,34.839674],[248,1905,-85.438817,34.839606],[273,1905,-85.438823,34.839538],[298,1899,-85.438828,34.839469],[322,1896,-85.438908,34.839453],[347,1888,-85.438989,34.839437],[372,1886,-85.439071,34.839422],[397,1884,-85.439152,34.839407],[422,1885,-85.439233,34.839392],[440,1887,-85.439287,34.839374],[465,1884,-85.439211,34.839346],[490,1886,-85.439135,34.839318],[515,1888,-85.439059,34.83929],[540,1890,-85.438983,34.839261],[565,1891,-85.438907,34.839233],[590,1890,-85.438831,34.839205],[615,1890,-85.438755,34.839177],[640,1891,-85.438678,34.839149],[663,1893,-85.438624,34.839104],[688,1898,-85.438598,34.839039],[713,1900,-85.438571,34.838974],[730,1900,-85.438562,34.838928],[755,1900,-85.438632,34.838965],[780,1901,-85.438702,34.839003],[805,1901,-85.438772,34.83904],[830,1900,-85.438842,34.839078],[855,1899,-85.438912,34.839115],[880,1898,-85.438983,34.83915],[905,1899,-85.439066,34.839143],[930,1901,-85.439149,34.839136],[955,1905,-85.439232,34.839128],[980,1906,-85.439315,34.839121],[1004,1905,-85.439398,34.839118],[1029,1903,-85.439478,34.839137],[1054,1901,-85.439558,34.839157],[1079,1899,-85.439638,34.839176],[1104,1899,-85.439718,34.839196],[1129,1898,-85.439798,34.839215],[1154,1898,-85.439878,34.839235],[1179,1896,-85.439958,34.839254],[1204,1895,-85.440023,34.839296],[1229,1896,-85.440086,34.839341],[1254,1895,-85.440149,34.839386],[1279,1895,-85.440213,34.839431],[1304,1897,-85.440276,34.839475],[1329,1900,-85.440339,34.83952],[1354,1900,-85.440402,34.839565],[1379,1896,-85.440466,34.83961],[1404,1896,-85.440529,34.839654],[1429,1895,-85.440588,34.839701],[1454,1893,-85.440583,34.839769],[1479,1891,-85.440578,34.839838],[1504,1889,-85.440574,34.839906],[1529,1886,-85.440569,34.839974],[1550,1883,-85.440597,34.84003],[1575,1882,-85.440666,34.840068],[1586,1881,-85.440695,34.840084]]}