{"trail":"Southend Trail","distance":3272,"gain":229,"loss":274,"min":640,"max":719,"profile":[[0,690,-85.388081,34.969461],[25,681,-85.388162,34.969444],[50,673,-85.388243,34.969426],[75,672,-85.388324,34.969409],[100,667,-85.388405,34.969392],[125,670,-85.388486,34.969375],[150,664,-85.388567,34.969358],[175,664,-85.388648,34.969341],[200,660,-85.388729,34.969324],[225,659,-85.388798,34.969286],[250,662,-85.388863,34.969244],[275,659,-85.388928,34.969201],[300,659,-85.388993,34.969158],[325,656,-85.389059,34.969115],[349,661,-85.389088,34.969053],[374,663,-85.389111,34.968987],[399,667,-85.389135,34.968921],[424,673,-85.389158,34.968855],[449,677,-85.389181,34.968789],[474,680,-85.389204,34.968723],[499,684,-85.389228,34.968658],[524,691,-85.389251,34.968592],[549,693,-85.389274,34.968526],[574,697,-85.389297,34.96846],[598,690,-85.389349,34.968409],[623,688,-85.389412,34.968365],[648,679,-85.389476,34.96832],[673,675,-85.389539,34.968276],[698,671,-85.389603,34.968231],[723,666,-85.389642,34.968171],[748,662,-85.389681,34.96811],[773,660,-85.38972,34.968049],[798,659,-85.389759,34.967989],[823,659,-85.389798,34.967928],[848,659,-85.389837,34.967867],[873,658,-85.389876,34.967807],[898,655,-85.389915,34.967746],[923,653,-85.389953,34.967685],[948,651,-85.389992,34.967625],[973,652,-85.390031,34.967564],[998,650,-85.39006,34.967501],[1023,654,-85.390074,34.967433],[1048,653,-85.390087,34.967365],[1073,657,-85.3901,34.967298],[1098,664,-85.390114,34.96723],[1123,663,-85.390127,34.967162],[1148,669,-85.39014,34.967095],[1173,675,-85.390154,34.967027],[1198,673,-85.390167,34.966959],[1223,679,-85.39018,34.966892],[1248,683,-85.390194,34.966824],[1273,681,-85.390207,34.966756],[1298,683,-85.390221,34.966689],[1323,684,-85.390234,34.966621],[1348,686,-85.390247,34.966554],[1373,691,-85.390261,34.966486],[1398,698,-85.390274,34.966418],[1423,705,-85.390287,34.966351],[1446,702,-85.390338,34.966301],[1471,706,-85.390404,34.966259],[1496,700,-85.390471,34.966218],[1521,697,-85.390537,34.966176],[1546,688,-85.390603,34.966134],[1571,682,-85.39067,34.966093],[1596,671,-85.390736,34.966051],[1621,665,-85.390802,34.966009],[1646,659,-85.390869,34.965967],[1671,657,-85.390935,34.965926],[1696,657,-85.391001,34.965884],[1721,657,-85.391068,34.965842],[1746,661,-85.391134,34.9658],[1771,656,-85.3912,34.965759],[1796,655,-85.391267,34.965717],[1821,652,-85.391333,34.965675],[1846,651,-85.391399,34.965633],[1871,650,-85.391466,34.965592],[1895,649,-85.391502,34.965535],[1920,651,-85.391518,34.965468],[1945,656,-85.391534,34.9654],[1970,658,-85.39155,34.965333],[1995,665,-85.391565,34.965266],[2020,664,-85.391581,34.965198],[2045,671,-85.391597,34.965131],[2070,677,-85.391613,34.965064],[2095,673,-85.391629,34.964997],[2120,677,-85.391645,34.964929],[2145,678,-85.39166,34.964862],[2170,670,-85.391676,34.964795],[2195,666,-85.391692,34.964727],[2220,657,-85.391708,34.96466],[2245,656,-85.391724,34.964593],[2270,656,-85.39174,34.964526],[2295,659,-85.391755,34.964458],[2320,662,-85.391771,34.964391],[2345,665,-85.391787,34.964324],[2370,667,-85.391803,34.964256],[2395,676,-85.391819,34.964189],[2420,688,-85.391835,34.964122],[2443,701,-85.391909,34.9641],[2468,709,-85.39199,34.964082],[2493,717,-85.392071,34.964065],[2518,718,-85.392152,34.964048],[2543,719,-85.392233,34.964031],[2568,711,-85.392314,34.964014],[2593,706,-85.392395,34.963997],[2618,700,-85.392476,34.96398],[2643,695,-85.392557,34.963962],[2668,684,-85.392638,34.963945],[2693,679,-85.392719,34.963928],[2718,670,-85.392799,34.963911],[2743,666,-85.39288,34.963894],[2768,659,-85.392961,34.963877],[2793,657,-85.393042,34.963859],[2817,656,-85.393103,34.96382],[2842,659,-85.393144,34.96376],[2867,658,-85.393186,34.963701],[2892,661,-85.393227,34.963641],[2917,664,-85.393268,34.963582],[2942,662,-85.39331,34.963522],[2967,663,-85.393351,34.963463],[2992,662,-85.393393,34.963403],[3016,660,-85.393441,34.963349],[3041,659,-85.393509,34.963308],[3066,655,-85.393576,34.963268],[3091,648,-85.393644,34.963228],[3116,644,-85.393711,34.963188],[3141,641,-85.393779,34.963147],[3166,640,-85.393847,34.963107],[3191,640,-85.393914,34.963067],[3216,642,-85.393982,34.963026],[3241,642,-85.39405,34.962986],[3266,645,-85.394117,34.962946],[3272,645,-85.394132,34.962937]]}