{"trail":"Spears Ave","distance":437,"gain":39,"loss":6,"min":814,"max":848,"profile":[[0,815,-85.308924,35.078512],[25,814,-85.308846,35.078539],[50,815,-85.308769,35.078565],[75,820,-85.308692,35.078592],[100,823,-85.308615,35.078618],[125,823,-85.308538,35.078645],[150,825,-85.30846,35.078671],[175,824,-85.308383,35.078698],[200,822,-85.308306,35.078724],[222,822,-85.308251,35.078766],[247,824,-85.308232,35.078833],[272,832,-85.308213,35.0789],[297,830,-85.308194,35.078966],[322,837,-85.308174,35.079033],[347,842,-85.308155,35.0791],[372,843,-85.308136,35.079166],[397,846,-85.308117,35.079233],[422,846,-85.308098,35.0793],[437,848,-85.308087,35.079337]]}