{"trail":"Split Rock","distance":2137,"gain":80,"loss":82,"min":1498,"max":1550,"profile":[[0,1548,-85.414131,35.042875],[25,1549,-85.414214,35.042868],[50,1550,-85.414297,35.042861],[75,1549,-85.414381,35.042854],[100,1548,-85.414464,35.042847],[125,1547,-85.414547,35.042841],[149,1545,-85.414612,35.0428],[174,1543,-85.414673,35.042754],[199,1541,-85.414735,35.042707],[224,1539,-85.414796,35.042661],[239,1537,-85.414842,35.04265],[264,1536,-85.414854,35.042718],[289,1536,-85.414866,35.042786],[314,1535,-85.414878,35.042853],[339,1531,-85.41489,35.042921],[364,1530,-85.414902,35.042989],[389,1529,-85.414914,35.043057],[414,1525,-85.414925,35.043125],[439,1524,-85.414937,35.043193],[463,1524,-85.414942,35.04326],[488,1527,-85.414925,35.043327],[513,1527,-85.414907,35.043394],[538,1527,-85.41489,35.043461],[563,1530,-85.414873,35.043528],[588,1528,-85.414856,35.043595],[613,1531,-85.414838,35.043663],[638,1529,-85.414821,35.04373],[663,1526,-85.414804,35.043797],[688,1527,-85.414787,35.043864],[711,1528,-85.414793,35.043924],[736,1523,-85.414856,35.043969],[761,1523,-85.414919,35.044015],[783,1519,-85.414993,35.044028],[808,1515,-85.415076,35.044016],[833,1518,-85.415158,35.044005],[855,1519,-85.415215,35.04397],[880,1520,-85.415241,35.043904],[905,1517,-85.415266,35.043839],[930,1519,-85.415292,35.043774],[955,1520,-85.415317,35.043709],[980,1518,-85.415343,35.043643],[1005,1519,-85.415368,35.043578],[1029,1516,-85.415369,35.043511],[1054,1513,-85.415361,35.043442],[1079,1507,-85.415353,35.043374],[1104,1503,-85.415345,35.043306],[1129,1500,-85.415337,35.043238],[1154,1498,-85.415329,35.04317],[1179,1498,-85.415321,35.043101],[1204,1498,-85.415313,35.043033],[1229,1500,-85.415335,35.042969],[1254,1499,-85.415367,35.042906],[1279,1500,-85.4154,35.042843],[1304,1504,-85.415433,35.042779],[1329,1504,-85.415465,35.042716],[1354,1502,-85.415498,35.042653],[1379,1503,-85.415531,35.04259],[1402,1506,-85.415534,35.042526],[1427,1512,-85.415507,35.042461],[1452,1517,-85.415481,35.042396],[1474,1517,-85.41544,35.042344],[1499,1522,-85.415358,35.04233],[1524,1525,-85.415276,35.042316],[1549,1527,-85.415194,35.042303],[1574,1526,-85.415112,35.042289],[1599,1527,-85.41503,35.042275],[1624,1526,-85.414948,35.042261],[1649,1523,-85.414866,35.042247],[1674,1522,-85.414784,35.042234],[1699,1521,-85.414702,35.042228],[1724,1521,-85.414619,35.042238],[1749,1521,-85.414536,35.042248],[1774,1521,-85.414454,35.042258],[1799,1523,-85.414371,35.042268],[1824,1524,-85.414288,35.042278],[1849,1525,-85.414205,35.042288],[1874,1527,-85.414122,35.042298],[1899,1528,-85.414039,35.042308],[1923,1529,-85.413965,35.042334],[1948,1530,-85.413897,35.042374],[1970,1531,-85.413857,35.042423],[1995,1532,-85.413872,35.042491],[2020,1534,-85.413887,35.042558],[2045,1537,-85.413903,35.042625],[2070,1539,-85.413918,35.042693],[2095,1542,-85.413933,35.04276],[2120,1545,-85.413948,35.042828],[2137,1546,-85.413959,35.042875]]}