{"trail":"Spur and Connector Trails","distance":9237,"gain":524,"loss":661,"min":1134,"max":1600,"profile":[[0,1401,-85.381064,34.920071],[25,1400,-85.38104,34.920137],[50,1395,-85.381016,34.920202],[75,1392,-85.380992,34.920268],[100,1386,-85.380968,34.920333],[125,1384,-85.380944,34.920399],[150,1380,-85.38092,34.920465],[175,1380,-85.380896,34.92053],[200,1375,-85.380872,34.920596],[225,1369,-85.380848,34.920662],[250,1369,-85.380824,34.920727],[275,1364,-85.3808,34.920793],[300,1364,-85.380776,34.920859],[325,1358,-85.380752,34.920924],[349,1355,-85.380758,34.920989],[374,1357,-85.380785,34.921054],[399,1353,-85.380811,34.921119],[411,1345,-85.380801,34.921152],[436,1346,-85.380724,34.921126],[461,1340,-85.380647,34.9211],[486,1337,-85.38057,34.921074],[511,1334,-85.380511,34.921123],[536,1327,-85.380452,34.921171],[559,1323,-85.380422,34.921229],[584,1313,-85.380424,34.921298],[609,1309,-85.380427,34.921366],[634,1311,-85.380429,34.921435],[659,1313,-85.380431,34.921503],[684,1315,-85.380434,34.921572],[709,1317,-85.380436,34.92164],[734,1319,-85.380439,34.921709],[759,1321,-85.380441,34.921777],[784,1323,-85.380427,34.921843],[809,1323,-85.380395,34.921907],[834,1324,-85.380364,34.92197],[859,1326,-85.380332,34.922034],[884,1330,-85.380301,34.922097],[909,1333,-85.380269,34.922161],[934,1336,-85.380238,34.922224],[959,1338,-85.380206,34.922287],[984,1340,-85.380175,34.922351],[1009,1342,-85.380143,34.922414],[1034,1344,-85.380111,34.922478],[1059,1346,-85.38008,34.922541],[1084,1347,-85.380048,34.922605],[1109,1347,-85.380017,34.922668],[1134,1349,-85.379985,34.922732],[1159,1350,-85.379954,34.922795],[1184,1349,-85.379922,34.922859],[1209,1349,-85.379891,34.922922],[1234,1348,-85.379859,34.922986],[1259,1348,-85.379828,34.923049],[1284,1347,-85.379796,34.923112],[1309,1345,-85.379764,34.923176],[1334,1343,-85.379733,34.923239],[1359,1343,-85.379701,34.923303],[1384,1342,-85.37967,34.923366],[1409,1339,-85.379638,34.92343],[1434,1338,-85.379607,34.923493],[1459,1336,-85.379575,34.923557],[1484,1333,-85.379544,34.92362],[1509,1325,-85.379512,34.923684],[1534,1326,-85.379481,34.923747],[1559,1325,-85.379449,34.92381],[1584,1325,-85.379417,34.923874],[1609,1323,-85.379386,34.923937],[1634,1327,-85.379354,34.924001],[1659,1329,-85.379323,34.924064],[1684,1330,-85.379291,34.924128],[1709,1332,-85.37926,34.924191],[1734,1334,-85.379228,34.924255],[1759,1333,-85.379197,34.924318],[1784,1332,-85.379165,34.924382],[1809,1335,-85.379134,34.924445],[1834,1333,-85.379102,34.924509],[1859,1330,-85.37907,34.924572],[1884,1328,-85.379039,34.924635],[1909,1329,-85.379007,34.924699],[1934,1327,-85.378976,34.924762],[1959,1324,-85.378944,34.924826],[1984,1322,-85.378913,34.924889],[2009,1323,-85.378881,34.924953],[2034,1321,-85.37885,34.925016],[2059,1322,-85.378818,34.92508],[2084,1323,-85.378787,34.925143],[2109,1324,-85.378755,34.925207],[2134,1326,-85.378723,34.92527],[2159,1327,-85.378692,34.925334],[2184,1326,-85.37866,34.925397],[2209,1326,-85.378629,34.92546],[2234,1324,-85.378597,34.925524],[2259,1320,-85.378552,34.925581],[2284,1315,-85.378506,34.925639],[2309,1310,-85.378461,34.925696],[2334,1305,-85.378415,34.925754],[2359,1301,-85.37837,34.925811],[2384,1299,-85.378324,34.925869],[2408,1297,-85.378315,34.925936],[2433,1296,-85.378311,34.926004],[2458,1297,-85.378307,34.926073],[2483,1298,-85.378303,34.926141],[2508,1298,-85.378299,34.926209],[2532,1298,-85.378285,34.926274],[2557,1302,-85.378228,34.926324],[2582,1303,-85.378171,34.926375],[2607,1304,-85.378114,34.926425],[2632,1303,-85.378057,34.926475],[2656,1303,-85.377994,34.926517],[2681,1308,-85.377914,34.926538],[2706,1311,-85.377835,34.92656],[2731,1313,-85.377756,34.926582],[2756,1316,-85.377676,34.926603],[2781,1317,-85.377597,34.926625],[2806,1321,-85.377518,34.926647],[2831,1323,-85.377438,34.926668],[2856,1330,-85.377359,34.92669],[2881,1336,-85.37728,34.926712],[2906,1341,-85.377201,34.926733],[2931,1344,-85.377121,34.926755],[2956,1349,-85.377042,34.926777],[2981,1353,-85.376963,34.926798],[3006,1357,-85.376883,34.92682],[3031,1362,-85.376804,34.926842],[3054,1363,-85.376769,34.926788],[3079,1362,-85.376741,34.926724],[3104,1363,-85.376712,34.926659],[3129,1363,-85.376683,34.926595],[3154,1359,-85.376655,34.92653],[3179,1356,-85.376626,34.926466],[3204,1355,-85.376598,34.926402],[3229,1355,-85.376569,34.926337],[3254,1360,-85.37654,34.926273],[3279,1369,-85.376512,34.926208],[3304,1378,-85.376483,34.926144],[3329,1386,-85.376454,34.92608],[3354,1392,-85.376426,34.926015],[3379,1395,-85.376397,34.925951],[3404,1401,-85.376369,34.925887],[3429,1407,-85.37634,34.925822],[3454,1411,-85.376311,34.925758],[3479,1417,-85.376283,34.925693],[3504,1423,-85.376254,34.925629],[3529,1425,-85.376225,34.925565],[3554,1430,-85.376197,34.9255],[3579,1436,-85.376168,34.925436],[3604,1439,-85.37614,34.925371],[3629,1444,-85.376111,34.925307],[3654,1448,-85.376082,34.925243],[3679,1450,-85.376054,34.925178],[3704,1455,-85.376025,34.925114],[3729,1460,-85.375997,34.92505],[3754,1463,-85.375968,34.924985],[3779,1468,-85.375939,34.924921],[3804,1471,-85.375911,34.924856],[3829,1474,-85.375882,34.924792],[3854,1479,-85.375853,34.924728],[3879,1484,-85.375825,34.924663],[3904,1487,-85.375796,34.924599],[3929,1491,-85.375768,34.924534],[3954,1495,-85.375739,34.92447],[3979,1498,-85.37571,34.924406],[4004,1502,-85.375682,34.924341],[4029,1506,-85.375653,34.924277],[4054,1508,-85.375624,34.924213],[4079,1512,-85.375596,34.924148],[4104,1515,-85.375567,34.924084],[4129,1516,-85.375539,34.924019],[4154,1519,-85.37551,34.923955],[4179,1522,-85.375481,34.923891],[4204,1523,-85.375453,34.923826],[4229,1527,-85.375424,34.923762],[4254,1529,-85.375396,34.923697],[4279,1531,-85.375367,34.923633],[4304,1534,-85.375338,34.923569],[4329,1538,-85.37531,34.923504],[4354,1540,-85.375281,34.92344],[4379,1544,-85.375252,34.923375],[4404,1547,-85.375224,34.923311],[4429,1549,-85.375195,34.923247],[4454,1552,-85.375167,34.923182],[4479,1555,-85.375138,34.923118],[4504,1556,-85.375109,34.923054],[4529,1560,-85.375081,34.922989],[4554,1562,-85.375052,34.922925],[4572,1565,-85.375003,34.922893],[4597,1568,-85.374922,34.922911],[4622,1570,-85.374841,34.922929],[4647,1571,-85.374761,34.922947],[4672,1572,-85.37468,34.922965],[4697,1575,-85.374599,34.922982],[4722,1577,-85.374519,34.923],[4747,1580,-85.374438,34.923018],[4772,1583,-85.374357,34.923036],[4797,1585,-85.374277,34.923054],[4821,1586,-85.374199,34.923045],[4846,1589,-85.374123,34.923016],[4871,1591,-85.374048,34.922987],[4896,1594,-85.373973,34.922957],[4921,1596,-85.373897,34.922928],[4946,1597,-85.373822,34.922898],[4961,1598,-85.373784,34.922926],[4986,1599,-85.373772,34.922993],[5011,1600,-85.373761,34.923061],[5036,1599,-85.373749,34.923129],[5061,1599,-85.373738,34.923197],[5086,1598,-85.373726,34.923265],[5111,1598,-85.373715,34.923333],[5136,1597,-85.373703,34.923401],[5161,1596,-85.373692,34.923469],[5186,1596,-85.373681,34.923537],[5211,1595,-85.373669,34.923604],[5236,1593,-85.373658,34.923672],[5261,1591,-85.373646,34.92374],[5286,1590,-85.373635,34.923808],[5311,1587,-85.373623,34.923876],[5336,1583,-85.373612,34.923944],[5361,1582,-85.373601,34.924012],[5386,1579,-85.373589,34.92408],[5411,1575,-85.373578,34.924147],[5436,1572,-85.373566,34.924215],[5461,1570,-85.373555,34.924283],[5486,1569,-85.373543,34.924351],[5511,1567,-85.373532,34.924419],[5536,1564,-85.37352,34.924487],[5561,1562,-85.373509,34.924555],[5586,1559,-85.373498,34.924623],[5611,1556,-85.373486,34.924691],[5636,1553,-85.373475,34.924758],[5661,1552,-85.373463,34.924826],[5686,1549,-85.373452,34.924894],[5711,1546,-85.37344,34.924962],[5736,1545,-85.373429,34.92503],[5761,1543,-85.373417,34.925098],[5786,1539,-85.373406,34.925166],[5811,1535,-85.373395,34.925234],[5836,1531,-85.373383,34.925302],[5861,1528,-85.373372,34.925369],[5886,1525,-85.37336,34.925437],[5911,1521,-85.373349,34.925505],[5936,1520,-85.373337,34.925573],[5961,1517,-85.373326,34.925641],[5986,1514,-85.373315,34.925709],