{"trail":"Spur and Connector Trails","distance":11697,"gain":582,"loss":641,"min":1135,"max":1598,"profile":[[0,1323,-85.378597,34.925525],[25,1320,-85.378551,34.925582],[50,1315,-85.378506,34.92564],[75,1310,-85.37846,34.925697],[100,1305,-85.378415,34.925755],[125,1301,-85.378369,34.925812],[150,1299,-85.378323,34.92587],[175,1297,-85.378315,34.925937],[200,1296,-85.378311,34.926005],[225,1297,-85.378307,34.926074],[250,1298,-85.378303,34.926142],[275,1298,-85.378299,34.926211],[299,1298,-85.378284,34.926275],[324,1302,-85.378227,34.926325],[349,1303,-85.37817,34.926375],[374,1304,-85.378113,34.926426],[399,1303,-85.378056,34.926476],[423,1303,-85.377992,34.926517],[448,1308,-85.377913,34.926539],[473,1311,-85.377834,34.92656],[498,1313,-85.377754,34.926582],[523,1316,-85.377675,34.926604],[548,1317,-85.377596,34.926625],[573,1321,-85.377516,34.926647],[598,1323,-85.377437,34.926669],[623,1330,-85.377358,34.92669],[648,1336,-85.377279,34.926712],[673,1341,-85.377199,34.926734],[698,1344,-85.37712,34.926755],[723,1349,-85.377041,34.926777],[748,1353,-85.376961,34.926799],[773,1357,-85.376882,34.92682],[798,1362,-85.376803,34.926842],[801,1362,-85.376794,34.926844],[2338,1563,-85.375035,34.922886],[2363,1566,-85.374954,34.922904],[2388,1568,-85.374873,34.922922],[2413,1571,-85.374793,34.92294],[2438,1572,-85.374712,34.922957],[2463,1573,-85.374631,34.922975],[2488,1576,-85.374551,34.922993],[2513,1579,-85.37447,34.923011],[2538,1581,-85.374389,34.923029],[2563,1584,-85.374309,34.923047],[2587,1586,-85.374229,34.923057],[2612,1589,-85.374153,34.923028],[2637,1590,-85.374078,34.922998],[2662,1592,-85.374002,34.922969],[2687,1594,-85.373927,34.922939],[2712,1597,-85.373852,34.92291],[2732,1598,-85.37379,34.922886],[4760,1322,-85.380442,34.921813],[4785,1320,-85.38044,34.921744],[4810,1318,-85.380437,34.921676],[4835,1316,-85.380435,34.921607],[4860,1314,-85.380433,34.921539],[4885,1312,-85.38043,34.92147],[4910,1310,-85.380428,34.921402],[4935,1311,-85.380425,34.921333],[4960,1318,-85.380423,34.921265],[4985,1327,-85.380421,34.921196],[5010,1329,-85.38048,34.921148],[5035,1334,-85.380539,34.921099],[5056,1340,-85.380607,34.921086],[5081,1343,-85.380684,34.921112],[5106,1342,-85.380761,34.921139],[5125,1347,-85.380825,34.921153],[5150,1354,-85.380798,34.921088],[5175,1357,-85.380772,34.921023],[5200,1356,-85.380746,34.920958],[5225,1358,-85.380764,34.920893],[5250,1364,-85.380788,34.920827],[5275,1370,-85.380812,34.920761],[5300,1369,-85.380836,34.920696],[5325,1375,-85.38086,34.92063],[5350,1375,-85.380884,34.920564],[5375,1380,-85.380908,34.920499],[5400,1379,-85.380932,34.920433],[5425,1385,-85.380956,34.920367],[5450,1390,-85.38098,34.920302],[5475,1394,-85.381004,34.920236],[5500,1399,-85.381028,34.920171],[5525,1401,-85.381052,34.920105],[5538,1401,-85.381064,34.920071],[10088,1324,-85.373425,34.930855],[10113,1329,-85.373354,34.930819],[10138,1338,-85.373283,34.930783],[10163,1342,-85.373212,34.930747],[10188,1347,-85.373141,34.930711],[10213,1352,-85.37307,34.930675],[10238,1354,-85.372999,34.930639],[10263,1358,-85.372928,34.930603],[10288,1362,-85.372857,34.930567],[10313,1365,-85.372786,34.930531],[10338,1369,-85.372715,34.930495],[10363,1373,-85.372644,34.930459],[10388,1375,-85.372573,34.930423],[10405,1379,-85.372524,34.930398],[11417,1135,-85.371902,34.933125],[11442,1142,-85.371902,34.933056],[11467,1150,-85.371902,34.932988],[11482,1161,-85.371867,34.932956],[11507,1176,-85.371786,34.932974],[11532,1186,-85.371705,34.932992],[11557,1195,-85.371625,34.933009],[11582,1208,-85.371544,34.933027],[11607,1226,-85.371463,34.933044],[11632,1236,-85.371382,34.933062],[11657,1250,-85.371301,34.933079],[11682,1258,-85.371221,34.933097],[11697,1264,-85.371172,34.933107]]}