{"trail":"SST","distance":17278,"gain":342,"loss":243,"min":5678,"max":5961,"profile":[[0,5763,-121.56014,44.007657],[26,5764,-121.56023,44.007686],[57,5767,-121.560348,44.007694],[85,5768,-121.560454,44.007691],[120,5772,-121.560583,44.007709],[192,5777,-121.560778,44.007851],[287,5780,-121.561027,44.008041],[366,5777,-121.561164,44.008234],[424,5772,-121.561315,44.008348],[491,5773,-121.561565,44.008388],[575,5777,-121.56187,44.008455],[612,5778,-121.562003,44.008492],[720,5784,-121.562414,44.008478],[747,5782,-121.562503,44.008517],[813,5781,-121.562713,44.008612],[925,5774,-121.563099,44.008745],[986,5771,-121.5633,44.008828],[1015,5767,-121.56336,44.008896],[1048,5764,-121.563352,44.008988],[1085,5761,-121.563261,44.009065],[1126,5761,-121.563138,44.00913],[1141,5761,-121.56313,44.009174],[1154,5761,-121.563169,44.009196],[1190,5765,-121.563281,44.009248],[1207,5769,-121.563306,44.009294],[1224,5768,-121.563275,44.009335],[1272,5770,-121.563132,44.009414],[1317,5769,-121.562976,44.009468],[1343,5770,-121.562922,44.009526],[1359,5774,-121.562879,44.009559],[1377,5771,-121.562816,44.009576],[1480,5788,-121.56253,44.00977],[1516,5803,-121.562513,44.009867],[1557,5814,-121.562513,44.00998],[1592,5818,-121.562447,44.010063],[1639,5823,-121.562304,44.010142],[1686,5823,-121.562136,44.010187],[1728,5809,-121.56198,44.010159],[1767,5805,-121.561832,44.010166],[1794,5801,-121.561741,44.010199],[1876,5809,-121.561481,44.010325],[1993,5823,-121.561064,44.010435],[2062,5827,-121.560821,44.010508],[2127,5834,-121.560612,44.010603],[2177,5837,-121.560487,44.010707],[2217,5839,-121.560354,44.01076],[2247,5844,-121.560307,44.010835],[2289,5850,-121.560333,44.010948],[2348,5851,-121.560254,44.011102],[2392,5851,-121.560136,44.011188],[2436,5849,-121.559978,44.011226],[2485,5846,-121.559796,44.011259],[2509,5844,-121.559711,44.011241],[2537,5840,-121.559617,44.011205],[2560,5838,-121.559561,44.011154],[2587,5834,-121.559484,44.011108],[2624,5829,-121.559349,44.011076],[2653,5825,-121.559242,44.011094],[2698,5823,-121.559115,44.01118],[2746,5821,-121.559001,44.01128],[2800,5817,-121.558916,44.011416],[2838,5814,-121.558791,44.011466],[2856,5814,-121.558723,44.011449],[2878,5814,-121.558679,44.011399],[2926,5815,-121.558623,44.011274],[2976,5815,-121.558567,44.011142],[3001,5815,-121.558488,44.011105],[3024,5813,-121.558413,44.01107],[3054,5811,-121.558357,44.011001],[3073,5808,-121.55834,44.01095],[3095,5804,-121.558299,44.010897],[3115,5804,-121.558228,44.010875],[3164,5794,-121.558042,44.010882],[3200,5789,-121.557909,44.01086],[3227,5780,-121.557871,44.01079],[3259,5769,-121.557844,44.010705],[3282,5765,-121.557811,44.010647],[3292,5759,-121.557782,44.010626],[3307,5759,-121.557726,44.010618],[3321,5754,-121.55768,44.010633],[3341,5759,-121.557635,44.010679],[3363,5760,-121.557612,44.010736],[3399,5767,-121.557583,44.010833],[3413,5774,-121.55755,44.010865],[3437,5781,-121.557485,44.010908],[3470,5779,-121.557373,44.01095],[3485,5777,-121.557315,44.01094],[3514,5775,-121.557207,44.01093],[3562,5778,-121.557043,44.010987],[3612,5781,-121.556867,44.011038],[3658,5784,-121.55673,44.01112],[3705,5792,-121.556634,44.011229],[3738,5795,-121.556642,44.011319],[3780,5800,-121.556686,44.011428],[3799,5798,-121.556703,44.011478],[3818,5796,-121.5567,44.011531],[3834,5792,-121.556657,44.011564],[3852,5787,-121.55659,44.011573],[3868,5787,-121.55653,44.01157],[3891,5783,-121.556456,44.011535],[3906,5779,-121.556403,44.011524],[3920,5779,-121.556348,44.011531],[3931,5776,-121.55631,44.011538],[3945,5776,-121.556292,44.011574],[3972,5773,-121.556327,44.011645],[3987,5775,-121.556341,44.011687],[4000,5773,-121.556348,44.01172],[4007,5769,-121.556339,44.011739],[4021,5769,-121.556291,44.011753],[4030,5769,-121.556256,44.01175],[4053,5766,-121.556177,44.011721],[4098,5765,-121.556067,44.01163],[4133,5766,-121.555972,44.011562],[4182,5764,-121.555808,44.011495],[4229,5764,-121.555685,44.011403],[4248,5764,-121.555613,44.011385],[4271,5762,-121.555538,44.011415],[4297,5761,-121.555492,44.011478],[4323,5759,-121.55542,44.011525],[4339,5758,-121.555357,44.011528],[4360,5758,-121.55528,44.011519],[4427,5753,-121.555027,44.011544],[4476,5750,-121.55484,44.011556],[4519,5748,-121.554678,44.01155],[4544,5746,-121.554593,44.011582],[4564,5746,-121.554545,44.011627],[4599,5746,-121.554471,44.011706],[4625,5745,-121.554442,44.011772],[4641,5745,-121.554407,44.01181],[4658,5744,-121.554348,44.011831],[4674,5744,-121.554301,44.011859],[4683,5743,-121.554271,44.01187],[4692,5743,-121.554238,44.011875],[4708,5742,-121.554185,44.011895],[4735,5742,-121.554096,44.011933],[4760,5741,-121.554017,44.011969],[4780,5741,-121.553944,44.011992],[4801,5740,-121.55387,44.012008],[4824,5740,-121.55378,44.012],[4848,5739,-121.553693,44.011987],[4873,5739,-121.553597,44.011971],[4899,5738,-121.553505,44.011951],[4915,5738,-121.55345,44.01193],[4928,5738,-121.553423,44.011902],[4942,5738,-121.553386,44.011871],[4950,5738,-121.553361,44.011859],[4965,5737,-121.553307,44.011847],[4980,5736,-121.553249,44.011851],[4987,5736,-121.553226,44.011859],[5009,5735,-121.553156,44.01189],[5022,5736,-121.55311,44.011907],[5030,5736,-121.55308,44.011904],[5045,5735,-121.55304,44.011875],[5061,5735,-121.553011,44.011838],[5067,5734,-121.553008,44.01182],[5083,5734,-121.553049,44.011788],[5092,5735,-121.553078,44.011776],[5103,5734,-121.553109,44.011755],[5117,5734,-121.553129,44.011718],[5148,5730,-121.553099,44.011636],[5161,5730,-121.553079,44.011606],[5184,5726,-121.553021,44.011557],[5218,5721,-121.552931,44.011489],[5236,5719,-121.552875,44.011462],[5256,5713,-121.552801,44.011453],[5274,5717,-121.552738,44.011473],[5307,5716,-121.552631,44.011523],[5338,5718,-121.552557,44.011589],[5373,5715,-121.552443,44.011638],[5396,5716,-121.552366,44.011666],[5451,5713,-121.552197,44.011757],[5510,5716,-121.552054,44.011881],[5549,5718,-121.551965,44.011967],[5581,5717,-121.551933,44.012051],[5629,5720,-121.551923,44.012185],[5696,5723,-121.551933,44.012368],[5731,5722,-121.551935,44.012461],[5807,5721,-121.552001,44.012665],[5837,5720,-121.552031,44.012745],[5855,5719,-121.552027,44.012793],[5870,5718,-121.552012,44.012834],[5878,5718,-121.551988,44.012846],[5895,5718,-121.551923,44.01284],[5914,5717,-121.551852,44.012825],[5932,5718,-121.551793,44.012803],[5975,5716,-121.551642,44.012752],[6008,5713,-121.55152,44.012731],[6029,5712,-121.551443,44.012734],[6043,5712,-121.551396,44.012754],[6074,5709,-121.551323,44.012823],[6156,5706,-121.551157,44.013012],[6189,5705,-121.55106,44.013071],[6213,5704,-121.550969,44.013082],[6240,5702,-121.550874,44.013055],[6269,5701,-121.550801,44.012997],[6323,5698,-121.550663,44.012888],[6337,5698,-121.550621,44.012864],[6360,5696,-121.550532,44.012869],[6387,5694,-121.550449,44.01291],[6424,5692,-121.550367,44.012993],[6474,5691,-121.550325,44.013127],[6527,5692,-121.550273,44.013269],[6589,5692,-121.550231,44.013436],[6632,5691,-121.550147,44.013537],[6685,5692,-121.549988,44.013624],[6724,5687,-121.549847,44.013655],[6764,5684,-121.549705,44.0137],[6861,5681,-121.549448,44.013891],[6930,5681,-121.549295,44.014046],[7000,5687,-121.549143,44.014201],[7044,5686,-121.548995,44.014258],[7084,5684,-121.548841,44.014267],[7127,5681,-121.548681,44.014249],[7158,5679,-121.548564,44.014267],[7217,5683,-121.548391,44.014369],[7267,5682,-121.548237,44.014449],[7320,5686,-121.54812,44.014568],[7369,5690,-121.548089,44.014701],[7416,5692,-121.547978,44.014803],[7434,5692,-121.547966,44.014852],[7468,5693,-121.547873,44.014914],[7512,5694,-121.547762,44.015007],[7545,5694,-121.547744,44.015096],[7577,5694,-121.547722,44.015182],[7577,5763,-121.56014,44.007657],[7643,5760,-121.560075,44.007482],[7731,5759,-121.560003,44.007247],[7780,5759,-121.559979,44.007113],[7816,5759,-121.559962,44.007016],[7837,5759,-121.559968,44.006959],[7867,5758,-121.559943,44.006879],[7910,5758,-121.559871,44.006773],[7948,5757,-121.55986,44.006667],[7982,5757,-121.559821,44.006579],[8083,5754,-121.559692,44.006319],[8151,