{"trail":"Steam Shovel","distance":11863,"gain":512,"loss":556,"min":1803,"max":1862,"profile":[[0,1854,-85.419044,34.865827],[25,1857,-85.41907,34.865893],[50,1858,-85.419095,34.865958],[75,1855,-85.41912,34.866024],[100,1856,-85.419145,34.866089],[125,1857,-85.41917,34.866154],[150,1860,-85.419195,34.86622],[175,1862,-85.41922,34.866285],[200,1861,-85.419245,34.866351],[225,1861,-85.41927,34.866416],[250,1861,-85.419285,34.866483],[275,1862,-85.419292,34.866551],[300,1860,-85.419299,34.866619],[325,1856,-85.419307,34.866688],[350,1850,-85.419314,34.866756],[375,1849,-85.419321,34.866824],[400,1853,-85.419329,34.866893],[425,1857,-85.419336,34.866961],[450,1858,-85.419343,34.867029],[475,1858,-85.419351,34.867097],[500,1858,-85.419358,34.867166],[525,1858,-85.419365,34.867234],[550,1858,-85.419373,34.867302],[575,1858,-85.41938,34.86737],[600,1857,-85.419387,34.867439],[625,1859,-85.419394,34.867507],[650,1859,-85.419402,34.867575],[675,1858,-85.419409,34.867643],[700,1856,-85.419416,34.867712],[725,1856,-85.419424,34.86778],[750,1859,-85.419431,34.867848],[775,1859,-85.419438,34.867916],[800,1858,-85.419446,34.867985],[825,1856,-85.419455,34.868053],[850,1857,-85.419481,34.868118],[875,1857,-85.419508,34.868183],[900,1856,-85.419534,34.868248],[925,1852,-85.419561,34.868313],[950,1849,-85.419587,34.868378],[975,1848,-85.419613,34.868443],[1000,1851,-85.41964,34.868508],[1025,1850,-85.419666,34.868573],[1050,1850,-85.419693,34.868638],[1075,1851,-85.419719,34.868703],[1099,1853,-85.419762,34.86876],[1124,1854,-85.419819,34.86881],[1149,1856,-85.419877,34.868859],[1174,1857,-85.419934,34.868909],[1199,1848,-85.419991,34.868959],[1224,1849,-85.420048,34.869009],[1249,1846,-85.420105,34.869059],[1274,1844,-85.420163,34.869109],[1299,1844,-85.42022,34.869159],[1324,1850,-85.420277,34.869209],[1349,1850,-85.420334,34.869259],[1374,1854,-85.420391,34.869309],[1395,1850,-85.42035,34.869264],[1420,1848,-85.420299,34.86921],[1445,1842,-85.420248,34.869155],[1470,1841,-85.420197,34.869101],[1495,1841,-85.420146,34.869047],[1520,1841,-85.420095,34.868993],[1545,1844,-85.420044,34.868938],[1570,1843,-85.419993,34.868884],[1595,1851,-85.419942,34.86883],[1620,1848,-85.419891,34.868776],[1645,1849,-85.41984,34.868721],[1669,1846,-85.419806,34.86866],[1694,1843,-85.419785,34.868594],[1712,1841,-85.41981,34.86855],[1735,1835,-85.419889,34.868545],[1760,1834,-85.419949,34.868592],[1785,1834,-85.420009,34.86864],[1810,1835,-85.420069,34.868688],[1835,1842,-85.420129,34.868735],[1860,1847,-85.42019,34.868783],[1885,1854,-85.42025,34.86883],[1910,1856,-85.42031,34.868878],[1935,1857,-85.42037,34.868926],[1960,1855,-85.42043,34.868973],[1985,1850,-85.42049,34.869021],[2010,1839,-85.42055,34.869068],[2035,1836,-85.42061,34.869116],[2060,1833,-85.42067,34.869163],[2085,1834,-85.42073,34.869211],[2110,1836,-85.420791,34.869259],[2135,1836,-85.420851,34.869306],[2160,1837,-85.420911,34.869354],[2185,1839,-85.420971,34.869401],[2210,1852,-85.421031,34.869449],[2235,1853,-85.421091,34.869497],[2260,1856,-85.421166,34.869524],[2285,1853,-85.421245,34.869546],[2310,1853,-85.421325,34.869567],[2335,1851,-85.421404,34.869589],[2359,1845,-85.421456,34.869638],[2384,1842,-85.421497,34.869697],[2409,1841,-85.421539,34.869757],[2434,1837,-85.42158,34.869816],[2459,1833,-85.421622,34.869876],[2484,1830,-85.421663,34.869935],[2509,1830,-85.421705,34.869995],[2534,1829,-85.421746,34.870054],[2555,1828,-85.421806,34.870087],[2580,1826,-85.421889,34.870085],[2605,1824,-85.421973,34.870082],[2630,1820,-85.422056,34.87008],[2655,1818,-85.42214,34.870077],[2680,1820,-85.422223,34.870075],[2705,1823,-85.422307,34.870072],[2730,1825,-85.422388,34.870063],[2755,1825,-85.422461,34.870029],[2780,1826,-85.422534,34.869996],[2805,1827,-85.422607,34.869963],[2830,1825,-85.42268,34.86993],[2855,1829,-85.422753,34.869897],[2880,1830,-85.422826,34.869864],[2905,1829,-85.422899,34.869831],[2930,1832,-85.422972,34.869797],[2955,1839,-85.423045,34.869764],[2980,1840,-85.423119,34.869731],[3004,1843,-85.423188,34.869696],[3029,1842,-85.423221,34.869632],[3054,1839,-85.423253,34.869569],[3079,1830,-85.423286,34.869506],[3104,1825,-85.423318,34.869443],[3129,1822,-85.42335,34.86938],[3151,1821,-85.423423,34.86937],[3176,1820,-85.423506,34.869374],[3201,1818,-85.42359,34.869378],[3226,1820,-85.423673,34.869382],[3251,1819,-85.423756,34.869387],[3276,1819,-85.42384,34.869391],[3301,1820,-85.423923,34.869395],[3326,1821,-85.424006,34.869399],[3351,1821,-85.42409,34.869404],[3376,1820,-85.424173,34.869408],[3401,1818,-85.424256,34.869412],[3426,1816,-85.42434,34.869417],[3451,1812,-85.424422,34.869427],[3476,1811,-85.424502,34.869446],[3501,1811,-85.424582,34.869466],[3526,1811,-85.424662,34.869485],[3551,1810,-85.424743,34.869504],[3576,1810,-85.424823,34.869523],[3601,1811,-85.424903,34.869542],[3626,1808,-85.424983,34.869562],[3651,1809,-85.425063,34.869581],[3676,1809,-85.425143,34.8696],[3701,1809,-85.425224,34.869619],[3726,1809,-85.425304,34.869638],[3751,1808,-85.425384,34.869657],[3775,1809,-85.425461,34.869648],[3800,1808,-85.425537,34.869619],[3825,1806,-85.425612,34.86959],[3850,1806,-85.425688,34.86956],[3875,1807,-85.425763,34.869531],[3900,1806,-85.425839,34.869501],[3925,1807,-85.425914,34.869472],[3950,1806,-85.42599,34.869443],[3975,1807,-85.426065,34.869413],[4000,1808,-85.42614,34.869384],[4025,1810,-85.426216,34.869354],[4049,1805,-85.426293,34.869334],[4074,1805,-85.426374,34.86935],[4099,1803,-85.426455,34.869367],[4124,1803,-85.426536,34.869383],[4149,1805,-85.426617,34.869399],[4174,1809,-85.426698,34.869415],[4199,1811,-85.42678,34.869431],[4224,1810,-85.426861,34.869447],[4249,1810,-85.426942,34.869463],[4273,1809,-85.427012,34.869496],[4298,1811,-85.42707,34.869545],[4323,1810,-85.427128,34.869594],[4348,1811,-85.427186,34.869644],[4373,1816,-85.427244,34.869693],[4398,1813,-85.427302,34.869742],[4423,1816,-85.42736,34.869792],[4448,1822,-85.427418,34.869841],[4473,1818,-85.427476,34.86989],[4498,1817,-85.427534,34.86994],[4521,1820,-85.427604,34.869969],[4546,1826,-85.427687,34.869979],[4571,1825,-85.427769,34.869988],[4596,1824,-85.427852,34.869997],[4621,1818,-85.427935,34.870006],[4646,1810,-85.428018,34.870016],[4670,1811,-85.428083,34.869981],[4695,1811,-85.428144,34.869933],[4720,1812,-85.428204,34.869886],[4745,1814,-85.428265,34.869839],[4770,1819,-85.428326,34.869792],[4795,1821,-85.428387,34.869745],[4820,1820,-85.428447,34.869698],[4845,1820,-85.428508,34.869651],[4870,1818,-85.428569,34.869604],[4895,1817,-85.428629,34.869557],[4920,1818,-85.42869,34.86951],[4945,1822,-85.428751,34.869463],[4970,1817,-85.428811,34.869416],[4995,1820,-85.428872,34.869369],[5020,1818,-85.428933,34.869322],[5045,1815,-85.428994,34.869275],[5070,1818,-85.429054,34.869227],[5095,1818,-85.429115,34.86918],[5120,1819,-85.429176,34.869133],[5145,1818,-85.429236,34.869086],[5170,1820,-85.429297,34.869039],[5195,1821,-85.429358,34.868992],[5220,1821,-85.429419,34.868945],[5245,1825,-85.429479,34.868898],[5270,1820,-85.42954,34.868851],[5295,1821,-85.429601,34.868804],[5320,1824,-85.429661,34.868757],[5345,1821,-85.429722,34.86871],[5370,1826,-85.429783,34.868663],[5395,1832,-85.429843,34.868616],[5420,1833,-85.429904,34.868568],[5445,1833,-85.429965,34.868521],[5467,1833,-85.429982,34.868461],[5492,1835,-85.429974,34.868393],[5517,1836,-85.429965,34.868325],[5542,1835,-85.429956,34.868257],[5567,1833,-85.429948,34.868189],[5592,1831,-85.429912,34.868128],[5617,1830,-85.429866,34.868071],[5642,1833,-85.429819,34.868014],[5667,1841,-85.429773,34.867957],[5692,1842,-85.429727,34.8679],[5717,1842,-85.42968,34.867843],[5740,1842,-85.429649,34.867784],[5765,1843,-85.429668,34.867717],[5790,1844,-85.429687,34.867651],[5815,1842,-85.429706,34.867584],[5840,1843,-85.429725,34.867517],[5864,1837,-85.429781,34.867471],[5889,1836,-85.42985,34.867432],[5914,1839,-85.429919,34.867393],[5939,1844,-85.429987,34.867354],[5962,1847,-85.430065,34.867352],[5987,1849,-85.430146,34.867367],[6012,1845,-85.430228,