{"trail":"Steve Larsen","distance":13225,"gain":151,"loss":110,"min":4681,"max":4802,"profile":[[0,4744,-121.478934,43.972102],[75,4739,-121.478735,43.971954],[122,4740,-121.478684,43.97183],[152,4737,-121.478623,43.971762],[178,4735,-121.478534,43.971732],[206,4730,-121.478437,43.971767],[234,4727,-121.478373,43.971826],[277,4721,-121.478219,43.971874],[366,4718,-121.477989,43.972051],[417,4711,-121.477799,43.972079],[514,4706,-121.477429,43.972103],[540,4706,-121.477332,43.972118],[564,4706,-121.477256,43.97215],[591,4705,-121.477177,43.972201],[610,4705,-121.47711,43.972213],[622,4705,-121.477063,43.972204],[638,4704,-121.477033,43.972167],[656,4703,-121.477016,43.972119],[676,4704,-121.477035,43.972066],[699,4703,-121.477061,43.972007],[774,4701,-121.477253,43.971852],[794,4702,-121.47731,43.971816],[818,4701,-121.477351,43.971759],[836,4700,-121.477369,43.971711],[854,4700,-121.477343,43.971666],[866,4700,-121.477305,43.971647],[882,4699,-121.477246,43.971635],[903,4698,-121.477169,43.971647],[954,4697,-121.477016,43.971734],[1015,4696,-121.476793,43.971778],[1064,4693,-121.47661,43.971806],[1088,4692,-121.476518,43.971795],[1114,4690,-121.47644,43.971755],[1135,4688,-121.476394,43.971706],[1155,4688,-121.476373,43.971655],[1196,4687,-121.476371,43.971541],[1217,4686,-121.476364,43.971483],[1237,4685,-121.476319,43.971439],[1256,4684,-121.476257,43.971412],[1315,4682,-121.476044,43.971366],[1385,4680,-121.475806,43.971277],[1417,4680,-121.475693,43.971243],[1438,4679,-121.475638,43.971205],[1462,4679,-121.475602,43.971144],[1488,4679,-121.475616,43.971072],[1515,4679,-121.475658,43.971005],[1610,4681,-121.475935,43.970839],[1632,4682,-121.475973,43.970785],[1656,4682,-121.476009,43.970722],[1739,4683,-121.475951,43.9705],[1803,4683,-121.476059,43.970343],[1850,4683,-121.475998,43.970222],[1917,4684,-121.475898,43.970051],[1949,4685,-121.475927,43.969967],[2059,4690,-121.475848,43.969672],[2072,4691,-121.475851,43.969635],[2155,4695,-121.475942,43.969418],[2243,4700,-121.476099,43.969205],[2331,4704,-121.476256,43.968992],[2352,4705,-121.476269,43.968935],[2376,4706,-121.476238,43.968873],[2397,4708,-121.476178,43.968832],[2430,4707,-121.476064,43.968797],[2493,4704,-121.47583,43.968756],[2512,4704,-121.475772,43.968728],[2535,4704,-121.475728,43.968671],[2553,4704,-121.475734,43.968624],[2576,4705,-121.475792,43.968575],[2641,4710,-121.476002,43.968483],[2689,4715,-121.476106,43.968374],[2711,4716,-121.476136,43.968318],[2736,4717,-121.476147,43.968249],[2758,4718,-121.476128,43.968191],[2830,4708,-121.475993,43.968018],[2869,4707,-121.475973,43.967914],[2940,4708,-121.476037,43.967724],[3012,4710,-121.476101,43.967533],[3089,4706,-121.476081,43.96732],[3175,4715,-121.476248,43.967118],[3239,4721,-121.476304,43.966947],[3316,4729,-121.476432,43.966759],[3347,4728,-121.476457,43.966676],[3442,4719,-121.476358,43.966425],[3556,4715,-121.476364,43.966111],[3665,4720,-121.476475,43.965825],[3703,4720,-121.476492,43.96572],[3777,4718,-121.476495,43.965519],[3850,4713,-121.476497,43.965317],[3930,4712,-121.476553,43.965102],[4010,4704,-121.47661,43.964886],[4105,4703,-121.476722,43.964638],[4128,4703,-121.476739,43.964578],[4152,4704,-121.476731,43.964511],[4187,4703,-121.476659,43.964431],[4219,4702,-121.476555,43.964386],[4330,4686,-121.476154,43.964288],[4423,4688,-121.475857,43.964151],[4448,4686,-121.475768,43.964124],[4515,4686,-121.475521,43.964082],[4582,4685,-121.475273,43.964039],[4648,4685,-121.475026,43.963997],[4693,4685,-121.47487,43.963951],[4795,4685,-121.474525,43.963818],[4846,4685,-121.474377,43.963731],[4883,4684,-121.474337,43.963632],[4919,4684,-121.474358,43.963536],[4976,4686,-121.474461,43.963399],[5092,4689,-121.474725,43.963144],[5133,4690,-121.474838,43.963066],[5174,4692,-121.474978,43.963013],[5212,4693,-121.47509,43.962949],[5238,4693,-121.475144,43.96289],[5298,4693,-121.475246,43.962742],[5364,4691,-121.475312,43.962567],[5393,4692,-121.475358,43.962496],[5460,4696,-121.475534,43.96236],[5497,4698,-121.475587,43.962267],[5586,4698,-121.4755,43.96203],[5604,4697,-121.475475,43.961985],[5622,4697,-121.475477,43.961936],[5650,4700,-121.475534,43.961872],[5665,4702,-121.475591,43.961884],[5686,4702,-121.475648,43.961924],[5756,4704,-121.47587,43.962032],[5779,4704,-121.475933,43.962072],[5800,4704,-121.475983,43.962118],[5814,4705,-121.476038,43.962122],[5831,4706,-121.476073,43.962083],[5872,4707,-121.476053,43.961972],[5930,4709,-121.476031,43.961814],[5952,4709,-121.476062,43.961759],[5977,4711,-121.476128,43.961708],[6011,4712,-121.476248,43.961672],[6048,4715,-121.476385,43.961696],[6076,4717,-121.476457,43.961752],[6120,4718,-121.476527,43.961862],[6159,4719,-121.476645,43.961926],[6208,4722,-121.476829,43.961948],[6287,4727,-121.477128,43.961948],[6372,4731,-121.477446,43.961996],[6396,4732,-121.477538,43.961991],[6421,4733,-121.477625,43.961962],[6521,4737,-121.477917,43.961786],[6637,4742,-121.47829,43.961619],[6661,4743,-121.478381,43.961617],[6698,4745,-121.478505,43.96167],[6754,4746,-121.478655,43.961776],[6798,4748,-121.478809,43.961823],[6823,4749,-121.478905,43.961821],[6889,4752,-121.479149,43.961772],[6956,4755,-121.479392,43.961723],[6987,4756,-121.479486,43.961669],[7009,4757,-121.479533,43.961619],[7075,4757,-121.479619,43.961448],[7101,4757,-121.479671,43.96139],[7211,4760,-121.479981,43.961186],[7293,4763,-121.480258,43.96108],[7385,4768,-121.480596,43.961018],[7455,4772,-121.480823,43.960916],[7509,4774,-121.481013,43.960862],[7534,4776,-121.481091,43.960822],[7601,4778,-121.481242,43.960673],[7668,4780,-121.481392,43.960524],[7717,4783,-121.481524,43.960429],[7807,4787,-121.481793,43.960277],[7842,4789,-121.481866,43.960199],[7886,4790,-121.481925,43.960085],[7937,4791,-121.482024,43.959965],[8010,4793,-121.482251,43.959848],[8054,4796,-121.482361,43.959756],[8112,4797,-121.482445,43.959611],[8154,4797,-121.482473,43.959498],[8208,4797,-121.482455,43.95935],[8230,4795,-121.482422,43.959294],[8259,4794,-121.482354,43.959233],[8284,4793,-121.482275,43.959193],[8306,4792,-121.482196,43.959174],[8332,4791,-121.482098,43.959187],[8373,4788,-121.482,43.959273],[8439,4787,-121.481905,43.959441],[8473,4786,-121.481823,43.959515],[8525,4785,-121.481674,43.959607],[8595,4784,-121.481503,43.959756],[8619,4783,-121.481418,43.959781],[8705,4775,-121.481094,43.959756],[8728,4773,-121.481007,43.959762],[8802,4769,-121.480728,43.959782],[8843,4767,-121.480575,43.959756],[8884,4767,-121.480451,43.959688],[8977,4771,-121.480257,43.959473],[9071,4776,-121.480063,43.959258],[9125,4779,-121.479982,43.959122],[9150,4780,-121.479971,43.959053],[9242,4786,-121.480055,43.958809],[9305,4790,-121.480221,43.958683],[9344,4792,-121.480275,43.958584],[9407,4794,-121.480268,43.958412],[9431,4797,-121.480292,43.958347],[9498,4801,-121.480471,43.958219],[9534,4802,-121.480528,43.958127],[9557,4803,-121.480532,43.958065],[9618,4804,-121.48049,43.957901],[9711,4803,-121.480469,43.957645],[9736,4802,-121.480436,43.957581],[9796,4802,-121.480324,43.957437],[9916,4798,-121.479987,43.957218],[9950,4798,-121.479915,43.957139],[9991,4800,-121.479865,43.957033],[10042,4801,-121.47984,43.956894],[10106,4805,-121.479886,43.956723],[10137,4805,-121.479878,43.956636],[10182,4805,-121.47982,43.956521],[10215,4804,-121.479818,43.956432],[10285,4804,-121.479974,43.956276],[10302,4803,-121.479988,43.956229],[10330,4802,-121.479967,43.956154],[10373,4798,-121.479904,43.956047],[10427,4793,-121.479857,43.955902],[10452,4791,-121.479856,43.955833],[10544,4784,-121.479998,43.955602],[10570,4782,-121.480014,43.955532],[10618,4780,-121.479995,43.955401],[10688,4775,-121.479899,43.955223],[10752,4773,-121.479885,43.955046],[10803,4775,-121.47995,43.954917],[10877,4778,-121.480128,43.954757],[10983,4780,-121.480444,43.954576],[11064,4781,-121.480587,43.954382],[11101,4781,-121.480616,43.954281],[11169,4781,-121.480615,43.954095],[11237,4781,-121.480615,43.953909],[11305,4780,-121.480614,43.953723],[11402,4775,-121.480525,43.953463],[11467,4775,