{"trail":"Stinger West","distance":12971,"gain":180,"loss":84,"min":3147,"max":3316,"profile":[[0,3226,-121.337182,44.267529],[22,3225,-121.337203,44.26747],[60,3225,-121.337238,44.26737],[134,3224,-121.337381,44.267196],[191,3223,-121.337529,44.267079],[275,3222,-121.33784,44.267018],[360,3221,-121.338151,44.266956],[444,3219,-121.338461,44.266894],[532,3219,-121.338721,44.26674],[613,3217,-121.338989,44.266631],[719,3214,-121.339369,44.266522],[823,3212,-121.33974,44.266419],[878,3211,-121.339942,44.266377],[945,3209,-121.340195,44.266353],[1002,3207,-121.340398,44.266298],[1107,3205,-121.340803,44.266298],[1187,3204,-121.341098,44.266238],[1285,3204,-121.341393,44.266075],[1329,3204,-121.341536,44.266009],[1417,3204,-121.341865,44.265966],[1526,3204,-121.342262,44.26587],[1640,3204,-121.342649,44.265725],[1663,3204,-121.342666,44.265664],[1704,3204,-121.3427,44.265556],[1823,3204,-121.342945,44.265278],[1877,3204,-121.342987,44.265133],[2001,3205,-121.342759,44.264837],[2027,3205,-121.342675,44.264795],[2085,3205,-121.342455,44.264777],[2157,3204,-121.342287,44.26462],[2237,3203,-121.342156,44.264423],[2316,3202,-121.342025,44.264227],[2394,3203,-121.341916,44.264028],[2430,3203,-121.341831,44.263949],[2485,3203,-121.341638,44.263895],[2544,3204,-121.34141,44.263889],[2576,3204,-121.341334,44.263823],[2684,3203,-121.3413,44.263526],[2756,3203,-121.341325,44.26333],[2828,3203,-121.341351,44.263134],[2912,3203,-121.341435,44.26291],[2987,3204,-121.341342,44.262717],[3057,3204,-121.341258,44.262533],[3128,3204,-121.341174,44.262349],[3204,3204,-121.341207,44.262144],[3277,3205,-121.341132,44.26195],[3350,3206,-121.341056,44.261757],[3423,3207,-121.340988,44.261564],[3476,3207,-121.341005,44.261419],[3557,3207,-121.34087,44.26122],[3626,3207,-121.340862,44.261029],[3696,3206,-121.340853,44.260839],[3777,3206,-121.340845,44.260616],[3850,3206,-121.340963,44.260434],[3938,3206,-121.34114,44.260229],[4004,3206,-121.341191,44.260051],[4071,3206,-121.341241,44.259873],[4147,3206,-121.341241,44.259664],[4223,3205,-121.341241,44.259456],[4308,3206,-121.341106,44.259245],[4391,3208,-121.34098,44.259033],[4453,3213,-121.340971,44.258864],[4548,3219,-121.34114,44.258634],[4627,3223,-121.341275,44.258441],[4724,3227,-121.341621,44.258339],[4809,3227,-121.341933,44.258278],[4917,3225,-121.342304,44.258145],[4972,3224,-121.342514,44.258145],[5014,3222,-121.342675,44.258139],[5077,3221,-121.342877,44.258049],[5142,3224,-121.343037,44.25791],[5188,3225,-121.34308,44.257789],[5234,3228,-121.343004,44.257674],[5277,3228,-121.342843,44.257656],[5314,3228,-121.342742,44.257728],[5373,3228,-121.342574,44.257837],[5423,3228,-121.342388,44.257874],[5479,3229,-121.342177,44.257874],[5513,3229,-121.342059,44.257831],[5583,3227,-121.341874,44.257692],[5610,3227,-121.341815,44.257632],[5645,3226,-121.341815,44.257535],[5680,3226,-121.341907,44.257469],[5742,3226,-121.342084,44.257354],[5801,3226,-121.342169,44.257203],[5869,3226,-121.342388,44.257106],[5987,3227,-121.342827,44.257022],[6045,3227,-121.343046,44.25701],[6087,3226,-121.343206,44.257022],[6131,3224,-121.343366,44.25698],[6166,3223,-121.3434,44.256889],[6225,3223,-121.343299,44.256744],[6279,3223,-121.343147,44.256641],[6364,3219,-121.343189,44.256412],[6420,3216,-121.343257,44.256267],[6448,3213,-121.343257,44.256188],[6476,3211,-121.343341,44.25614],[6515,3210,-121.343484,44.256164],[6550,3210,-121.343619,44.256152],[6663,3202,-121.34394,44.255947],[6705,3201,-121.344058,44.255868],[6736,3199,-121.3441,44.25579],[6771,3197,-121.344108,44.255693],[6821,3196,-121.344151,44.25556],[6876,3194,-121.344125,44.255409],[6943,3191,-121.344007,44.255246],[7034,3189,-121.343788,44.255053],[7123,3187,-121.343577,44.25486],[7189,3185,-121.343392,44.254739],[7231,3185,-121.343231,44.254739],[7262,3186,-121.343113,44.254739],[7294,3184,-121.343029,44.254672],[7330,3185,-121.342894,44.254672],[7395,3184,-121.342658,44.254612],[7437,3183,-121.342498,44.2546],[7486,3181,-121.342363,44.254509],[7521,3179,-121.342295,44.254425],[7558,3177,-121.342169,44.254382],[7579,3175,-121.34211,44.25434],[7604,3175,-121.342017,44.25434],[7663,3173,-121.34184,44.254237],[7697,3173,-121.341713,44.254255],[7756,3174,-121.341503,44.254316],[7794,3176,-121.34141,44.254394],[7835,3181,-121.341368,44.254503],[7875,3180,-121.341216,44.254521],[7942,3184,-121.340997,44.254618],[7976,3180,-121.340887,44.25457],[8009,3177,-121.340786,44.254515],[8009,3177,-121.340786,44.254515],[8037,3174,-121.340761,44.25444],[8071,3173,-121.340846,44.254369],[8115,3171,-121.340994,44.254313],[8156,3170,-121.341108,44.254238],[8188,3168,-121.341213,44.254192],[8240,3165,-121.341341,44.254081],[8273,3165,-121.341461,44.254055],[8333,3163,-121.34163,44.253944],[8377,3161,-121.341694,44.253833],[8462,3157,-121.341623,44.253605],[8507,3155,-121.341673,44.253489],[8560,3154,-121.341581,44.253357],[8620,3152,-121.341651,44.2532],[8667,3150,-121.34168,44.253074],[8708,3148,-121.341743,44.252972],[8739,3148,-121.341708,44.252891],[8789,3146,-121.341644,44.25276],[8836,3147,-121.341496,44.252689],[8876,3148,-121.34139,44.252608],[8916,3149,-121.341362,44.252502],[8957,3149,-121.341383,44.25239],[8984,3150,-121.341348,44.25232],[9087,3149,-121.341526,44.25207],[9137,3149,-121.341576,44.251937],[9183,3149,-121.341611,44.251814],[9214,3149,-121.341676,44.251742],[9250,3147,-121.341783,44.251681],[9289,3146,-121.341862,44.251588],[9312,3146,-121.341862,44.251527],[9342,3147,-121.341833,44.251445],[9386,3147,-121.341819,44.251327],[9439,3145,-121.341948,44.251214],[9464,3146,-121.341926,44.251148],[9513,3146,-121.341822,44.251036],[9610,3148,-121.341597,44.250825],[9645,3153,-121.341461,44.25082],[9674,3156,-121.341361,44.250789],[9710,3159,-121.341325,44.250692],[9748,3160,-121.341275,44.250594],[9822,3165,-121.341082,44.250446],[9879,3167,-121.341054,44.250292],[9901,3168,-121.340989,44.250251],[9974,3172,-121.340789,44.250113],[10006,3173,-121.34071,44.250046],[10058,3177,-121.340546,44.249964],[10123,3178,-121.340474,44.249795],[10155,3176,-121.340496,44.249708],[10173,3178,-121.34046,44.249667],[10210,3179,-121.340317,44.249651],[10261,3184,-121.340124,44.249641],[10317,3187,-121.339966,44.249539],[10382,3195,-121.339716,44.249518],[10414,3198,-121.33963,44.249457],[10455,3202,-121.339594,44.249349],[10537,3201,-121.339666,44.249129],[10567,3200,-121.33963,44.249052],[10599,3206,-121.339516,44.249021],[10624,3206,-121.339473,44.24896],[10676,3208,-121.339523,44.248821],[10713,3208,-121.339516,44.248719],[10757,3212,-121.33942,44.248619],[10776,3212,-121.33938,44.248576],[10831,3215,-121.339301,44.248437],[10867,3218,-121.339251,44.248345],[10920,3219,-121.339236,44.248201],[10972,3219,-121.339265,44.248058],[11014,3218,-121.339215,44.24795],[11038,3221,-121.339158,44.247899],[11061,3226,-121.339072,44.247914],[11081,3226,-121.339029,44.247961],[11145,3226,-121.339029,44.248135],[11184,3231,-121.33895,44.248227],[11207,3237,-121.338893,44.248273],[11276,3240,-121.338822,44.248458],[11315,3239,-121.338767,44.248555],[11325,3244,-121.338739,44.248572],[11337,3244,-121.338696,44.248557],[11373,3245,-121.33873,44.248463],[11427,3247,-121.338679,44.248319],[11484,3248,-121.338689,44.248161],[11543,3249,-121.338674,44.248],[11581,3248,-121.338674,44.247895],[11612,3258,-121.338562,44.247871],[11624,3258,-121.338523,44.247885],[11683,3259,-121.338547,44.248045],[11756,3263,-121.338469,44.248238],[11818,3262,-121.338449,44.248409],[11864,3267,-121.338337,44.248507],[11905,3270,-121.338298,44.248615],[11937,3269,-121.338313,44.248702],[11976,3269,-121.338259,44.2488],[12003,3276,-121.33821,44.248867],[12055,3277,-121.33822,44.24901],[12108,3277,-121.33823,44.249153],[12151,3276,-121.338181,44.249265],[12182,3282,-121.338113,44.249335],[12220,3281,-121.338079,44.249436],[12232,3288,-121.338059,44.249468],[12245,3288,-121.33801,44.249475],[12269,3295,-121.337971,44.249415],[12308,3296,-121.337903,44.249321],[12341,3297,-121.337947,44.249237],[12377,3291,-121.33801,44.24915],[12425,3292,