{"trail":"Stinger East","distance":12127,"gain":73,"loss":174,"min":3213,"max":3395,"profile":[[0,3326,-121.337461,44.247786],[17,3326,-121.33744,44.247829],[51,3323,-121.337503,44.247912],[116,3325,-121.337503,44.248091],[151,3326,-121.337513,44.248185],[207,3332,-121.337454,44.248332],[263,3333,-121.337469,44.248486],[299,3332,-121.337459,44.248584],[338,3333,-121.337405,44.248685],[364,3334,-121.337401,44.248755],[384,3341,-121.337352,44.248797],[398,3341,-121.337308,44.248772],[429,3338,-121.337318,44.248688],[478,3337,-121.337342,44.248556],[521,3338,-121.337313,44.24844],[560,3343,-121.337249,44.248342],[601,3342,-121.337225,44.248231],[644,3345,-121.337196,44.248115],[679,3344,-121.337205,44.248021],[698,3344,-121.337191,44.247968],[715,3347,-121.337127,44.247968],[737,3347,-121.337088,44.248024],[791,3350,-121.337103,44.248171],[850,3351,-121.337083,44.248332],[887,3352,-121.337074,44.248433],[925,3357,-121.337025,44.248531],[1000,3359,-121.33704,44.248737],[1043,3361,-121.336991,44.248849],[1080,3362,-121.336986,44.248951],[1093,3366,-121.336942,44.248968],[1109,3366,-121.336893,44.24894],[1153,3369,-121.336844,44.248825],[1205,3368,-121.336815,44.248685],[1224,3373,-121.336771,44.248643],[1237,3373,-121.336732,44.248664],[1274,3374,-121.336742,44.248765],[1295,3374,-121.336727,44.248821],[1328,3375,-121.336732,44.248912],[1376,3380,-121.336659,44.249034],[1453,3381,-121.336625,44.249244],[1508,3385,-121.336581,44.249391],[1538,3385,-121.336542,44.249468],[1593,3386,-121.336581,44.249615],[1641,3386,-121.336537,44.249744],[1699,3392,-121.336386,44.249859],[1737,3391,-121.33639,44.249964],[1815,3391,-121.336342,44.250174],[1848,3389,-121.336293,44.250258],[1877,3390,-121.336239,44.250328],[1939,3393,-121.336054,44.250432],[1997,3394,-121.335937,44.250569],[2040,3398,-121.335825,44.250656],[2075,3395,-121.335786,44.250747],[2120,3399,-121.335663,44.250834],[2173,3399,-121.335517,44.250936],[2212,3399,-121.335493,44.251041],[2244,3395,-121.335561,44.251114],[2285,3393,-121.335566,44.251226],[2325,3391,-121.335556,44.251334],[2367,3389,-121.335556,44.251449],[2414,3389,-121.335493,44.251572],[2435,3385,-121.335522,44.251624],[2456,3381,-121.335595,44.2516],[2497,3380,-121.335707,44.251523],[2518,3375,-121.33579,44.251516],[2539,3373,-121.335834,44.251561],[2590,3368,-121.33581,44.251701],[2632,3368,-121.335727,44.251799],[2670,3371,-121.335629,44.251876],[2688,3368,-121.335634,44.251925],[2707,3362,-121.335678,44.251967],[2728,3357,-121.335761,44.251967],[2754,3359,-121.335834,44.251921],[2779,3357,-121.335864,44.251855],[2805,3359,-121.335917,44.251795],[2832,3357,-121.335995,44.251747],[2849,3352,-121.336054,44.251767],[2872,3351,-121.336059,44.25183],[2909,3347,-121.336029,44.251928],[2945,3349,-121.335927,44.251995],[2969,3351,-121.335884,44.252052],[2975,3351,-121.335873,44.252068],[2996,3350,-121.335909,44.252119],[3019,3348,-121.335908,44.252183],[3077,3342,-121.335856,44.252337],[3102,3340,-121.335869,44.252405],[3133,3338,-121.335896,44.252488],[3187,3339,-121.335818,44.252624],[3219,3342,-121.335732,44.252687],[3252,3337,-121.335703,44.252774],[3280,3335,-121.335746,44.252844],[3309,3326,-121.335786,44.252921],[3349,3320,-121.335786,44.253029],[3398,3320,-121.335703,44.253151],[3447,3314,-121.335746,44.253281],[3484,3308,-121.335712,44.253379],[3507,3313,-121.335663,44.253431],[3565,3304,-121.335654,44.253592],[3620,3304,-121.335542,44.253718],[3644,3306,-121.335483,44.25377],[3662,3298,-121.335507,44.253815],[3683,3293,-121.335585,44.253829],[3708,3296,-121.335654,44.253784],[3737,3294,-121.335717,44.253718],[3753,3292,-121.335756,44.253683],[3768,3289,-121.33581,44.25369],[3785,3289,-121.33581,44.253738],[3828,3288,-121.335732,44.25384],[3876,3287,-121.335624,44.253948],[3931,3285,-121.335527,44.254081],[4017,3291,-121.335298,44.254252],[4059,3292,-121.335185,44.254333],[4106,3291,-121.335093,44.254444],[4137,3292,-121.334995,44.254493],[4176,3297,-121.334893,44.25457],[4222,3290,-121.334839,44.254689],[4348,3284,-121.33458,44.254983],[4380,3284,-121.334522,44.25506],[4405,3283,-121.334449,44.255101],[4484,3274,-121.334302,44.25529],[4557,3273,-121.334092,44.255423],[4625,3271,-121.333873,44.255524],[4669,3268,-121.333707,44.255538],[4690,3273,-121.333629,44.255517],[4753,3274,-121.33339,44.255521],[4820,3273,-121.333136,44.255496],[4867,3276,-121.332965,44.255451],[4912,3274,-121.332795,44.255433],[4965,3275,-121.332609,44.255378],[5001,3275,-121.332487,44.255332],[5053,3270,-121.332297,44.255287],[5088,3271,-121.332185,44.255238],[5111,3268,-121.332097,44.255241],[5141,3266,-121.332126,44.255322],[5200,3265,-121.332287,44.255433],[5265,3263,-121.332463,44.255563],[5305,3262,-121.33258,44.255633],[5327,3259,-121.332609,44.255688],[5349,3254,-121.332536,44.25572],[5372,3256,-121.332453,44.255702],[5416,3253,-121.332297,44.255657],[5444,3252,-121.33219,44.255654],[5482,3249,-121.332048,44.255678],[5537,3243,-121.331882,44.255772],[5565,3240,-121.331819,44.255832],[5594,3239,-121.331873,44.255902],[5645,3238,-121.332014,44.256],[5686,3238,-121.332146,44.256059],[5742,3237,-121.332258,44.256192],[5786,3240,-121.332307,44.256307],[5819,3241,-121.332321,44.256394],[5867,3243,-121.332385,44.25652],[5921,3244,-121.33238,44.256667],[5965,3244,-121.332351,44.256786],[5999,3245,-121.332292,44.25687],[6049,3244,-121.332302,44.257006],[6089,3244,-121.332234,44.257104],[6125,3243,-121.332175,44.257195],[6187,3240,-121.332214,44.257362],[6230,3238,-121.332194,44.257478],[6275,3237,-121.332102,44.257583],[6324,3236,-121.332022,44.257705],[6362,3235,-121.332043,44.257806],[6414,3232,-121.332175,44.257914],[6481,3228,-121.332321,44.258065],[6548,3226,-121.332507,44.258191],[6580,3225,-121.332624,44.258219],[6614,3223,-121.332756,44.258226],[6672,3223,-121.332926,44.258327],[6734,3222,-121.333141,44.2584],[6808,3223,-121.333346,44.25854],[6870,3222,-121.333546,44.258631],[6914,3222,-121.333668,44.258711],[6954,3222,-121.333751,44.258806],[7010,3222,-121.333907,44.25891],[7045,3221,-121.334029,44.258949],[7116,3221,-121.334254,44.259057],[7155,3221,-121.3344,44.259078],[7213,3220,-121.334619,44.259057],[7252,3219,-121.334766,44.259082],[7303,3219,-121.334951,44.259131],[7346,3218,-121.335112,44.259117],[7391,3217,-121.335273,44.259071],[7424,3217,-121.33538,44.259022],[7465,3216,-121.335532,44.259001],[7507,3216,-121.335688,44.259033],[7531,3216,-121.335768,44.259066],[7565,3216,-121.33589,44.259095],[7597,3215,-121.336014,44.259087],[7637,3215,-121.336157,44.259048],[7666,3214,-121.336263,44.259024],[7695,3214,-121.336372,44.259028],[7754,3214,-121.336598,44.259038],[7783,3214,-121.33671,44.259036],[7800,3213,-121.336773,44.259026],[7817,3213,-121.33681,44.258987],[7832,3213,-121.336844,44.258954],[7848,3213,-121.336899,44.258933],[7866,3212,-121.336967,44.258932],[7886,3212,-121.337025,44.258968],[7919,3212,-121.337134,44.259009],[7987,3213,-121.337261,44.259172],[8095,3212,-121.337674,44.259196],[8136,3212,-121.337826,44.259226],[8213,3213,-121.338053,44.259359],[8256,3213,-121.338171,44.259444],[8287,3214,-121.338171,44.259528],[8343,3214,-121.338028,44.259643],[8390,3213,-121.337851,44.259655],[8434,3214,-121.337741,44.259746],[8484,3214,-121.337623,44.259855],[8551,3214,-121.337387,44.259927],[8602,3214,-121.337193,44.259951],[8674,3215,-121.337016,44.260102],[8763,3215,-121.336687,44.260157],[8823,3216,-121.33646,44.260132],[8853,3216,-121.33635,44.260108],[8889,3217,-121.336223,44.260151],[8949,3216,-121.336215,44.260314],[8998,3216,-121.336147,44.26044],[9085,3216,-121.336207,44.260676],[9162,3217,-121.336097,44.260869],[9230,3217,-121.335928,44.261014],[9302,3217,-121.335852,44.261201],[9372,3217,-121.335785,44.261389],[9491,3219,-121.33581,44.261715],[9564,3219,-121.335781,44.261914],[9637,3220,-121.335751,44.262113],[9698,3220,-121.335658,44.262264],[9763,3220,-121.335481,44.262391],[9809,3221,-121.33549,44.262518],[9900,3225,-121.335658,44.262735],[9959,3225,-121.335852,44.26282],[10004,3226,-121.335928,44.262929],[10134,3225,