{"trail":"Stone Mason","distance":540,"gain":0,"loss":125,"min":1389,"max":1514,"profile":[[0,1514,-85.316112,35.13823],[25,1504,-85.316067,35.138172],[50,1496,-85.316023,35.138114],[75,1491,-85.315978,35.138056],[100,1486,-85.315933,35.137998],[125,1481,-85.315888,35.13794],[148,1477,-85.315834,35.137894],[173,1472,-85.315751,35.137885],[193,1466,-85.315702,35.137849],[218,1463,-85.315696,35.137781],[243,1459,-85.315691,35.137713],[268,1455,-85.315685,35.137644],[286,1450,-85.315634,35.137618],[311,1444,-85.31555,35.137621],[336,1437,-85.315466,35.137624],[361,1430,-85.315383,35.137628],[386,1423,-85.315299,35.137631],[411,1417,-85.315215,35.137634],[436,1411,-85.315132,35.137637],[461,1405,-85.315048,35.137641],[486,1400,-85.314964,35.137644],[511,1394,-85.314881,35.137647],[536,1389,-85.314797,35.13765],[540,1389,-85.314782,35.137651]]}