{"trail":"Storm King (Upper)","distance":27931,"gain":97,"loss":596,"min":4469,"max":5006,"profile":[[0,5006,-121.485045,44.022806],[57,5006,-121.485235,44.02273],[122,5005,-121.485479,44.022699],[164,5006,-121.485621,44.022646],[197,5006,-121.485712,44.022585],[261,5007,-121.485833,44.022432],[338,5007,-121.485906,44.022226],[407,5005,-121.48601,44.022054],[502,4999,-121.486194,44.02183],[606,4989,-121.486428,44.0216],[657,4985,-121.486482,44.021464],[737,4977,-121.486503,44.021247],[816,4970,-121.486525,44.021029],[939,4956,-121.486599,44.020697],[1034,4947,-121.486597,44.020436],[1138,4933,-121.486537,44.020156],[1160,4929,-121.486535,44.020094],[1192,4926,-121.486564,44.020009],[1218,4923,-121.486615,44.019949],[1292,4918,-121.486806,44.019798],[1372,4909,-121.486837,44.019581],[1425,4907,-121.487021,44.019521],[1491,4905,-121.487246,44.019441],[1533,4904,-121.487373,44.019371],[1558,4903,-121.487425,44.019312],[1593,4900,-121.487448,44.019218],[1618,4899,-121.487421,44.019151],[1644,4897,-121.487358,44.019098],[1732,4891,-121.487069,44.018975],[1764,4889,-121.486991,44.018907],[1790,4887,-121.486955,44.018841],[1816,4886,-121.486943,44.01877],[1872,4883,-121.486966,44.018618],[1931,4883,-121.48704,44.018466],[1983,4882,-121.487137,44.018341],[2022,4881,-121.487186,44.018241],[2050,4880,-121.487188,44.018162],[2077,4879,-121.487166,44.018092],[2188,4875,-121.487029,44.017803],[2220,4874,-121.486956,44.017733],[2239,4873,-121.486897,44.0177],[2265,4872,-121.486807,44.017676],[2355,4870,-121.486468,44.017639],[2419,4869,-121.486222,44.017639],[2441,4868,-121.486142,44.017621],[2466,4867,-121.486068,44.017578],[2527,4865,-121.485969,44.017426],[2557,4864,-121.4859,44.01736],[2625,4861,-121.485678,44.017266],[2693,4857,-121.485507,44.017127],[2734,4855,-121.485371,44.017073],[2820,4851,-121.485044,44.017035],[2905,4845,-121.484772,44.016913],[2927,4844,-121.484693,44.016892],[2996,4842,-121.484432,44.016862],[3065,4840,-121.484172,44.016832],[3187,4836,-121.483732,44.01672],[3231,4833,-121.48361,44.016638],[3298,4830,-121.483489,44.016478],[3356,4826,-121.483298,44.016397],[3382,4825,-121.483202,44.016384],[3407,4825,-121.483104,44.016389],[3433,4825,-121.48301,44.016412],[3476,4826,-121.482871,44.016472],[3528,4827,-121.482748,44.016583],[3553,4827,-121.482666,44.016622],[3579,4827,-121.48257,44.016626],[3605,4827,-121.482474,44.016606],[3640,4825,-121.482366,44.016551],[3668,4824,-121.482306,44.016486],[3760,4820,-121.482188,44.016249],[3786,4819,-121.482144,44.016186],[3811,4818,-121.482079,44.016135],[3837,4818,-121.481993,44.016101],[3925,4815,-121.481662,44.016061],[3950,4815,-121.481578,44.016029],[3991,4813,-121.481493,44.015933],[4014,4812,-121.481477,44.015871],[4096,4808,-121.481489,44.015647],[4151,4807,-121.481461,44.015497],[4262,4802,-121.481283,44.015222],[4356,4796,-121.481172,44.014977],[4386,4794,-121.481126,44.014901],[4457,4788,-121.481019,44.014724],[4527,4784,-121.480913,44.014547],[4597,4779,-121.480806,44.01437],[4717,4772,-121.480494,44.014129],[4743,4770,-121.48045,44.014067],[4774,4766,-121.480446,44.013982],[4815,4764,-121.480527,44.013884],[4858,4762,-121.480654,44.013813],[4882,4760,-121.480714,44.013762],[4916,4758,-121.480731,44.013669],[4955,4756,-121.480675,44.01357],[4987,4754,-121.480589,44.013507],[5020,4753,-121.480479,44.013467],[5101,4751,-121.480184,44.013398],[5193,4747,-121.479872,44.013285],[5300,4746,-121.479476,44.013215],[5327,4744,-121.479394,44.013168],[5350,4742,-121.479356,44.013113],[5399,4738,-121.479318,44.01298],[5425,4738,-121.47928,44.012916],[5463,4736,-121.479172,44.012846],[5584,4735,-121.478762,44.012692],[5636,4734,-121.478602,44.012607],[5740,4735,-121.478342,44.012391],[5769,4735,-121.47825,44.012347],[5874,4730,-121.477874,44.012254],[5919,4729,-121.477721,44.012194],[5945,4728,-121.47765,44.012146],[5993,4729,-121.477568,44.012027],[6101,4732,-121.477475,44.01174],[6206,4734,-121.477354,44.011467],[6307,4735,-121.477202,44.011212],[6332,4736,-121.477187,44.011143],[6387,4739,-121.477234,44.010996],[6417,4740,-121.477227,44.010914],[6512,4739,-121.477021,44.010701],[6613,4741,-121.476839,44.010457],[6671,4742,-121.476703,44.01033],[6723,4743,-121.476604,44.010207],[6815,4744,-121.476456,44.00998],[6906,4743,-121.476309,44.009752],[6934,4743,-121.47627,44.009682],[6964,4741,-121.47618,44.009632],[6992,4739,-121.476109,44.009574],[7012,4736,-121.476081,44.009522],[7037,4735,-121.476055,44.009456],[7141,4729,-121.476105,44.009174],[7247,4729,-121.476232,44.008897],[7292,4733,-121.476244,44.008774],[7318,4735,-121.476233,44.008704],[7344,4735,-121.476173,44.008648],[7388,4739,-121.476098,44.008538],[7434,4742,-121.476104,44.008413],[7463,4743,-121.476111,44.008334],[7494,4743,-121.476061,44.008256],[7522,4744,-121.476018,44.008186],[7547,4744,-121.476023,44.008119],[7568,4744,-121.476057,44.008067],[7597,4746,-121.476092,44.007992],[7669,4747,-121.476229,44.007821],[7741,4748,-121.476366,44.00765],[7825,4745,-121.476429,44.007422],[7901,4741,-121.476418,44.007216],[7943,4740,-121.476382,44.007103],[7995,4738,-121.476294,44.006975],[8064,4733,-121.476156,44.006814],[8116,4731,-121.476032,44.006703],[8210,4722,-121.47573,44.006563],[8262,4719,-121.475579,44.00647],[8335,4712,-121.475393,44.006321],[8408,4709,-121.475208,44.006173],[8481,4710,-121.475022,44.006024],[8579,4706,-121.47473,44.005858],[8670,4700,-121.474411,44.005758],[8698,4699,-121.474303,44.005753],[8750,4696,-121.474128,44.005817],[8775,4695,-121.474035,44.005806],[8818,4697,-121.473907,44.00573],[8890,4710,-121.47373,44.005579],[8935,4716,-121.473575,44.005527],[8971,4717,-121.473439,44.00551],[9050,4717,-121.47314,44.005513],[9066,4721,-121.473134,44.00547],[9087,4721,-121.473178,44.005422],[9129,4727,-121.473301,44.005346],[9181,4729,-121.47343,44.005238],[9214,4731,-121.473482,44.005157],[9237,4731,-121.47346,44.005095],[9271,4731,-121.473344,44.005053],[9323,4730,-121.473148,44.005069],[9366,4730,-121.472987,44.005095],[9392,4730,-121.472941,44.005033],[9427,4730,-121.472866,44.004954],[9470,4729,-121.472966,44.00486],[9520,4726,-121.473123,44.004783],[9609,4723,-121.473387,44.004628],[9647,4721,-121.473492,44.004557],[9674,4720,-121.473524,44.004488],[9732,4708,-121.473321,44.00442],[9784,4702,-121.473291,44.004281],[9863,4693,-121.473205,44.004073],[9911,4686,-121.473134,44.003952],[9957,4681,-121.473165,44.003827],[9997,4679,-121.473197,44.003719],[10042,4677,-121.473151,44.003602],[10089,4675,-121.473058,44.003492],[10157,4674,-121.472909,44.003339],[10232,4679,-121.472749,44.003167],[10291,4677,-121.472574,44.003069],[10386,4671,-121.472237,44.00297],[10432,4668,-121.472068,44.002934],[10472,4664,-121.471934,44.002884],[10525,4661,-121.471778,44.002793],[10574,4662,-121.471735,44.002662],[10628,4664,-121.471756,44.002514],[10680,4669,-121.471874,44.002398],[10720,4674,-121.471896,44.00229],[10763,4675,-121.471885,44.002174],[10837,4670,-121.471842,44.001972],[10866,4665,-121.471774,44.001909],[10898,4662,-121.471656,44.001901],[10931,4661,-121.471535,44.001929],[10965,4660,-121.471422,44.001974],[11015,4656,-121.471427,44.002111],[11091,4653,-121.471208,44.002249],[11173,4649,-121.470943,44.002365],[11241,4644,-121.470715,44.002458],[11309,4638,-121.470519,44.002578],[11365,4629,-121.470391,44.002702],[11431,4626,-121.470155,44.002644],[11457,4625,-121.470054,44.002636],[11495,4621,-121.469938,44.002695],[11537,4620,-121.469779,44.00271],[11581,4624,-121.469643,44.002637],[11632,4633,-121.469482,44.00256],[11678,4632,-121.46931,44.002537],[11714,4635,-121.46925,44.002448],[11794,4640,-121.46901,44.002313],[11832,4642,-121.468993,44.002209],[11875,4641,-121.468862,44.00214],[11922,4643,-121.468737,44.002047],[11994,4642,-121.468559,44.001897],[12044,4639,-121.468377,44.001858],[12122,4638,-121.468216,44.001678],[12195,4634,-121.468001,44.001549],[12315,4631,-121.46769,44.00131],[12382,4625,-121.467476,44.00121],[12439,4624,-121.467342,44.001086],[12496,4625,-121.467353,44.000932],[12547,4625,-121.467327,44.000791],