{"trail":"Storm King (Lower)","distance":18264,"gain":100,"loss":573,"min":4068,"max":4636,"profile":[[0,4548,-121.468475,43.978147],[51,4542,-121.468436,43.97801],[81,4538,-121.468422,43.977928],[108,4537,-121.468351,43.977874],[148,4539,-121.468247,43.977794],[168,4542,-121.468249,43.977741],[188,4542,-121.468307,43.977704],[210,4544,-121.46833,43.977645],[225,4548,-121.468297,43.977613],[260,4548,-121.468165,43.977608],[288,4548,-121.468077,43.977563],[305,4552,-121.468075,43.977517],[334,4555,-121.468155,43.977461],[367,4563,-121.468179,43.977371],[390,4563,-121.468131,43.97732],[428,4566,-121.468017,43.977257],[460,4573,-121.467947,43.977183],[502,4578,-121.467809,43.977126],[586,4584,-121.467502,43.97706],[670,4587,-121.467195,43.976993],[720,4587,-121.467044,43.976913],[758,4587,-121.466971,43.976822],[799,4586,-121.466971,43.976711],[842,4584,-121.467034,43.976602],[938,4583,-121.467284,43.97641],[1034,4583,-121.467535,43.976217],[1069,4584,-121.467551,43.976122],[1092,4584,-121.467621,43.976084],[1113,4587,-121.467647,43.97603],[1132,4590,-121.467627,43.97598],[1191,4598,-121.467535,43.975833],[1251,4604,-121.467347,43.975738],[1277,4607,-121.467309,43.975673],[1306,4609,-121.467417,43.975646],[1334,4621,-121.467443,43.975572],[1368,4623,-121.467415,43.975482],[1403,4631,-121.467422,43.975386],[1485,4632,-121.467314,43.975175],[1552,4630,-121.467142,43.975038],[1666,4633,-121.46709,43.974729],[1707,4632,-121.467044,43.974621],[1741,4634,-121.467128,43.974551],[1836,4635,-121.467193,43.974296],[1907,4633,-121.467132,43.974105],[2002,4637,-121.467357,43.973902],[2096,4638,-121.467581,43.9737],[2212,4635,-121.467687,43.973391],[2332,4632,-121.467931,43.973111],[2405,4634,-121.468145,43.972988],[2477,4633,-121.46836,43.972865],[2571,4630,-121.468498,43.972627],[2665,4626,-121.468729,43.972428],[2741,4621,-121.468808,43.972228],[2853,4619,-121.469131,43.972029],[2901,4618,-121.469237,43.97192],[2998,4620,-121.469349,43.971668],[3041,4623,-121.469356,43.97155],[3077,4625,-121.46927,43.971474],[3201,4626,-121.468828,43.971355],[3283,4630,-121.46863,43.971179],[3306,4631,-121.46865,43.971117],[3338,4633,-121.468734,43.971054],[3355,4635,-121.468757,43.97101],[3373,4635,-121.468729,43.970966],[3402,4634,-121.468622,43.970983],[3423,4634,-121.468552,43.970953],[3451,4636,-121.468524,43.970879],[3468,4636,-121.468482,43.970842],[3498,4636,-121.468379,43.970809],[3531,4637,-121.468286,43.970748],[3562,4637,-121.468211,43.970681],[3613,4637,-121.468029,43.970637],[3655,4636,-121.467866,43.970637],[3718,4632,-121.467684,43.970748],[3773,4628,-121.46754,43.970856],[3837,4624,-121.46733,43.970946],[3863,4624,-121.467232,43.970943],[3886,4624,-121.467171,43.970896],[3927,4627,-121.467068,43.970812],[3943,4627,-121.467008,43.970799],[3973,4626,-121.466896,43.970812],[4050,4621,-121.466635,43.970906],[4069,4621,-121.466597,43.97095],[4091,4620,-121.466565,43.971007],[4124,4616,-121.466551,43.971097],[4154,4615,-121.466495,43.971168],[4183,4613,-121.466401,43.971211],[4225,4612,-121.466247,43.971238],[4350,4604,-121.465879,43.971457],[4465,4597,-121.465501,43.971618],[4570,4596,-121.465105,43.971591],[4613,4598,-121.464974,43.97152],[4661,4601,-121.464848,43.971423],[4702,4604,-121.464867,43.971312],[4750,4605,-121.464764,43.971205],[4862,4604,-121.464354,43.971114],[4878,4604,-121.464312,43.971084],[4964,4606,-121.464176,43.970869],[4991,4606,-121.464074,43.970879],[5010,4605,-121.464018,43.970849],[5032,4604,-121.463939,43.970869],[5105,4601,-121.463668,43.970819],[5122,4599,-121.463617,43.970792],[5196,4598,-121.463425,43.970641],[5221,4596,-121.463332,43.970624],[5253,4593,-121.46322,43.970654],[5330,4585,-121.462936,43.970711],[5352,4583,-121.462866,43.970742],[5387,4583,-121.462805,43.970829],[5409,4581,-121.462782,43.970886],[5421,4580,-121.462749,43.970908],[5430,4580,-121.462716,43.970905],[5452,4578,-121.462684,43.970849],[5475,4578,-121.462614,43.970811],[5550,4569,-121.462327,43.970816],[5576,4567,-121.462236,43.970841],[5610,4564,-121.462147,43.97091],[5637,4562,-121.462054,43.970942],[5731,4554,-121.4617,43.970909],[5792,4549,-121.461467,43.970926],[5860,4543,-121.461229,43.971],[5884,4543,-121.461164,43.971047],[5923,4538,-121.461029,43.971091],[5979,4532,-121.460828,43.97104],[6021,4528,-121.460674,43.97101],[6064,4524,-121.460511,43.971014],[6103,4522,-121.46039,43.970953],[6178,4513,-121.460105,43.970977],[6282,4506,-121.459825,43.970775],[6369,4501,-121.459495,43.970753],[6441,4499,-121.459252,43.970847],[6514,4499,-121.459009,43.970941],[6580,4497,-121.458758,43.970939],[6646,4495,-121.458506,43.970938],[6712,4493,-121.458254,43.970936],[6778,4490,-121.458002,43.970934],[6875,4488,-121.457638,43.970975],[6941,4485,-121.457396,43.970921],[7008,4482,-121.457153,43.970867],[7083,4477,-121.456985,43.970699],[7164,4473,-121.456707,43.970605],[7245,4467,-121.45643,43.970511],[7291,4464,-121.456371,43.970392],[7321,4463,-121.456277,43.970343],[7360,4458,-121.456254,43.970239],[7371,4459,-121.456275,43.970213],[7395,4458,-121.456367,43.970206],[7416,4459,-121.456443,43.970185],[7453,4458,-121.456529,43.970106],[7488,4458,-121.456634,43.970045],[7507,4456,-121.456664,43.969998],[7522,4454,-121.456656,43.969957],[7537,4454,-121.456613,43.969929],[7562,4451,-121.456534,43.969896],[7597,4448,-121.45646,43.969815],[7645,4445,-121.456433,43.969684],[7688,4442,-121.456494,43.969575],[7712,4442,-121.456489,43.96951],[7744,4440,-121.456412,43.969441],[7766,4438,-121.456342,43.969411],[7841,4429,-121.456065,43.969359],[7875,4428,-121.45595,43.969314],[7914,4424,-121.455808,43.969288],[7974,4423,-121.455614,43.969199],[8015,4421,-121.455523,43.969107],[8068,4422,-121.455498,43.968964],[8079,4420,-121.455477,43.968936],[8133,4414,-121.455307,43.968854],[8148,4414,-121.455255,43.96884],[8180,4411,-121.455164,43.96878],[8221,4408,-121.45501,43.968768],[8236,4407,-121.454966,43.968797],[8253,4407,-121.454905,43.968808],[8286,4402,-121.454781,43.968793],[8310,4399,-121.454697,43.968816],[8327,4399,-121.454636,43.968832],[8341,4394,-121.454585,43.968822],[8356,4394,-121.454545,43.96879],[8369,4388,-121.454499,43.968778],[8391,4385,-121.454416,43.968774],[8415,4384,-121.454331,43.968796],[8428,4384,-121.454303,43.968827],[8476,4380,-121.454159,43.968908],[8525,4377,-121.453997,43.968977],[8602,4371,-121.453716,43.969032],[8679,4366,-121.453434,43.969088],[8767,4359,-121.453112,43.969162],[8856,4354,-121.45279,43.969235],[8890,4351,-121.452678,43.969281],[8943,4346,-121.452487,43.969235],[8972,4343,-121.452375,43.969235],[9033,4349,-121.452174,43.96915],[9083,4345,-121.452005,43.969209],[9157,4344,-121.451722,43.969228],[9238,4337,-121.451484,43.969366],[9365,4334,-121.451009,43.969437],[9434,4323,-121.450813,43.969564],[9503,4318,-121.450618,43.969691],[9572,4313,-121.450422,43.969817],[9645,4309,-121.450145,43.969841],[9719,4307,-121.449868,43.969865],[9788,4308,-121.449617,43.969808],[9854,4304,-121.449393,43.969891],[9920,4298,-121.449169,43.969974],[9988,4296,-121.448911,43.969974],[10055,4293,-121.448654,43.969974],[10123,4290,-121.448397,43.969974],[10190,4287,-121.44814,43.969974],[10313,4279,-121.447704,43.970093],[10417,4274,-121.447381,43.970259],[10545,4268,-121.446913,43.970359],[10597,4266,-121.446721,43.970325],[10673,4261,-121.446438,43.970373],[10783,4257,-121.446062,43.970506],[10841,4254,-121.445844,43.970491],[10866,4255,-121.445771,43.970444],[10891,4252,-121.445686,43.970468],[10984,4255,-121.445547,43.970705],[11044,4252,-121.445369,43.970805],[11097,4253,-121.445323,43.970947],[11175,4248,-121.445046,43.971021],[11252,4245,-121.444769,43.971094],[11298,4240,-121.444597,43.971066],[11393,4237,-121.44432,43.971232],[11445,4232,-121.444122,43.971232],[11512,4228,-121.443885,43.9713],[11579,4227,-121.443647,43.971367],[11646,4226,-121.44341,43.971435],[11713,4225,-121.443172,43.971503],[11753,4222,-121.44308,43.971588],[11858,4220,-121.442697,43.971674],[11887,4220,-121.442599,43.971636],[11918,4220,-121.442493,43.971674],[12047,4221,-121.442005,