{"trail":"Stringers Ridge","distance":1644,"gain":61,"loss":115,"min":864,"max":957,"profile":[[0,923,-85.314589,35.076019],[25,925,-85.314589,35.076087],[50,929,-85.314589,35.076156],[75,932,-85.314589,35.076224],[100,933,-85.314589,35.076293],[124,935,-85.314519,35.076324],[149,938,-85.314442,35.07635],[174,944,-85.314365,35.076377],[199,950,-85.314288,35.076404],[224,950,-85.314211,35.076431],[249,952,-85.314134,35.076458],[274,951,-85.314057,35.076484],[299,952,-85.31398,35.076511],[324,954,-85.313903,35.076538],[349,955,-85.313826,35.076565],[374,957,-85.313749,35.076592],[394,956,-85.313753,35.076647],[419,950,-85.313782,35.076711],[444,948,-85.313811,35.076775],[469,941,-85.313841,35.076839],[494,934,-85.31387,35.076904],[519,935,-85.3139,35.076968],[543,931,-85.313935,35.077029],[568,930,-85.313952,35.077094],[593,931,-85.31396,35.077162],[611,932,-85.313945,35.077212],[636,933,-85.313861,35.07721],[661,936,-85.313777,35.077207],[686,937,-85.313694,35.077205],[711,938,-85.31361,35.077202],[736,938,-85.313526,35.0772],[761,939,-85.313443,35.077197],[786,942,-85.313362,35.077199],[811,935,-85.313313,35.077255],[836,934,-85.313264,35.077311],[861,929,-85.313216,35.077367],[886,928,-85.313167,35.077422],[911,921,-85.313118,35.077478],[936,914,-85.31307,35.077534],[958,910,-85.313054,35.077594],[983,905,-85.313077,35.07766],[1008,898,-85.313099,35.077726],[1033,899,-85.313122,35.077792],[1058,895,-85.313144,35.077858],[1083,899,-85.313167,35.077924],[1108,894,-85.31319,35.07799],[1133,889,-85.313242,35.078042],[1158,889,-85.313301,35.078091],[1183,885,-85.31336,35.078139],[1208,884,-85.313419,35.078188],[1233,884,-85.313479,35.078236],[1258,883,-85.313538,35.078284],[1283,884,-85.313597,35.078333],[1308,883,-85.313656,35.078381],[1333,884,-85.313716,35.07843],[1358,880,-85.313775,35.078478],[1383,876,-85.313834,35.078527],[1408,872,-85.313893,35.078575],[1433,867,-85.313952,35.078624],[1458,865,-85.314012,35.078672],[1483,864,-85.314071,35.078721],[1507,865,-85.314108,35.07878],[1532,864,-85.314129,35.078846],[1557,866,-85.31415,35.078912],[1582,866,-85.314171,35.078978],[1607,867,-85.314192,35.079045],[1632,868,-85.314213,35.079111],[1644,869,-85.314224,35.079144]]}