{"trail":"Stringers Ridge","distance":2410,"gain":115,"loss":124,"min":863,"max":957,"profile":[[0,932,-85.313945,35.077037],[25,930,-85.313953,35.077105],[50,931,-85.313961,35.077173],[67,932,-85.313931,35.077212],[92,934,-85.313847,35.077209],[117,936,-85.313763,35.077207],[142,937,-85.31368,35.077204],[167,938,-85.313596,35.077202],[192,938,-85.313512,35.077199],[217,940,-85.313429,35.077197],[240,942,-85.313354,35.077209],[265,935,-85.313305,35.077264],[290,931,-85.313256,35.07732],[315,930,-85.313208,35.077376],[340,924,-85.313159,35.077432],[365,921,-85.31311,35.077488],[390,914,-85.313062,35.077543],[412,907,-85.313058,35.077606],[437,904,-85.31308,35.077672],[462,898,-85.313103,35.077738],[487,899,-85.313126,35.077804],[512,895,-85.313148,35.07787],[537,899,-85.313171,35.077935],[562,894,-85.313193,35.078001],[587,889,-85.313252,35.07805],[612,885,-85.313311,35.078099],[637,885,-85.31337,35.078147],[662,884,-85.313429,35.078196],[687,884,-85.313489,35.078244],[712,883,-85.313548,35.078293],[737,883,-85.313607,35.078341],[762,883,-85.313666,35.07839],[787,884,-85.313725,35.078438],[812,880,-85.313785,35.078486],[837,876,-85.313844,35.078535],[862,869,-85.313903,35.078583],[887,867,-85.313962,35.078632],[912,865,-85.314022,35.07868],[937,863,-85.314081,35.078729],[962,865,-85.314111,35.078791],[987,864,-85.314132,35.078857],[1012,866,-85.314153,35.078923],[1037,866,-85.314174,35.07899],[1062,867,-85.314196,35.079056],[1087,868,-85.314217,35.079122],[1095,869,-85.314224,35.079144],[1875,931,-85.313923,35.077019],[1900,935,-85.313894,35.076955],[1925,934,-85.313865,35.076891],[1950,941,-85.313835,35.076827],[1975,948,-85.313806,35.076763],[2000,950,-85.313776,35.076699],[2025,956,-85.313747,35.076634],[2043,957,-85.313764,35.076586],[2068,955,-85.313841,35.07656],[2093,954,-85.313918,35.076533],[2118,953,-85.313995,35.076506],[2143,951,-85.314072,35.076479],[2168,952,-85.314149,35.076452],[2193,950,-85.314226,35.076426],[2218,947,-85.314303,35.076399],[2243,941,-85.31438,35.076372],[2268,938,-85.314457,35.076345],[2293,935,-85.314534,35.076318],[2315,933,-85.314589,35.076279],[2340,932,-85.314589,35.076211],[2365,929,-85.314589,35.076142],[2390,925,-85.314589,35.076074],[2410,923,-85.314589,35.076019]]}