{"trail":"Strut","distance":2377,"gain":111,"loss":122,"min":924,"max":992,"profile":[[0,965,-85.309289,35.08011],[25,969,-85.309348,35.080062],[50,978,-85.309407,35.080013],[75,981,-85.309466,35.079965],[100,988,-85.309525,35.079916],[125,990,-85.309585,35.079868],[150,992,-85.309644,35.079819],[175,992,-85.309703,35.079771],[200,991,-85.309762,35.079722],[225,989,-85.309821,35.079674],[250,985,-85.309881,35.079625],[274,982,-85.309943,35.079585],[299,976,-85.310026,35.079595],[324,971,-85.310108,35.079605],[349,969,-85.310191,35.079615],[374,969,-85.310274,35.079625],[399,971,-85.310357,35.079635],[424,972,-85.31044,35.079646],[449,974,-85.310523,35.079656],[474,975,-85.310605,35.079666],[499,971,-85.310688,35.079676],[524,970,-85.310771,35.079686],[548,970,-85.310852,35.079674],[573,972,-85.310933,35.079655],[598,970,-85.311013,35.079637],[623,971,-85.311094,35.079618],[648,972,-85.311174,35.079599],[673,969,-85.311251,35.079575],[698,974,-85.311313,35.079529],[723,972,-85.311375,35.079483],[748,972,-85.311436,35.079436],[773,972,-85.311498,35.07939],[798,970,-85.31156,35.079344],[823,969,-85.311621,35.079297],[848,967,-85.311683,35.079251],[873,968,-85.311745,35.079205],[898,968,-85.311806,35.079158],[923,968,-85.311868,35.079112],[948,969,-85.31193,35.079065],[973,968,-85.311991,35.079019],[997,968,-85.31204,35.078967],[1022,969,-85.312056,35.078899],[1047,969,-85.312071,35.078832],[1072,970,-85.312087,35.078765],[1097,969,-85.312103,35.078697],[1122,970,-85.312119,35.07863],[1147,973,-85.312135,35.078563],[1157,973,-85.312107,35.078549],[1182,970,-85.312038,35.078588],[1207,966,-85.311969,35.078627],[1232,964,-85.3119,35.078666],[1257,952,-85.311831,35.078704],[1282,948,-85.311762,35.078743],[1307,937,-85.311693,35.078782],[1332,926,-85.311624,35.078821],[1357,924,-85.311555,35.07886],[1382,924,-85.311486,35.078898],[1407,927,-85.311417,35.078937],[1432,927,-85.311348,35.078976],[1457,928,-85.311279,35.079015],[1482,934,-85.31121,35.079053],[1507,937,-85.311141,35.079092],[1532,942,-85.311072,35.079131],[1555,940,-85.310993,35.079143],[1580,938,-85.310909,35.079141],[1605,937,-85.310826,35.07914],[1630,935,-85.310742,35.079138],[1655,933,-85.310658,35.079136],[1680,932,-85.310574,35.079135],[1705,931,-85.310491,35.079133],[1730,930,-85.310407,35.079131],[1755,930,-85.310323,35.079129],[1780,930,-85.31024,35.079128],[1805,930,-85.310157,35.079134],[1830,938,-85.310076,35.079151],[1855,939,-85.309995,35.079169],[1880,946,-85.309914,35.079187],[1905,947,-85.309833,35.079204],[1930,954,-85.309752,35.079222],[1955,953,-85.309672,35.07924],[1980,959,-85.309591,35.079257],[2005,957,-85.30951,35.079275],[2030,960,-85.309429,35.079293],[2055,957,-85.309348,35.07931],[2080,955,-85.309267,35.079328],[2103,955,-85.30921,35.079367],[2128,957,-85.309178,35.079431],[2153,959,-85.309147,35.079495],[2178,958,-85.309116,35.079558],[2203,955,-85.309085,35.079622],[2228,958,-85.309054,35.079685],[2252,959,-85.309059,35.079753],[2277,960,-85.309067,35.079822],[2302,961,-85.309074,35.07989],[2327,959,-85.309081,35.079958],[2352,956,-85.309088,35.080027],[2377,954,-85.309095,35.080092]]}