{"trail":"Swampy Lakes Loop","distance":19235,"gain":239,"loss":261,"min":5798,"max":5983,"profile":[[0,5952,-121.578766,43.995042],[51,5952,-121.578898,43.995146],[118,5954,-121.57903,43.995303],[190,5956,-121.579147,43.995481],[245,5957,-121.579237,43.995617],[363,5954,-121.579323,43.995935],[437,5949,-121.579324,43.996136],[510,5943,-121.579325,43.996338],[539,5943,-121.579325,43.996417],[568,5942,-121.57934,43.996495],[673,5942,-121.579471,43.996766],[739,5942,-121.579517,43.996946],[799,5942,-121.579598,43.9971],[835,5942,-121.579674,43.99718],[880,5941,-121.579806,43.997258],[985,5942,-121.580165,43.997386],[1027,5943,-121.580299,43.997449],[1072,5943,-121.580425,43.997533],[1122,5944,-121.580514,43.997654],[1167,5946,-121.580535,43.997776],[1248,5950,-121.580532,43.998001],[1330,5954,-121.580528,43.998225],[1368,5955,-121.58055,43.998328],[1485,5958,-121.580682,43.998633],[1559,5959,-121.580782,43.998822],[1632,5961,-121.580882,43.999011],[1706,5963,-121.580982,43.9992],[1754,5964,-121.581,43.999331],[1853,5965,-121.580918,43.999595],[1884,5966,-121.580932,43.99968],[1907,5967,-121.580972,43.999734],[1942,5969,-121.581067,43.999804],[2052,5973,-121.581398,43.999987],[2153,5977,-121.581763,44.000075],[2197,5978,-121.581911,44.000133],[2226,5979,-121.581992,44.000187],[2326,5980,-121.582224,44.000403],[2418,5979,-121.582414,44.000617],[2491,5977,-121.582549,44.000792],[2598,5974,-121.58269,44.001068],[2633,5974,-121.582781,44.001135],[2693,5973,-121.582982,44.001218],[2800,5971,-121.58324,44.001443],[2841,5969,-121.5833,44.001547],[2928,5964,-121.58334,44.001783],[2994,5961,-121.583433,44.001953],[3123,5956,-121.583476,44.002305],[3190,5955,-121.583554,44.002478],[3256,5952,-121.583633,44.00265],[3322,5950,-121.583711,44.002823],[3359,5950,-121.583769,44.002915],[3411,5949,-121.58385,44.003046],[3531,5946,-121.584123,44.003308],[3584,5943,-121.584227,44.003434],[3609,5942,-121.584275,44.003494],[3627,5940,-121.584341,44.003502],[3651,5941,-121.584431,44.003484],[3681,5941,-121.58454,44.003467],[3704,5941,-121.584628,44.003472],[3785,5937,-121.584929,44.003527],[3876,5930,-121.585268,44.003572],[3915,5929,-121.585417,44.003571],[3982,5928,-121.585665,44.003521],[4050,5926,-121.585913,44.003471],[4118,5924,-121.586161,44.003421],[4185,5923,-121.586409,44.003371],[4223,5917,-121.586552,44.003355],[4288,5912,-121.586796,44.003372],[4309,5907,-121.58687,44.0034],[4338,5903,-121.586946,44.003456],[4370,5901,-121.586999,44.003534],[4421,5898,-121.587025,44.003673],[4445,5896,-121.587063,44.003732],[4515,5900,-121.587282,44.003842],[4612,5899,-121.587563,44.004015],[4718,5898,-121.587834,44.00423],[4762,5897,-121.5879,44.004342],[4794,5895,-121.587918,44.004429],[4911,5894,-121.587898,44.004749],[4991,5891,-121.587746,44.004939],[5038,5891,-121.587675,44.005058],[5131,5891,-121.58759,44.005304],[5196,5889,-121.587456,44.005456],[5218,5889,-121.587453,44.005515],[5268,5891,-121.58753,44.005642],[5348,5895,-121.587702,44.005823],[5396,5897,-121.587766,44.005944],[5522,5899,-121.587875,44.006282],[5567,5900,-121.587851,44.006404],[5697,5898,-121.587723,44.006747],[5727,5898,-121.587678,44.006824],[5755,5897,-121.587608,44.006883],[5796,5896,-121.587547,44.006984],[5882,5897,-121.587529,44.007221],[5981,5898,-121.587553,44.007492],[6016,5898,-121.587561,44.007587],[6048,5898,-121.587524,44.007671],[6108,5896,-121.587403,44.00781],[6187,5895,-121.587159,44.007938],[6267,5893,-121.586914,44.008066],[6346,5891,-121.58667,44.008194],[6409,5890,-121.586455,44.008272],[6510,5888,-121.586093,44.008362],[6570,5888,-121.585898,44.008451],[6638,5888,-121.585709,44.008578],[6706,5887,-121.58552,44.008705],[6735,5887,-121.585411,44.008719],[6735,5880,-121.583798,44.008939],[6774,5879,-121.583692,44.009014],[6841,5877,-121.583495,44.009132],[6919,5871,-121.583286,44.009282],[6955,5869,-121.583199,44.009358],[6988,5866,-121.583098,44.009414],[7008,5866,-121.583049,44.009454],[7046,5865,-121.583034,44.009558],[7086,5862,-121.582985,44.009662],[7159,5855,-121.582842,44.009833],[7214,5852,-121.582724,44.009961],[7244,5850,-121.582636,44.010012],[7267,5848,-121.58256,44.010039],[7292,5847,-121.582498,44.010094],[7328,5847,-121.58245,44.010184],[7354,5847,-121.582369,44.010229],[7389,5848,-121.58224,44.010254],[7418,5848,-121.582132,44.010249],[7446,5849,-121.582025,44.010241],[7466,5849,-121.581951,44.010247],[7484,5849,-121.581901,44.010282],[7514,5849,-121.581849,44.010355],[7539,5849,-121.581768,44.010394],[7586,5850,-121.581596,44.010426],[7624,5850,-121.58145,44.010423],[7640,5851,-121.581397,44.010405],[7659,5851,-121.581326,44.010395],[7697,5852,-121.581182,44.010408],[7720,5852,-121.581095,44.01041],[7768,5853,-121.580933,44.010346],[7788,5853,-121.580902,44.010298],[7840,5855,-121.580948,44.010159],[7906,5855,-121.581045,44.009991],[7978,5855,-121.581198,44.009828],[8000,5855,-121.581191,44.009767],[8049,5857,-121.581041,44.00969],[8124,5860,-121.580783,44.0096],[8159,5861,-121.580683,44.009537],[8171,5861,-121.580673,44.009505],[8186,5861,-121.580639,44.009472],[8191,5862,-121.580626,44.009461],[8208,5862,-121.580559,44.009458],[8228,5863,-121.580485,44.009449],[8260,5864,-121.580381,44.009406],[8286,5865,-121.580313,44.009354],[8349,5867,-121.580217,44.009195],[8425,5869,-121.580098,44.009004],[8482,5871,-121.579921,44.008914],[8530,5873,-121.579739,44.008906],[8569,5874,-121.579598,44.008872],[8584,5874,-121.579543,44.008867],[8590,5874,-121.579524,44.008856],[8601,5875,-121.579494,44.008835],[8624,5876,-121.579413,44.008813],[8634,5876,-121.579377,44.008804],[8654,5876,-121.579327,44.008763],[8664,5876,-121.579313,44.008737],[8690,5876,-121.579311,44.008667],[8729,5877,-121.579254,44.008565],[8769,5877,-121.579197,44.008465],[8786,5877,-121.579167,44.008423],[8824,5878,-121.579147,44.008322],[8859,5878,-121.579102,44.00823],[8909,5880,-121.578988,44.008121],[8954,5880,-121.578921,44.008008],[8991,5881,-121.578906,44.007905],[9074,5883,-121.578826,44.007685],[9134,5884,-121.578816,44.007521],[9151,5884,-121.578835,44.007477],[9164,5884,-121.578861,44.007449],[9186,5884,-121.578867,44.007386],[9223,5885,-121.578828,44.007289],[9267,5886,-121.578808,44.007169],[9301,5886,-121.578807,44.007077],[9358,5886,-121.578828,44.006923],[9402,5886,-121.578836,44.006801],[9422,5887,-121.578856,44.006747],[9449,5886,-121.578926,44.006696],[9472,5886,-121.579006,44.006668],[9511,5885,-121.579141,44.006626],[9528,5885,-121.579186,44.006589],[9548,5885,-121.579244,44.006554],[9548,5907,-121.578293,44.003631],[9602,5911,-121.578263,44.003486],[9659,5913,-121.578186,44.003339],[9698,5916,-121.578115,44.003244],[9743,5917,-121.578065,44.003127],[9793,5921,-121.578037,44.002992],[9824,5922,-121.578049,44.002906],[9846,5923,-121.578078,44.00285],[9865,5925,-121.578119,44.002807],[9889,5926,-121.57817,44.002753],[9903,5926,-121.578195,44.002718],[9932,5927,-121.578193,44.00264],[9980,5930,-121.578192,44.002507],[10020,5931,-121.578177,44.002399],[10095,5933,-121.578067,44.002209],[10190,5936,-121.577933,44.001966],[10219,5936,-121.577894,44.001893],[10286,5938,-121.577828,44.001715],[10348,5939,-121.577749,44.001555],[10401,5939,-121.577694,44.001416],[10472,5940,-121.577622,44.001228],[10507,5942,-121.577589,44.001135],[10551,5942,-121.577518,44.001026],[10568,5942,-121.577495,44.000981],[10584,5943,-121.577482,44.00094],[10595,5943,-121.577459,44.000914],[10615,5943,-121.577439,44.000862],[10672,5944,-121.57739,44.000708],[10760,5945,-121.577336,44.000472],[10827,5947,-121.577252,44.000296],[10869,5948,-121.577194,44.000191],[10894,5948,-121.577132,44.000138],[10927,5948,-121.57709,44.000052],[10976,5950,-121.577067,43.999918],[10997,5950,-121.57705,43.999862],[11061,5952,-121.576997,43.99969],[11123,5954,-121.576962,43.999522],[11192,5956,-121.576948,43.999335],[11218,5956,-121.576942,43.999263],[11257,5957,-121.576936,43.999155],[11300,5959,-121.576899,43.99904],[11323,5960,-121.576893,43.998979],[11344,5960,-121.576884,43.998921],[11397,5963,-121.576817,43.998783],[11470,5966,