{"trail":"Swampy/Dutchman","distance":25533,"gain":320,"loss":608,"min":6104,"max":6478,"profile":[[0,6357,-121.663938,44.000757],[61,6359,-121.663796,44.000624],[129,6363,-121.663571,44.000533],[223,6368,-121.663311,44.000356],[262,6368,-121.663239,44.000262],[295,6369,-121.663146,44.000201],[360,6374,-121.663018,44.000048],[491,6365,-121.662864,43.999706],[557,6365,-121.662735,43.999552],[652,6368,-121.662606,43.999308],[748,6367,-121.662478,43.999063],[820,6381,-121.662332,43.998895],[892,6389,-121.662187,43.998727],[961,6393,-121.662095,43.998549],[1031,6396,-121.662004,43.998371],[1096,6400,-121.66189,43.998211],[1208,6406,-121.661592,43.997992],[1273,6417,-121.661385,43.997893],[1404,6418,-121.661056,43.997625],[1475,6434,-121.660832,43.997512],[1534,6443,-121.660667,43.997402],[1567,6447,-121.660585,43.997334],[1633,6448,-121.660469,43.997175],[1685,6455,-121.660354,43.997058],[1774,6459,-121.660121,43.996883],[1862,6469,-121.659887,43.996708],[1914,6473,-121.659731,43.99662],[1979,6480,-121.659519,43.996527],[2078,6479,-121.659273,43.996323],[2148,6480,-121.659139,43.996156],[2218,6475,-121.659006,43.99599],[2288,6477,-121.658873,43.995824],[2358,6477,-121.658739,43.995657],[2428,6480,-121.658579,43.995504],[2498,6483,-121.658419,43.995351],[2568,6479,-121.658259,43.995198],[2672,6472,-121.658036,43.994961],[2705,6466,-121.657985,43.994879],[2803,6468,-121.657746,43.994673],[2881,6474,-121.657519,43.994533],[2947,6470,-121.65738,43.994384],[2979,6470,-121.657293,43.99432],[3019,6464,-121.657229,43.994223],[3078,6460,-121.657099,43.994091],[3117,6455,-121.657042,43.993991],[3215,6450,-121.656818,43.993776],[3313,6453,-121.656593,43.993561],[3424,6450,-121.656398,43.993291],[3515,6448,-121.656141,43.993123],[3560,6452,-121.655992,43.993062],[3606,6452,-121.655875,43.992969],[3651,6450,-121.655795,43.992859],[3684,6452,-121.655704,43.992798],[3717,6454,-121.655641,43.992721],[3815,6457,-121.655369,43.992535],[3887,6458,-121.655149,43.992417],[3985,6467,-121.65483,43.992278],[4083,6473,-121.65451,43.992138],[4165,6467,-121.654282,43.991986],[4246,6466,-121.654054,43.991835],[4312,6461,-121.653855,43.991727],[4386,6456,-121.653615,43.991618],[4461,6448,-121.653374,43.991508],[4507,6449,-121.653212,43.99146],[4592,6450,-121.652899,43.9914],[4677,6456,-121.652586,43.991341],[4756,6453,-121.652306,43.991262],[4822,6450,-121.652098,43.991162],[4892,6442,-121.651907,43.991028],[4962,6430,-121.651716,43.990895],[5031,6431,-121.651525,43.990761],[5116,6435,-121.651262,43.990627],[5182,6434,-121.651078,43.990505],[5280,6433,-121.650765,43.990358],[5410,6425,-121.650405,43.990112],[5463,6421,-121.650277,43.990002],[5495,6423,-121.650178,43.989948],[5561,6427,-121.650008,43.989816],[5639,6424,-121.649841,43.989638],[5711,6418,-121.64971,43.989465],[5776,6414,-121.649525,43.989345],[5829,6417,-121.649331,43.98931],[5888,6415,-121.649124,43.989248],[6005,6424,-121.648689,43.989173],[6058,6428,-121.648508,43.989112],[6123,6426,-121.648324,43.98899],[6156,6425,-121.648216,43.988944],[6232,6427,-121.647939,43.988882],[6308,6430,-121.647662,43.988821],[6385,6431,-121.647385,43.988759],[6430,6427,-121.647238,43.988691],[6519,6417,-121.646998,43.988521],[6607,6407,-121.646758,43.988351],[6659,6404,-121.646574,43.988296],[6764,6394,-121.64624,43.988139],[6876,6382,-121.645842,43.988031],[7007,6382,-121.645355,43.987955],[7105,6386,-121.644985,43.987997],[7203,6391,-121.644615,43.98804],[7289,6392,-121.64429,43.988042],[7341,6396,-121.644096,43.988005],[7394,6390,-121.643929,43.987926],[7482,6377,-121.643724,43.987734],[7571,6366,-121.643519,43.987541],[7617,6363,-121.643399,43.987449],[7649,6360,-121.643299,43.987396],[7702,6358,-121.643123,43.987326],[7784,6353,-121.642833,43.987242],[7866,6351,-121.642543,43.987157],[7971,6355,-121.642144,43.987146],[8050,6351,-121.641859,43.987078],[8148,6336,-121.641555,43.98692],[8194,6331,-121.641429,43.986833],[8276,6323,-121.641168,43.986709],[8358,6320,-121.640907,43.986585],[8457,6313,-121.640632,43.986402],[8489,6305,-121.640569,43.986325],[8535,6303,-121.640448,43.986234],[8601,6300,-121.640229,43.986148],[8686,6286,-121.639976,43.986001],[8804,6278,-121.639551,43.985893],[8916,6278,-121.639126,43.985871],[8969,6277,-121.63893,43.985843],[9080,6274,-121.63851,43.985873],[9152,6266,-121.638248,43.985812],[9218,6262,-121.637998,43.985814],[9283,6258,-121.637747,43.985815],[9336,6255,-121.637549,43.985831],[9382,6257,-121.637383,43.985873],[9467,6258,-121.637065,43.985922],[9552,6249,-121.636748,43.985878],[9618,6246,-121.636497,43.985879],[9683,6247,-121.636258,43.98593],[9736,6247,-121.63608,43.985996],[9802,6248,-121.63589,43.986114],[9894,6258,-121.63568,43.986316],[9946,6265,-121.63552,43.986403],[9999,6263,-121.635322,43.986421],[10110,6255,-121.634909,43.986358],[10162,6253,-121.634709,43.986358],[10221,6252,-121.634493,43.986402],[10320,6253,-121.634178,43.986549],[10405,6250,-121.633874,43.986634],[10471,6242,-121.633623,43.986634],[10523,6242,-121.633428,43.986664],[10569,6242,-121.633254,43.98665],[10635,6248,-121.633006,43.986665],[10715,6251,-121.632706,43.986616],[10804,6251,-121.632385,43.986543],[10875,6248,-121.632144,43.986456],[10945,6239,-121.631904,43.986368],[11016,6234,-121.631664,43.986281],[11087,6232,-121.631423,43.986193],[11157,6235,-121.631183,43.986106],[11228,6227,-121.630943,43.986018],[11291,6222,-121.630718,43.985957],[11334,6221,-121.630555,43.98594],[11373,6219,-121.630407,43.98595],[11440,6222,-121.630161,43.985992],[11506,6220,-121.629916,43.986033],[11572,6212,-121.62967,43.986074],[11638,6210,-121.629424,43.986115],[11730,6206,-121.629096,43.9862],[11821,6207,-121.628767,43.986284],[11863,6204,-121.628609,43.9863],[11948,6195,-121.628289,43.986278],[12032,6185,-121.627969,43.986255],[12101,6178,-121.627715,43.986203],[12171,6177,-121.62746,43.986151],[12245,6167,-121.627194,43.98608],[12304,6162,-121.627005,43.985992],[12381,6154,-121.626796,43.985847],[12457,6146,-121.626588,43.985701],[12534,6141,-121.626379,43.985555],[12631,6132,-121.626071,43.985404],[12729,6123,-121.625764,43.985253],[12729,6123,-121.625764,43.985253],[12796,6120,-121.625523,43.985191],[12863,6119,-121.625282,43.985128],[12931,6121,-121.625041,43.985065],[12998,6123,-121.624801,43.985002],[13065,6125,-121.62456,43.984939],[13132,6124,-121.624319,43.984876],[13191,6123,-121.624097,43.984855],[13239,6123,-121.623935,43.984912],[13323,6125,-121.623794,43.985119],[13368,6126,-121.623795,43.985245],[13467,6135,-121.623925,43.985499],[13598,6144,-121.624149,43.985819],[13657,6145,-121.624295,43.985942],[13761,6151,-121.624622,43.986105],[13781,6153,-121.624674,43.986145],[13814,6155,-121.624722,43.986228],[13880,6159,-121.624782,43.986402],[13912,6160,-121.62478,43.986492],[13998,6162,-121.624671,43.986713],[14031,6161,-121.624596,43.986785],[14076,6160,-121.624441,43.986841],[14115,6157,-121.624294,43.986859],[14197,6155,-121.623983,43.986868],[14279,6153,-121.623672,43.986877],[14373,6151,-121.62332,43.986823],[14468,6155,-121.622967,43.986768],[14514,6157,-121.622802,43.986725],[14580,6164,-121.62258,43.986643],[14625,6166,-121.622414,43.986604],[14665,6166,-121.622265,43.986601],[14717,6166,-121.622089,43.986668],[14796,6165,-121.621893,43.986832],[14884,6167,-121.621792,43.987063],[14972,6172,-121.621691,43.987293],[15025,6174,-121.621595,43.987419],[15090,6172,-121.621441,43.987561],[15159,6168,-121.621219,43.987661],[15228,6176,-121.620997,43.98776],[15339,6178,-121.620592,43.987852],[15470,6183,-121.620105,43.987929],[15552,6188,-121.619808,43.987998],[15634,6183,-121.61951,43.988067],[15679,6178,-121.619337,43.988073],[15719,6176,-121.619191,43.988099],[15818,6175,-121.618814,43.988099],[15903,6173,-121.618523,43.987995],[15949,6176,-121.618355,43.987961],[16067,6183,-121.617907,43.987945],[16086,6183,-121.617835,43.98796],[16165,6177,-121.617535,43.987967],[16244,6173,-121.617235,43.987975],[16309,6172,-121.616991,43.987945],[16407,6163,-121.616663,43.987814],[16454,6157,-121.61652,43.98774],[16532,6152,