{"trail":"Swede Ridge","distance":10130,"gain":91,"loss":267,"min":5691,"max":5936,"profile":[[0,5866,-121.580584,44.008234],[65,5867,-121.58038,44.008335],[113,5868,-121.580211,44.008389],[180,5870,-121.579967,44.008441],[219,5872,-121.579819,44.008445],[325,5875,-121.579417,44.00842],[391,5877,-121.579167,44.008423],[439,5879,-121.578984,44.008433],[487,5880,-121.5788,44.008417],[531,5882,-121.578635,44.008407],[575,5884,-121.578468,44.008387],[617,5888,-121.578309,44.008373],[644,5893,-121.578206,44.008379],[698,5904,-121.578,44.008391],[730,5916,-121.57788,44.008397],[758,5921,-121.57778,44.008426],[796,5923,-121.57764,44.008448],[864,5925,-121.577384,44.008473],[930,5922,-121.577139,44.008514],[976,5917,-121.57697,44.008551],[1026,5913,-121.576823,44.008637],[1084,5910,-121.576637,44.008725],[1126,5908,-121.576506,44.008793],[1197,5906,-121.576261,44.008876],[1270,5905,-121.576001,44.008947],[1351,5906,-121.57571,44.009014],[1417,5906,-121.575483,44.009091],[1486,5908,-121.575257,44.00919],[1547,5909,-121.57508,44.009297],[1635,5912,-121.5748,44.009432],[1671,5913,-121.574685,44.009487],[1717,5915,-121.57453,44.009543],[1790,5918,-121.574273,44.009624],[1813,5920,-121.574192,44.009646],[1885,5923,-121.57392,44.009653],[1917,5924,-121.573795,44.009659],[1949,5925,-121.573681,44.009685],[2018,5928,-121.57343,44.009742],[2064,5930,-121.573255,44.009764],[2131,5932,-121.573003,44.009778],[2182,5935,-121.572814,44.009811],[2212,5936,-121.572713,44.009852],[2278,5936,-121.572515,44.009961],[2396,5933,-121.572166,44.010167],[2475,5936,-121.571934,44.010303],[2544,5936,-121.57173,44.010423],[2640,5944,-121.5714,44.010533],[2713,5944,-121.571169,44.010648],[2813,5937,-121.57089,44.010836],[2858,5928,-121.570786,44.010934],[2930,5929,-121.570571,44.011055],[3000,5928,-121.570377,44.011187],[3099,5925,-121.570086,44.011358],[3222,5927,-121.569714,44.011565],[3248,5924,-121.56962,44.011584],[3273,5927,-121.569523,44.011593],[3314,5929,-121.569378,44.011629],[3389,5918,-121.569119,44.011719],[3419,5915,-121.569012,44.011745],[3438,5911,-121.568938,44.011737],[3455,5911,-121.568883,44.011712],[3498,5906,-121.568807,44.011608],[3557,5900,-121.568741,44.011453],[3678,5889,-121.568621,44.011134],[3756,5879,-121.568566,44.010923],[3822,5875,-121.568478,44.010754],[3908,5867,-121.568331,44.010544],[3968,5870,-121.568203,44.010406],[4014,5861,-121.568086,44.010314],[4074,5857,-121.567896,44.01022],[4103,5850,-121.567794,44.010194],[4130,5844,-121.56769,44.010187],[4160,5831,-121.567579,44.010205],[4277,5805,-121.567145,44.010277],[4318,5802,-121.566994,44.010309],[4366,5800,-121.566817,44.010338],[4403,5797,-121.566677,44.010324],[4461,5795,-121.566457,44.010312],[4514,5794,-121.566255,44.010318],[4564,5794,-121.566063,44.010323],[4616,5795,-121.565875,44.010275],[4653,5796,-121.565742,44.010247],[4692,5798,-121.565598,44.010222],[4708,5798,-121.56554,44.010211],[4721,5799,-121.56549,44.010221],[4734,5798,-121.565462,44.01025],[4764,5800,-121.565377,44.010305],[4788,5802,-121.565298,44.010341],[4815,5802,-121.56523,44.010393],[4838,5803,-121.565155,44.010428],[4867,5805,-121.565045,44.010435],[4883,5807,-121.564986,44.010427],[4910,5812,-121.564891,44.0104],[4933,5814,-121.564809,44.010376],[4949,5817,-121.564746,44.010376],[4966,5817,-121.564689,44.010397],[5001,5818,-121.564609,44.010473],[5062,5820,-121.56448,44.010613],[5102,5816,-121.564415,44.010711],[5147,5817,-121.564308,44.010809],[5183,5817,-121.5642,44.010871],[5214,5816,-121.564097,44.010912],[5245,5820,-121.563986,44.010936],[5272,5830,-121.563883,44.010939],[5304,5831,-121.56377,44.010975],[5367,5836,-121.563589,44.011088],[5394,5838,-121.563519,44.011142],[5423,5838,-121.563478,44.011215],[5477,5841,-121.563409,44.011354],[5520,5838,-121.563346,44.011463],[5549,5836,-121.563269,44.011523],[5564,5836,-121.563225,44.011547],[5582,5837,-121.563158,44.011562],[5605,5838,-121.563071,44.011558],[5635,5837,-121.56296,44.011541],[5687,5835,-121.562765,44.011522],[5724,5833,-121.562627,44.01155],[5808,5819,-121.562345,44.011659],[5877,5814,-121.562108,44.011738],[5952,5812,-121.561833,44.011796],[5987,5815,-121.561701,44.011799],[6015,5815,-121.561596,44.011786],[6074,5814,-121.561372,44.0118],[6117,5810,-121.561207,44.011809],[6160,5802,-121.561047,44.011834],[6191,5801,-121.560932,44.011851],[6211,5801,-121.56086,44.011872],[6229,5801,-121.560798,44.011893],[6262,5802,-121.560675,44.01189],[6282,5804,-121.5606,44.011871],[6309,5809,-121.560511,44.011835],[6328,5814,-121.56044,44.011836],[6351,5819,-121.56036,44.01186],[6370,5817,-121.560303,44.011893],[6387,5819,-121.560267,44.011932],[6422,5817,-121.560145,44.011973],[6472,5816,-121.559957,44.011991],[6517,5812,-121.559787,44.012004],[6560,5801,-121.559623,44.012021],[6576,5797,-121.559562,44.012021],[6597,5797,-121.559485,44.01201],[6658,5792,-121.559264,44.011954],[6679,5794,-121.559192,44.01193],[6698,5793,-121.559121,44.011939],[6759,5784,-121.558919,44.012022],[6780,5784,-121.558859,44.012061],[6798,5780,-121.558805,44.012088],[6824,5780,-121.55872,44.012129],[6852,5775,-121.558617,44.012144],[6902,5773,-121.558428,44.012148],[6987,5768,-121.558102,44.012145],[7063,5770,-121.557813,44.012157],[7152,5770,-121.557481,44.012204],[7222,5766,-121.557235,44.012278],[7271,5764,-121.557064,44.012335],[7317,5761,-121.556906,44.012388],[7341,5762,-121.556823,44.012412],[7358,5762,-121.556758,44.012421],[7381,5761,-121.556672,44.01241],[7413,5758,-121.556551,44.01239],[7447,5759,-121.556426,44.012366],[7477,5745,-121.556313,44.012356],[7504,5738,-121.556214,44.012342],[7535,5736,-121.556103,44.012314],[7552,5730,-121.556042,44.012299],[7569,5728,-121.555974,44.012297],[7590,5727,-121.555894,44.012299],[7601,5727,-121.555854,44.0123],[7616,5728,-121.555794,44.012301],[7632,5729,-121.555738,44.012315],[7643,5725,-121.555703,44.01233],[7669,5727,-121.555603,44.012332],[7692,5729,-121.555518,44.012341],[7716,5731,-121.555432,44.01237],[7732,5731,-121.555381,44.012394],[7754,5732,-121.555303,44.012417],[7773,5732,-121.555239,44.01244],[7791,5732,-121.555176,44.012458],[7810,5733,-121.555106,44.012467],[7823,5733,-121.555061,44.012481],[7843,5732,-121.554998,44.012516],[7875,5730,-121.554907,44.012572],[7892,5730,-121.55485,44.012595],[7913,5730,-121.554781,44.012623],[7934,5728,-121.554707,44.012648],[7952,5728,-121.554643,44.012667],[7958,5728,-121.554626,44.012677],[7965,5728,-121.554611,44.012692],[7974,5725,-121.554588,44.012709],[7985,5725,-121.554555,44.012729],[8008,5726,-121.554472,44.012752],[8037,5723,-121.554368,44.012779],[8068,5721,-121.554268,44.012822],[8099,5723,-121.55418,44.012879],[8132,5717,-121.554092,44.012946],[8159,5711,-121.554046,44.01301],[8201,5708,-121.553978,44.013116],[8225,5706,-121.553926,44.01317],[8250,5702,-121.553855,44.013215],[8281,5703,-121.553757,44.013262],[8305,5705,-121.553673,44.013288],[8361,5704,-121.55348,44.013351],[8425,5701,-121.553272,44.013446],[8491,5702,-121.553055,44.013537],[8516,5701,-121.552966,44.01356],[8544,5702,-121.552861,44.013562],[8572,5704,-121.552753,44.013555],[8599,5705,-121.552651,44.013555],[8626,5704,-121.552548,44.01356],[8659,5705,-121.552425,44.013575],[8715,5704,-121.552223,44.013626],[8782,5703,-121.551998,44.013715],[8839,5702,-121.551843,44.013823],[8907,5700,-121.551675,44.013966],[8977,5699,-121.551497,44.014106],[9021,5697,-121.551388,44.014201],[9060,5697,-121.551288,44.014278],[9084,5696,-121.55122,44.014324],[9118,5695,-121.55111,44.014374],[9140,5695,-121.551035,44.014398],[9155,5696,-121.550978,44.014404],[9176,5696,-121.550896,44.014404],[9198,5696,-121.550816,44.014401],[9231,5696,-121.550689,44.014386],[9277,5695,-121.550518,44.014364],[9315,5695,-121.550372,44.014369],[9366,5694,-121.550182,44.014386],[9412,5693,-121.550006,44.014371],[9435,5694,-121.549919,44.014358],[9463,5692,-121.549816,44.014372],[9513,5691,-121.549627,44.014399],[9587,5690,-121.549349,44.014379],[9619,5690,-121.549228,44.014378],[9637,5690,-121.549161,44.014392],[9691,5689,-121.548967,44.014442],