{"trail":"Switchyard Connector","distance":8273,"gain":111,"loss":283,"min":1660,"max":1840,"profile":[[0,1835,-85.379863,35.051676],[25,1837,-85.379946,35.051676],[50,1838,-85.38003,35.051676],[75,1840,-85.380114,35.051676],[100,1840,-85.380198,35.051676],[125,1840,-85.380276,35.051698],[150,1838,-85.380354,35.051723],[175,1836,-85.380432,35.051747],[200,1835,-85.38051,35.051772],[225,1833,-85.380589,35.051797],[250,1831,-85.380667,35.051822],[275,1830,-85.380745,35.051846],[300,1827,-85.380823,35.051871],[325,1826,-85.380901,35.051896],[350,1824,-85.380979,35.051921],[375,1823,-85.381057,35.051945],[400,1821,-85.381135,35.05197],[425,1818,-85.381213,35.051995],[450,1816,-85.381291,35.05202],[475,1811,-85.381369,35.052044],[500,1809,-85.381447,35.052069],[525,1807,-85.381525,35.052094],[549,1805,-85.381607,35.052086],[574,1804,-85.381689,35.052072],[599,1803,-85.381771,35.052058],[624,1802,-85.381853,35.052045],[649,1800,-85.381935,35.052031],[674,1799,-85.382017,35.052018],[699,1796,-85.382099,35.052004],[724,1795,-85.382181,35.05199],[749,1793,-85.382263,35.051977],[774,1791,-85.382345,35.051963],[799,1789,-85.382427,35.05195],[824,1787,-85.382509,35.051936],[849,1786,-85.382591,35.051922],[874,1786,-85.382673,35.051909],[899,1785,-85.382755,35.051895],[924,1785,-85.382838,35.051882],[949,1784,-85.38292,35.051868],[974,1784,-85.383002,35.051855],[999,1783,-85.383084,35.051841],[1024,1783,-85.383166,35.051827],[1049,1782,-85.383248,35.051814],[1074,1781,-85.38333,35.0518],[1099,1779,-85.383413,35.051797],[1124,1778,-85.383497,35.051796],[1149,1776,-85.383581,35.051795],[1174,1775,-85.383664,35.051793],[1199,1773,-85.383748,35.051792],[1224,1772,-85.383832,35.05179],[1249,1771,-85.383915,35.051789],[1274,1769,-85.383999,35.051787],[1299,1768,-85.384083,35.051786],[1324,1767,-85.384167,35.051785],[1349,1767,-85.38425,35.051783],[1374,1766,-85.384334,35.051782],[1399,1766,-85.384414,35.051797],[1424,1765,-85.38449,35.051824],[1449,1765,-85.384567,35.051852],[1474,1764,-85.384644,35.051879],[1499,1764,-85.384721,35.051906],[1524,1763,-85.384797,35.051934],[1548,1762,-85.384875,35.051956],[1573,1762,-85.384959,35.051954],[1598,1761,-85.385043,35.051952],[1623,1760,-85.385126,35.051949],[1648,1759,-85.38521,35.051947],[1673,1758,-85.385294,35.051945],[1698,1756,-85.385377,35.051942],[1723,1754,-85.385461,35.05194],[1743,1752,-85.385492,35.051988],[1768,1750,-85.385503,35.052056],[1788,1749,-85.385455,35.052096],[1813,1750,-85.385377,35.05212],[1838,1750,-85.385299,35.052144],[1863,1751,-85.385221,35.052169],[1888,1751,-85.385142,35.052193],[1913,1750,-85.385064,35.052217],[1938,1747,-85.385019,35.052273],[1963,1746,-85.384978,35.052333],[1988,1743,-85.384937,35.052393],[2013,1740,-85.384895,35.052452],[2038,1739,-85.384854,35.052512],[2063,1737,-85.384813,35.052572],[2088,1735,-85.38477,35.05263],[2113,1736,-85.384709,35.052677],[2138,1736,-85.384648,35.052724],[2163,1736,-85.384588,35.052772],[2188,1737,-85.384527,35.052819],[2213,1737,-85.384467,35.052866],[2238,1738,-85.384406,35.052914],[2263,1738,-85.384346,35.052961],[2278,1737,-85.38433,35.053001],[2303,1735,-85.384408,35.053025],[2328,1732,-85.384486,35.053049],[2353,1731,-85.384565,35.053073],[2378,1728,-85.384643,35.053097],[2402,1728,-85.384691,35.053045],[2427,1728,-85.384737,35.052987],[2452,1728,-85.384783,35.05293],[2477,1728,-85.384828,35.052873],[2502,1728,-85.384874,35.052815],[2527,1729,-85.38492,35.052758],[2552,1730,-85.384966,35.0527],[2577,1732,-85.385012,35.052643],[2602,1733,-85.385091,35.052623],[2627,1733,-85.385171,35.052603],[2642,1733,-85.38522,35.052609],[2667,1728,-85.385195,35.052674],[2692,1724,-85.385171,35.05274],[2717,1721,-85.385147,35.052806],[2742,1719,-85.385122,35.052871],[2767,1719,-85.385098,35.052937],[2787,1718,-85.385089,35.052992],[2812,1715,-85.385172,35.052985],[2837,1714,-85.385255,35.052979],[2862,1716,-85.385338,35.052972],[2887,1717,-85.385422,35.052965],[2912,1717,-85.385505,35.052958],[2937,1713,-85.385494,35.053025],[2962,1708,-85.385482,35.053093],[2987,1703,-85.385469,35.05316],[3012,1699,-85.385457,35.053228],[3037,1695,-85.385445,35.053296],[3062,1691,-85.385432,35.053364],[3087,1689,-85.38542,35.053432],[3112,1686,-85.385408,35.053499],[3137,1688,-85.385395,35.053567],[3162,1688,-85.385383,35.053635],[3187,1689,-85.385371,35.053703],[3212,1690,-85.385358,35.05377],[3230,1688,-85.385421,35.05377],[3255,1684,-85.385503,35.053754],[3280,1680,-85.385584,35.053737],[3303,1679,-85.38563,35.05369],[3328,1679,-85.385657,35.053625],[3353,1679,-85.385683,35.05356],[3378,1684,-85.38571,35.053494],[3394,1686,-85.385764,35.053486],[3419,1688,-85.385839,35.053517],[3444,1688,-85.385913,35.053548],[3469,1689,-85.385988,35.05358],[3494,1689,-85.386062,35.053611],[3519,1691,-85.386136,35.053642],[3544,1690,-85.386211,35.053673],[3569,1690,-85.386285,35.053705],[3594,1690,-85.38636,35.053736],[3619,1690,-85.386434,35.053767],[3644,1691,-85.386509,35.053799],[3669,1695,-85.386568,35.053847],[3694,1697,-85.386626,35.053896],[3719,1698,-85.386684,35.053945],[3744,1700,-85.386742,35.053995],[3769,1700,-85.3868,35.054044],[3794,1701,-85.386858,35.054094],[3819,1699,-85.386916,35.054143],[3844,1698,-85.386974,35.054192],[3869,1697,-85.387032,35.054242],[3892,1698,-85.387108,35.054258],[3917,1699,-85.387191,35.054258],[3939,1701,-85.38726,35.054236],[3964,1702,-85.387304,35.054178],[3989,1704,-85.387348,35.05412],[4014,1704,-85.387392,35.054061],[4038,1704,-85.387452,35.05402],[4063,1703,-85.387532,35.054],[4088,1702,-85.387612,35.053979],[4113,1700,-85.387692,35.053959],[4136,1699,-85.387769,35.053949],[4161,1698,-85.387828,35.053998],[4186,1698,-85.387887,35.054046],[4211,1697,-85.387946,35.054095],[4236,1696,-85.388005,35.054143],[4261,1694,-85.388065,35.054192],[4286,1694,-85.388124,35.05424],[4311,1693,-85.388206,35.05423],[4336,1692,-85.388289,35.054219],[4361,1690,-85.388372,35.054208],[4386,1689,-85.388455,35.054198],[4409,1688,-85.388532,35.054192],[4434,1688,-85.388532,35.054261],[4459,1687,-85.388532,35.054329],[4484,1686,-85.388532,35.054398],[4509,1685,-85.388532,35.054466],[4534,1684,-85.388532,35.054535],[4554,1683,-85.388546,35.054589],[4579,1681,-85.388628,35.054575],[4604,1680,-85.388709,35.05456],[4629,1680,-85.388791,35.054546],[4654,1680,-85.388873,35.054532],[4679,1681,-85.388955,35.054517],[4704,1681,-85.389037,35.054503],[4729,1680,-85.389119,35.054489],[4752,1680,-85.389166,35.054536],[4777,1680,-85.389206,35.054596],[4802,1680,-85.389246,35.054657],[4827,1680,-85.389286,35.054717],[4852,1679,-85.389325,35.054777],[4877,1677,-85.389365,35.054837],[4902,1674,-85.389405,35.054898],[4927,1671,-85.389445,35.054958],[4952,1670,-85.389485,35.055018],[4977,1670,-85.389525,35.055078],[5001,1670,-85.389546,35.055143],[5026,1670,-85.389555,35.055212],[5051,1670,-85.389564,35.05528],[5076,1670,-85.389573,35.055348],[5101,1670,-85.389581,35.055416],[5126,1670,-85.38959,35.055484],[5151,1670,-85.389599,35.055552],[5175,1670,-85.389585,35.055615],[5200,1670,-85.389535,35.055671],[5225,1670,-85.389486,35.055726],[5250,1670,-85.389437,35.055782],[5275,1670,-85.389388,35.055837],[5300,1671,-85.389338,35.055892],[5325,1674,-85.389289,35.055948],[5350,1679,-85.38924,35.056003],[5375,1682,-85.389191,35.056059],[5400,1682,-85.389141,35.056114],[5425,1681,-85.389092,35.056169],[5450,1678,-85.389043,35.056225],[5475,1675,-85.388994,35.05628],[5500,1673,-85.388944,35.056336],[5513,1672,-85.388918,35.056366],[6455,1698,-85.387094,35.054258],[6480,1696,-85.387138,35.054316],[6505,1696,-85.387183,35.054374],[6530,1696,-85.387227,35.054432],[6555,1696,-85.387271,35.05449],[6579,1697,-85.387306,35.05455],[6604,1695,-85.387287,35.054617],[6629,1694,-85.387268,35.054683],[6654,1693,-85.387249,35.05475],[6679,1691,-85.38723,35.054817],[6704,1690,-85.387211,35.054884],[6729,1689,-85.387193,35.05495],[6754,1688,-85.387174,35.055017],[6779,1687,-85.387155,35.055084],[6804,1686,-85.387136,35.055151],[6829,1686,-85.387117,35.055218],[6854,1684,-85.387083,35.05528],[6879,1683,