{"trail":"Tailings Run","distance":7693,"gain":270,"loss":311,"min":1851,"max":1962,"profile":[[0,1962,-85.425246,34.861355],[25,1959,-85.425222,34.86129],[50,1959,-85.425198,34.861224],[75,1955,-85.425175,34.861158],[100,1955,-85.425151,34.861093],[125,1950,-85.425127,34.861027],[150,1949,-85.425104,34.860961],[175,1943,-85.42508,34.860895],[200,1942,-85.425056,34.86083],[225,1937,-85.425033,34.860764],[250,1933,-85.425009,34.860698],[275,1931,-85.424985,34.860633],[300,1926,-85.424956,34.860569],[325,1922,-85.424908,34.860513],[350,1919,-85.424859,34.860458],[375,1919,-85.42481,34.860402],[400,1918,-85.424761,34.860347],[425,1921,-85.424712,34.860291],[447,1919,-85.424646,34.860264],[472,1918,-85.424562,34.860264],[497,1916,-85.424478,34.860264],[522,1914,-85.424416,34.860307],[547,1912,-85.424354,34.860354],[572,1911,-85.424293,34.8604],[597,1911,-85.424232,34.860447],[617,1912,-85.424166,34.860462],[642,1913,-85.424092,34.860429],[667,1913,-85.424019,34.860397],[692,1911,-85.423944,34.86037],[717,1908,-85.423861,34.860375],[742,1906,-85.423777,34.86038],[767,1907,-85.423694,34.860385],[792,1907,-85.423611,34.86039],[817,1906,-85.423527,34.860395],[842,1902,-85.423444,34.8604],[867,1899,-85.423361,34.860405],[891,1896,-85.423321,34.860463],[916,1895,-85.423282,34.860524],[941,1898,-85.423244,34.860585],[966,1900,-85.423206,34.860646],[991,1901,-85.423167,34.860707],[1016,1902,-85.423129,34.860768],[1041,1901,-85.423091,34.860829],[1066,1901,-85.423053,34.860889],[1091,1896,-85.423014,34.86095],[1116,1898,-85.422941,34.860918],[1141,1899,-85.422867,34.860886],[1166,1897,-85.422794,34.860853],[1191,1894,-85.42272,34.860821],[1216,1891,-85.422647,34.860788],[1241,1889,-85.422573,34.860756],[1266,1886,-85.4225,34.860723],[1281,1885,-85.422452,34.860732],[1306,1885,-85.422443,34.8608],[1331,1883,-85.422433,34.860868],[1356,1882,-85.422423,34.860936],[1381,1881,-85.422413,34.861004],[1406,1880,-85.422354,34.861052],[1431,1877,-85.422294,34.861101],[1456,1875,-85.422235,34.861149],[1481,1871,-85.422176,34.861198],[1503,1873,-85.422102,34.86121],[1528,1876,-85.422019,34.861202],[1550,1881,-85.421955,34.861176],[1575,1882,-85.421933,34.86111],[1600,1884,-85.42191,34.861044],[1625,1885,-85.421888,34.860978],[1650,1886,-85.421865,34.860912],[1675,1887,-85.421843,34.860846],[1700,1888,-85.42182,34.86078],[1713,1888,-85.421779,34.860792],[1738,1887,-85.421727,34.860846],[1763,1887,-85.421676,34.8609],[1788,1886,-85.421624,34.860954],[1813,1885,-85.421573,34.861008],[1838,1883,-85.421521,34.861062],[1863,1882,-85.42147,34.861116],[1887,1880,-85.421427,34.861172],[1912,1878,-85.421435,34.86124],[1937,1875,-85.421442,34.861309],[1962,1873,-85.421449,34.861377],[1987,1868,-85.421457,34.861445],[2012,1860,-85.421464,34.861513],[2037,1854,-85.421471,34.861582],[2062,1852,-85.421479,34.86165],[2087,1851,-85.421486,34.861718],[2101,1851,-85.421462,34.861749],[2126,1855,-85.421386,34.861721],[2151,1860,-85.42131,34.861692],[2176,1861,-85.421234,34.861663],[2201,1861,-85.421158,34.861635],[2226,1860,-85.421083,34.861606],[2251,1859,-85.421007,34.861577],[2275,1859,-85.420933,34.861548],[2300,1861,-85.420954,34.861481],[2325,1864,-85.420974,34.861415],[2350,1861,-85.420994,34.861348],[2375,1859,-85.421014,34.861282],[2400,1854,-85.421035,34.861215],[2425,1855,-85.421055,34.861149],[2450,1857,-85.421075,34.861082],[2475,1859,-85.421095,34.861016],[2500,1857,-85.421116,34.860949],[2525,1859,-85.421136,34.860883],[2550,1859,-85.421156,34.860816],[2575,1863,-85.421176,34.86075],[2600,1863,-85.421204,34.860686],[2625,1862,-85.421248,34.860628],[2650,1863,-85.421293,34.86057],[2675,1860,-85.421337,34.860512],[2700,1862,-85.421381,34.860453],[2724,1862,-85.421408,34.860391],[2749,1863,-85.421414,34.860322],[2774,1865,-85.42142,34.860254],[2799,1869,-85.421425,34.860185],[2824,1872,-85.421431,34.860117],[2849,1874,-85.421437,34.860049],[2874,1874,-85.421443,34.85998],[2898,1874,-85.421463,34.859917],[2923,1872,-85.421522,34.859869],[2948,1870,-85.421581,34.85982],[2973,1869,-85.42164,34.859772],[2998,1870,-85.421659,34.859705],[3023,1870,-85.421677,34.859638],[3048,1872,-85.421695,34.859571],[3073,1874,-85.421713,34.859504],[3093,1875,-85.421707,34.859449],[3118,1875,-85.421628,34.859428],[3143,1873,-85.421548,34.859407],[3168,1872,-85.421468,34.859387],[3193,1873,-85.421389,34.859366],[3218,1879,-85.421309,34.859345],[3239,1884,-85.421256,34.859309],[3264,1885,-85.42126,34.859241],[3289,1885,-85.421265,34.859172],[3314,1886,-85.421269,34.859104],[3339,1889,-85.421273,34.859036],[3364,1893,-85.421278,34.858967],[3389,1894,-85.421282,34.858899],[3414,1895,-85.421286,34.85883],[3439,1895,-85.42129,34.858762],[3464,1896,-85.421295,34.858693],[3489,1896,-85.421299,34.858625],[3514,1895,-85.421303,34.858556],[3539,1893,-85.421308,34.858488],[3564,1891,-85.421312,34.85842],[3589,1889,-85.421316,34.858351],[3613,1889,-85.421304,34.858286],[3638,1895,-85.421265,34.858225],[3663,1894,-85.421226,34.858164],[3688,1893,-85.421188,34.858104],[3713,1895,-85.421149,34.858043],[3738,1894,-85.42111,34.857982],[3762,1892,-85.421087,34.857919],[3787,1890,-85.4211,34.857852],[3812,1888,-85.421113,34.857784],[3837,1888,-85.421126,34.857716],[3862,1889,-85.421139,34.857649],[3887,1889,-85.421153,34.857581],[3912,1889,-85.421166,34.857513],[3937,1891,-85.421179,34.857446],[3962,1894,-85.421192,34.857378],[3987,1896,-85.421205,34.85731],[4012,1895,-85.421218,34.857243],[4037,1893,-85.421231,34.857175],[4062,1891,-85.421273,34.857117],[4087,1890,-85.42132,34.85706],[4112,1889,-85.421366,34.857003],[4137,1889,-85.421413,34.856946],[4162,1888,-85.421459,34.856889],[4187,1887,-85.421506,34.856832],[4212,1888,-85.421553,34.856775],[4237,1887,-85.421599,34.856718],[4262,1889,-85.421646,34.856662],[4287,1888,-85.421692,34.856605],[4312,1891,-85.421739,34.856548],[4337,1891,-85.421786,34.856491],[4362,1889,-85.421832,34.856434],[4387,1887,-85.421879,34.856377],[4412,1886,-85.421925,34.85632],[4437,1886,-85.421972,34.856264],[4462,1886,-85.422019,34.856207],[4484,1887,-85.422092,34.856214],[4509,1890,-85.422172,34.856234],[4534,1892,-85.422252,34.856255],[4559,1894,-85.422331,34.856276],[4584,1895,-85.422411,34.856297],[4609,1897,-85.42249,34.856317],[4632,1898,-85.422549,34.856274],[4657,1899,-85.422604,34.856223],[4682,1900,-85.42266,34.856172],[4707,1900,-85.422716,34.856121],[4732,1900,-85.422772,34.85607],[4757,1899,-85.422827,34.856019],[4782,1898,-85.422883,34.855968],[4807,1900,-85.422939,34.855917],[4832,1897,-85.422995,34.855866],[4857,1895,-85.42305,34.855815],[4879,1899,-85.422998,34.855773],[4893,1898,-85.423014,34.855736],[4918,1885,-85.423087,34.855702],[4937,1883,-85.423105,34.855653],[4958,1883,-85.423069,34.855604],[4983,1890,-85.423003,34.855645],[5008,1903,-85.422937,34.855687],[5033,1904,-85.42287,34.855729],[5058,1901,-85.422804,34.85577],[5083,1900,-85.422738,34.855812],[5098,1899,-85.422703,34.855784],[5123,1897,-85.422687,34.855716],[5148,1894,-85.42267,34.855649],[5173,1894,-85.422654,34.855582],[5192,1896,-85.422591,34.855572],[5212,1898,-85.422525,34.855556],[5237,1897,-85.422484,34.855497],[5262,1894,-85.422442,34.855438],[5287,1891,-85.4224,34.855378],[5312,1890,-85.422358,34.855319],[5337,1889,-85.422317,34.85526],[5362,1888,-85.422275,34.8552],[5387,1887,-85.422233,34.855141],[5409,1887,-85.422251,34.855083],[5434,1887,-85.422295,34.855025],[5459,1888,-85.42234,34.854967],[5484,1888,-85.422384,34.854909],[5509,1889,-85.422429,34.854851],[5534,1889,-85.422473,34.854793],[5559,1890,-85.422518,34.854735],[5584,1891,-85.422562,34.854677],[5609,1893,-85.422607,34.854619],[5634,1894,-85.422651,34.854561],[5659,1894,-85.422696,34.854503],[5684,1895,-85.42274,34.854445],[5709,1896,-85.422785,34.854387],[5734,1896,-85.422829,34.854329],[5759,1895,-85.422874,34.854271],[5784,1896,-85.422918,34.854213],[5808,1896,-85.422973,34.854165],[5833,1899,-85.423051,34.854141],[5858,1901,-85.423129,34.854117],[5883,1903,-85.423208,34.854094],[5908,1905,-85.423286,34.85407],[5929,1906,-85.423354,