{"trail":"Talon Trail","distance":10786,"gain":104,"loss":65,"min":3114,"max":3233,"profile":[[0,3184,-121.27454,44.239513],[75,3185,-121.274384,44.23934],[150,3185,-121.274229,44.239168],[223,3184,-121.274154,44.238976],[281,3184,-121.274068,44.238829],[325,3184,-121.273971,44.238729],[390,3184,-121.273843,44.238576],[461,3182,-121.273714,44.238407],[548,3179,-121.273489,44.23823],[639,3177,-121.27322,44.238068],[681,3176,-121.27323,44.237954],[758,3173,-121.273319,44.237754],[828,3171,-121.273306,44.237561],[865,3170,-121.273285,44.237461],[909,3168,-121.27321,44.237354],[979,3166,-121.273102,44.237177],[1041,3165,-121.272952,44.237046],[1132,3163,-121.27278,44.236831],[1190,3161,-121.272712,44.23668],[1291,3160,-121.272459,44.23647],[1347,3158,-121.272362,44.236331],[1430,3156,-121.272308,44.236108],[1491,3154,-121.272212,44.235955],[1538,3152,-121.272115,44.235847],[1607,3150,-121.271965,44.235693],[1703,3149,-121.272045,44.235435],[1751,3149,-121.272139,44.235321],[1830,3148,-121.272238,44.235116],[1869,3148,-121.272262,44.235013],[1931,3147,-121.272263,44.234842],[1975,3146,-121.272308,44.234725],[2045,3145,-121.272416,44.23455],[2117,3144,-121.272458,44.234354],[2190,3144,-121.272499,44.234158],[2215,3144,-121.272539,44.234096],[2261,3144,-121.272675,44.234013],[2353,3146,-121.273013,44.233948],[2379,3146,-121.273088,44.233901],[2434,3146,-121.273175,44.233763],[2514,3145,-121.273339,44.233577],[2571,3145,-121.273416,44.233431],[2649,3144,-121.273423,44.233218],[2693,3144,-121.273454,44.233098],[2773,3143,-121.273583,44.2329],[2830,3142,-121.273643,44.23275],[2878,3141,-121.273727,44.232633],[2928,3138,-121.273766,44.232498],[2956,3137,-121.273733,44.232425],[2974,3134,-121.273686,44.23239],[3006,3132,-121.273571,44.232365],[3044,3129,-121.27343,44.232393],[3115,3129,-121.273217,44.232515],[3191,3125,-121.272945,44.23259],[3239,3124,-121.272784,44.232652],[3277,3122,-121.272644,44.232675],[3298,3120,-121.272563,44.23266],[3322,3118,-121.272497,44.232617],[3360,3116,-121.27247,44.232514],[3442,3113,-121.272466,44.232289],[3477,3111,-121.272415,44.232202],[3554,3108,-121.272255,44.232024],[3631,3110,-121.272094,44.231846],[3671,3113,-121.271973,44.231778],[3699,3115,-121.271898,44.231725],[3725,3116,-121.271873,44.231656],[3740,3116,-121.27189,44.231616],[3765,3118,-121.27195,44.231563],[3828,3119,-121.272183,44.231516],[3862,3120,-121.272297,44.231473],[3896,3121,-121.272365,44.231395],[3918,3122,-121.27235,44.231335],[3930,3123,-121.272321,44.23131],[3955,3125,-121.272232,44.231282],[4058,3128,-121.271838,44.231286],[4083,3129,-121.271745,44.23127],[4108,3131,-121.271675,44.231224],[4118,3131,-121.271667,44.231196],[4139,3134,-121.271705,44.231146],[4161,3136,-121.271779,44.231116],[4225,3133,-121.272017,44.231077],[4266,3134,-121.272151,44.231019],[4307,3136,-121.272249,44.23093],[4347,3136,-121.272334,44.230841],[4366,3138,-121.272344,44.230789],[4396,3141,-121.272301,44.230712],[4419,3143,-121.272214,44.230702],[4503,3145,-121.271916,44.230784],[4541,3147,-121.271771,44.230771],[4552,3147,-121.271741,44.23075],[4574,3149,-121.271726,44.230692],[4676,3153,-121.271975,44.230477],[4700,3153,-121.272003,44.230413],[4802,3161,-121.271957,44.230136],[4830,3163,-121.271982,44.23006],[4913,3160,-121.272179,44.229883],[4954,3160,-121.272217,44.229774],[5044,3164,-121.272237,44.229527],[5127,3164,-121.272417,44.22934],[5149,3166,-121.272452,44.229285],[5174,3167,-121.272465,44.229218],[5192,3168,-121.272444,44.229171],[5214,3171,-121.272378,44.229133],[5260,3172,-121.272203,44.22915],[5352,3177,-121.271865,44.229219],[5376,3180,-121.271778,44.229204],[5390,3180,-121.271737,44.229176],[5413,3182,-121.271718,44.229116],[5438,3181,-121.271755,44.229053],[5480,3182,-121.27186,44.228964],[5549,3181,-121.27199,44.2288],[5670,3181,-121.272335,44.228579],[5708,3182,-121.272405,44.228489],[5743,3183,-121.272418,44.228392],[5770,3185,-121.272361,44.228332],[5851,3189,-121.272066,44.228263],[5884,3189,-121.271994,44.228187],[5932,3192,-121.271934,44.228063],[5966,3193,-121.271915,44.227971],[6042,3194,-121.271989,44.22777],[6141,3196,-121.272052,44.227503],[6239,3198,-121.272049,44.227233],[6337,3199,-121.272046,44.226964],[6423,3200,-121.271995,44.226733],[6468,3201,-121.272003,44.226609],[6522,3201,-121.272044,44.226464],[6557,3201,-121.272036,44.226369],[6579,3201,-121.272006,44.226312],[6665,3202,-121.271849,44.226105],[6709,3202,-121.271832,44.225985],[6741,3202,-121.271866,44.225901],[6785,3202,-121.271965,44.225802],[6910,3200,-121.272337,44.225589],[7021,3199,-121.272641,44.225374],[7061,3198,-121.272701,44.225273],[7144,3198,-121.272771,44.225053],[7219,3198,-121.272896,44.224866],[7308,3199,-121.272906,44.224624],[7351,3199,-121.272948,44.224508],[7389,3199,-121.273015,44.224417],[7415,3200,-121.273019,44.224346],[7443,3200,-121.272968,44.224279],[7469,3200,-121.272895,44.22423],[7542,3201,-121.272651,44.22413],[7564,3201,-121.272586,44.224092],[7589,3202,-121.272535,44.224035],[7627,3202,-121.272511,44.223931],[7729,3204,-121.272523,44.223652],[7788,3206,-121.27259,44.223499],[7809,3207,-121.272586,44.223442],[7833,3208,-121.272539,44.223383],[7859,3208,-121.272464,44.223338],[7938,3210,-121.272192,44.223244],[7958,3210,-121.272146,44.223199],[7983,3211,-121.272128,44.223132],[8025,3212,-121.272174,44.223022],[8073,3214,-121.272271,44.222909],[8111,3215,-121.272322,44.222812],[8145,3216,-121.272319,44.222719],[8170,3217,-121.272287,44.222655],[8207,3218,-121.272198,44.222576],[8270,3219,-121.27198,44.222503],[8353,3221,-121.27175,44.222346],[8388,3221,-121.27164,44.222293],[8482,3222,-121.271304,44.222199],[8529,3223,-121.271125,44.222176],[8588,3222,-121.2709,44.222175],[8619,3222,-121.270786,44.222151],[8671,3223,-121.270632,44.222063],[8699,3223,-121.270537,44.222029],[8769,3223,-121.27027,44.222012],[8839,3223,-121.270002,44.221995],[8915,3224,-121.269712,44.222022],[8992,3224,-121.269422,44.222049],[9020,3224,-121.269318,44.222034],[9067,3225,-121.26915,44.221982],[9098,3225,-121.269054,44.221934],[9116,3225,-121.269016,44.221892],[9200,3226,-121.268946,44.221669],[9283,3227,-121.268876,44.221447],[9359,3227,-121.268993,44.221255],[9409,3227,-121.269111,44.221148],[9479,3227,-121.269218,44.220971],[9545,3227,-121.269176,44.220794],[9610,3227,-121.269133,44.220617],[9687,3227,-121.2691,44.22041],[9751,3228,-121.269079,44.220233],[9810,3228,-121.269079,44.220071],[9880,3229,-121.269079,44.219879],[9925,3229,-121.269025,44.219764],[9984,3230,-121.26895,44.21961],[10030,3231,-121.268993,44.219487],[10088,3232,-121.269079,44.219341],[10153,3234,-121.269154,44.219172],[10228,3234,-121.26939,44.219056],[10308,3235,-121.269519,44.218856],[10393,3235,-121.269616,44.218633],[10461,3235,-121.269798,44.218503],[10536,3235,-121.270013,44.218364],[10596,3234,-121.270163,44.218241],[10696,3231,-121.270248,44.217972],[10786,3228,-121.270334,44.217734]]}