{"trail":"Tennessee River Gorge","distance":7429,"gain":348,"loss":306,"min":1474,"max":1602,"profile":[[0,1537,-85.419474,35.044421],[25,1531,-85.41952,35.044478],[50,1528,-85.419567,35.044535],[75,1526,-85.419613,35.044592],[100,1524,-85.419659,35.044649],[125,1522,-85.419706,35.044706],[150,1521,-85.419752,35.044763],[174,1522,-85.41977,35.044826],[199,1522,-85.419762,35.044894],[224,1522,-85.419755,35.044962],[248,1523,-85.419717,35.045021],[273,1523,-85.419667,35.045076],[298,1525,-85.419617,35.04513],[323,1525,-85.419566,35.045185],[348,1527,-85.419516,35.04524],[373,1526,-85.419466,35.045295],[398,1527,-85.419415,35.045349],[423,1525,-85.419365,35.045404],[448,1524,-85.419314,35.045459],[473,1523,-85.419264,35.045514],[498,1522,-85.419214,35.045568],[523,1521,-85.419163,35.045623],[548,1519,-85.419113,35.045678],[573,1518,-85.419063,35.045732],[598,1516,-85.419012,35.045787],[623,1516,-85.418962,35.045842],[648,1517,-85.418911,35.045897],[673,1519,-85.418861,35.045951],[698,1520,-85.418811,35.046006],[723,1525,-85.41876,35.046061],[748,1528,-85.41871,35.046116],[773,1534,-85.418659,35.04617],[793,1535,-85.418664,35.046225],[818,1535,-85.418713,35.046281],[843,1533,-85.418761,35.046337],[868,1531,-85.41881,35.046392],[893,1529,-85.418859,35.046448],[918,1526,-85.418908,35.046504],[943,1523,-85.418957,35.046559],[968,1519,-85.419006,35.046615],[992,1518,-85.419028,35.046679],[1017,1518,-85.419037,35.046747],[1042,1518,-85.419045,35.046815],[1067,1519,-85.419053,35.046883],[1092,1521,-85.419062,35.046951],[1115,1521,-85.4191,35.047006],[1140,1522,-85.419167,35.047046],[1165,1527,-85.419235,35.047087],[1190,1532,-85.419302,35.047127],[1215,1535,-85.41937,35.047168],[1237,1539,-85.419439,35.047152],[1262,1539,-85.41951,35.047115],[1287,1541,-85.419581,35.047078],[1308,1543,-85.419652,35.047069],[1333,1544,-85.419724,35.047104],[1358,1545,-85.419797,35.047138],[1383,1545,-85.419869,35.047173],[1407,1545,-85.419891,35.047235],[1432,1544,-85.419903,35.047303],[1457,1545,-85.419915,35.047371],[1482,1545,-85.419927,35.047438],[1507,1545,-85.419938,35.047506],[1532,1542,-85.41995,35.047574],[1557,1544,-85.419962,35.047642],[1582,1546,-85.419974,35.04771],[1607,1549,-85.419986,35.047778],[1632,1544,-85.419998,35.047845],[1657,1546,-85.42001,35.047913],[1682,1555,-85.419965,35.04797],[1707,1562,-85.419918,35.048027],[1732,1565,-85.419871,35.048083],[1757,1565,-85.419823,35.04814],[1782,1564,-85.419776,35.048197],[1806,1560,-85.419727,35.048251],[1831,1558,-85.419649,35.048276],[1856,1560,-85.419571,35.048301],[1881,1557,-85.419493,35.048325],[1905,1557,-85.419413,35.048333],[1930,1557,-85.41933,35.048321],[1955,1557,-85.419247,35.04831],[1980,1560,-85.419165,35.048299],[2005,1559,-85.419082,35.048288],[2030,1558,-85.419,35.048276],[2055,1561,-85.418917,35.048265],[2080,1560,-85.418835,35.048254],[2105,1558,-85.418752,35.048243],[2130,1560,-85.418669,35.048231],[2155,1559,-85.418587,35.04822],[2180,1558,-85.418504,35.048209],[2205,1559,-85.418422,35.048197],[2230,1558,-85.418339,35.048186],[2255,1557,-85.418256,35.048183],[2280,1555,-85.418173,35.04819],[2305,1552,-85.41809,35.048197],[2330,1548,-85.418006,35.048204],[2355,1545,-85.417923,35.048211],[2380,1543,-85.41784,35.048218],[2405,1541,-85.417757,35.048225],[2430,1540,-85.417673,35.048232],[2455,1537,-85.41759,35.048239],[2480,1535,-85.417507,35.048246],[2500,1535,-85.417445,35.048225],[2525,1540,-85.417414,35.048161],[2550,1541,-85.417384,35.048097],[2575,1542,-85.417354,35.048033],[2600,1542,-85.417324,35.047969],[2625,1543,-85.417294,35.047905],[2650,1541,-85.417263,35.047841],[2675,1539,-85.417233,35.047778],[2700,1539,-85.417203,35.047714],[2725,1533,-85.417135,35.047676],[2750,1526,-85.417062,35.047643],[2775,1524,-85.416989,35.047609],[2800,1522,-85.416916,35.047575],[2823,1524,-85.416844,35.047553],[2848,1523,-85.416771,35.047588],[2873,1524,-85.416699,35.047623],[2898,1524,-85.416627,35.047658],[2923,1524,-85.416555,35.047692],[2947,1524,-85.416482,35.047721],[2972,1526,-85.416402,35.0477],[2997,1525,-85.416322,35.047679],[3022,1524,-85.416243,35.047658],[3047,1520,-85.416163,35.047637],[3072,1516,-85.416083,35.047616],[3097,1515,-85.416004,35.047596],[3118,1508,-85.415932,35.047602],[3143,1504,-85.415875,35.047652],[3168,1499,-85.415818,35.047702],[3193,1496,-85.41576,35.047751],[3218,1493,-85.415703,35.047801],[3243,1495,-85.415645,35.047851],[3268,1498,-85.415588,35.047901],[3293,1500,-85.41553,35.047951],[3318,1504,-85.415473,35.048001],[3343,1505,-85.415416,35.048051],[3368,1506,-85.415358,35.048101],[3393,1508,-85.415301,35.04815],[3418,1507,-85.415242,35.048198],[3443,1507,-85.415158,35.0482],[3468,1508,-85.415075,35.048202],[3493,1508,-85.414991,35.048204],[3518,1508,-85.414907,35.048206],[3543,1508,-85.414824,35.048208],[3568,1508,-85.41474,35.04821],[3593,1506,-85.414656,35.048212],[3618,1504,-85.414573,35.048214],[3642,1501,-85.414499,35.04824],[3667,1495,-85.414432,35.048281],[3692,1491,-85.414366,35.048323],[3717,1488,-85.414299,35.048364],[3742,1486,-85.414233,35.048406],[3767,1479,-85.414166,35.048447],[3792,1481,-85.4141,35.048489],[3815,1490,-85.414022,35.048478],[3840,1492,-85.413943,35.048457],[3865,1499,-85.413864,35.048435],[3890,1502,-85.413784,35.048413],[3915,1506,-85.413705,35.048392],[3940,1509,-85.413625,35.04837],[3965,1509,-85.413546,35.048348],[3990,1510,-85.413467,35.048327],[4015,1508,-85.413387,35.048305],[4040,1506,-85.413308,35.048283],[4065,1504,-85.413228,35.048262],[4090,1500,-85.413149,35.04824],[4115,1503,-85.413069,35.048218],[4140,1508,-85.41299,35.048197],[4164,1509,-85.412918,35.048167],[4189,1513,-85.41287,35.048111],[4214,1516,-85.412822,35.048054],[4239,1515,-85.412775,35.047998],[4264,1514,-85.412727,35.047942],[4289,1510,-85.412679,35.047886],[4314,1507,-85.412631,35.047829],[4338,1503,-85.412582,35.047778],[4363,1495,-85.412514,35.047817],[4388,1491,-85.412445,35.047857],[4413,1487,-85.412377,35.047896],[4438,1485,-85.412308,35.047936],[4463,1487,-85.41224,35.047975],[4488,1490,-85.412172,35.048015],[4513,1490,-85.412103,35.048054],[4538,1490,-85.412035,35.048093],[4562,1494,-85.411957,35.048112],[4587,1497,-85.411874,35.048117],[4612,1500,-85.41179,35.048122],[4637,1501,-85.411707,35.048127],[4662,1499,-85.411623,35.048131],[4687,1499,-85.41154,35.048136],[4712,1499,-85.411456,35.048141],[4737,1497,-85.411374,35.048141],[4762,1498,-85.411297,35.048114],[4787,1498,-85.41122,35.048087],[4812,1495,-85.411143,35.04806],[4837,1495,-85.411066,35.048032],[4862,1494,-85.41099,35.048005],[4887,1493,-85.410913,35.047978],[4912,1494,-85.410836,35.047951],[4937,1496,-85.410759,35.047924],[4962,1498,-85.410682,35.047896],[4987,1502,-85.410605,35.047869],[5010,1508,-85.410533,35.047893],[5035,1510,-85.410462,35.047928],[5060,1514,-85.41039,35.047964],[5085,1516,-85.410319,35.048],[5110,1516,-85.410248,35.048036],[5135,1516,-85.410177,35.048072],[5160,1516,-85.410105,35.048108],[5185,1513,-85.410034,35.048144],[5210,1514,-85.409951,35.048153],[5235,1514,-85.409868,35.048162],[5260,1510,-85.409785,35.04817],[5285,1509,-85.409702,35.048179],[5310,1507,-85.409619,35.048187],[5335,1504,-85.409536,35.048196],[5360,1495,-85.409453,35.048204],[5385,1491,-85.40937,35.048213],[5410,1487,-85.409287,35.048221],[5435,1484,-85.409204,35.04823],[5460,1476,-85.409121,35.048238],[5485,1477,-85.409038,35.048247],[5509,1474,-85.408964,35.048274],[5534,1478,-85.408898,35.048316],[5559,1479,-85.408831,35.048358],[5584,1482,-85.408765,35.0484],[5608,1483,-85.408692,35.048426],[5633,1486,-85.408609,35.048426],[5658,1487,-85.408525,35.048426],[5683,1486,-85.408441,35.048426],[5706,1490,-85.40837,35.048401],[5731,1493,-85.408309,35.048354],[5756,1496,-85.408248,35.048307],[5781,1502,-85.408188,35.048259],[5806,1500,-85.408127,35.048212],[5831,1501,-85.408067,35.048165],[5856,1502,-85.408006,35.048117],[5879,1502,-85.407956,35.04807],[5904,1510,-85.408006,35.048015],[5929,1514,-85.408057,35.047961],[5954,1521,-85.408108,35.047906],[5979,1524,-85.408158,35.047852],[6004,1528,