{"trail":"Tennessee Riverwalk","distance":1545,"gain":15,"loss":11,"min":668,"max":682,"profile":[[0,678,-85.327377,35.01325],[25,677,-85.327402,35.013184],[50,676,-85.327427,35.013119],[75,675,-85.327452,35.013053],[100,673,-85.327476,35.012988],[125,671,-85.327501,35.012923],[150,669,-85.327526,35.012857],[175,668,-85.327551,35.012792],[200,668,-85.327575,35.012726],[225,669,-85.3276,35.012661],[250,669,-85.327625,35.012595],[275,669,-85.32765,35.01253],[300,670,-85.327674,35.012464],[325,671,-85.327699,35.012399],[350,673,-85.327724,35.012333],[375,673,-85.327749,35.012268],[400,674,-85.327773,35.012202],[425,674,-85.327798,35.012137],[450,674,-85.327823,35.012072],[475,674,-85.327848,35.012006],[500,674,-85.327872,35.011941],[525,675,-85.327897,35.011875],[550,675,-85.327922,35.01181],[575,676,-85.327947,35.011744],[600,675,-85.327971,35.011679],[625,676,-85.327996,35.011613],[650,676,-85.328021,35.011548],[675,676,-85.328046,35.011482],[700,676,-85.32807,35.011417],[725,676,-85.328095,35.011351],[750,676,-85.32812,35.011286],[775,676,-85.328145,35.011221],[800,676,-85.328169,35.011155],[825,676,-85.328194,35.01109],[850,676,-85.328219,35.011024],[875,677,-85.328244,35.010959],[900,677,-85.328268,35.010893],[925,677,-85.328293,35.010828],[950,677,-85.328318,35.010762],[975,677,-85.328343,35.010697],[1000,677,-85.328367,35.010631],[1025,677,-85.328392,35.010566],[1050,677,-85.328407,35.010499],[1075,678,-85.328407,35.010431],[1100,678,-85.328407,35.010362],[1125,678,-85.328407,35.010294],[1150,678,-85.328407,35.010225],[1175,679,-85.328407,35.010157],[1200,679,-85.328361,35.0101],[1225,679,-85.328314,35.010043],[1250,679,-85.328268,35.009986],[1275,680,-85.328222,35.009929],[1300,680,-85.328175,35.009872],[1325,680,-85.328129,35.009815],[1350,680,-85.328082,35.009758],[1374,680,-85.328062,35.009694],[1399,681,-85.328059,35.009625],[1424,681,-85.328056,35.009557],[1449,681,-85.328054,35.009488],[1474,682,-85.328051,35.00942],[1499,682,-85.328048,35.009351],[1524,682,-85.328045,35.009283],[1545,682,-85.328043,35.009225]]}