{"trail":"The Goat","distance":1435,"gain":0,"loss":223,"min":3826,"max":4055,"profile":[[0,4065,-121.302011,44.253422],[40,4061,-121.301962,44.253527],[63,4054,-121.301911,44.253576],[81,4054,-121.301859,44.253608],[112,4047,-121.301744,44.253626],[135,4047,-121.301699,44.253682],[153,4040,-121.301695,44.253731],[179,4033,-121.301626,44.253781],[219,4026,-121.301512,44.253853],[243,4019,-121.301478,44.253915],[290,4007,-121.301391,44.254027],[316,4002,-121.301305,44.254067],[332,4003,-121.301248,44.254081],[357,3998,-121.301228,44.254148],[384,3993,-121.301247,44.254221],[410,3988,-121.30132,44.25427],[429,3980,-121.30137,44.254306],[452,3973,-121.301376,44.254371],[472,3973,-121.301344,44.25442],[508,3965,-121.301284,44.254507],[538,3964,-121.301196,44.254562],[561,3966,-121.301131,44.254602],[575,3961,-121.30112,44.254641],[605,3952,-121.301194,44.254704],[628,3946,-121.301219,44.254765],[656,3936,-121.301253,44.254835],[683,3931,-121.301264,44.254911],[718,3924,-121.301231,44.255003],[756,3920,-121.301155,44.255092],[786,3907,-121.301098,44.255165],[829,3904,-121.300974,44.255238],[887,3891,-121.300838,44.255365],[925,3885,-121.300722,44.255428],[946,3885,-121.300659,44.255462],[976,3874,-121.300648,44.255545],[1024,3865,-121.300731,44.255661],[1055,3859,-121.300787,44.255738],[1085,3854,-121.300718,44.255803],[1145,3843,-121.300618,44.255952],[1193,3834,-121.300475,44.256031],[1256,3836,-121.300237,44.256069],[1289,3829,-121.300185,44.25615],[1305,3829,-121.300144,44.256184],[1333,3827,-121.300049,44.256217],[1363,3826,-121.299951,44.256262],[1388,3824,-121.29989,44.256313],[1435,3819,-121.299744,44.256389]]}