{"trail":"The Saddle","distance":2516,"gain":0,"loss":400,"min":3401,"max":3808,"profile":[[0,3823,-121.299832,44.256247],[50,3817,-121.299688,44.256155],[96,3812,-121.299607,44.256045],[130,3807,-121.299477,44.256039],[171,3799,-121.299322,44.256022],[252,3788,-121.299038,44.255928],[364,3767,-121.298615,44.255893],[448,3761,-121.298346,44.255765],[503,3742,-121.298135,44.255771],[576,3728,-121.297891,44.255672],[639,3722,-121.297672,44.255602],[680,3710,-121.297517,44.255597],[704,3704,-121.297436,44.255631],[773,3687,-121.297176,44.255614],[811,3676,-121.297029,44.25562],[853,3665,-121.296981,44.25573],[926,3647,-121.296704,44.25573],[1044,3628,-121.296289,44.255602],[1083,3622,-121.296176,44.255532],[1158,3609,-121.295899,44.255474],[1233,3593,-121.295623,44.255416],[1302,3581,-121.295395,44.255323],[1379,3566,-121.29511,44.255265],[1452,3557,-121.294891,44.255142],[1510,3543,-121.294671,44.255113],[1594,3535,-121.294387,44.255008],[1672,3523,-121.294119,44.254913],[1728,3517,-121.293951,44.254817],[1776,3510,-121.29378,44.254772],[1811,3507,-121.293673,44.254715],[1864,3505,-121.293597,44.254579],[1945,3492,-121.293429,44.254393],[2006,3484,-121.293293,44.254257],[2050,3472,-121.293223,44.254146],[2090,3464,-121.293191,44.254039],[2112,3456,-121.293147,44.253989],[2136,3452,-121.293061,44.253962],[2170,3449,-121.292931,44.253969],[2197,3444,-121.292836,44.253994],[2209,3444,-121.292798,44.254012],[2218,3444,-121.292764,44.254012],[2243,3436,-121.292694,44.253962],[2280,3428,-121.292618,44.253878],[2306,3421,-121.292564,44.253817],[2340,3414,-121.292469,44.253755],[2356,3409,-121.292406,44.253751],[2380,3404,-121.292317,44.253735],[2404,3404,-121.292269,44.253681],[2440,3401,-121.292203,44.253592],[2464,3401,-121.292162,44.253533],[2484,3399,-121.292111,44.253492],[2516,3396,-121.292003,44.253456]]}