{"trail":"Thrasher","distance":1935,"gain":9,"loss":284,"min":1115,"max":1390,"profile":[[0,1390,-85.312765,35.141546],[25,1383,-85.3127,35.141503],[50,1379,-85.312636,35.141459],[75,1377,-85.312651,35.141391],[100,1378,-85.312667,35.141324],[125,1374,-85.312682,35.141257],[150,1368,-85.312698,35.141189],[168,1365,-85.312644,35.141212],[193,1367,-85.312577,35.141253],[218,1363,-85.31251,35.141294],[243,1361,-85.312443,35.141336],[268,1355,-85.312376,35.141377],[293,1348,-85.312309,35.141418],[317,1346,-85.312253,35.141467],[342,1342,-85.312212,35.141526],[367,1338,-85.312171,35.141586],[392,1334,-85.312129,35.141646],[417,1330,-85.312088,35.141705],[442,1328,-85.312047,35.141765],[467,1327,-85.312005,35.141825],[492,1327,-85.311964,35.141884],[517,1326,-85.311923,35.141944],[541,1324,-85.311858,35.141979],[566,1320,-85.311778,35.141999],[591,1315,-85.311698,35.142019],[614,1312,-85.31167,35.141959],[639,1311,-85.311647,35.141893],[664,1308,-85.311624,35.141827],[689,1307,-85.311601,35.141762],[714,1303,-85.311577,35.141696],[739,1301,-85.311554,35.14163],[764,1298,-85.311531,35.141564],[789,1296,-85.311508,35.141498],[814,1291,-85.311484,35.141432],[839,1290,-85.311461,35.141366],[864,1286,-85.311438,35.141301],[889,1285,-85.311415,35.141235],[914,1282,-85.311391,35.141169],[937,1279,-85.311365,35.141111],[962,1276,-85.311299,35.141153],[987,1271,-85.311233,35.141195],[1012,1269,-85.311167,35.141237],[1037,1264,-85.311101,35.14128],[1062,1262,-85.311035,35.141322],[1087,1256,-85.310969,35.141364],[1112,1253,-85.310903,35.141406],[1136,1246,-85.310847,35.141457],[1161,1244,-85.310799,35.141512],[1186,1241,-85.31075,35.141568],[1211,1238,-85.310701,35.141624],[1236,1234,-85.310653,35.14168],[1261,1230,-85.310604,35.141735],[1286,1226,-85.310555,35.141791],[1311,1218,-85.310507,35.141847],[1336,1213,-85.310458,35.141903],[1354,1208,-85.310415,35.141868],[1379,1203,-85.310373,35.141809],[1404,1199,-85.310332,35.141749],[1429,1195,-85.31029,35.14169],[1454,1191,-85.310248,35.14163],[1479,1187,-85.310207,35.141571],[1504,1183,-85.310165,35.141511],[1529,1177,-85.310124,35.141452],[1551,1180,-85.310128,35.141394],[1576,1181,-85.310175,35.141337],[1601,1183,-85.310221,35.14128],[1624,1181,-85.310224,35.141214],[1649,1179,-85.310212,35.141147],[1674,1172,-85.3102,35.141079],[1699,1169,-85.310188,35.141011],[1724,1165,-85.310176,35.140943],[1743,1159,-85.310141,35.140899],[1768,1150,-85.310058,35.140906],[1793,1141,-85.309975,35.140913],[1818,1134,-85.309906,35.140949],[1843,1131,-85.309843,35.140994],[1868,1124,-85.30978,35.141039],[1893,1122,-85.309717,35.141084],[1918,1120,-85.309654,35.141129],[1935,1115,-85.30961,35.14116]]}