{"trail":"Tiddlywinks (Upper)","distance":13999,"gain":212,"loss":53,"min":5343,"max":5516,"profile":[[0,5386,-121.531324,43.973419],[71,5385,-121.531214,43.973242],[158,5380,-121.531057,43.973031],[191,5376,-121.530981,43.972958],[213,5372,-121.530898,43.972953],[235,5369,-121.530818,43.972972],[256,5365,-121.530757,43.973009],[298,5366,-121.530717,43.973121],[316,5364,-121.530662,43.973151],[338,5363,-121.530583,43.973163],[358,5363,-121.530505,43.973153],[370,5362,-121.530473,43.973131],[384,5362,-121.530449,43.973098],[494,5371,-121.530195,43.972858],[530,5370,-121.530075,43.972811],[555,5373,-121.529983,43.972792],[598,5373,-121.529818,43.97279],[625,5371,-121.529715,43.972784],[663,5370,-121.529577,43.972758],[722,5367,-121.529349,43.972768],[797,5369,-121.529111,43.972658],[832,5368,-121.52898,43.972637],[950,5367,-121.528533,43.972617],[968,5367,-121.528464,43.972609],[1052,5368,-121.528155,43.972674],[1079,5369,-121.528053,43.972669],[1093,5370,-121.528001,43.972662],[1134,5370,-121.527853,43.972632],[1155,5371,-121.527776,43.972649],[1231,5369,-121.527517,43.972744],[1249,5369,-121.527456,43.972768],[1269,5368,-121.527384,43.972777],[1288,5368,-121.527313,43.972765],[1347,5368,-121.527097,43.972719],[1364,5368,-121.527032,43.972716],[1419,5365,-121.52683,43.972759],[1501,5363,-121.526517,43.97275],[1598,5361,-121.526179,43.972853],[1678,5361,-121.52588,43.972894],[1722,5361,-121.525751,43.972973],[1790,5361,-121.525564,43.973101],[1821,5361,-121.525475,43.973157],[1854,5361,-121.52536,43.973194],[1877,5362,-121.525276,43.973213],[1906,5363,-121.525166,43.973215],[1921,5363,-121.525111,43.973209],[1930,5364,-121.525083,43.973196],[1970,5364,-121.525016,43.973097],[1978,5365,-121.524993,43.973079],[1990,5365,-121.524951,43.973068],[2043,5371,-121.52475,43.973086],[2058,5371,-121.524704,43.973063],[2080,5373,-121.524657,43.973014],[2106,5373,-121.52465,43.972944],[2121,5373,-121.524618,43.972908],[2144,5376,-121.524546,43.972871],[2177,5378,-121.524422,43.972867],[2259,5384,-121.524147,43.972974],[2277,5384,-121.52408,43.972988],[2294,5385,-121.524017,43.972982],[2312,5386,-121.523955,43.972964],[2334,5387,-121.523883,43.972931],[2361,5387,-121.523811,43.972879],[2371,5388,-121.523774,43.972869],[2391,5390,-121.523705,43.972843],[2412,5391,-121.523631,43.972861],[2425,5391,-121.523582,43.972863],[2462,5392,-121.523457,43.97291],[2502,5392,-121.523309,43.97293],[2578,5394,-121.523051,43.973025],[2607,5396,-121.522943,43.973042],[2668,5397,-121.522708,43.973026],[2701,5398,-121.522585,43.97304],[2725,5397,-121.522506,43.973073],[2753,5396,-121.522434,43.97313],[2779,5396,-121.522391,43.973192],[2882,5392,-121.522308,43.973468],[2961,5389,-121.522197,43.973669],[3020,5387,-121.522118,43.973822],[3049,5386,-121.522068,43.973893],[3091,5385,-121.521949,43.973969],[3126,5383,-121.521822,43.973998],[3164,5384,-121.521691,43.973951],[3181,5384,-121.521627,43.973946],[3205,5384,-121.521542,43.973969],[3305,5380,-121.521241,43.974138],[3359,5380,-121.521037,43.974154],[3463,5375,-121.520726,43.974332],[3569,5369,-121.520354,43.974439],[3599,5368,-121.520246,43.974466],[3621,5367,-121.520162,43.974466],[3688,5365,-121.519919,43.974411],[3754,5363,-121.519677,43.974355],[3820,5362,-121.519431,43.974328],[3881,5363,-121.519218,43.974262],[3963,5363,-121.518903,43.974261],[4028,5363,-121.518655,43.974256],[4104,5362,-121.518386,43.974328],[4144,5362,-121.518231,43.974325],[4170,5362,-121.518134,43.974311],[4196,5363,-121.51805,43.974278],[4251,5364,-121.517906,43.974167],[4300,5365,-121.517746,43.974097],[4380,5361,-121.517442,43.974115],[4416,5362,-121.51731,43.974094],[4467,5360,-121.517114,43.974102],[4506,5361,-121.516971,43.974072],[4569,5359,-121.516732,43.974072],[4639,5358,-121.516493,43.973985],[4714,5354,-121.516208,43.973979],[4731,5354,-121.51615,43.97396],[4767,5353,-121.516034,43.97391],[4837,5352,-121.515849,43.973771],[4907,5350,-121.515664,43.973632],[4970,5348,-121.515487,43.973517],[5019,5346,-121.515361,43.973418],[5061,5347,-121.515358,43.973302],[5163,5349,-121.515333,43.973024],[5191,5350,-121.515326,43.972945],[5213,5350,-121.515363,43.972893],[5317,5356,-121.515557,43.972642],[5333,5358,-121.515592,43.972606],[5411,5359,-121.515614,43.972394],[5489,5361,-121.515637,43.972181],[5532,5363,-121.515637,43.972062],[5543,5363,-121.515631,43.972032],[5589,5361,-121.515506,43.971946],[5659,5356,-121.515286,43.971838],[5718,5353,-121.51513,43.97172],[5816,5348,-121.514806,43.971588],[5858,5344,-121.514686,43.971511],[5904,5343,-121.5146,43.971403],[5962,5342,-121.514565,43.971246],[6027,5341,-121.514564,43.971066],[6115,5340,-121.514603,43.970828],[6144,5340,-121.514591,43.970749],[6228,5339,-121.51451,43.970525],[6313,5342,-121.514428,43.970301],[6356,5345,-121.514411,43.970183],[6424,5351,-121.514448,43.97],[6448,5354,-121.514465,43.969933],[6479,5356,-121.514487,43.969851],[6503,5358,-121.514466,43.969786],[6523,5356,-121.514421,43.969744],[6605,5350,-121.514158,43.969622],[6652,5346,-121.514024,43.969535],[6673,5347,-121.514002,43.969481],[6727,5352,-121.51401,43.969332],[6831,5363,-121.514034,43.969046],[6890,5369,-121.514079,43.968889],[6980,5379,-121.514215,43.968662],[7054,5384,-121.514233,43.96846],[7107,5388,-121.514312,43.968325],[7120,5389,-121.514309,43.968291],[7211,5392,-121.51429,43.968041],[7233,5391,-121.514271,43.967983],[7249,5391,-121.514234,43.967948],[7299,5387,-121.514085,43.967864],[7312,5387,-121.514054,43.967835],[7350,5385,-121.513989,43.967743],[7388,5385,-121.513995,43.967638],[7428,5387,-121.51404,43.967533],[7487,5387,-121.514049,43.967371],[7535,5391,-121.514114,43.96725],[7604,5392,-121.514179,43.967066],[7679,5400,-121.514289,43.966876],[7705,5402,-121.51429,43.966806],[7746,5400,-121.51424,43.966697],[7822,5396,-121.514099,43.966518],[7873,5396,-121.514041,43.966382],[7947,5396,-121.514037,43.966179],[8022,5394,-121.514033,43.965976],[8050,5393,-121.514025,43.965898],[8066,5392,-121.514066,43.965865],[8087,5395,-121.514139,43.965842],[8107,5399,-121.514213,43.965846],[8143,5403,-121.514315,43.965911],[8156,5403,-121.514365,43.965912],[8197,5409,-121.51452,43.965887],[8231,5415,-121.514639,43.965922],[8254,5418,-121.514721,43.965943],[8274,5418,-121.514796,43.965938],[8290,5421,-121.514814,43.965895],[8327,5422,-121.51489,43.96581],[8389,5423,-121.514978,43.965654],[8457,5423,-121.515057,43.965475],[8548,5419,-121.515221,43.965255],[8665,5423,-121.515535,43.965027],[8746,5425,-121.515686,43.964835],[8827,5427,-121.515837,43.964642],[8858,5426,-121.515891,43.964566],[8885,5427,-121.515971,43.964517],[8966,5430,-121.516223,43.964389],[9014,5434,-121.516356,43.9643],[9037,5432,-121.516409,43.964249],[9062,5435,-121.516456,43.964191],[9083,5434,-121.516501,43.964144],[9107,5434,-121.516507,43.964076],[9107,5434,-121.516507,43.964076],[9128,5440,-121.516521,43.964021],[9141,5440,-121.516535,43.963986],[9164,5441,-121.516576,43.963932],[9189,5446,-121.516647,43.963886],[9228,5453,-121.516782,43.963842],[9273,5457,-121.516953,43.963857],[9318,5463,-121.517122,43.963835],[9373,5464,-121.517319,43.96389],[9420,5465,-121.517494,43.963862],[9501,5465,-121.517791,43.963916],[9599,5467,-121.518164,43.963939],[9631,5468,-121.518285,43.963933],[9650,5468,-121.518354,43.963919],[9685,5469,-121.518462,43.963862],[9702,5471,-121.518518,43.963841],[9786,5472,-121.518836,43.963813],[9811,5474,-121.518902,43.963763],[9831,5475,-121.518914,43.96371],[9850,5477,-121.518888,43.963659],[9880,5478,-121.518835,43.963587],[9943,5479,-121.518629,43.963501],[9998,5482,-121.518536,43.963365],[10042,5483,-121.518382,43.963317],[10053,5483,-121.518353,43.963296],[10064,5485,-121.518335,43.963267],[10105,5490,-121.518329,43.963156],[10116,5490,-121.518301,43.963135],[10147,5493,-121.518196,43.963096],[10195,5497,-121.51807,43.962997],[10278,5502,-121.517784,43.962906],[10310,5501,-121.517676,43.962864],[10320,5504,-121.51765,43.962842],[10338,5507,-121.517634,43.962795],[10378,5509,-121.517579,43.962694],[10403,5511,-121.517529,