{"trail":"Tiddlywinks (Lower)","distance":20043,"gain":431,"loss":594,"min":4548,"max":5540,"profile":[[0,5165,-121.495932,43.967402],[15,5165,-121.495915,43.967442],[33,5162,-121.495863,43.967472],[50,5161,-121.495833,43.967514],[72,5158,-121.495763,43.967546],[148,5152,-121.495576,43.967706],[186,5148,-121.495481,43.967785],[218,5146,-121.495392,43.967845],[246,5145,-121.495295,43.967877],[271,5142,-121.4952,43.967869],[317,5134,-121.495028,43.967855],[354,5130,-121.49489,43.967831],[405,5120,-121.494696,43.967821],[435,5117,-121.494584,43.967833],[458,5114,-121.494497,43.967825],[523,5103,-121.494252,43.967849],[568,5098,-121.494089,43.96789],[674,5091,-121.49375,43.96805],[736,5091,-121.493605,43.968183],[822,5082,-121.493322,43.968299],[907,5077,-121.49304,43.968416],[982,5073,-121.492783,43.968502],[1063,5069,-121.492508,43.968606],[1107,5065,-121.492385,43.968687],[1140,5062,-121.492306,43.968758],[1233,5056,-121.492114,43.968973],[1326,5051,-121.491923,43.969188],[1438,5042,-121.491632,43.96941],[1546,5037,-121.491557,43.969701],[1639,5025,-121.49136,43.969912],[1699,5023,-121.491308,43.970074],[1769,5016,-121.491195,43.970247],[1783,5012,-121.491166,43.970279],[1794,5012,-121.491128,43.970295],[1816,5010,-121.491053,43.97032],[1898,4999,-121.490742,43.970336],[1923,4996,-121.490651,43.970359],[1967,4991,-121.490527,43.97044],[2011,4986,-121.49037,43.970485],[2051,4981,-121.490226,43.970517],[2091,4975,-121.490075,43.970532],[2122,4973,-121.48996,43.97051],[2157,4970,-121.489861,43.970448],[2221,4967,-121.489777,43.970284],[2241,4969,-121.489745,43.970233],[2258,4966,-121.489688,43.970211],[2276,4968,-121.489618,43.970203],[2293,4964,-121.489561,43.97022],[2311,4964,-121.489503,43.970247],[2339,4961,-121.489463,43.97032],[2445,4954,-121.489388,43.970604],[2463,4953,-121.489348,43.970645],[2472,4953,-121.489317,43.970655],[2478,4950,-121.489295,43.970655],[2492,4950,-121.489245,43.970641],[2528,4948,-121.489144,43.970574],[2569,4947,-121.489012,43.970512],[2648,4947,-121.488745,43.970416],[2677,4946,-121.488633,43.970405],[2693,4944,-121.488579,43.970419],[2706,4944,-121.488558,43.970452],[2739,4935,-121.488526,43.970541],[2797,4930,-121.48846,43.970693],[2825,4925,-121.488477,43.970767],[2875,4926,-121.488571,43.970887],[2903,4925,-121.488572,43.970965],[2935,4921,-121.488519,43.971044],[2950,4920,-121.488521,43.971084],[2972,4921,-121.488549,43.97114],[3042,4922,-121.488728,43.971282],[3052,4922,-121.488737,43.971309],[3062,4920,-121.488727,43.971335],[3079,4918,-121.488685,43.971371],[3094,4918,-121.488628,43.971379],[3114,4915,-121.488562,43.971354],[3167,4911,-121.488394,43.97127],[3195,4909,-121.488295,43.971246],[3285,4897,-121.487955,43.971199],[3350,4898,-121.487769,43.971083],[3395,4900,-121.487646,43.970996],[3438,4900,-121.487546,43.970905],[3506,4899,-121.487424,43.970741],[3573,4894,-121.487302,43.970577],[3641,4896,-121.48718,43.970413],[3709,4901,-121.487058,43.970249],[3738,4900,-121.486967,43.970205],[3794,4895,-121.486789,43.970121],[3817,4892,-121.486709,43.970092],[3878,4887,-121.48648,43.970094],[3934,4881,-121.486274,43.970049],[3958,4878,-121.486181,43.970051],[3977,4876,-121.486119,43.970078],[4000,4874,-121.486057,43.97012],[4033,4870,-121.486022,43.970207],[4110,4865,-121.485975,43.970417],[4188,4861,-121.485929,43.970627],[4214,4861,-121.485889,43.970692],[4234,4860,-121.485827,43.970724],[4276,4856,-121.485695,43.97079],[4333,4854,-121.485573,43.970918],[4358,4853,-121.485477,43.970932],[4401,4850,-121.48532,43.970903],[4453,4849,-121.485121,43.970907],[4507,4848,-121.484937,43.970838],[4519,4849,-121.484891,43.970836],[4585,4854,-121.484651,43.970879],[4598,4854,-121.4846,43.970874],[4657,4857,-121.484427,43.970769],[4709,4855,-121.484305,43.970659],[4735,4852,-121.484211,43.970638],[4764,4853,-121.484097,43.970637],[4817,4858,-121.483898,43.970655],[4845,4857,-121.483808,43.970698],[4883,4864,-121.483706,43.970769],[4934,4867,-121.48366,43.970907],[4980,4866,-121.483611,43.971027],[5018,4866,-121.483619,43.97113],[5050,4865,-121.483577,43.971213],[5167,4859,-121.483468,43.971523],[5181,4859,-121.483458,43.971562],[5198,4857,-121.483408,43.971592],[5228,4857,-121.483303,43.971628],[5310,4855,-121.483099,43.971798],[5328,4854,-121.48306,43.971838],[5345,4853,-121.48306,43.971883],[5363,4853,-121.483102,43.971922],[5386,4851,-121.48319,43.971936],[5427,4847,-121.483345,43.971947],[5455,4848,-121.483447,43.971933],[5467,4846,-121.483496,43.971933],[5538,4841,-121.483746,43.972001],[5579,4840,-121.483901,43.971978],[5595,4840,-121.483963,43.971977],[5610,4839,-121.484016,43.971983],[5639,4836,-121.484094,43.972043],[5662,4832,-121.484115,43.972104],[5694,4827,-121.48409,43.97219],[5730,4824,-121.484015,43.97227],[5750,4824,-121.483951,43.972301],[5808,4821,-121.483748,43.972361],[5897,4811,-121.483522,43.972545],[5981,4811,-121.483218,43.972612],[6055,4805,-121.482997,43.972741],[6136,4798,-121.482731,43.972851],[6205,4793,-121.482477,43.972901],[6274,4787,-121.482223,43.972951],[6367,4776,-121.481874,43.972993],[6415,4775,-121.481692,43.973009],[6455,4774,-121.481541,43.972998],[6494,4781,-121.481398,43.972973],[6570,4784,-121.481125,43.972899],[6647,4785,-121.480851,43.972825],[6722,4785,-121.480572,43.972786],[6797,4775,-121.480292,43.972747],[6887,4764,-121.479948,43.972729],[6939,4759,-121.479757,43.972694],[7063,4753,-121.47936,43.972508],[7096,4751,-121.479296,43.972432],[7166,4747,-121.479221,43.972246],[7232,4745,-121.479063,43.972106],[7249,4744,-121.479003,43.972093],[7267,4744,-121.478934,43.972102],[7267,4684,-121.475499,43.97344],[7338,4681,-121.47524,43.973495],[7427,4675,-121.47493,43.973594],[7539,4668,-121.474515,43.97367],[7618,4668,-121.474293,43.973814],[7672,4663,-121.474112,43.973883],[7714,4662,-121.474007,43.97397],[7752,4664,-121.473925,43.974058],[7793,4662,-121.473812,43.974135],[7842,4657,-121.473651,43.9742],[7888,4656,-121.473573,43.974313],[7916,4656,-121.473534,43.974385],[7995,4655,-121.47347,43.974598],[8075,4654,-121.473407,43.974812],[8175,4653,-121.473407,43.975087],[8237,4656,-121.473465,43.97525],[8275,4657,-121.473447,43.975354],[8307,4655,-121.473408,43.975437],[8382,4653,-121.473277,43.975621],[8440,4650,-121.473101,43.975717],[8477,4646,-121.472979,43.975765],[8518,4644,-121.472878,43.975852],[8577,4640,-121.472755,43.975985],[8660,4632,-121.472539,43.976154],[8680,4630,-121.472473,43.976179],[8725,4628,-121.472305,43.976199],[8748,4626,-121.472217,43.976208],[8808,4622,-121.472067,43.976331],[8880,4618,-121.4718,43.976377],[8917,4614,-121.471675,43.976426],[9009,4608,-121.471391,43.976576],[9044,4607,-121.471266,43.976604],[9097,4605,-121.471065,43.976623],[9128,4603,-121.470947,43.976606],[9176,4598,-121.470788,43.976547],[9213,4592,-121.470646,43.976563],[9251,4590,-121.47051,43.976591],[9319,4578,-121.470249,43.976592],[9355,4573,-121.470116,43.976617],[9405,4567,-121.469962,43.976697],[9439,4565,-121.469875,43.976765],[9469,4565,-121.469827,43.976839],[9497,4566,-121.469841,43.976918],[9562,4567,-121.469944,43.977077],[9588,4566,-121.469947,43.977148],[9646,4559,-121.46983,43.977284],[9692,4553,-121.469708,43.977375],[9750,4549,-121.469513,43.977451],[9795,4549,-121.469377,43.977524],[9877,4549,-121.469169,43.977695],[9960,4546,-121.468962,43.977866],[10043,4548,-121.468754,43.978037],[10081,4549,-121.468639,43.9781],[10127,4548,-121.468475,43.978147],[10171,4547,-121.468337,43.978211],[10171,5165,-121.495932,43.967402],[10185,5165,-121.495971,43.967376],[10196,5168,-121.496001,43.967355],[10207,5168,-121.496042,43.967346],[10224,5168,-121.496086,43.967311],[10239,5172,-121.496138,43.967294],[10266,5174,-121.496236,43.967315],[10299,5182,-121.496363,43.967303],[10345,5185,-121.496536,43.967306],[10401,5184,-121.496724,43.96738],[10475,5188,-121.496999,43.967348],[10531,5191,-121.497197,43.967286],[10589,5195,-121.497392,43.967216],[10688,5197,-121.497771,43.967219],[10776,5200,-121.498101,43.967175],[10850,5200,-121.498381,43.967184],[10903,5205,-121.498582,43.96721],