{"trail":"Timpanogas Lake","distance":4769,"gain":0,"loss":0,"min":5282,"max":5290,"profile":[[0,5284,-122.116535,43.413607],[90,5282,-122.11621,43.413533],[155,5282,-122.115969,43.413566],[187,5282,-122.115853,43.413546],[269,5280,-122.115547,43.413516],[354,5283,-122.115227,43.413532],[392,5283,-122.115086,43.413553],[458,5283,-122.114839,43.413581],[525,5285,-122.114591,43.41361],[591,5283,-122.114344,43.413639],[633,5284,-122.114192,43.413671],[757,5281,-122.113725,43.413692],[799,5282,-122.113568,43.413671],[846,5282,-122.113393,43.413647],[897,5282,-122.113202,43.413647],[971,5284,-122.112924,43.413661],[1045,5282,-122.112645,43.413675],[1093,5282,-122.112465,43.413663],[1158,5282,-122.112223,43.413626],[1221,5285,-122.111998,43.413569],[1278,5284,-122.111796,43.413516],[1363,5285,-122.111537,43.413381],[1492,5285,-122.111177,43.413144],[1557,5288,-122.111031,43.413001],[1627,5287,-122.110919,43.412826],[1719,5286,-122.110806,43.412589],[1809,5288,-122.110727,43.412348],[1923,5292,-122.110694,43.412037],[1989,5292,-122.110697,43.411856],[2055,5293,-122.110701,43.411675],[2121,5295,-122.110705,43.411494],[2202,5291,-122.110761,43.411275],[2283,5287,-122.110817,43.411057],[2344,5287,-122.11091,43.410903],[2412,5289,-122.110942,43.410718],[2480,5286,-122.11106,43.410554],[2542,5285,-122.111157,43.4104],[2575,5287,-122.111227,43.410322],[2615,5287,-122.111353,43.410266],[2660,5284,-122.111524,43.410262],[2712,5284,-122.111693,43.41019],[2750,5282,-122.11183,43.410165],[2815,5282,-122.112034,43.410061],[2874,5285,-122.112165,43.409933],[2930,5286,-122.112283,43.409804],[2966,5293,-122.112332,43.409712],[3009,5297,-122.112474,43.409656],[3054,5293,-122.112645,43.409663],[3094,5290,-122.112763,43.409729],[3135,5289,-122.112865,43.409815],[3190,5286,-122.112865,43.409964],[3247,5282,-122.113037,43.410059],[3321,5285,-122.113286,43.41015],[3368,5286,-122.113455,43.41019],[3452,5288,-122.11377,43.410211],[3532,5289,-122.114074,43.41019],[3577,5290,-122.114239,43.410167],[3634,5295,-122.114422,43.410087],[3634,5284,-122.116557,43.410989],[3704,5284,-122.11667,43.411165],[3775,5284,-122.116784,43.411341],[3846,5284,-122.116898,43.411516],[3931,5285,-122.117125,43.41168],[4030,5285,-122.117324,43.41191],[4100,5286,-122.117448,43.412078],[4137,5285,-122.117463,43.412179],[4201,5285,-122.117492,43.412354],[4259,5285,-122.117433,43.412506],[4333,5286,-122.117414,43.412709],[4399,5286,-122.117404,43.41289],[4473,5286,-122.117254,43.41306],[4513,5287,-122.117211,43.413167],[4562,5288,-122.117176,43.413298],[4645,5285,-122.116948,43.413455],[4691,5284,-122.116784,43.413496],[4731,5284,-122.11665,43.413547],[4769,5284,-122.116535,43.413607]]}