{"trail":"Tire Mountain","distance":27521,"gain":1420,"loss":266,"min":2787,"max":4071,"profile":[[0,2767,-122.561725,43.842094],[34,2774,-122.561612,43.842048],[123,2786,-122.561309,43.84194],[229,2796,-122.561068,43.841708],[302,2799,-122.560951,43.841526],[375,2803,-122.560835,43.841345],[448,2801,-122.560718,43.841163],[521,2802,-122.560601,43.840981],[602,2807,-122.560558,43.84076],[684,2817,-122.560515,43.84054],[752,2811,-122.560349,43.840395],[821,2802,-122.560183,43.84025],[890,2798,-122.560017,43.840104],[958,2797,-122.55985,43.839959],[1024,2799,-122.559653,43.839848],[1090,2802,-122.559457,43.839738],[1155,2812,-122.55926,43.839627],[1278,2813,-122.558799,43.83958],[1359,2813,-122.558509,43.839503],[1479,2814,-122.558198,43.839263],[1545,2814,-122.558069,43.839108],[1611,2807,-122.557941,43.838953],[1667,2812,-122.55779,43.838845],[1718,2818,-122.557597,43.838845],[1840,2825,-122.557168,43.838977],[1925,2819,-122.556905,43.839112],[2010,2816,-122.556642,43.839247],[2118,2832,-122.556281,43.839386],[2225,2851,-122.555992,43.839594],[2300,2859,-122.555773,43.839724],[2409,2884,-122.555408,43.839866],[2438,2893,-122.55532,43.839913],[2505,2887,-122.555148,43.84005],[2573,2888,-122.554976,43.840186],[2640,2890,-122.554804,43.840322],[2707,2890,-122.554632,43.840459],[2774,2878,-122.55446,43.840596],[2842,2872,-122.554288,43.840732],[2913,2863,-122.554083,43.840862],[2985,2851,-122.553878,43.840991],[3017,2848,-122.553774,43.841038],[3072,2852,-122.553579,43.841088],[3104,2843,-122.553458,43.841104],[3136,2845,-122.553337,43.841097],[3225,2855,-122.553011,43.841029],[3304,2873,-122.552734,43.84095],[3382,2876,-122.552458,43.84087],[3506,2892,-122.552052,43.840698],[3574,2904,-122.551853,43.840578],[3646,2913,-122.551696,43.840418],[3772,2948,-122.551474,43.840112],[3808,2963,-122.551388,43.840036],[3869,2961,-122.551206,43.839932],[3938,2963,-122.550976,43.839838],[4008,2949,-122.550746,43.839744],[4107,2932,-122.55039,43.839653],[4192,2908,-122.550097,43.839558],[4229,2907,-122.549958,43.839536],[4254,2900,-122.549868,43.839557],[4280,2902,-122.549788,43.839599],[4375,2883,-122.54952,43.839772],[4485,2902,-122.549251,43.840004],[4568,2921,-122.549075,43.840194],[4652,2932,-122.548899,43.840383],[4735,2937,-122.548723,43.840573],[4790,2949,-122.548625,43.840706],[4869,2936,-122.548512,43.840908],[4918,2939,-122.548396,43.841012],[4960,2953,-122.548274,43.841086],[5055,2959,-122.547962,43.841216],[5149,2968,-122.54765,43.841346],[5203,2980,-122.547457,43.841393],[5264,2984,-122.547228,43.841418],[5375,3007,-122.546806,43.841415],[5453,3021,-122.546514,43.841387],[5535,3020,-122.546202,43.841387],[5616,3018,-122.545891,43.841388],[5675,3011,-122.54567,43.84137],[5707,3009,-122.545552,43.841344],[5781,3028,-122.545296,43.841263],[5855,3034,-122.54504,43.841182],[5928,3040,-122.544784,43.841101],[5999,3058,-122.544544,43.841013],[6070,3062,-122.544305,43.840924],[6141,3078,-122.544065,43.840836],[6211,3082,-122.543825,43.840748],[6286,3076,-122.543552,43.84069],[6361,3077,-122.543279,43.840632],[6483,3073,-122.542824,43.840564],[6538,3082,-122.54263,43.840513],[6596,3087,-122.542433,43.84044],[6673,3108,-122.542211,43.840303],[6750,3124,-122.541988,43.840166],[6827,3157,-122.541766,43.840029],[6893,3160,-122.54154,43.839952],[6958,3164,-122.541314,43.839876],[6990,3159,-122.541195,43.839863],[7059,3145,-122.540937,43.839897],[7128,3117,-122.540679,43.83993],[7226,3102,-122.540305,43.839931],[7295,3117,-122.540048,43.839904],[7370,3132,-122.539763,43.839901],[7446,3141,-122.539472,43.839906],[7517,3117,-122.53924,43.840006],[7632,3122,-122.538808,43.840049],[7721,3147,-122.538472,43.84008],[7810,3159,-122.538136,43.840111],[7880,3172,-122.537873,43.840123],[7949,3181,-122.537611,43.840134],[8018,3190,-122.537348,43.840146],[8100,3199,-122.537043,43.840187],[8181,3217,-122.536738,43.840227],[8271,3227,-122.536411,43.840297],[8366,3239,-122.536054,43.840334],[8393,3241,-122.535953,43.840333],[8430,3245,-122.535825,43.840288],[8466,3255,-122.535711,43.840235],[8488,3265,-122.535629,43.840222],[8512,3267,-122.535548,43.840191],[8526,3276,-122.535562,43.840156],[8574,3272,-122.535735,43.840114],[8642,3273,-122.535976,43.840046],[8734,3289,-122.536218,43.839864],[8777,3303,-122.536325,43.839775],[8803,3312,-122.536352,43.839705],[8833,3316,-122.536245,43.839675],[8926,3328,-122.535896,43.839713],[8993,3327,-122.535656,43.839776],[9093,3322,-122.535287,43.839833],[9121,3323,-122.535179,43.839826],[9187,3335,-122.534936,43.839784],[9253,3342,-122.534692,43.839742],[9328,3351,-122.534406,43.839745],[9384,3362,-122.534198,43.839719],[9411,3361,-122.534094,43.839727],[9448,3349,-122.533989,43.839795],[9519,3344,-122.533844,43.839959],[9558,3343,-122.533734,43.84003],[9654,3348,-122.533412,43.840155],[9684,3340,-122.533305,43.840175],[9793,3335,-122.532948,43.840331],[9820,3340,-122.532851,43.840307],[9845,3347,-122.532843,43.84024],[9932,3367,-122.533088,43.84008],[9963,3371,-122.533156,43.840009],[10001,3377,-122.53304,43.83995],[10029,3379,-122.532938,43.83997],[10060,3375,-122.532844,43.840023],[10093,3371,-122.532727,43.840055],[10127,3372,-122.532601,43.840079],[10194,3373,-122.532348,43.840106],[10261,3385,-122.532096,43.840134],[10289,3392,-122.532007,43.840096],[10316,3397,-122.531998,43.840022],[10382,3403,-122.53215,43.839877],[10448,3415,-122.532302,43.839732],[10521,3431,-122.532479,43.839579],[10574,3438,-122.532621,43.839478],[10642,3433,-122.532844,43.839381],[10662,3441,-122.532857,43.839328],[10679,3454,-122.53282,43.83929],[10700,3458,-122.532739,43.839284],[10726,3454,-122.532645,43.839308],[10777,3462,-122.532462,43.839349],[10865,3468,-122.532127,43.83937],[10907,3472,-122.531971,43.839389],[11029,3466,-122.531564,43.839552],[11063,3482,-122.531438,43.839532],[11094,3487,-122.53132,43.83954],[11109,3491,-122.531282,43.839512],[11169,3495,-122.531397,43.839367],[11264,3512,-122.53161,43.839159],[11320,3515,-122.5318,43.839089],[11371,3532,-122.531888,43.838965],[11466,3562,-122.53206,43.838736],[11544,3569,-122.532278,43.838592],[11621,3576,-122.532497,43.838448],[11661,3582,-122.532618,43.838386],[11689,3592,-122.532608,43.838309],[11728,3598,-122.532463,43.838328],[11787,3595,-122.532277,43.838418],[11891,3590,-122.531916,43.838534],[11916,3593,-122.531823,43.83855],[11993,3586,-122.531554,43.838635],[12108,3585,-122.531162,43.838777],[12160,3591,-122.530977,43.838822],[12227,3610,-122.530723,43.838847],[12297,3622,-122.530459,43.838822],[12368,3635,-122.530194,43.838798],[12438,3636,-122.52993,43.838773],[12480,3636,-122.529778,43.838739],[12554,3668,-122.529566,43.838605],[12628,3692,-122.529354,43.83847],[12654,3691,-122.529266,43.838436],[12698,3701,-122.5291,43.838424],[12726,3688,-122.529005,43.838459],[12752,3677,-122.528933,43.838508],[12824,3678,-122.528756,43.838657],[12896,3672,-122.528589,43.838812],[13023,3686,-122.528345,43.839114],[13070,3694,-122.528299,43.839237],[13124,3718,-122.528198,43.839366],[13150,3719,-122.528133,43.839419],[13164,3729,-122.52808,43.83941],[13183,3729,-122.528031,43.839372],[13236,3723,-122.52808,43.839231],[13296,3717,-122.528109,43.839069],[13369,3712,-122.52803,43.838876],[13443,3732,-122.527952,43.838682],[13487,3750,-122.527873,43.838575],[13538,3757,-122.527985,43.838462],[13609,3761,-122.52813,43.838296],[13675,3740,-122.528377,43.838276],[13773,3779,-122.528538,43.838031],[13859,3794,-122.528824,43.837919],[13903,3790,-122.528985,43.837884],[13988,3785,-122.529307,43.83788],[14049,3779,-122.529538,43.837895],[14100,3774,-122.529731,43.837875],[14196,3782,-122.530071,43.837783],[14274,3781,-122.530357,43.837726],[14352,3792,-122.530643,43.837669],[14407,3802,-122.530832,43.837608],[14505,3817,-122.531149,43.837465],[14571,3834,-122.531363,43.837372],[14636,3840,-122.531576,43.837279],[14756,3846,-122.532006,43.837168],[14805,3852,-122.532144,43.837078],[14882,3862,-122.531857,43.837111],[14958,3860,-122.531569,43.837143],[15035,3866,-122.531282,43.837176],[15111,3860,-122.530995,