{"trail":"Torino Hill","distance":2602,"gain":49,"loss":158,"min":2116,"max":2225,"profile":[[0,2225,-85.440888,34.847568],[25,2223,-85.440956,34.847528],[50,2222,-85.441024,34.847489],[69,2222,-85.440986,34.847447],[94,2222,-85.44092,34.847405],[119,2222,-85.440854,34.847364],[144,2224,-85.440788,34.847322],[168,2222,-85.440746,34.847266],[193,2221,-85.440723,34.847201],[218,2220,-85.440699,34.847135],[243,2217,-85.440675,34.847069],[268,2216,-85.440651,34.847004],[293,2216,-85.440592,34.846955],[318,2216,-85.440533,34.846907],[343,2216,-85.440474,34.846858],[368,2215,-85.440415,34.84681],[393,2215,-85.440356,34.846761],[418,2214,-85.440297,34.846713],[443,2210,-85.440238,34.846664],[467,2208,-85.440188,34.846611],[492,2203,-85.440152,34.846549],[517,2198,-85.440116,34.846487],[542,2195,-85.44008,34.846425],[567,2190,-85.440044,34.846363],[592,2188,-85.440008,34.846302],[617,2187,-85.439972,34.84624],[642,2189,-85.439905,34.846202],[667,2193,-85.439832,34.846168],[692,2196,-85.43976,34.846134],[717,2196,-85.439687,34.8461],[742,2197,-85.439614,34.846066],[767,2198,-85.439542,34.846033],[792,2198,-85.439469,34.845999],[817,2196,-85.439396,34.845965],[842,2197,-85.439324,34.845931],[867,2198,-85.439242,34.845943],[892,2198,-85.43916,34.845955],[917,2201,-85.439078,34.845968],[942,2200,-85.438995,34.84598],[967,2197,-85.438913,34.845993],[992,2199,-85.438831,34.846005],[1017,2196,-85.438749,34.846018],[1039,2190,-85.438761,34.845957],[1064,2184,-85.438782,34.845891],[1089,2179,-85.438802,34.845824],[1112,2177,-85.438859,34.845779],[1137,2176,-85.438929,34.845742],[1162,2173,-85.438999,34.845705],[1187,2170,-85.439069,34.845667],[1212,2167,-85.439139,34.84563],[1237,2164,-85.439209,34.845592],[1262,2162,-85.439279,34.845555],[1287,2158,-85.439348,34.845517],[1312,2154,-85.439418,34.84548],[1337,2151,-85.439488,34.845442],[1362,2151,-85.439558,34.845405],[1387,2149,-85.439628,34.845368],[1412,2149,-85.439698,34.84533],[1437,2149,-85.439768,34.845293],[1459,2148,-85.439785,34.845236],[1484,2145,-85.439772,34.845169],[1509,2142,-85.439758,34.845101],[1534,2139,-85.439744,34.845034],[1559,2136,-85.439731,34.844966],[1581,2136,-85.439794,34.844998],[1606,2135,-85.439863,34.845037],[1631,2137,-85.439932,34.845076],[1656,2138,-85.440001,34.845115],[1681,2140,-85.44007,34.845154],[1706,2142,-85.440099,34.845217],[1731,2143,-85.440127,34.845282],[1756,2144,-85.440154,34.845346],[1781,2143,-85.440182,34.845411],[1806,2142,-85.44021,34.845476],[1830,2141,-85.440256,34.845529],[1855,2140,-85.440321,34.845572],[1880,2140,-85.440387,34.845615],[1905,2140,-85.440452,34.845658],[1930,2137,-85.440517,34.845701],[1955,2137,-85.440582,34.845743],[1980,2134,-85.440647,34.845786],[2005,2134,-85.440713,34.845829],[2030,2132,-85.440778,34.845872],[2055,2134,-85.440843,34.845915],[2080,2137,-85.440908,34.845958],[2105,2140,-85.440973,34.846],[2130,2142,-85.44105,34.845974],[2155,2142,-85.441126,34.845946],[2180,2143,-85.441203,34.845919],[2205,2143,-85.441279,34.845891],[2229,2142,-85.441358,34.845885],[2254,2143,-85.44144,34.845899],[2279,2141,-85.441522,34.845914],[2304,2137,-85.441603,34.845928],[2329,2139,-85.441685,34.845943],[2354,2135,-85.441766,34.845957],[2379,2135,-85.441848,34.845972],[2404,2130,-85.44193,34.845986],[2429,2125,-85.442011,34.846001],[2454,2131,-85.442093,34.846015],[2477,2126,-85.442166,34.84599],[2502,2125,-85.442237,34.845954],[2527,2125,-85.442307,34.845917],[2552,2122,-85.442378,34.845881],[2577,2120,-85.442448,34.845844],[2602,2116,-85.442519,34.845807],[2602,2116,-85.442519,34.845807]]}