{"trail":"Tower","distance":2229,"gain":74,"loss":146,"min":901,"max":1002,"profile":[[0,973,-85.059607,35.051272],[25,974,-85.059525,35.051258],[50,974,-85.059443,35.051244],[75,976,-85.059361,35.05123],[100,971,-85.059279,35.051216],[125,970,-85.059197,35.051202],[150,970,-85.059115,35.051188],[175,970,-85.059033,35.051174],[197,975,-85.05897,35.051141],[222,977,-85.058936,35.051078],[247,973,-85.058901,35.051016],[272,973,-85.058866,35.050954],[297,972,-85.058831,35.050892],[322,968,-85.058796,35.050829],[347,967,-85.058761,35.050767],[368,965,-85.058695,35.05075],[393,967,-85.058612,35.050757],[418,972,-85.058529,35.050765],[443,972,-85.058446,35.050772],[468,974,-85.058363,35.05078],[493,975,-85.058294,35.05074],[518,975,-85.058226,35.050701],[543,978,-85.058157,35.050661],[568,978,-85.058089,35.050622],[593,974,-85.058021,35.050582],[616,977,-85.057945,35.050583],[641,982,-85.057865,35.050605],[666,985,-85.057786,35.050627],[691,982,-85.057707,35.050648],[716,981,-85.057627,35.05067],[740,977,-85.057567,35.050715],[765,981,-85.057511,35.050766],[790,981,-85.057455,35.050817],[815,985,-85.057399,35.050869],[840,984,-85.057343,35.05092],[865,988,-85.057288,35.050971],[882,992,-85.057238,35.050992],[907,990,-85.057203,35.050929],[932,988,-85.057169,35.050867],[957,990,-85.057134,35.050804],[982,985,-85.0571,35.050742],[1007,984,-85.057066,35.050679],[1031,986,-85.057012,35.050628],[1056,988,-85.056948,35.050584],[1081,988,-85.056884,35.05054],[1106,990,-85.05682,35.050496],[1131,990,-85.056756,35.050452],[1156,990,-85.056692,35.050408],[1181,990,-85.056628,35.050364],[1206,992,-85.056564,35.05032],[1231,994,-85.056496,35.050281],[1256,994,-85.056418,35.050256],[1281,995,-85.05634,35.050231],[1306,998,-85.056262,35.050207],[1331,999,-85.056184,35.050182],[1356,999,-85.056106,35.050157],[1381,1001,-85.056028,35.050132],[1406,1000,-85.05595,35.050107],[1431,999,-85.055872,35.050082],[1456,998,-85.055794,35.050058],[1480,999,-85.055715,35.050051],[1505,1002,-85.055637,35.050076],[1530,1002,-85.055559,35.0501],[1555,999,-85.055481,35.050125],[1577,996,-85.055423,35.050087],[1602,990,-85.055371,35.050034],[1627,986,-85.055318,35.049981],[1652,983,-85.055265,35.049928],[1677,978,-85.055212,35.049874],[1697,973,-85.055207,35.049817],[1722,969,-85.055247,35.049757],[1747,962,-85.055286,35.049696],[1772,954,-85.055325,35.049636],[1796,949,-85.055372,35.049584],[1821,950,-85.055455,35.049579],[1846,950,-85.055539,35.049574],[1871,950,-85.055622,35.049569],[1896,944,-85.055706,35.049564],[1921,943,-85.055789,35.049559],[1946,940,-85.055873,35.049554],[1971,938,-85.055956,35.049549],[1996,935,-85.05604,35.049544],[2021,931,-85.056123,35.049539],[2046,928,-85.056207,35.049534],[2071,920,-85.05629,35.049529],[2096,917,-85.056374,35.049524],[2121,914,-85.056457,35.049519],[2146,911,-85.056541,35.049514],[2171,909,-85.056624,35.049509],[2196,906,-85.056708,35.049504],[2221,903,-85.056791,35.049499],[2229,901,-85.056818,35.049497]]}