{"trail":"Trail 2","distance":3168,"gain":0,"loss":668,"min":3368,"max":4044,"profile":[[0,4063,-121.3024,44.253041],[21,4050,-121.302342,44.253002],[58,4043,-121.302297,44.252905],[92,4044,-121.302368,44.252827],[115,4038,-121.302393,44.252767],[142,4025,-121.302323,44.252712],[208,4001,-121.302143,44.252583],[234,3989,-121.302143,44.252514],[254,3983,-121.302079,44.252482],[299,3970,-121.301912,44.25251],[349,3955,-121.301719,44.252505],[426,3932,-121.30143,44.252468],[480,3918,-121.301224,44.252473],[522,3895,-121.301154,44.252367],[587,3864,-121.301083,44.252197],[643,3857,-121.301186,44.252063],[735,3820,-121.301115,44.251815],[777,3803,-121.300955,44.25181],[811,3792,-121.300897,44.251728],[839,3793,-121.300929,44.251654],[863,3784,-121.300884,44.251599],[908,3766,-121.30071,44.25159],[941,3757,-121.300614,44.25153],[965,3749,-121.300531,44.251502],[1035,3725,-121.300376,44.251346],[1109,3713,-121.300233,44.251171],[1189,3683,-121.299934,44.251129],[1238,3668,-121.299754,44.251086],[1294,3652,-121.299653,44.250952],[1344,3639,-121.299578,44.250826],[1384,3631,-121.299456,44.250759],[1457,3615,-121.299291,44.250598],[1494,3604,-121.299185,44.250533],[1526,3598,-121.299082,44.25048],[1547,3598,-121.299066,44.250426],[1575,3590,-121.298975,44.250383],[1591,3585,-121.298916,44.25038],[1636,3578,-121.298777,44.250307],[1656,3571,-121.298726,44.250265],[1687,3565,-121.29864,44.250205],[1716,3559,-121.298554,44.250157],[1736,3553,-121.298503,44.250116],[1746,3553,-121.298478,44.250095],[1756,3553,-121.29847,44.250069],[1772,3551,-121.298426,44.250037],[1825,3538,-121.298303,44.249921],[1839,3538,-121.298276,44.249889],[1848,3535,-121.298266,44.249864],[1861,3535,-121.298253,44.249829],[1876,3529,-121.298213,44.249803],[1891,3529,-121.298176,44.249772],[1904,3523,-121.298146,44.249743],[1914,3523,-121.298138,44.249716],[1926,3520,-121.298147,44.249682],[1952,3521,-121.29817,44.249613],[1959,3521,-121.298166,44.249594],[1971,3517,-121.298164,44.249561],[1992,3514,-121.298143,44.249507],[2008,3510,-121.298114,44.249466],[2025,3504,-121.298064,44.249437],[2047,3501,-121.297984,44.249421],[2071,3498,-121.297893,44.24941],[2101,3495,-121.297777,44.249405],[2120,3492,-121.297706,44.249395],[2137,3489,-121.297649,44.249372],[2149,3487,-121.297614,44.249351],[2162,3487,-121.297574,44.249331],[2179,3481,-121.297513,44.249317],[2213,3476,-121.297384,44.249308],[2237,3474,-121.297293,44.249302],[2253,3474,-121.297234,44.24929],[2268,3472,-121.297197,44.249258],[2276,3468,-121.297193,44.249234],[2286,3468,-121.297201,44.249208],[2295,3467,-121.297223,44.249188],[2306,3467,-121.297241,44.249162],[2317,3464,-121.297247,44.249132],[2332,3464,-121.297226,44.249095],[2348,3459,-121.297178,44.249066],[2381,3456,-121.297057,44.249039],[2408,3452,-121.296954,44.249044],[2437,3450,-121.296844,44.249043],[2454,3448,-121.296779,44.249032],[2467,3448,-121.296739,44.249014],[2479,3445,-121.296728,44.248981],[2489,3445,-121.296734,44.248955],[2499,3441,-121.296724,44.248927],[2515,3439,-121.296674,44.248906],[2547,3434,-121.296553,44.248883],[2599,3430,-121.296368,44.24883],[2633,3423,-121.296255,44.248787],[2651,3420,-121.296196,44.248759],[2662,3417,-121.296176,44.248734],[2691,3414,-121.296167,44.248654],[2722,3407,-121.296172,44.248568],[2739,3407,-121.296171,44.248523],[2751,3405,-121.296152,44.248494],[2775,3403,-121.296061,44.248478],[2795,3401,-121.295986,44.248465],[2811,3398,-121.295936,44.248442],[2831,3394,-121.295902,44.248391],[2851,3394,-121.295877,44.248341],[2872,3392,-121.295852,44.248285],[2887,3388,-121.295829,44.248247],[2902,3388,-121.29579,44.248218],[2929,3385,-121.295686,44.248225],[2960,3381,-121.295575,44.248258],[2991,3378,-121.295462,44.248272],[2999,3380,-121.29543,44.248278],[3019,3376,-121.295371,44.248244],[3045,3373,-121.295349,44.248173],[3071,3371,-121.295348,44.248104],[3103,3368,-121.295346,44.248015],[3133,3366,-121.295378,44.247935],[3142,3366,-121.295385,44.247911],[3168,3363,-121.295408,44.247841]]}