{"trail":"Trail 3","distance":4455,"gain":0,"loss":672,"min":3371,"max":4045,"profile":[[0,4060,-121.303894,44.251996],[20,4049,-121.303934,44.25195],[31,4049,-121.30395,44.251922],[51,4042,-121.303944,44.251867],[61,4036,-121.303951,44.251839],[79,4036,-121.303942,44.251792],[90,4031,-121.303975,44.251772],[110,4026,-121.304051,44.251758],[124,4021,-121.304102,44.25176],[136,4021,-121.304133,44.251735],[142,4021,-121.304142,44.25172],[152,4009,-121.304177,44.251706],[181,4009,-121.304272,44.251747],[196,4009,-121.304321,44.251767],[207,4002,-121.304357,44.251752],[217,4002,-121.304377,44.251728],[224,4002,-121.3044,44.251717],[233,3996,-121.304403,44.251693],[243,3996,-121.304403,44.251667],[252,3982,-121.304433,44.251654],[265,3988,-121.304475,44.251675],[274,3988,-121.304508,44.251679],[288,3981,-121.304557,44.251662],[300,3969,-121.304601,44.251652],[320,3974,-121.304678,44.251657],[345,3955,-121.30477,44.251646],[373,3947,-121.304859,44.2516],[385,3942,-121.304882,44.251573],[428,3931,-121.304883,44.251453],[455,3926,-121.304875,44.251379],[474,3922,-121.30488,44.251328],[508,3920,-121.304916,44.251239],[529,3910,-121.304975,44.251201],[549,3898,-121.305027,44.251159],[564,3898,-121.305041,44.251121],[591,3893,-121.305031,44.251046],[616,3898,-121.304998,44.250983],[633,3890,-121.304957,44.250944],[650,3889,-121.304911,44.250911],[664,3889,-121.304893,44.250876],[679,3881,-121.304908,44.250837],[691,3881,-121.304939,44.250814],[703,3872,-121.304941,44.25078],[716,3872,-121.304903,44.250755],[735,3879,-121.304836,44.250736],[762,3876,-121.304759,44.250689],[808,3867,-121.30465,44.250588],[820,3867,-121.304629,44.250558],[836,3861,-121.304626,44.250514],[869,3855,-121.304628,44.250425],[886,3849,-121.304618,44.250379],[932,3842,-121.304523,44.250271],[952,3839,-121.304508,44.25022],[978,3828,-121.304536,44.250149],[993,3828,-121.304574,44.250121],[1006,3821,-121.304572,44.250084],[1025,3814,-121.304578,44.250033],[1052,3807,-121.304564,44.24996],[1091,3795,-121.304508,44.249861],[1111,3795,-121.304444,44.249829],[1129,3797,-121.304377,44.249821],[1141,3789,-121.304341,44.249802],[1147,3792,-121.304331,44.249784],[1161,3789,-121.304374,44.249764],[1195,3780,-121.304477,44.249704],[1218,3770,-121.304523,44.249652],[1239,3761,-121.304577,44.249611],[1251,3759,-121.304608,44.249585],[1271,3750,-121.304674,44.24956],[1287,3748,-121.304736,44.249557],[1297,3744,-121.304773,44.249553],[1307,3744,-121.304801,44.249534],[1316,3744,-121.304795,44.249511],[1340,3740,-121.304737,44.249459],[1389,3727,-121.304678,44.249331],[1426,3714,-121.304622,44.249237],[1455,3711,-121.304531,44.249195],[1485,3717,-121.304441,44.249142],[1515,3714,-121.304346,44.249097],[1538,3719,-121.304265,44.249072],[1563,3721,-121.304171,44.249081],[1605,3716,-121.304015,44.249046],[1647,3707,-121.303864,44.24901],[1683,3704,-121.30373,44.248986],[1700,3704,-121.303684,44.248952],[1736,3692,-121.303554,44.248922],[1783,3684,-121.303424,44.248831],[1821,3670,-121.30335,44.248742],[1850,3662,-121.303288,44.248676],[1866,3662,-121.303231,44.248659],[1892,3660,-121.303136,44.248678],[1910,3660,-121.303075,44.248702],[1927,3660,-121.303014,44.248689],[1938,3660,-121.302988,44.248665],[1952,3652,-121.302967,44.248632],[1961,3652,-121.302979,44.248606],[1990,3653,-121.303085,44.248583],[2003,3645,-121.303114,44.248557],[2017,3636,-121.303118,44.248516],[2026,3636,-121.303097,44.248499],[2043,3635,-121.303041,44.248476],[2057,3627,-121.303008,44.248444],[2075,3618,-121.303018,44.248395],[2086,3618,-121.303052,44.248381],[2102,3620,-121.303114,44.248389],[2113,3622,-121.303157,44.248388],[2125,3622,-121.303185,44.248363],[2136,3615,-121.303187,44.248334],[2164,3605,-121.303125,44.24827],[2218,3596,-121.302959,44.248182],[2262,3591,-121.302843,44.248094],[2302,3584,-121.302713,44.248037],[2328,3583,-121.302615,44.248032],[2373,3579,-121.302443,44.248046],[2398,3577,-121.302348,44.248036],[2416,3577,-121.302283,44.248055],[2436,3575,-121.30221,44.248043],[2463,3570,-121.302107,44.248043],[2477,3570,-121.30206,44.248064],[2511,3560,-121.301942,44.248022],[2557,3556,-121.301784,44.247972],[2635,3549,-121.301484,44.247986],[2701,3547,-121.301241,44.248034],[2768,3539,-121.300988,44.248056],[2830,3539,-121.300757,44.248103],[2873,3538,-121.300617,44.248161],[2894,3533,-121.300538,44.248167],[2911,3526,-121.300485,44.248135],[2927,3521,-121.300447,44.248103],[2942,3514,-121.300456,44.248064],[2964,3512,-121.300489,44.248007],[2973,3512,-121.300494,44.247982],[2982,3502,-121.300476,44.247962],[3015,3498,-121.300351,44.24795],[3027,3498,-121.300309,44.247936],[3040,3494,-121.300264,44.247916],[3059,3486,-121.300203,44.247891],[3070,3486,-121.30016,44.247884],[3091,3485,-121.300087,44.247905],[3130,3484,-121.299994,44.247987],[3161,3482,-121.29989,44.248032],[3185,3475,-121.299808,44.248061],[3200,3468,-121.299751,44.248065],[3239,3458,-121.299624,44.248011],[3271,3447,-121.299514,44.247967],[3291,3443,-121.299443,44.247981],[3316,3440,-121.299354,44.24801],[3351,3437,-121.299222,44.247992],[3367,3435,-121.299163,44.247996],[3394,3433,-121.299067,44.248027],[3462,3426,-121.298808,44.248025],[3511,3421,-121.29862,44.248007],[3552,3419,-121.298473,44.248043],[3600,3415,-121.298292,44.248065],[3640,3410,-121.29814,44.248045],[3679,3405,-121.298011,44.247992],[3718,3401,-121.297867,44.247969],[3767,3399,-121.297685,44.247936],[3787,3399,-121.297617,44.247913],[3811,3397,-121.297556,44.247861],[3844,3390,-121.297509,44.247778],[3868,3390,-121.297427,44.247751],[3882,3391,-121.297375,44.247739],[3908,3388,-121.297295,44.247696],[3928,3388,-121.297222,44.247685],[3962,3387,-121.297097,44.247717],[4003,3393,-121.296972,44.247782],[4048,3391,-121.296805,44.247818],[4082,3389,-121.296678,44.24783],[4126,3387,-121.296513,44.247804],[4170,3383,-121.296361,44.247754],[4201,3379,-121.296239,44.247748],[4220,3378,-121.296177,44.247727],[4261,3373,-121.296027,44.247687],[4307,3372,-121.295878,44.247751],[4341,3373,-121.295794,44.247824],[4375,3374,-121.295685,44.247872],[4393,3371,-121.295619,44.247886],[4421,3369,-121.295511,44.247891],[4455,3366,-121.295385,44.247911]]}