{"trail":"Trail C","distance":1945,"gain":44,"loss":122,"min":1319,"max":1405,"profile":[[0,1405,-85.381193,34.920106],[25,1403,-85.381193,34.920038],[50,1400,-85.381193,34.919969],[75,1395,-85.381193,34.9199],[99,1390,-85.381201,34.919834],[124,1385,-85.381252,34.91978],[149,1381,-85.381304,34.919726],[174,1374,-85.381356,34.919672],[199,1369,-85.381407,34.919619],[222,1364,-85.381477,34.919596],[247,1361,-85.381561,34.919596],[272,1358,-85.381645,34.919596],[297,1355,-85.381728,34.919596],[322,1351,-85.381812,34.919596],[347,1348,-85.381895,34.919596],[372,1344,-85.381978,34.919605],[397,1343,-85.38206,34.919619],[422,1339,-85.382141,34.919634],[447,1338,-85.382223,34.919648],[472,1335,-85.382305,34.919662],[496,1331,-85.382378,34.919692],[521,1329,-85.382448,34.91973],[546,1328,-85.382517,34.919768],[571,1327,-85.382587,34.919806],[596,1324,-85.382656,34.919844],[621,1323,-85.382726,34.919882],[646,1323,-85.382795,34.91992],[671,1323,-85.382865,34.919958],[696,1325,-85.382935,34.919996],[721,1325,-85.383004,34.920034],[746,1332,-85.383074,34.920072],[771,1330,-85.383151,34.920095],[796,1333,-85.383233,34.920107],[821,1333,-85.383315,34.920119],[846,1332,-85.383398,34.92013],[871,1336,-85.38348,34.920142],[896,1333,-85.383562,34.920153],[921,1330,-85.383645,34.920165],[946,1330,-85.383727,34.920178],[971,1331,-85.383786,34.920226],[996,1332,-85.383845,34.920274],[1021,1334,-85.383904,34.920323],[1046,1335,-85.383963,34.920371],[1071,1336,-85.384022,34.92042],[1095,1335,-85.384056,34.920479],[1120,1333,-85.384072,34.920546],[1145,1335,-85.384088,34.920614],[1170,1337,-85.384103,34.920681],[1195,1335,-85.384119,34.920748],[1220,1335,-85.384135,34.920816],[1245,1334,-85.384151,34.920883],[1269,1334,-85.384121,34.920943],[1294,1336,-85.384077,34.921002],[1319,1338,-85.384034,34.921061],[1344,1341,-85.38399,34.921119],[1369,1338,-85.383947,34.921178],[1394,1334,-85.383904,34.921236],[1419,1334,-85.38386,34.921295],[1444,1327,-85.383817,34.921354],[1468,1329,-85.383763,34.921404],[1493,1327,-85.383693,34.92144],[1518,1326,-85.383622,34.921477],[1543,1324,-85.383551,34.921514],[1568,1323,-85.383481,34.92155],[1593,1323,-85.38341,34.921587],[1618,1322,-85.383339,34.921623],[1643,1321,-85.383269,34.92166],[1668,1320,-85.383198,34.921696],[1693,1320,-85.383127,34.921733],[1718,1319,-85.383056,34.921769],[1743,1320,-85.382986,34.921806],[1768,1319,-85.382915,34.921842],[1793,1319,-85.382844,34.921879],[1816,1320,-85.382769,34.921895],[1841,1321,-85.382687,34.92188],[1866,1321,-85.382606,34.921866],[1891,1322,-85.382524,34.921852],[1914,1323,-85.382478,34.921802],[1939,1327,-85.382445,34.921739],[1945,1327,-85.382438,34.921725]]}