{"trail":"Trail 1","distance":3495,"gain":0,"loss":677,"min":3359,"max":4038,"profile":[[0,4048,-121.301676,44.253366],[39,4041,-121.301571,44.253291],[53,4041,-121.301525,44.253272],[62,4034,-121.301518,44.253248],[75,4034,-121.301525,44.253213],[91,4028,-121.301527,44.253167],[104,4028,-121.301508,44.253135],[122,4016,-121.301441,44.253119],[144,4013,-121.301363,44.253096],[166,4001,-121.301296,44.253063],[192,3997,-121.301224,44.253012],[213,3987,-121.301166,44.252972],[226,3984,-121.301118,44.25297],[238,3982,-121.301076,44.252953],[249,3972,-121.301074,44.252923],[257,3972,-121.301067,44.252903],[271,3963,-121.301026,44.252877],[291,3961,-121.300956,44.252859],[302,3961,-121.300915,44.252847],[307,3959,-121.300897,44.252842],[317,3959,-121.30087,44.252826],[325,3951,-121.300864,44.252802],[336,3951,-121.300876,44.252774],[345,3944,-121.300898,44.252756],[352,3944,-121.300896,44.252736],[360,3944,-121.300871,44.252724],[377,3943,-121.300809,44.252715],[401,3935,-121.300723,44.252687],[431,3934,-121.300616,44.252663],[470,3925,-121.300477,44.252625],[488,3925,-121.300405,44.252622],[502,3923,-121.300353,44.252618],[533,3921,-121.300241,44.252589],[580,3909,-121.300076,44.252542],[596,3907,-121.300019,44.252519],[610,3898,-121.299985,44.252493],[623,3898,-121.299968,44.252458],[638,3886,-121.299933,44.252424],[668,3873,-121.299832,44.25239],[706,3869,-121.299693,44.252357],[724,3860,-121.299642,44.252325],[732,3858,-121.299615,44.252311],[783,3854,-121.299425,44.252288],[793,3854,-121.299384,44.252288],[806,3852,-121.29934,44.252276],[823,3844,-121.299287,44.252248],[835,3841,-121.299259,44.25222],[847,3831,-121.299251,44.252189],[855,3831,-121.299226,44.252176],[865,3828,-121.299189,44.252166],[891,3825,-121.299095,44.252149],[917,3811,-121.298996,44.25214],[926,3811,-121.298963,44.252133],[934,3811,-121.298963,44.25211],[949,3802,-121.298972,44.252071],[970,3794,-121.299011,44.252021],[989,3796,-121.299063,44.251984],[1009,3789,-121.299113,44.251942],[1022,3787,-121.2991,44.251906],[1038,3779,-121.299045,44.251887],[1058,3778,-121.298972,44.251874],[1090,3776,-121.29885,44.25187],[1106,3774,-121.298788,44.251873],[1114,3771,-121.29876,44.251881],[1123,3771,-121.298727,44.251875],[1132,3771,-121.298711,44.251852],[1148,3762,-121.29871,44.25181],[1164,3752,-121.298697,44.251765],[1171,3752,-121.298677,44.251755],[1184,3749,-121.298633,44.251739],[1193,3749,-121.298608,44.251719],[1201,3740,-121.298601,44.251698],[1218,3740,-121.298629,44.251655],[1227,3730,-121.298655,44.251643],[1240,3733,-121.2987,44.25163],[1253,3733,-121.29873,44.251598],[1279,3725,-121.29878,44.251539],[1298,3716,-121.298814,44.251491],[1322,3709,-121.298867,44.251437],[1334,3700,-121.298881,44.251408],[1352,3700,-121.298925,44.251369],[1368,3701,-121.298985,44.251353],[1397,3693,-121.299089,44.251326],[1406,3694,-121.299106,44.251305],[1413,3693,-121.299098,44.251286],[1423,3683,-121.299075,44.251267],[1438,3682,-121.299016,44.251262],[1447,3682,-121.298983,44.25126],[1456,3682,-121.298963,44.251239],[1465,3673,-121.298981,44.251217],[1474,3673,-121.299008,44.251202],[1483,3673,-121.299016,44.251178],[1494,3663,-121.298992,44.251153],[1513,3662,-121.298924,44.25114],[1536,3661,-121.298835,44.251141],[1551,3661,-121.298778,44.251139],[1563,3660,-121.298735,44.251126],[1571,3660,-121.298724,44.251105],[1581,3652,-121.298724,44.25108],[1595,3652,-121.298725,44.251041],[1604,3644,-121.298707,44.251018],[1616,3643,-121.298672,44.250998],[1627,3643,-121.298641,44.250979],[1636,3636,-121.29863,44.250954],[1646,3636,-121.298635,44.250927],[1653,3636,-121.298658,44.25092],[1666,3631,-121.298707,44.250906],[1685,3632,-121.298767,44.250878],[1723,3626,-121.2989,44.250835],[1764,3620,-121.29903,44.250772],[1793,3614,-121.299119,44.250727],[1809,3614,-121.299164,44.250697],[1818,3614,-121.299169,44.250672],[1839,3609,-121.299173,44.250616],[1855,3606,-121.299156,44.250573],[1869,3606,-121.299111,44.250554],[1894,3595,-121.299019,44.250528],[1912,3595,-121.298969,44.250497],[1939,3590,-121.298949,44.250424],[1957,3585,-121.298916,44.25038],[1982,3582,-121.298886,44.250316],[1997,3581,-121.298856,44.25028],[2024,3573,-121.298793,44.250221],[2045,3569,-121.298733,44.250182],[2061,3567,-121.298722,44.250139],[2079,3565,-121.298721,44.25009],[2098,3563,-121.298677,44.250048],[2114,3558,-121.298629,44.250021],[2159,3548,-121.298494,44.249946],[2190,3541,-121.298407,44.249888],[2228,3535,-121.298304,44.249813],[2254,3529,-121.298237,44.249759],[2274,3526,-121.298209,44.249709],[2296,3523,-121.298173,44.249655],[2311,3521,-121.29817,44.249613],[2331,3517,-121.298198,44.249564],[2357,3514,-121.298224,44.249494],[2379,3510,-121.298216,44.249435],[2413,3505,-121.29819,44.249344],[2455,3495,-121.298169,44.249228],[2520,3480,-121.298106,44.249056],[2556,3475,-121.298087,44.24896],[2581,3469,-121.298095,44.248891],[2605,3464,-121.298134,44.248831],[2629,3461,-121.298198,44.248784],[2659,3458,-121.298293,44.248736],[2688,3455,-121.298384,44.248693],[2712,3453,-121.298435,44.248639],[2727,3453,-121.298438,44.248598],[2753,3447,-121.298384,44.248538],[2797,3437,-121.298312,44.248429],[2869,3422,-121.298179,44.248256],[2940,3408,-121.298047,44.248084],[2962,3408,-121.298014,44.24803],[2976,3405,-121.298011,44.247992],[2992,3402,-121.298007,44.247947],[3018,3400,-121.298018,44.247878],[3046,3397,-121.298046,44.247802],[3062,3396,-121.298093,44.247776],[3084,3396,-121.29814,44.247724],[3111,3391,-121.298178,44.247655],[3176,3387,-121.298285,44.247494],[3212,3385,-121.298366,44.247417],[3238,3383,-121.298424,44.247357],[3265,3376,-121.298446,44.247285],[3308,3372,-121.298473,44.247168],[3340,3366,-121.298519,44.247089],[3359,3366,-121.298568,44.247048],[3389,3360,-121.298633,44.246981],[3418,3357,-121.298661,44.246904],[3441,3354,-121.298711,44.246851],[3495,3352,-121.298845,44.246741]]}