{"trail":"Trail A","distance":2712,"gain":168,"loss":142,"min":1282,"max":1347,"profile":[[0,1282,-85.373726,34.930943],[25,1288,-85.373647,34.93092],[50,1302,-85.373568,34.930897],[75,1314,-85.37349,34.930874],[98,1324,-85.373421,34.930843],[123,1326,-85.373399,34.930777],[148,1332,-85.373377,34.930711],[173,1333,-85.373366,34.930645],[198,1332,-85.373387,34.930578],[223,1335,-85.373407,34.930512],[248,1334,-85.373427,34.930445],[273,1338,-85.373447,34.930379],[298,1340,-85.373468,34.930312],[323,1341,-85.373488,34.930246],[348,1345,-85.373508,34.930179],[373,1345,-85.373528,34.930113],[398,1347,-85.373549,34.930047],[420,1344,-85.373614,34.930018],[445,1341,-85.373696,34.930005],[470,1341,-85.373778,34.929991],[495,1337,-85.37386,34.929977],[520,1331,-85.373941,34.929963],[545,1331,-85.374023,34.929949],[570,1327,-85.374105,34.929935],[594,1323,-85.374187,34.929926],[619,1320,-85.374266,34.929948],[644,1314,-85.374345,34.929969],[669,1313,-85.374425,34.929991],[694,1308,-85.374504,34.930013],[719,1303,-85.374583,34.930034],[744,1301,-85.374662,34.930056],[769,1297,-85.374742,34.930078],[794,1293,-85.374821,34.930099],[819,1293,-85.3749,34.930121],[844,1294,-85.374981,34.930133],[869,1294,-85.375065,34.930131],[894,1294,-85.375148,34.930129],[919,1294,-85.375232,34.930126],[944,1294,-85.375315,34.930124],[969,1294,-85.375399,34.930121],[994,1294,-85.375483,34.930119],[1019,1293,-85.375566,34.930117],[1044,1295,-85.375635,34.930079],[1069,1294,-85.375703,34.930039],[1094,1297,-85.375771,34.93],[1119,1298,-85.375839,34.92996],[1144,1307,-85.375907,34.92992],[1169,1307,-85.375975,34.92988],[1194,1311,-85.376043,34.92984],[1219,1305,-85.376111,34.9298],[1244,1301,-85.376179,34.929761],[1269,1301,-85.376247,34.929721],[1294,1297,-85.376315,34.929681],[1319,1301,-85.376369,34.929629],[1344,1299,-85.37642,34.929575],[1369,1302,-85.376472,34.929521],[1394,1299,-85.376524,34.929467],[1419,1302,-85.376576,34.929413],[1444,1307,-85.376628,34.92936],[1468,1305,-85.376693,34.929318],[1493,1306,-85.376764,34.929283],[1518,1302,-85.376836,34.929247],[1543,1299,-85.376907,34.929212],[1568,1300,-85.376979,34.929176],[1593,1299,-85.37705,34.929141],[1618,1298,-85.377122,34.929105],[1643,1298,-85.377193,34.92907],[1668,1297,-85.377265,34.929034],[1693,1294,-85.377336,34.928999],[1718,1296,-85.377408,34.928963],[1742,1295,-85.377466,34.92892],[1767,1294,-85.377491,34.928854],[1792,1293,-85.377515,34.928789],[1817,1296,-85.377539,34.928723],[1842,1295,-85.377564,34.928657],[1867,1299,-85.377588,34.928592],[1891,1298,-85.377606,34.928527],[1916,1302,-85.377573,34.928464],[1941,1307,-85.37754,34.928401],[1966,1307,-85.377507,34.928338],[1991,1312,-85.377475,34.928275],[2016,1318,-85.377442,34.928212],[2040,1319,-85.377423,34.928148],[2065,1318,-85.377447,34.928083],[2090,1310,-85.377472,34.928017],[2115,1307,-85.377496,34.927952],[2138,1305,-85.377464,34.927894],[2163,1316,-85.377413,34.92784],[2188,1322,-85.377362,34.927786],[2213,1325,-85.377311,34.927731],[2237,1330,-85.377284,34.92767],[2262,1329,-85.377278,34.927601],[2287,1328,-85.377271,34.927533],[2312,1327,-85.377265,34.927465],[2337,1326,-85.377258,34.927396],[2362,1325,-85.377251,34.927328],[2387,1331,-85.377245,34.92726],[2412,1331,-85.377238,34.927191],[2437,1332,-85.377232,34.927123],[2462,1332,-85.377225,34.927055],[2485,1329,-85.377271,34.927004],[2510,1321,-85.377334,34.926959],[2535,1317,-85.377398,34.926915],[2560,1311,-85.377461,34.92687],[2585,1311,-85.377524,34.926825],[2610,1310,-85.377588,34.92678],[2635,1306,-85.377651,34.926736],[2660,1306,-85.377714,34.926691],[2685,1307,-85.377778,34.926646],[2710,1308,-85.377841,34.926601],[2712,1308,-85.377846,34.926598]]}