{"trail":"Trestle","distance":7477,"gain":143,"loss":157,"min":2495,"max":2610,"profile":[[0,2492,-121.090472,44.63532],[36,2493,-121.090367,44.635256],[89,2494,-121.090218,44.635158],[137,2495,-121.090158,44.635032],[177,2496,-121.090149,44.634923],[201,2497,-121.090156,44.634858],[266,2500,-121.090175,44.634678],[369,2503,-121.090192,44.634399],[445,2507,-121.090186,44.634189],[522,2510,-121.090181,44.633978],[599,2513,-121.090176,44.633768],[675,2517,-121.09017,44.633558],[752,2522,-121.090165,44.633348],[823,2525,-121.090174,44.633153],[895,2528,-121.090184,44.632957],[966,2532,-121.090193,44.632762],[1037,2536,-121.090203,44.632567],[1108,2542,-121.090212,44.632371],[1180,2545,-121.090221,44.632176],[1268,2548,-121.09041,44.631975],[1335,2551,-121.090552,44.631822],[1402,2552,-121.090694,44.631669],[1469,2557,-121.090836,44.631516],[1535,2560,-121.090978,44.631363],[1602,2564,-121.09112,44.631211],[1669,2567,-121.091261,44.631058],[1736,2571,-121.091403,44.630905],[1803,2574,-121.091545,44.630752],[1872,2580,-121.091706,44.6306],[1942,2584,-121.091867,44.630448],[2009,2588,-121.091996,44.630288],[2076,2591,-121.092125,44.630127],[2144,2595,-121.092253,44.629967],[2211,2599,-121.092382,44.629806],[2278,2602,-121.092506,44.629646],[2344,2605,-121.09263,44.629487],[2411,2608,-121.092755,44.629327],[2476,2609,-121.092793,44.629151],[2559,2610,-121.092734,44.628926],[2616,2610,-121.092663,44.62878],[2641,2611,-121.092632,44.628713],[2662,2611,-121.092607,44.628658],[2684,2611,-121.092602,44.628599],[2710,2614,-121.092596,44.628528],[2749,2612,-121.092661,44.628431],[2826,2607,-121.092836,44.628261],[2910,2600,-121.093055,44.628091],[2942,2597,-121.093161,44.628047],[2966,2595,-121.093241,44.628014],[3058,2583,-121.093593,44.62801],[3092,2577,-121.093725,44.628015],[3158,2569,-121.09398,44.628026],[3225,2561,-121.094235,44.628036],[3291,2553,-121.094491,44.628047],[3361,2548,-121.09476,44.628046],[3481,2536,-121.095221,44.628033],[3512,2533,-121.095332,44.627999],[3545,2532,-121.095372,44.627913],[3569,2533,-121.09538,44.627847],[3654,2536,-121.095318,44.627621],[3738,2539,-121.095256,44.627394],[3822,2539,-121.095195,44.627167],[3889,2540,-121.09516,44.626986],[3926,2539,-121.095112,44.626892],[3994,2541,-121.094991,44.626726],[4026,2541,-121.094938,44.626646],[4054,2542,-121.094941,44.62657],[4080,2543,-121.094973,44.6265],[4169,2552,-121.095203,44.626321],[4239,2557,-121.09538,44.626177],[4308,2563,-121.095557,44.626034],[4378,2569,-121.095734,44.62589],[4448,2573,-121.09591,44.625746],[4518,2578,-121.096087,44.625602],[4611,2584,-121.096324,44.62541],[4704,2584,-121.096561,44.625217],[4799,2587,-121.096759,44.625],[4799,2604,-121.093153,44.629004],[4815,2605,-121.093173,44.629045],[4842,2606,-121.093183,44.62912],[4881,2607,-121.093173,44.629226],[4907,2607,-121.093139,44.629295],[4956,2607,-121.093062,44.629416],[4988,2606,-121.093043,44.629504],[5030,2605,-121.093049,44.629618],[5110,2601,-121.093049,44.629838],[5172,2597,-121.093101,44.630005],[5208,2596,-121.093108,44.630102],[5245,2595,-121.093153,44.630197],[5296,2593,-121.093258,44.630316],[5322,2592,-121.093264,44.630387],[5357,2591,-121.093206,44.630473],[5393,2590,-121.093098,44.630538],[5432,2587,-121.093007,44.630624],[5472,2585,-121.092909,44.630707],[5497,2584,-121.092893,44.630775],[5526,2583,-121.092922,44.630851],[5572,2582,-121.093023,44.630955],[5611,2582,-121.093144,44.63102],[5627,2581,-121.09317,44.63106],[5642,2581,-121.093144,44.631097],[5659,2579,-121.093092,44.631124],[5720,2576,-121.09288,44.631194],[5805,2571,-121.092593,44.631308],[5869,2567,-121.092391,44.631409],[5896,2566,-121.092349,44.631477],[5933,2565,-121.092388,44.631574],[5967,2564,-121.09246,44.631653],[6022,2562,-121.09258,44.631776],[6058,2561,-121.092629,44.631868],[6084,2560,-121.092632,44.63194],[6108,2558,-121.09257,44.631987],[6148,2556,-121.092437,44.632045],[6207,2553,-121.092229,44.632105],[6255,2551,-121.092085,44.632188],[6300,2547,-121.091972,44.632284],[6320,2546,-121.091939,44.632332],[6359,2545,-121.091942,44.632439],[6417,2543,-121.091988,44.632594],[6468,2542,-121.092014,44.632733],[6510,2539,-121.091942,44.632837],[6542,2537,-121.091844,44.632888],[6576,2536,-121.09174,44.632948],[6619,2533,-121.091633,44.633037],[6644,2532,-121.091626,44.633106],[6664,2531,-121.091649,44.633157],[6728,2530,-121.091782,44.633303],[6755,2529,-121.091782,44.633377],[6801,2527,-121.09174,44.6335],[6823,2526,-121.091763,44.63356],[6855,2525,-121.091838,44.633628],[6906,2523,-121.091971,44.633732],[6942,2523,-121.091997,44.633829],[6982,2519,-121.091945,44.633931],[7051,2515,-121.091844,44.634105],[7101,2512,-121.091789,44.634237],[7130,2510,-121.091795,44.634317],[7173,2509,-121.091845,44.634428],[7205,2508,-121.091837,44.634516],[7238,2505,-121.091754,44.634584],[7272,2504,-121.091647,44.63464],[7312,2502,-121.091573,44.634736],[7348,2501,-121.091441,44.634769],[7383,2501,-121.091319,44.634729],[7402,2501,-121.091247,44.63473],[7434,2500,-121.091139,44.634772],[7477,2499,-121.090996,44.634829]]}