{"trail":"Tumalo Creek","distance":13533,"gain":41,"loss":196,"min":4757,"max":4937,"profile":[[0,4917,-121.559576,44.027352],[28,4920,-121.559471,44.027365],[79,4914,-121.559334,44.027463],[105,4916,-121.559243,44.027493],[170,4920,-121.558993,44.027496],[255,4923,-121.558677,44.02745],[353,4938,-121.558305,44.027434],[438,4933,-121.558006,44.027523],[523,4946,-121.557683,44.027541],[555,4942,-121.557565,44.02757],[660,4941,-121.557243,44.027739],[752,4933,-121.556992,44.027915],[843,4932,-121.556699,44.028051],[915,4933,-121.556438,44.028113],[968,4939,-121.556238,44.028116],[1001,4934,-121.556121,44.028147],[1066,4935,-121.555906,44.028237],[1085,4927,-121.555854,44.028275],[1151,4915,-121.555742,44.028436],[1184,4916,-121.555649,44.028496],[1236,4915,-121.555481,44.028573],[1269,4922,-121.555365,44.028607],[1321,4931,-121.555166,44.028618],[1412,4942,-121.554855,44.02873],[1543,4931,-121.554456,44.028946],[1642,4930,-121.554113,44.029054],[1680,4936,-121.553986,44.029108],[1739,4924,-121.553817,44.029214],[1779,4917,-121.553682,44.029261],[1824,4912,-121.553538,44.029331],[1902,4916,-121.553248,44.029375],[1986,4921,-121.552945,44.029453],[2104,4939,-121.552536,44.029585],[2235,4925,-121.552168,44.029828],[2314,4914,-121.551977,44.029994],[2399,4918,-121.551709,44.030125],[2445,4922,-121.551585,44.030214],[2477,4919,-121.551483,44.030265],[2529,4919,-121.551288,44.030292],[2581,4917,-121.551109,44.030355],[2627,4925,-121.55094,44.030382],[2666,4926,-121.550809,44.030434],[2758,4934,-121.550474,44.030505],[2842,4947,-121.550152,44.030523],[2908,4944,-121.549916,44.030584],[2974,4941,-121.549681,44.030645],[2993,4935,-121.54962,44.030676],[3065,4934,-121.549368,44.030754],[3137,4935,-121.549115,44.030831],[3249,4919,-121.54875,44.030986],[3323,4911,-121.54849,44.031072],[3398,4894,-121.548231,44.031158],[3431,4895,-121.548108,44.031173],[3523,4885,-121.547775,44.031248],[3614,4878,-121.547442,44.031323],[3634,4879,-121.547367,44.031327],[3699,4876,-121.547132,44.031388],[3778,4874,-121.546838,44.031427],[3824,4873,-121.546679,44.031479],[3876,4876,-121.546482,44.0315],[3967,4873,-121.546181,44.031626],[4058,4866,-121.54588,44.031751],[4170,4868,-121.545456,44.031756],[4222,4865,-121.545259,44.031777],[4332,4869,-121.544842,44.031741],[4352,4868,-121.54477,44.031755],[4450,4863,-121.544397,44.03177],[4553,4863,-121.544006,44.031726],[4613,4861,-121.54378,44.031723],[4632,4864,-121.543714,44.031699],[4665,4864,-121.543589,44.031694],[4750,4865,-121.543277,44.031633],[4868,4860,-121.542826,44.031633],[4914,4853,-121.542652,44.031648],[4966,4854,-121.542456,44.031631],[4999,4849,-121.542338,44.0316],[5065,4852,-121.54216,44.031473],[5110,4853,-121.542004,44.031417],[5143,4851,-121.541879,44.031417],[5196,4848,-121.541683,44.031447],[5241,4848,-121.541508,44.031447],[5294,4847,-121.541311,44.031427],[5366,4851,-121.541046,44.031375],[5437,4855,-121.540782,44.031324],[5503,4851,-121.540534,44.031338],[5568,4850,-121.540283,44.031339],[5634,4849,-121.540033,44.03134],[5765,4844,-121.539542,44.031401],[5830,4842,-121.539301,44.031446],[5896,4843,-121.539051,44.03145],[5961,4842,-121.538814,44.031508],[6078,4840,-121.538377,44.03157],[6137,4840,-121.538153,44.031557],[6170,4839,-121.538029,44.031569],[6203,4834,-121.537912,44.031601],[6281,4826,-121.537662,44.03172],[6347,4822,-121.537431,44.031789],[6367,4822,-121.53737,44.03182],[6439,4817,-121.537109,44.031883],[6511,4813,-121.536849,44.031945],[6583,4808,-121.536588,44.032008],[6629,4805,-121.53643,44.032062],[6713,4804,-121.536116,44.032111],[6831,4810,-121.535665,44.032112],[6851,4812,-121.535593,44.032126],[6897,4814,-121.535417,44.032128],[6966,4815,-121.535159,44.032169],[7036,4814,-121.5349,44.032209],[7105,4816,-121.534642,44.03225],[7175,4817,-121.534374,44.03225],[7246,4817,-121.534107,44.03225],[7316,4816,-121.533839,44.03225],[7414,4813,-121.533465,44.032266],[7532,4815,-121.533019,44.032233],[7630,4817,-121.532664,44.032143],[7696,4816,-121.532413,44.032138],[7748,4814,-121.532216,44.032154],[7814,4816,-121.531978,44.032097],[7889,4819,-121.531745,44.031976],[7965,4824,-121.531512,44.031856],[8023,4828,-121.531293,44.031821],[8154,4828,-121.530795,44.03185],[8194,4830,-121.53065,44.031875],[8272,4827,-121.530372,44.031956],[8338,4831,-121.530124,44.031972],[8370,4832,-121.530002,44.031955],[8436,4843,-121.529785,44.031865],[8535,4859,-121.529431,44.031773],[8587,4880,-121.529234,44.031756],[8666,4884,-121.528933,44.031756],[8711,4869,-121.528764,44.031785],[8777,4856,-121.528547,44.031876],[8843,4845,-121.528311,44.031937],[8941,4842,-121.527936,44.03194],[8980,4840,-121.527789,44.031921],[9033,4840,-121.527611,44.031857],[9124,4845,-121.527365,44.031679],[9176,4842,-121.527173,44.031643],[9265,4842,-121.526854,44.031562],[9353,4838,-121.526536,44.03148],[9422,4839,-121.526316,44.031377],[9491,4837,-121.526097,44.031274],[9576,4836,-121.525812,44.031165],[9622,4834,-121.525648,44.031121],[9687,4834,-121.525451,44.031009],[9720,4834,-121.525369,44.030941],[9740,4833,-121.525316,44.030904],[9852,4830,-121.524935,44.030766],[9887,4827,-121.524808,44.030732],[9915,4826,-121.5247,44.030736],[9948,4824,-121.524583,44.030769],[9981,4822,-121.524481,44.03082],[10040,4819,-121.524261,44.030849],[10092,4816,-121.524094,44.030927],[10177,4811,-121.523842,44.031075],[10230,4807,-121.523657,44.03113],[10282,4800,-121.52346,44.031148],[10302,4798,-121.523385,44.031155],[10335,4788,-121.523266,44.031184],[10354,4782,-121.523192,44.03118],[10381,4777,-121.523097,44.031155],[10393,4778,-121.523061,44.031131],[10498,4767,-121.522877,44.030876],[10538,4766,-121.522832,44.030773],[10570,4768,-121.522756,44.030702],[10623,4771,-121.52258,44.030633],[10695,4770,-121.522311,44.030596],[10741,4769,-121.522136,44.030597],[10773,4768,-121.522014,44.030613],[10825,4763,-121.521833,44.030668],[10851,4764,-121.521735,44.030652],[10916,4762,-121.521486,44.030658],[10981,4765,-121.521243,44.030627],[11049,4768,-121.520984,44.03065],[11118,4768,-121.520726,44.030673],[11170,4769,-121.520527,44.030664],[11240,4768,-121.52026,44.030667],[11310,4767,-121.519994,44.030671],[11380,4765,-121.519727,44.030674],[11406,4765,-121.51963,44.030689],[11438,4764,-121.519508,44.030675],[11465,4764,-121.519411,44.030692],[11541,4763,-121.519119,44.030696],[11618,4761,-121.518828,44.030701],[11694,4760,-121.518536,44.030705],[11714,4759,-121.518464,44.03072],[11786,4758,-121.51819,44.030721],[11858,4757,-121.517915,44.030722],[11877,4757,-121.517843,44.030735],[11987,4757,-121.517427,44.030718],[12016,4757,-121.517316,44.030724],[12016,4938,-121.560435,44.027901],[12085,4935,-121.56055,44.028071],[12155,4937,-121.560731,44.028214],[12225,4939,-121.560911,44.028356],[12302,4936,-121.561107,44.028512],[12379,4935,-121.561303,44.028668],[12457,4932,-121.5615,44.02883],[12536,4926,-121.561697,44.028991],[12608,4925,-121.561912,44.029116],[12725,4926,-121.562256,44.029322],[12845,4924,-121.562523,44.029589],[12946,4922,-121.562765,44.029802],[12965,4924,-121.562828,44.02983],[12995,4924,-121.562935,44.029857],[13070,4934,-121.563212,44.029907],[13174,4935,-121.563566,44.030039],[13232,4938,-121.563758,44.030115],[13321,4934,-121.563984,44.030298],[13411,4928,-121.564211,44.030482],[13518,4935,-121.564505,44.030686],[13528,4935,-121.564527,44.030707],[13533,4932,-121.56453,44.030721]]}