{"trail":"Turkey Trail","distance":4495,"gain":43,"loss":332,"min":1393,"max":1713,"profile":[[0,1682,-85.376129,34.916464],[25,1699,-85.376212,34.916472],[50,1710,-85.376295,34.916479],[75,1713,-85.376378,34.916487],[100,1712,-85.376461,34.916494],[125,1710,-85.376544,34.916502],[150,1707,-85.376628,34.916509],[175,1703,-85.376711,34.916517],[200,1699,-85.376794,34.916525],[225,1697,-85.376877,34.916532],[248,1695,-85.376938,34.916572],[273,1691,-85.37699,34.916625],[298,1689,-85.377043,34.916679],[323,1686,-85.377095,34.916732],[348,1684,-85.377147,34.916786],[373,1681,-85.377199,34.916839],[398,1677,-85.377247,34.916895],[423,1677,-85.377261,34.916962],[448,1675,-85.377275,34.91703],[473,1672,-85.377289,34.917097],[498,1670,-85.377303,34.917165],[523,1668,-85.377317,34.917232],[548,1665,-85.377331,34.9173],[573,1663,-85.377346,34.917367],[598,1662,-85.37736,34.917435],[623,1658,-85.377374,34.917503],[648,1657,-85.377388,34.91757],[673,1656,-85.377402,34.917638],[698,1654,-85.377416,34.917705],[723,1650,-85.37743,34.917773],[748,1648,-85.377444,34.91784],[773,1645,-85.377459,34.917908],[798,1641,-85.377473,34.917975],[823,1640,-85.377487,34.918043],[848,1638,-85.377501,34.91811],[873,1637,-85.377477,34.918175],[898,1638,-85.377447,34.918239],[923,1636,-85.377418,34.918303],[948,1636,-85.377389,34.918368],[973,1636,-85.37736,34.918432],[998,1635,-85.377331,34.918496],[1023,1633,-85.377302,34.91856],[1048,1633,-85.377272,34.918625],[1073,1632,-85.377243,34.918689],[1098,1628,-85.377214,34.918753],[1123,1626,-85.377185,34.918817],[1148,1625,-85.377156,34.918881],[1173,1622,-85.377127,34.918946],[1198,1623,-85.377097,34.91901],[1223,1621,-85.377068,34.919074],[1248,1619,-85.377039,34.919138],[1273,1618,-85.37701,34.919203],[1298,1616,-85.376981,34.919267],[1323,1615,-85.376952,34.919331],[1348,1614,-85.376922,34.919395],[1373,1612,-85.376893,34.919459],[1398,1609,-85.376864,34.919524],[1423,1607,-85.376835,34.919588],[1448,1605,-85.376806,34.919652],[1473,1603,-85.376777,34.919716],[1498,1602,-85.376752,34.919781],[1523,1599,-85.376754,34.91985],[1548,1597,-85.376756,34.919918],[1573,1594,-85.376758,34.919987],[1598,1591,-85.37676,34.920055],[1623,1589,-85.376762,34.920124],[1648,1589,-85.376764,34.920192],[1673,1589,-85.376766,34.920261],[1698,1588,-85.376768,34.920329],[1723,1586,-85.37677,34.920398],[1748,1583,-85.376772,34.920466],[1772,1580,-85.37675,34.92053],[1797,1579,-85.376712,34.920591],[1822,1576,-85.376674,34.920652],[1847,1573,-85.376636,34.920713],[1872,1573,-85.376598,34.920774],[1897,1571,-85.37656,34.920835],[1922,1570,-85.376522,34.920897],[1947,1569,-85.376484,34.920958],[1972,1569,-85.376446,34.921019],[1997,1568,-85.376408,34.92108],[2022,1567,-85.37637,34.921141],[2047,1566,-85.376333,34.921202],[2072,1567,-85.376295,34.921263],[2097,1568,-85.376257,34.921324],[2122,1566,-85.376219,34.921385],[2147,1566,-85.376188,34.921448],[2172,1564,-85.376173,34.921516],[2197,1565,-85.376158,34.921583],[2222,1563,-85.376142,34.92165],[2247,1564,-85.376127,34.921718],[2272,1563,-85.376111,34.921785],[2297,1562,-85.376096,34.921852],[2322,1562,-85.376081,34.92192],[2347,1560,-85.376065,34.921987],[2372,1558,-85.37605,34.922054],[2397,1557,-85.376034,34.922122],[2422,1555,-85.376019,34.922189],[2447,1553,-85.376004,34.922256],[2471,1553,-85.375964,34.922316],[2496,1552,-85.375919,34.922374],[2521,1551,-85.375873,34.922431],[2546,1552,-85.375828,34.922489],[2571,1549,-85.375783,34.922546],[2596,1549,-85.375737,34.922604],[2621,1547,-85.375692,34.922661],[2646,1546,-85.375646,34.922719],[2671,1546,-85.375601,34.922776],[2696,1545,-85.375556,34.922834],[2721,1544,-85.37551,34.922891],[2746,1545,-85.375465,34.922949],[2771,1545,-85.375419,34.923006],[2796,1545,-85.375374,34.923064],[2821,1547,-85.375329,34.923121],[2846,1547,-85.375292,34.923181],[2871,1546,-85.375292,34.92325],[2896,1544,-85.375292,34.923318],[2921,1541,-85.375292,34.923387],[2946,1539,-85.375292,34.923455],[2971,1537,-85.375292,34.923524],[2996,1535,-85.375292,34.923592],[3021,1533,-85.375292,34.923661],[3046,1532,-85.375292,34.923729],[3071,1531,-85.375292,34.923798],[3096,1530,-85.375292,34.923866],[3121,1530,-85.375292,34.923935],[3146,1529,-85.375292,34.924004],[3171,1528,-85.375292,34.924072],[3196,1526,-85.375292,34.924141],[3220,1524,-85.375301,34.924208],[3245,1520,-85.375328,34.924273],[3270,1518,-85.375356,34.924337],[3295,1513,-85.375383,34.924402],[3320,1510,-85.375411,34.924467],[3345,1508,-85.375438,34.924532],[3370,1503,-85.375466,34.924596],[3395,1498,-85.375493,34.924661],[3420,1496,-85.375521,34.924726],[3445,1491,-85.375548,34.92479],[3470,1488,-85.375575,34.924855],[3495,1485,-85.375603,34.92492],[3520,1480,-85.37563,34.924985],[3544,1479,-85.37561,34.925048],[3569,1475,-85.375579,34.925112],[3594,1473,-85.375547,34.925175],[3619,1472,-85.375515,34.925239],[3644,1469,-85.375484,34.925302],[3669,1464,-85.375452,34.925366],[3694,1460,-85.37542,34.925429],[3719,1456,-85.375389,34.925492],[3744,1454,-85.375357,34.925556],[3769,1451,-85.375326,34.925619],[3794,1451,-85.375294,34.925683],[3819,1452,-85.375262,34.925746],[3844,1450,-85.375231,34.92581],[3869,1451,-85.375199,34.925873],[3894,1450,-85.375168,34.925937],[3919,1448,-85.375136,34.926],[3944,1444,-85.375104,34.926063],[3969,1442,-85.375073,34.926127],[3994,1442,-85.375041,34.92619],[4018,1439,-85.375019,34.926253],[4043,1435,-85.375062,34.926311],[4068,1432,-85.375106,34.92637],[4093,1429,-85.37515,34.926428],[4118,1428,-85.375194,34.926487],[4143,1426,-85.375238,34.926545],[4168,1426,-85.375281,34.926603],[4193,1426,-85.375325,34.926662],[4218,1424,-85.375369,34.92672],[4243,1421,-85.375413,34.926778],[4268,1418,-85.375457,34.926837],[4293,1415,-85.3755,34.926895],[4318,1412,-85.375544,34.926953],[4343,1408,-85.375588,34.927012],[4368,1406,-85.375632,34.92707],[4393,1403,-85.375676,34.927129],[4416,1400,-85.375737,34.927163],[4441,1398,-85.37582,34.927168],[4466,1396,-85.375904,34.927173],[4491,1394,-85.375987,34.927178],[4495,1393,-85.376,34.927179]]}