{"trail":"Tyler's Traverse","distance":33462,"gain":83,"loss":1466,"min":4124,"max":5563,"profile":[[0,5502,-121.530124,43.947165],[57,5504,-121.530107,43.947008],[86,5506,-121.53007,43.946933],[118,5510,-121.530023,43.946854],[200,5523,-121.529899,43.946647],[222,5523,-121.529834,43.946611],[247,5526,-121.529737,43.946622],[324,5533,-121.529488,43.946729],[358,5537,-121.529375,43.946778],[394,5537,-121.529255,43.946822],[422,5541,-121.529151,43.94684],[494,5548,-121.528878,43.946821],[565,5553,-121.528606,43.946803],[594,5556,-121.528504,43.946777],[625,5559,-121.528411,43.946726],[653,5561,-121.528386,43.946651],[677,5563,-121.528429,43.946592],[751,5562,-121.528671,43.946487],[799,5564,-121.528813,43.946406],[837,5564,-121.528888,43.946316],[874,5566,-121.528903,43.946215],[896,5567,-121.528872,43.946161],[917,5567,-121.528814,43.946118],[995,5566,-121.528548,43.946026],[1072,5558,-121.528283,43.945934],[1107,5548,-121.528152,43.945918],[1145,5548,-121.528009,43.945938],[1192,5550,-121.527853,43.946002],[1250,5554,-121.527701,43.946117],[1380,5544,-121.527271,43.94629],[1436,5539,-121.527067,43.94634],[1505,5535,-121.526811,43.946374],[1573,5532,-121.526555,43.946408],[1599,5531,-121.526458,43.946398],[1631,5531,-121.526346,43.946366],[1659,5527,-121.526257,43.94632],[1723,5519,-121.526094,43.946191],[1746,5515,-121.526034,43.946144],[1772,5512,-121.525954,43.946104],[1800,5511,-121.525852,43.946078],[1875,5511,-121.525567,43.946076],[1936,5510,-121.525341,43.946109],[2048,5508,-121.524912,43.946096],[2116,5507,-121.524654,43.946111],[2150,5506,-121.524527,43.946096],[2242,5500,-121.524194,43.946022],[2340,5491,-121.523866,43.94589],[2377,5488,-121.523733,43.945864],[2475,5487,-121.523372,43.945933],[2550,5486,-121.523088,43.945957],[2625,5489,-121.522803,43.945982],[2712,5493,-121.522477,43.945947],[2820,5496,-121.522068,43.945966],[2928,5491,-121.521693,43.945839],[2977,5492,-121.52151,43.945824],[3098,5503,-121.521049,43.94584],[3166,5510,-121.52079,43.945827],[3217,5512,-121.520603,43.945791],[3323,5514,-121.520257,43.945644],[3427,5513,-121.51989,43.945534],[3543,5508,-121.519527,43.945352],[3584,5507,-121.519388,43.945299],[3667,5509,-121.519081,43.945248],[3784,5510,-121.518667,43.94513],[3877,5510,-121.51832,43.945087],[3942,5510,-121.518072,43.945085],[4033,5510,-121.517743,43.945167],[4110,5505,-121.517453,43.945202],[4187,5507,-121.517175,43.945261],[4228,5507,-121.517017,43.945265],[4310,5504,-121.516708,43.945235],[4392,5503,-121.516399,43.945205],[4461,5501,-121.516137,43.945209],[4493,5500,-121.516018,43.945225],[4575,5508,-121.515745,43.945339],[4600,5508,-121.515655,43.94536],[4626,5507,-121.515557,43.945364],[4725,5494,-121.515191,43.945301],[4761,5491,-121.515082,43.945242],[4785,5487,-121.515045,43.94518],[4841,5485,-121.514988,43.945032],[4943,5479,-121.51495,43.944756],[5011,5476,-121.514893,43.944572],[5080,5475,-121.514836,43.944388],[5180,5481,-121.514637,43.944156],[5253,5489,-121.514539,43.943969],[5325,5504,-121.514441,43.943782],[5366,5505,-121.514359,43.943688],[5417,5501,-121.514205,43.943601],[5455,5496,-121.514114,43.94352],[5525,5490,-121.514011,43.943344],[5595,5485,-121.513907,43.943168],[5671,5474,-121.513712,43.943013],[5718,5468,-121.513662,43.94289],[5796,5461,-121.513652,43.942677],[5833,5457,-121.513578,43.94259],[5873,5455,-121.513438,43.942547],[5926,5447,-121.513239,43.94258],[5954,5443,-121.513138,43.942562],[5969,5443,-121.513101,43.94253],[6015,5440,-121.513061,43.942408],[6086,5444,-121.513062,43.942212],[6137,5445,-121.51301,43.942079],[6210,5439,-121.512889,43.941898],[6260,5439,-121.512847,43.941764],[6353,5440,-121.512953,43.94152],[6378,5440,-121.512949,43.941453],[6463,5436,-121.512795,43.941246],[6539,5435,-121.512758,43.94104],[6567,5435,-121.512699,43.940976],[6631,5435,-121.512489,43.94089],[6665,5435,-121.51239,43.940829],[6758,5437,-121.512165,43.940632],[6851,5438,-121.511941,43.940436],[6891,5438,-121.511818,43.940368],[6980,5437,-121.511493,43.9403],[7021,5436,-121.511353,43.94025],[7095,5436,-121.511139,43.940119],[7193,5436,-121.510771,43.940071],[7251,5438,-121.510578,43.939998],[7304,5441,-121.510383,43.939952],[7375,5445,-121.510166,43.939837],[7480,5440,-121.509807,43.939709],[7512,5438,-121.50971,43.939659],[7567,5441,-121.509589,43.939535],[7625,5445,-121.509496,43.939392],[7708,5451,-121.509334,43.939196],[7756,5455,-121.509266,43.939075],[7842,5462,-121.50905,43.938897],[7864,5463,-121.509009,43.938844],[7966,5470,-121.50885,43.93859],[8003,5473,-121.50881,43.938491],[8055,5474,-121.508797,43.938349],[8080,5473,-121.508764,43.938285],[8121,5473,-121.508651,43.938207],[8169,5471,-121.508483,43.938158],[8250,5458,-121.508176,43.938175],[8281,5457,-121.508072,43.938135],[8351,5455,-121.507923,43.937975],[8394,5454,-121.507799,43.937897],[8451,5452,-121.507596,43.937844],[8543,5447,-121.50733,43.937679],[8577,5446,-121.507206,43.937657],[8649,5446,-121.506941,43.937716],[8668,5446,-121.506869,43.937721],[8693,5445,-121.506776,43.937706],[8786,5441,-121.506493,43.937553],[8875,5433,-121.506159,43.937516],[8935,5428,-121.505949,43.937452],[8977,5427,-121.505793,43.937433],[9061,5421,-121.505471,43.93744],[9090,5419,-121.505367,43.937421],[9147,5414,-121.505174,43.937348],[9216,5411,-121.504929,43.937277],[9238,5410,-121.504869,43.937236],[9270,5410,-121.504809,43.937159],[9337,5410,-121.504736,43.936984],[9364,5410,-121.504748,43.93691],[9392,5411,-121.504804,43.936844],[9453,5411,-121.504961,43.936722],[9480,5410,-121.504988,43.936649],[9528,5408,-121.504929,43.936525],[9595,5406,-121.504787,43.936373],[9690,5398,-121.504481,43.936233],[9758,5386,-121.504279,43.936116],[9826,5374,-121.504078,43.935999],[9887,5359,-121.503884,43.93591],[9922,5358,-121.503751,43.935918],[9963,5357,-121.503641,43.935997],[10000,5355,-121.503599,43.936095],[10051,5360,-121.50357,43.936234],[10154,5364,-121.503615,43.936515],[10210,5365,-121.503614,43.936668],[10281,5366,-121.503571,43.936859],[10351,5362,-121.503529,43.93705],[10422,5361,-121.503487,43.93724],[10492,5356,-121.503444,43.937431],[10525,5356,-121.503464,43.93752],[10570,5352,-121.503335,43.937599],[10586,5350,-121.503291,43.937631],[10621,5347,-121.503157,43.93763],[10686,5341,-121.50291,43.937617],[10747,5335,-121.502681,43.937642],[10803,5330,-121.502479,43.937689],[10885,5323,-121.50225,43.937841],[10967,5317,-121.50202,43.937994],[11065,5310,-121.501677,43.938096],[11117,5307,-121.501583,43.938224],[11166,5305,-121.50142,43.938289],[11239,5303,-121.501205,43.938417],[11347,5297,-121.500847,43.938561],[11378,5288,-121.500801,43.938639],[11409,5284,-121.500844,43.938718],[11468,5276,-121.500973,43.938849],[11490,5271,-121.500981,43.938911],[11518,5267,-121.500926,43.938976],[11615,5265,-121.50061,43.939112],[11643,5263,-121.500542,43.939173],[11711,5252,-121.500419,43.939335],[11799,5235,-121.500347,43.93957],[11826,5235,-121.50027,43.939622],[11906,5227,-121.499985,43.939696],[12032,5216,-121.49959,43.939893],[12112,5209,-121.499324,43.939999],[12192,5206,-121.499058,43.940104],[12318,5193,-121.498659,43.940296],[12363,5188,-121.498499,43.94034],[12444,5184,-121.498194,43.940374],[12488,5184,-121.498036,43.940418],[12575,5178,-121.497743,43.940528],[12662,5171,-121.497451,43.940638],[12748,5169,-121.497138,43.940712],[12825,5166,-121.496852,43.940753],[12903,5160,-121.496554,43.940755],[12982,5151,-121.496255,43.940757],[13021,5150,-121.496121,43.940808],[13107,5144,-121.495891,43.940973],[13192,5139,-121.495661,43.941139],[13258,5134,-121.495535,43.941294],[13324,5130,-121.495409,43.94145],[13352,5127,-121.495324,43.941498],[13380,5127,-121.495221,43.941522],[13400,5127,-121.495147,43.941524],[13490,5123,-121.494811,43.941472],[13559,5114,-121.494554,43.94151],[13628,5108,-121.494298,43.941547],[13697,5105,-121.494041,43.941585],[13774,5101,-121.493745,43.941581],[13840,5095,-121.493509,43.941518],[13914,5090,-121.493275,43.941406],[14011,5086,-121.493001,43.94123],[14087,5080,-121.492747,43.941126],[14164,5068,-121.492492,