{"trail":"unmaintained","distance":5070,"gain":383,"loss":229,"min":872,"max":1205,"profile":[[0,1048,-85.059693,35.047565],[25,1052,-85.059738,35.047623],[50,1062,-85.059784,35.04768],[75,1064,-85.059829,35.047738],[100,1067,-85.059875,35.047795],[125,1070,-85.05992,35.047853],[149,1073,-85.059915,35.047918],[174,1074,-85.059897,35.047985],[199,1078,-85.05988,35.048052],[224,1077,-85.059857,35.048117],[249,1076,-85.059804,35.04817],[274,1077,-85.05975,35.048223],[299,1071,-85.059697,35.048276],[324,1066,-85.059644,35.048328],[349,1058,-85.059591,35.048381],[374,1052,-85.059537,35.048434],[399,1045,-85.059484,35.048487],[424,1041,-85.059431,35.04854],[449,1037,-85.059377,35.048593],[474,1035,-85.059324,35.048645],[499,1036,-85.059271,35.048698],[524,1039,-85.059217,35.048751],[549,1051,-85.059164,35.048804],[574,1052,-85.059111,35.048857],[599,1052,-85.059057,35.04891],[622,1048,-85.058978,35.048916],[647,1045,-85.058895,35.048914],[672,1042,-85.058811,35.048913],[697,1040,-85.058727,35.048911],[722,1037,-85.058644,35.048909],[747,1033,-85.05856,35.048907],[772,1028,-85.058476,35.048905],[797,1023,-85.058393,35.048903],[822,1018,-85.058309,35.048902],[847,1014,-85.058225,35.0489],[872,1009,-85.058142,35.048898],[897,1003,-85.058058,35.048896],[922,998,-85.057974,35.048894],[947,992,-85.057891,35.048892],[972,987,-85.057807,35.048891],[997,981,-85.057723,35.048889],[1022,974,-85.05764,35.048887],[1047,968,-85.057556,35.048885],[1072,961,-85.057472,35.048883],[1096,956,-85.0574,35.048909],[1121,946,-85.057336,35.048953],[1143,939,-85.057261,35.048962],[1168,934,-85.057179,35.048947],[1193,933,-85.057097,35.048933],[1218,927,-85.057016,35.048919],[1243,921,-85.056934,35.048904],[1268,914,-85.056852,35.04889],[1293,907,-85.05677,35.048876],[1318,903,-85.056688,35.048861],[1343,896,-85.056606,35.048847],[1368,890,-85.056524,35.048832],[1393,885,-85.056443,35.048818],[1418,880,-85.056361,35.048804],[1443,878,-85.056279,35.048789],[1468,877,-85.056197,35.048775],[1493,875,-85.056115,35.048761],[1518,875,-85.056033,35.048746],[1543,873,-85.055952,35.048732],[1568,874,-85.05587,35.048718],[1587,872,-85.055809,35.048707],[4801,1159,-85.0651,35.044262],[4826,1166,-85.065166,35.04422],[4851,1169,-85.065232,35.044178],[4876,1175,-85.065297,35.044135],[4901,1179,-85.065363,35.044093],[4926,1191,-85.065429,35.04405],[4951,1195,-85.065495,35.044008],[4976,1199,-85.06556,35.043966],[5001,1201,-85.065626,35.043923],[5026,1200,-85.065692,35.043881],[5051,1205,-85.065758,35.043838],[5070,1202,-85.065808,35.043806]]}