{"trail":"unmaintained","distance":3864,"gain":188,"loss":518,"min":872,"max":1203,"profile":[[0,1202,-85.065808,35.043806],[25,1202,-85.065743,35.043848],[50,1203,-85.065677,35.043891],[75,1201,-85.065611,35.043933],[100,1200,-85.065545,35.043975],[125,1190,-85.06548,35.044018],[150,1184,-85.065414,35.04406],[175,1179,-85.065348,35.044103],[200,1173,-85.065282,35.044145],[225,1169,-85.065217,35.044187],[250,1162,-85.065151,35.04423],[275,1159,-85.065085,35.044272],[300,1154,-85.065018,35.044313],[325,1151,-85.064951,35.044354],[350,1146,-85.064883,35.044395],[375,1141,-85.064816,35.044436],[400,1141,-85.064749,35.044477],[425,1136,-85.064682,35.044518],[450,1135,-85.064615,35.044559],[475,1128,-85.064548,35.0446],[500,1125,-85.064481,35.044641],[525,1117,-85.064414,35.044682],[550,1110,-85.064347,35.044723],[575,1106,-85.06428,35.044764],[600,1098,-85.064213,35.044805],[625,1094,-85.064145,35.044846],[650,1087,-85.064078,35.044887],[675,1084,-85.064011,35.044928],[700,1078,-85.063944,35.044969],[725,1075,-85.063877,35.04501],[750,1068,-85.06381,35.04505],[775,1062,-85.063743,35.045091],[800,1059,-85.063676,35.045132],[825,1051,-85.063609,35.045173],[850,1049,-85.063542,35.045214],[875,1041,-85.063475,35.045255],[900,1038,-85.063407,35.045296],[925,1030,-85.06334,35.045337],[950,1017,-85.063273,35.045378],[975,1012,-85.063206,35.045419],[1000,1003,-85.063139,35.04546],[1025,1002,-85.063072,35.045501],[1050,1001,-85.063005,35.045542],[1075,1004,-85.062938,35.045583],[1100,1005,-85.062871,35.045624],[1125,1004,-85.062804,35.045665],[1150,1006,-85.062737,35.045706],[1175,1002,-85.062669,35.045747],[1200,999,-85.062602,35.045788],[1225,991,-85.062535,35.045829],[1250,988,-85.062468,35.04587],[1275,981,-85.062401,35.045911],[1300,978,-85.062334,35.045952],[1325,972,-85.062267,35.045993],[1350,965,-85.0622,35.046034],[1375,962,-85.062133,35.046075],[1400,955,-85.062066,35.046116],[1425,951,-85.061999,35.046157],[1450,945,-85.061931,35.046198],[1475,942,-85.061864,35.046239],[1500,939,-85.061797,35.04628],[1525,939,-85.06173,35.046321],[1550,941,-85.061663,35.046362],[1575,945,-85.061596,35.046403],[1600,949,-85.061529,35.046444],[1625,954,-85.061462,35.046485],[1650,957,-85.061395,35.046526],[1675,964,-85.061328,35.046567],[1700,968,-85.061261,35.046608],[1725,976,-85.061193,35.046649],[1750,985,-85.061126,35.04669],[1775,990,-85.061059,35.046731],[1800,999,-85.060992,35.046772],[1825,1004,-85.060925,35.046813],[1850,1011,-85.060858,35.046853],[1875,1016,-85.060791,35.046894],[1900,1023,-85.060724,35.046935],[1925,1025,-85.060657,35.046976],[1950,1027,-85.06059,35.047017],[1975,1025,-85.060523,35.047058],[2000,1025,-85.060455,35.047099],[2025,1019,-85.060388,35.04714],[2050,1020,-85.060321,35.047181],[2075,1014,-85.060254,35.047222],[2100,1013,-85.060187,35.047263],[2125,1009,-85.06012,35.047304],[2150,1007,-85.060053,35.047345],[2175,1009,-85.059986,35.047386],[2200,1018,-85.059919,35.047427],[2225,1024,-85.059852,35.047468],[2250,1032,-85.059785,35.047509],[2275,1040,-85.059717,35.04755],[2294,1052,-85.059722,35.047602],[2319,1057,-85.059767,35.047659],[2344,1064,-85.059813,35.047717],[2369,1064,-85.059858,35.047774],[2394,1067,-85.059904,35.047832],[2417,1072,-85.059921,35.047893],[2442,1074,-85.059904,35.04796],[2467,1074,-85.059886,35.048027],[2492,1077,-85.059869,35.048094],[2516,1078,-85.059823,35.048151],[2541,1076,-85.05977,35.048203],[2566,1074,-85.059717,35.048256],[2591,1066,-85.059663,35.048309],[2616,1061,-85.05961,35.048362],[2641,1053,-85.059557,35.048415],[2666,1049,-85.059503,35.048468],[2691,1041,-85.05945,35.04852],[2716,1039,-85.059397,35.048573],[2741,1035,-85.059344,35.048626],[2766,1034,-85.05929,35.048679],[2791,1039,-85.059237,35.048732],[2816,1045,-85.059184,35.048785],[2841,1054,-85.05913,35.048837],[2866,1053,-85.059077,35.04889],[2889,1050,-85.059009,35.048917],[2914,1046,-85.058925,35.048915],[2939,1043,-85.058842,35.048913],[2964,1040,-85.058758,35.048911],[2989,1037,-85.058674,35.04891],[3014,1033,-85.058591,35.048908],[3039,1028,-85.058507,35.048906],[3064,1023,-85.058423,35.048904],[3089,1018,-85.05834,35.048902],[3114,1015,-85.058256,35.0489],[3139,1011,-85.058172,35.048899],[3164,1006,-85.058089,35.048897],[3189,1000,-85.058005,35.048895],[3214,995,-85.057921,35.048893],[3239,990,-85.057838,35.048891],[3264,984,-85.057754,35.048889],[3289,978,-85.05767,35.048888],[3314,971,-85.057587,35.048886],[3339,964,-85.057503,35.048884],[3363,957,-85.057424,35.048893],[3388,950,-85.05736,35.048937],[3411,943,-85.057291,35.048967],[3436,936,-85.057209,35.048953],[3461,931,-85.057127,35.048938],[3486,927,-85.057046,35.048924],[3511,921,-85.056964,35.04891],[3536,917,-85.056882,35.048895],[3561,911,-85.0568,35.048881],[3586,904,-85.056718,35.048866],[3611,900,-85.056636,35.048852],[3636,893,-85.056555,35.048838],[3661,888,-85.056473,35.048823],[3686,883,-85.056391,35.048809],[3711,879,-85.056309,35.048795],[3736,877,-85.056227,35.04878],[3761,875,-85.056145,35.048766],[3786,875,-85.056063,35.048752],[3811,874,-85.055982,35.048737],[3836,875,-85.0559,35.048723],[3861,873,-85.055818,35.048709],[3864,872,-85.055809,35.048707]]}