{"trail":"Upper Copperhead","distance":1508,"gain":48,"loss":104,"min":967,"max":1032,"profile":[[0,1031,-85.059156,35.055277],[25,1032,-85.059162,35.055208],[50,1030,-85.059167,35.05514],[75,1027,-85.059173,35.055071],[100,1024,-85.059178,35.055003],[125,1021,-85.059184,35.054935],[150,1017,-85.059189,35.054866],[175,1014,-85.059195,35.054798],[200,1015,-85.0592,35.05473],[225,1011,-85.059205,35.054661],[250,1010,-85.059211,35.054593],[275,1006,-85.059216,35.054524],[300,1002,-85.059222,35.054456],[325,998,-85.059227,35.054388],[350,995,-85.059233,35.054319],[375,991,-85.059238,35.054251],[400,993,-85.059244,35.054182],[425,990,-85.059249,35.054114],[450,987,-85.059254,35.054046],[475,984,-85.05926,35.053977],[500,982,-85.059265,35.053909],[525,979,-85.059271,35.053841],[550,976,-85.059276,35.053772],[575,973,-85.059282,35.053704],[600,974,-85.059295,35.053637],[625,971,-85.059322,35.053572],[650,975,-85.059348,35.053507],[675,977,-85.059375,35.053442],[700,975,-85.059402,35.053377],[725,977,-85.059429,35.053312],[750,975,-85.059455,35.053247],[775,977,-85.059482,35.053182],[800,980,-85.059509,35.053117],[825,978,-85.059536,35.053052],[850,979,-85.059562,35.052987],[875,980,-85.059589,35.052922],[900,977,-85.059616,35.052857],[925,978,-85.059642,35.052792],[950,974,-85.059669,35.052727],[975,976,-85.059696,35.052663],[1000,978,-85.059723,35.052598],[1025,976,-85.059749,35.052533],[1050,978,-85.059776,35.052468],[1075,982,-85.059803,35.052403],[1100,981,-85.059829,35.052338],[1125,985,-85.059856,35.052273],[1150,983,-85.059883,35.052208],[1175,986,-85.05991,35.052143],[1200,987,-85.059936,35.052078],[1225,984,-85.059963,35.052013],[1248,981,-85.059951,35.051949],[1273,974,-85.05992,35.051885],[1298,973,-85.059889,35.051822],[1323,968,-85.059858,35.051758],[1348,967,-85.059827,35.051695],[1373,967,-85.059795,35.051631],[1398,972,-85.059764,35.051567],[1423,971,-85.059733,35.051504],[1448,973,-85.059702,35.05144],[1473,975,-85.059671,35.051376],[1498,975,-85.05964,35.051313],[1508,975,-85.059628,35.051289]]}