{"trail":"Upper Lift Ticket","distance":3953,"gain":128,"loss":426,"min":1088,"max":1388,"profile":[[0,1386,-85.312679,35.142003],[25,1384,-85.31262,35.142051],[49,1381,-85.312572,35.142103],[74,1380,-85.312576,35.142172],[99,1379,-85.31258,35.14224],[124,1379,-85.312584,35.142309],[149,1381,-85.312588,35.142377],[174,1382,-85.312592,35.142446],[192,1379,-85.312533,35.142433],[217,1374,-85.312459,35.142401],[242,1368,-85.312385,35.142368],[267,1363,-85.312312,35.142336],[276,1363,-85.312285,35.142347],[301,1366,-85.312315,35.142411],[326,1366,-85.312346,35.142475],[351,1370,-85.312376,35.142539],[376,1373,-85.312406,35.142603],[401,1374,-85.312437,35.142667],[426,1377,-85.312467,35.142731],[451,1381,-85.312498,35.142795],[476,1382,-85.312528,35.142858],[501,1386,-85.312558,35.142922],[523,1388,-85.312544,35.142982],[548,1387,-85.312496,35.143038],[573,1387,-85.312447,35.143093],[598,1384,-85.312399,35.143149],[623,1381,-85.31235,35.143205],[648,1378,-85.312302,35.143261],[673,1373,-85.312253,35.143317],[698,1366,-85.312205,35.143373],[723,1358,-85.312156,35.143429],[748,1349,-85.312108,35.143485],[765,1344,-85.312097,35.143437],[790,1348,-85.312094,35.143369],[815,1350,-85.31209,35.1433],[840,1352,-85.312087,35.143232],[865,1354,-85.312084,35.143163],[890,1354,-85.312081,35.143095],[915,1355,-85.312071,35.143028],[940,1350,-85.312032,35.142967],[965,1345,-85.311992,35.142907],[990,1342,-85.311953,35.142846],[1015,1338,-85.311914,35.142786],[1040,1335,-85.311874,35.142725],[1065,1330,-85.311835,35.142665],[1090,1326,-85.311795,35.142604],[1115,1321,-85.311756,35.142544],[1139,1318,-85.311699,35.142499],[1164,1311,-85.311622,35.142472],[1186,1308,-85.311576,35.142424],[1211,1308,-85.311561,35.142357],[1236,1307,-85.311545,35.14229],[1261,1305,-85.311529,35.142222],[1286,1305,-85.311513,35.142155],[1311,1303,-85.311497,35.142088],[1336,1303,-85.311481,35.142021],[1353,1300,-85.311426,35.142031],[1378,1294,-85.311356,35.142069],[1402,1294,-85.311334,35.142133],[1427,1291,-85.311319,35.1422],[1452,1290,-85.311303,35.142267],[1477,1290,-85.311287,35.142334],[1502,1286,-85.311271,35.142402],[1527,1286,-85.311255,35.142469],[1552,1285,-85.311243,35.142536],[1577,1283,-85.311263,35.142603],[1602,1281,-85.311282,35.14267],[1627,1284,-85.311302,35.142736],[1652,1282,-85.311321,35.142803],[1677,1284,-85.311341,35.142869],[1702,1281,-85.311361,35.142936],[1727,1283,-85.31138,35.143003],[1752,1281,-85.3114,35.143069],[1777,1281,-85.311419,35.143136],[1802,1276,-85.311439,35.143203],[1827,1276,-85.311458,35.143269],[1852,1271,-85.311478,35.143336],[1877,1266,-85.311498,35.143403],[1902,1267,-85.311517,35.143469],[1927,1264,-85.311537,35.143536],[1952,1269,-85.311556,35.143602],[1977,1269,-85.311576,35.143669],[2002,1274,-85.311595,35.143736],[2027,1274,-85.311615,35.143802],[2051,1272,-85.311619,35.143869],[2076,1271,-85.311596,35.143935],[2082,1266,-85.311575,35.143935],[2107,1266,-85.311557,35.143868],[2128,1262,-85.311532,35.143815],[2153,1257,-85.311462,35.143852],[2178,1248,-85.311391,35.143889],[2203,1241,-85.311321,35.143927],[2228,1240,-85.311251,35.143964],[2253,1237,-85.31118,35.144001],[2277,1231,-85.311131,35.14395],[2302,1228,-85.311083,35.143893],[2327,1222,-85.311035,35.143837],[2348,1223,-85.311075,35.143788],[2373,1223,-85.311135,35.143739],[2398,1226,-85.311194,35.143691],[2423,1235,-85.311253,35.143642],[2448,1241,-85.311312,35.143594],[2469,1242,-85.311288,35.143541],[2494,1237,-85.311237,35.143487],[2519,1234,-85.311185,35.143433],[2543,1228,-85.311108,35.143414],[2568,1221,-85.311025,35.143403],[2593,1217,-85.310942,35.143392],[2616,1215,-85.310894,35.143344],[2641,1218,-85.310859,35.143282],[2666,1217,-85.310824,35.14322],[2689,1217,-85.310789,35.143164],[2714,1211,-85.310758,35.143228],[2739,1208,-85.310727,35.143291],[2761,1203,-85.310719,35.143353],[2786,1203,-85.310765,35.14341],[2811,1202,-85.310812,35.143467],[2836,1205,-85.310858,35.143524],[2848,1202,-85.310826,35.143544],[2873,1198,-85.310742,35.14354],[2898,1194,-85.310658,35.143536],[2923,1188,-85.310575,35.143531],[2947,1183,-85.310503,35.143505],[2972,1181,-85.310444,35.143457],[2997,1179,-85.310385,35.143408],[3013,1170,-85.310332,35.143422],[3038,1164,-85.310283,35.143478],[3045,1164,-85.310261,35.143485],[3070,1165,-85.310279,35.143418],[3095,1167,-85.310296,35.143351],[3120,1173,-85.310314,35.143284],[3134,1167,-85.31027,35.143297],[3159,1156,-85.310205,35.14334],[3184,1150,-85.31014,35.143383],[3198,1145,-85.310093,35.143377],[3223,1139,-85.310068,35.143311],[3248,1139,-85.310043,35.143246],[3273,1134,-85.310019,35.14318],[3298,1128,-85.309994,35.143115],[3323,1130,-85.309969,35.143049],[3348,1128,-85.309945,35.142984],[3373,1131,-85.30992,35.142918],[3398,1129,-85.309895,35.142853],[3423,1133,-85.309871,35.142787],[3448,1130,-85.309847,35.142722],[3473,1131,-85.309859,35.142654],[3498,1139,-85.309871,35.142586],[3523,1141,-85.309884,35.142518],[3548,1143,-85.309896,35.14245],[3573,1145,-85.309909,35.142383],[3598,1145,-85.309896,35.142316],[3623,1145,-85.309879,35.142249],[3648,1139,-85.309861,35.142182],[3673,1140,-85.309844,35.142115],[3698,1143,-85.309826,35.142047],[3723,1139,-85.309808,35.14198],[3748,1143,-85.309791,35.141913],[3758,1136,-85.309758,35.141908],[3783,1126,-85.30971,35.141964],[3808,1118,-85.309662,35.14202],[3820,1112,-85.309624,35.142031],[3845,1111,-85.309602,35.141965],[3870,1115,-85.30958,35.141898],[3893,1112,-85.309534,35.141848],[3918,1104,-85.309459,35.141818],[3943,1094,-85.309384,35.141787],[3953,1088,-85.309353,35.141775]]}