{"trail":"Upper Traverse","distance":2155,"gain":84,"loss":90,"min":1386,"max":1417,"profile":[[0,1392,-85.315468,35.136949],[25,1394,-85.315415,35.137002],[50,1394,-85.315362,35.137055],[75,1394,-85.315309,35.137108],[100,1395,-85.315256,35.137161],[125,1397,-85.315203,35.137214],[150,1396,-85.315149,35.137267],[175,1395,-85.315096,35.13732],[200,1394,-85.315043,35.137373],[225,1395,-85.31499,35.137426],[250,1394,-85.314937,35.137479],[275,1391,-85.314884,35.137532],[300,1389,-85.31483,35.137585],[325,1389,-85.314782,35.137639],[350,1391,-85.314782,35.137708],[375,1393,-85.314782,35.137776],[400,1395,-85.314782,35.137845],[425,1396,-85.314782,35.137913],[450,1398,-85.314782,35.137982],[475,1401,-85.314782,35.13805],[500,1403,-85.314782,35.138119],[525,1406,-85.314782,35.138187],[549,1408,-85.314774,35.138253],[574,1404,-85.314709,35.138296],[599,1404,-85.314644,35.138339],[624,1400,-85.314579,35.138382],[649,1399,-85.314514,35.138426],[674,1396,-85.314449,35.138469],[697,1398,-85.314447,35.138533],[722,1400,-85.314457,35.138601],[747,1405,-85.314468,35.138669],[772,1407,-85.314478,35.138737],[797,1409,-85.314489,35.138805],[822,1411,-85.314499,35.138873],[845,1413,-85.31447,35.138932],[870,1411,-85.314419,35.138987],[895,1407,-85.314368,35.139041],[920,1405,-85.314317,35.139095],[945,1403,-85.314266,35.13915],[970,1401,-85.31422,35.139206],[995,1400,-85.3142,35.139273],[1020,1401,-85.31418,35.139339],[1045,1400,-85.314159,35.139406],[1070,1401,-85.314139,35.139472],[1095,1402,-85.314119,35.139539],[1120,1401,-85.314098,35.139605],[1145,1401,-85.314078,35.139672],[1170,1399,-85.314058,35.139738],[1194,1396,-85.314007,35.13979],[1219,1394,-85.313945,35.139836],[1244,1390,-85.313883,35.139881],[1267,1389,-85.313837,35.139934],[1292,1390,-85.313835,35.140002],[1317,1391,-85.313833,35.140071],[1342,1393,-85.313831,35.140139],[1367,1396,-85.313829,35.140208],[1392,1399,-85.313827,35.140276],[1417,1402,-85.313825,35.140345],[1442,1406,-85.313823,35.140413],[1467,1410,-85.313821,35.140482],[1492,1413,-85.313819,35.14055],[1517,1417,-85.313818,35.140619],[1541,1414,-85.313799,35.140681],[1566,1413,-85.313735,35.140725],[1591,1407,-85.31367,35.140768],[1616,1406,-85.313606,35.140812],[1641,1401,-85.313542,35.140856],[1666,1402,-85.313477,35.1409],[1691,1398,-85.313413,35.140944],[1716,1397,-85.313348,35.140988],[1741,1394,-85.313284,35.141032],[1766,1396,-85.31322,35.141076],[1791,1393,-85.313155,35.141119],[1816,1393,-85.313091,35.141163],[1841,1391,-85.313027,35.141207],[1866,1393,-85.312962,35.141251],[1890,1390,-85.312909,35.141301],[1915,1394,-85.312887,35.141367],[1940,1393,-85.312866,35.141433],[1965,1395,-85.312844,35.141499],[1990,1394,-85.312822,35.141566],[2015,1394,-85.312801,35.141632],[2040,1392,-85.312779,35.141698],[2065,1392,-85.312757,35.141764],[2090,1389,-85.312735,35.14183],[2115,1389,-85.312714,35.141896],[2140,1387,-85.312692,35.141963],[2155,1386,-85.312679,35.142003]]}