{"trail":"Upper Whoops","distance":10337,"gain":141,"loss":483,"min":4928,"max":5586,"profile":[[0,5423,-121.513667,44.020972],[28,5420,-121.513566,44.020994],[62,5417,-121.513436,44.020995],[88,5415,-121.513344,44.02097],[170,5404,-121.513077,44.020849],[253,5398,-121.51281,44.020729],[347,5393,-121.512526,44.020573],[375,5391,-121.512422,44.020551],[503,5382,-121.511935,44.020546],[581,5377,-121.511638,44.020519],[627,5375,-121.511463,44.020518],[669,5374,-121.511306,44.020537],[744,5372,-121.511048,44.020622],[818,5371,-121.510789,44.020707],[909,5367,-121.510453,44.020765],[1000,5361,-121.510117,44.020823],[1045,5357,-121.509957,44.020869],[1120,5349,-121.509716,44.02098],[1204,5340,-121.509425,44.021077],[1246,5335,-121.509272,44.021108],[1311,5329,-121.509024,44.02113],[1394,5323,-121.508707,44.021137],[1478,5314,-121.50839,44.021144],[1498,5310,-121.508315,44.021163],[1571,5300,-121.50809,44.021278],[1639,5291,-121.50791,44.021414],[1701,5285,-121.507716,44.02151],[1726,5283,-121.507625,44.021528],[1749,5281,-121.507537,44.021514],[1837,5281,-121.507333,44.021323],[1856,5279,-121.507272,44.021299],[1872,5278,-121.507211,44.021297],[1893,5276,-121.507133,44.021315],[1941,5274,-121.506988,44.021395],[1993,5269,-121.506856,44.0215],[2016,5267,-121.506796,44.021548],[2032,5267,-121.506742,44.021566],[2053,5265,-121.506667,44.021548],[2074,5263,-121.506606,44.021511],[2089,5263,-121.506562,44.021485],[2099,5261,-121.506528,44.021469],[2112,5261,-121.506484,44.021481],[2128,5259,-121.506457,44.021522],[2152,5259,-121.506442,44.021588],[2169,5259,-121.506415,44.021631],[2180,5257,-121.506379,44.021645],[2193,5257,-121.50633,44.021645],[2212,5255,-121.506274,44.021613],[2229,5255,-121.506242,44.021571],[2257,5253,-121.506203,44.021499],[2287,5253,-121.506188,44.021418],[2300,5253,-121.506166,44.021388],[2312,5250,-121.50612,44.02138],[2324,5251,-121.506081,44.021399],[2343,5251,-121.506051,44.021445],[2370,5249,-121.506015,44.021513],[2404,5247,-121.505944,44.021592],[2412,5247,-121.505917,44.021604],[2422,5247,-121.505881,44.021609],[2438,5245,-121.505822,44.021597],[2472,5242,-121.505772,44.021512],[2508,5242,-121.5057,44.021428],[2535,5240,-121.505645,44.021365],[2600,5235,-121.505486,44.021227],[2633,5233,-121.505419,44.021152],[2704,5231,-121.505318,44.02097],[2749,5229,-121.505229,44.020865],[2797,5223,-121.505071,44.020799],[2843,5217,-121.5049,44.020774],[2872,5214,-121.50479,44.020778],[2894,5210,-121.50471,44.020799],[2920,5208,-121.504632,44.020841],[2952,5203,-121.504562,44.020914],[3019,5202,-121.504465,44.021084],[3086,5203,-121.504368,44.021253],[3151,5202,-121.504236,44.021404],[3236,5200,-121.504036,44.021587],[3321,5198,-121.503835,44.021771],[3419,5195,-121.503587,44.021973],[3517,5192,-121.50334,44.022174],[3572,5190,-121.503161,44.022253],[3621,5187,-121.50298,44.022282],[3745,5178,-121.502509,44.022321],[3852,5171,-121.502114,44.022395],[3884,5168,-121.501999,44.022374],[3915,5167,-121.501914,44.022312],[4006,5167,-121.501796,44.022077],[4038,5166,-121.501717,44.02201],[4077,5164,-121.501589,44.021957],[4126,5156,-121.501405,44.021935],[4165,5153,-121.501259,44.021953],[4191,5150,-121.50117,44.021984],[4217,5146,-121.501093,44.022028],[4269,5141,-121.500969,44.022141],[4344,5139,-121.500839,44.022324],[4419,5133,-121.500709,44.022507],[4499,5124,-121.500524,44.022681],[4579,5114,-121.50034,44.022856],[4667,5105,-121.50005,44.022978],[4706,5100,-121.499906,44.023006],[4817,5091,-121.499487,44.02305],[4863,5086,-121.49933,44.023102],[4889,5084,-121.499257,44.02315],[4941,5083,-121.499153,44.023271],[5019,5083,-121.499042,44.023471],[5075,5082,-121.498934,44.023602],[5134,5078,-121.498773,44.023714],[5254,5067,-121.498399,44.023907],[5321,5063,-121.49821,44.024031],[5389,5061,-121.498022,44.024156],[5519,5058,-121.497637,44.024381],[5594,5057,-121.497444,44.024535],[5670,5056,-121.497251,44.024689],[5746,5054,-121.497058,44.024844],[5822,5052,-121.496865,44.024998],[5906,5050,-121.496631,44.025156],[5990,5049,-121.496396,44.025315],[6066,5048,-121.496147,44.025418],[6141,5046,-121.495899,44.02552],[6216,5044,-121.49565,44.025623],[6267,5041,-121.495466,44.025669],[6308,5037,-121.495312,44.02567],[6393,5029,-121.495012,44.025579],[6479,5021,-121.494711,44.025488],[6536,5017,-121.494497,44.025453],[6588,5012,-121.494298,44.025463],[6688,5001,-121.49393,44.025524],[6733,4993,-121.49376,44.025505],[6813,4982,-121.493482,44.025412],[6845,4978,-121.493394,44.025352],[6925,4970,-121.493232,44.025166],[6950,4966,-121.493151,44.025129],[6989,4963,-121.493005,44.025109],[7057,4956,-121.492745,44.02511],[7126,4949,-121.492485,44.025111],[7148,4948,-121.492405,44.025135],[7245,4942,-121.492103,44.025289],[7271,4941,-121.492009,44.025306],[7350,4936,-121.491709,44.02531],[7426,4927,-121.491418,44.025333],[7503,4925,-121.491141,44.025263],[7578,4925,-121.490884,44.025174],[7630,4926,-121.490706,44.025112],[7679,4930,-121.490556,44.025032],[7679,5423,-121.513667,44.020972],[7758,5435,-121.513957,44.02091],[7812,5441,-121.514137,44.020838],[7851,5443,-121.514227,44.020754],[7940,5449,-121.514385,44.020539],[8029,5450,-121.514542,44.020323],[8146,5446,-121.514779,44.02005],[8179,5446,-121.514867,44.019988],[8294,5455,-121.515251,44.019831],[8363,5456,-121.515445,44.019706],[8411,5459,-121.515607,44.019644],[8437,5461,-121.515704,44.019628],[8469,5464,-121.515826,44.019627],[8582,5478,-121.516251,44.019684],[8674,5487,-121.5166,44.019692],[8697,5487,-121.516684,44.019679],[8809,5490,-121.517074,44.019552],[8847,5490,-121.517216,44.019531],[8893,5493,-121.517391,44.019527],[8944,5500,-121.517585,44.019546],[9008,5509,-121.517809,44.019613],[9073,5513,-121.518058,44.019616],[9100,5514,-121.518135,44.019663],[9126,5519,-121.51822,44.0197],[9150,5523,-121.518249,44.019764],[9171,5525,-121.518197,44.019806],[9186,5525,-121.518149,44.019828],[9204,5528,-121.518147,44.019878],[9219,5531,-121.518167,44.019916],[9240,5531,-121.518238,44.019943],[9264,5532,-121.518327,44.019961],[9333,5536,-121.518572,44.020025],[9387,5541,-121.518752,44.0201],[9473,5550,-121.519015,44.020239],[9559,5554,-121.519278,44.020378],[9607,5557,-121.519435,44.020446],[9642,5559,-121.519559,44.020482],[9703,5562,-121.519782,44.02053],[9801,5569,-121.520151,44.020568],[9818,5569,-121.520219,44.020569],[9843,5569,-121.520312,44.020571],[9885,5569,-121.520472,44.020554],[9924,5568,-121.520618,44.020563],[10045,5573,-121.521053,44.020678],[10164,5588,-121.521497,44.020746],[10254,5595,-121.521808,44.020849],[10304,5595,-121.521995,44.020866],[10337,5595,-121.52212,44.020852]]}