{"trail":"Valley","distance":1169,"gain":0,"loss":141,"min":941,"max":1082,"profile":[[0,1082,-85.064607,35.042207],[25,1079,-85.064563,35.042266],[50,1078,-85.06452,35.042324],[75,1075,-85.064477,35.042383],[100,1071,-85.064434,35.042442],[125,1070,-85.06439,35.0425],[150,1065,-85.064347,35.042559],[175,1060,-85.064304,35.042618],[200,1059,-85.064261,35.042676],[225,1052,-85.064217,35.042735],[250,1045,-85.064174,35.042794],[275,1043,-85.064131,35.042852],[300,1036,-85.064088,35.042911],[325,1028,-85.064044,35.04297],[350,1024,-85.064001,35.043028],[375,1016,-85.063958,35.043087],[400,1010,-85.063911,35.043143],[425,1005,-85.06384,35.043179],[450,1000,-85.063769,35.043215],[475,996,-85.063697,35.043251],[500,992,-85.063626,35.043287],[525,990,-85.063555,35.043323],[550,988,-85.063484,35.043359],[575,986,-85.063413,35.043396],[600,985,-85.063342,35.043432],[625,984,-85.063271,35.043468],[650,981,-85.063199,35.043504],[675,979,-85.063128,35.04354],[700,977,-85.063057,35.043576],[725,974,-85.062986,35.043612],[750,973,-85.062915,35.043648],[774,973,-85.062846,35.043686],[799,970,-85.062822,35.043751],[824,967,-85.062797,35.043817],[849,964,-85.062773,35.043882],[874,961,-85.062748,35.043948],[899,960,-85.062724,35.044014],[924,957,-85.062699,35.044079],[949,957,-85.062675,35.044145],[974,956,-85.062651,35.04421],[999,954,-85.062626,35.044276],[1024,951,-85.062602,35.044341],[1049,949,-85.062577,35.044407],[1074,948,-85.062553,35.044472],[1099,946,-85.062528,35.044538],[1124,945,-85.062504,35.044603],[1149,943,-85.06248,35.044669],[1169,941,-85.062461,35.044719]]}