{"trail":"Virginia Ave Greenway","distance":7614,"gain":70,"loss":70,"min":684,"max":738,"profile":[[0,684,-85.33051,34.988326],[25,685,-85.330503,34.988394],[50,685,-85.330496,34.988462],[75,686,-85.330488,34.988531],[100,686,-85.330481,34.988599],[125,687,-85.330474,34.988667],[150,688,-85.330466,34.988735],[175,689,-85.330459,34.988804],[200,691,-85.330452,34.988872],[225,691,-85.330445,34.98894],[250,692,-85.330437,34.989008],[275,693,-85.33043,34.989077],[300,693,-85.330423,34.989145],[325,694,-85.330415,34.989213],[350,695,-85.330408,34.989281],[375,695,-85.330401,34.98935],[400,696,-85.330394,34.989418],[425,696,-85.330386,34.989486],[450,696,-85.330379,34.989555],[475,696,-85.330372,34.989623],[500,696,-85.330364,34.989691],[525,696,-85.330357,34.989759],[550,697,-85.33035,34.989828],[575,697,-85.330343,34.989896],[600,696,-85.330335,34.989964],[625,696,-85.330328,34.990032],[650,696,-85.330321,34.990101],[675,697,-85.330313,34.990169],[700,697,-85.330306,34.990237],[725,697,-85.330299,34.990306],[750,696,-85.330292,34.990374],[775,696,-85.330284,34.990442],[800,697,-85.330277,34.99051],[825,697,-85.33027,34.990579],[850,697,-85.330262,34.990647],[875,697,-85.330255,34.990715],[900,696,-85.330248,34.990783],[925,697,-85.330241,34.990852],[950,697,-85.330233,34.99092],[975,697,-85.330226,34.990988],[1000,697,-85.330219,34.991056],[1025,698,-85.330211,34.991125],[1050,697,-85.330204,34.991193],[1075,697,-85.330197,34.991261],[1100,698,-85.330189,34.99133],[1125,698,-85.330182,34.991398],[1150,698,-85.330175,34.991466],[1175,698,-85.330168,34.991534],[1200,698,-85.33016,34.991603],[1225,698,-85.330153,34.991671],[1250,698,-85.330146,34.991739],[1275,698,-85.330138,34.991807],[1300,698,-85.330131,34.991876],[1325,698,-85.330124,34.991944],[1350,698,-85.330117,34.992012],[1375,698,-85.330109,34.99208],[1400,698,-85.330102,34.992149],[1425,698,-85.330095,34.992217],[1450,698,-85.330087,34.992285],[1475,697,-85.33008,34.992354],[1500,697,-85.330073,34.992422],[1525,697,-85.330066,34.99249],[1550,697,-85.330058,34.992558],[1575,698,-85.330051,34.992627],[1600,698,-85.330044,34.992695],[1625,697,-85.330036,34.992763],[1650,697,-85.330029,34.992831],[1675,697,-85.330022,34.9929],[1700,698,-85.33001,34.992967],[1725,697,-85.329985,34.993033],[1750,697,-85.329961,34.993098],[1775,697,-85.329937,34.993164],[1800,697,-85.329912,34.993229],[1825,697,-85.329888,34.993295],[1850,697,-85.329863,34.99336],[1875,697,-85.329839,34.993426],[1900,697,-85.329814,34.993492],[1925,697,-85.32979,34.993557],[1950,697,-85.329766,34.993623],[1975,697,-85.329741,34.993688],[2000,697,-85.329717,34.993754],[2025,697,-85.329692,34.993819],[2050,697,-85.329668,34.993885],[2075,697,-85.329643,34.99395],[2100,697,-85.329619,34.994016],[2125,697,-85.329594,34.994081],[2150,697,-85.32957,34.994147],[2175,697,-85.329546,34.994212],[2200,696,-85.329521,34.994278],[2225,697,-85.329497,34.994344],[2250,697,-85.329472,34.994409],[2275,697,-85.329448,34.994475],[2300,697,-85.329423,34.99454],[2325,698,-85.329399,34.994606],[2350,698,-85.329375,34.994671],[2375,698,-85.32935,34.994737],[2400,698,-85.329326,34.994802],[2425,698,-85.329301,34.994868],[2450,699,-85.329277,34.994933],[2475,699,-85.329252,34.994999],[2500,699,-85.329228,34.995064],[2525,700,-85.329204,34.99513],[2550,700,-85.329179,34.995196],[2575,700,-85.329155,34.995261],[2600,701,-85.32913,34.995327],[2625,701,-85.329106,34.995392],[2650,701,-85.329081,34.995458],[2675,702,-85.329057,34.995523],[2700,702,-85.329033,34.995589],[2725,702,-85.329008,34.995654],[2750,703,-85.328984,34.99572],[2775,703,-85.328959,34.995785],[2800,704,-85.328935,34.995851],[2825,704,-85.328914,34.995917],[2850,705,-85.328897,34.995984],[2875,706,-85.32888,34.996051],[2900,707,-85.328863,34.996119],[2925,708,-85.328846,34.996186],[2950,708,-85.32883,34.996253],[2975,707,-85.328813,34.99632],[3000,707,-85.328796,34.996387],[3025,706,-85.328779,34.996454],[3050,706,-85.328762,34.996521],[3075,706,-85.328745,34.996588],[3100,706,-85.328728,34.996656],[3125,707,-85.328711,34.996723],[3150,706,-85.328694,34.99679],[3175,706,-85.328677,34.996857],[3200,706,-85.32866,34.996924],[3225,706,-85.328644,34.996991],[3250,707,-85.32864,34.99706],[3275,708,-85.328636,34.997128],[3300,710,-85.328632,34.997196],[3325,712,-85.328629,34.997265],[3350,714,-85.328625,34.997333],[3375,714,-85.328622,34.997402],[3400,716,-85.328618,34.99747],[3425,718,-85.328614,34.997539],[3450,720,-85.328611,34.997607],[3475,721,-85.328607,34.997676],[3500,723,-85.328603,34.997744],[3525,724,-85.3286,34.997813],[3550,725,-85.328596,34.997881],[3575,726,-85.328592,34.99795],[3600,726,-85.328589,34.998018],[3625,727,-85.328585,34.998086],[3650,727,-85.328582,34.998155],[3675,725,-85.328578,34.998223],[3700,725,-85.328574,34.998292],[3725,725,-85.328571,34.99836],[3750,725,-85.328567,34.998429],[3775,725,-85.328563,34.998497],[3800,726,-85.32856,34.998566],[3825,726,-85.328556,34.998634],[3850,726,-85.328553,34.998703],[3875,726,-85.328549,34.998771],[3900,727,-85.328545,34.99884],[3925,727,-85.328542,34.998908],[3950,727,-85.328538,34.998977],[3975,725,-85.328534,34.999045],[4000,725,-85.328531,34.999113],[4025,725,-85.328527,34.999182],[4050,725,-85.328523,34.99925],[4075,726,-85.32852,34.999319],[4100,726,-85.328516,34.999387],[4125,726,-85.328513,34.999456],[4150,727,-85.328509,34.999524],[4175,727,-85.328505,34.999593],[4200,728,-85.328502,34.999661],[4225,728,-85.328498,34.99973],[4250,729,-85.328494,34.999798],[4275,728,-85.328491,34.999867],[4300,729,-85.328487,34.999935],[4325,730,-85.328483,35.000003],[4350,732,-85.32848,35.000072],[4375,734,-85.328476,35.00014],[4400,735,-85.328473,35.000209],[4425,735,-85.328469,35.000277],[4450,736,-85.328465,35.000346],[4475,737,-85.328462,35.000414],[4500,738,-85.328458,35.000483],[4525,738,-85.328454,35.000551],[4550,738,-85.328451,35.00062],[4575,738,-85.328445,35.000688],[4600,738,-85.328438,35.000756],[4625,738,-85.328432,35.000825],[4650,738,-85.328425,35.000893],[4675,738,-85.328419,35.000961],[4700,738,-85.328412,35.00103],[4725,738,-85.328406,35.001098],[4750,738,-85.328399,35.001166],[4775,738,-85.328393,35.001235],[4800,738,-85.328386,35.001303],[4825,738,-85.32838,35.001371],[4850,738,-85.328373,35.00144],[4875,738,-85.328367,35.001508],[4900,737,-85.32836,35.001576],[4925,737,-85.328354,35.001645],[4950,736,-85.328347,35.001713],[4975,735,-85.328341,35.001781],[5000,734,-85.328334,35.001849],[5025,733,-85.328328,35.001918],[5050,733,-85.328321,35.001986],[5075,732,-85.328315,35.002054],[5100,731,-85.328309,35.002123],[5125,731,-85.328302,35.002191],[5150,730,-85.328296,35.002259],[5175,730,-85.328289,35.002328],[5200,729,-85.328283,35.002396],[5225,729,-85.328276,35.002464],[5250,728,-85.32827,35.002533],[5275,728,-85.328263,35.002601],[5300,727,-85.328257,35.002669],[5325,727,-85.32825,35.002738],[5350,726,-85.328244,35.002806],[5375,726,-85.328237,35.002874],[5400,725,-85.328231,35.002943],[5425,724,-85.328224,35.003011],[5450,724,-85.328218,35.003079],[5475,723,-85.328211,35.003148],[5500,722,-85.328205,35.003216],[5525,722,-85.328198,35.003284],[5550,721,-85.328192,35.003353],[5575,720,-85.328185,35.003421],[5600,719,-85.328179,35.003489],[5625,719,-85.328172,35.003558],[5650,719,-85.328166,35.003626],[5675,718,-85.328159,35.003694],[5700,717,-85.328153,35.003762],[5725,716,-85.328146,35.003831],[5750,716,-85.32814,35.003899],[5775,715,-85.328133,35.003967],[5800,714,-85.328127,35.004036],[5825,714,-85.32812,35.004104],[5850,713,-85.328114,35.004172],[5875,712,-85.328107,35.004241],[5900,711,-85.328101,35.004309],[5925,711,-85.328094,35.004377],[5950,710,-85.328088,35.004446],[5975,710,-85.328081,35.004514],[6000,709,-85.328075,35.004582],[6025,708,-85.328068,35.004651],[6050,707,-85.328062,35.004719],[6075,707,-85.328056,35.004787],[6100,706,-85.328049,35.004856],[6125,705,-85.328043,35.004924],[6150,704,-85.328036,35.004992],[6175,703,-85.32803,35.005061],[6200,702,-85.328023,35.005129],[6225,700,-85.328017,