{"trail":"Vista Butte","distance":2833,"gain":236,"loss":0,"min":6371,"max":6613,"profile":[[0,6367,-121.60357,43.99359],[19,6366,-121.603516,43.993554],[41,6369,-121.60344,43.993533],[64,6372,-121.603351,43.993522],[110,6374,-121.603196,43.993468],[138,6375,-121.603087,43.993462],[155,6376,-121.603026,43.993478],[239,6384,-121.602784,43.993629],[262,6384,-121.602711,43.993662],[312,6386,-121.602542,43.993729],[393,6388,-121.602266,43.993824],[416,6389,-121.602178,43.993838],[488,6395,-121.601936,43.993925],[507,6397,-121.601863,43.993928],[605,6402,-121.601515,43.994026],[638,6400,-121.601389,43.994042],[672,6401,-121.601261,43.99403],[703,6405,-121.601163,43.993984],[754,6414,-121.601065,43.993863],[822,6428,-121.60097,43.99369],[875,6432,-121.600938,43.993547],[914,6439,-121.600848,43.993461],[972,6446,-121.600762,43.993313],[1053,6457,-121.600628,43.993113],[1109,6455,-121.600565,43.992968],[1139,6460,-121.600511,43.992894],[1222,6470,-121.600329,43.992711],[1296,6480,-121.600151,43.992552],[1377,6488,-121.600013,43.992352],[1459,6490,-121.599876,43.992153],[1497,6495,-121.599824,43.992054],[1526,6494,-121.599771,43.991986],[1541,6502,-121.599761,43.991943],[1575,6502,-121.599758,43.991852],[1601,6503,-121.599737,43.991782],[1647,6514,-121.599668,43.991664],[1700,6519,-121.599635,43.991521],[1725,6525,-121.599643,43.991455],[1802,6528,-121.599721,43.991251],[1880,6544,-121.599746,43.991036],[1919,6546,-121.599812,43.990942],[1943,6549,-121.59983,43.990876],[1953,6549,-121.599829,43.990851],[1962,6550,-121.599814,43.990828],[1983,6555,-121.599736,43.990828],[2001,6561,-121.599671,43.990846],[2044,6565,-121.599565,43.990938],[2072,6569,-121.599466,43.99096],[2094,6571,-121.599409,43.991006],[2131,6574,-121.599301,43.99107],[2169,6577,-121.599171,43.991118],[2194,6587,-121.599081,43.991143],[2210,6587,-121.599032,43.991167],[2224,6587,-121.599002,43.991199],[2251,6591,-121.59896,43.991268],[2277,6594,-121.598897,43.99132],[2321,6599,-121.598816,43.991427],[2339,6599,-121.59876,43.991455],[2372,6604,-121.598695,43.991531],[2405,6603,-121.598655,43.991619],[2452,6608,-121.598581,43.991737],[2488,6607,-121.598569,43.991834],[2503,6611,-121.598549,43.991872],[2533,6613,-121.598478,43.991939],[2572,6610,-121.598492,43.992043],[2591,6613,-121.598474,43.992093],[2611,6614,-121.598441,43.992145],[2620,6614,-121.598438,43.992168],[2629,6614,-121.598441,43.992193],[2663,6614,-121.598481,43.992283],[2689,6613,-121.598492,43.992352],[2708,6613,-121.59855,43.992384],[2744,6611,-121.598611,43.992472],[2760,6611,-121.598648,43.992508],[2786,6611,-121.598637,43.992578],[2812,6612,-121.598586,43.99264],[2833,6609,-121.598559,43.992693]]}