{"trail":"Voodoo","distance":16025,"gain":77,"loss":214,"min":4202,"max":4415,"profile":[[0,4345,-121.442653,44.03283],[45,4344,-121.442752,44.032731],[88,4343,-121.44287,44.032646],[152,4341,-121.44293,44.032476],[204,4339,-121.442895,44.032338],[253,4337,-121.442839,44.032207],[281,4336,-121.442856,44.032133],[308,4335,-121.442853,44.032057],[338,4334,-121.44283,44.031977],[383,4332,-121.442784,44.031858],[419,4330,-121.442793,44.031761],[455,4330,-121.442821,44.031663],[477,4329,-121.442849,44.031608],[554,4327,-121.443007,44.03143],[603,4326,-121.443072,44.031302],[677,4324,-121.443119,44.031103],[727,4324,-121.443182,44.030974],[775,4325,-121.443238,44.030849],[824,4326,-121.443268,44.030715],[866,4327,-121.443278,44.0306],[924,4329,-121.443222,44.030447],[982,4330,-121.443198,44.030289],[1022,4331,-121.443202,44.030179],[1054,4333,-121.44322,44.030093],[1077,4333,-121.443254,44.030035],[1103,4334,-121.443328,44.029987],[1134,4336,-121.443394,44.029918],[1176,4337,-121.443466,44.029814],[1218,4339,-121.443543,44.029714],[1268,4341,-121.443684,44.029619],[1330,4343,-121.4439,44.02955],[1383,4345,-121.444048,44.029454],[1431,4345,-121.44413,44.029335],[1459,4345,-121.444137,44.029258],[1495,4345,-121.444124,44.029161],[1563,4345,-121.444062,44.02898],[1608,4345,-121.444037,44.028858],[1681,4345,-121.444015,44.028657],[1714,4345,-121.444045,44.028571],[1753,4346,-121.4441,44.028471],[1775,4346,-121.444124,44.028414],[1796,4346,-121.444123,44.028355],[1861,4346,-121.444048,44.028187],[1914,4346,-121.443974,44.028052],[1991,4348,-121.44383,44.027865],[2067,4349,-121.443645,44.027706],[2126,4350,-121.443469,44.027604],[2199,4352,-121.443288,44.027454],[2289,4356,-121.4431,44.027245],[2371,4359,-121.442959,44.027046],[2432,4360,-121.442871,44.026891],[2490,4363,-121.442789,44.026744],[2520,4364,-121.442762,44.026665],[2557,4367,-121.442748,44.026563],[2617,4369,-121.442725,44.026401],[2660,4373,-121.442736,44.026283],[2747,4381,-121.442839,44.026056],[2790,4384,-121.442883,44.025941],[2842,4386,-121.442946,44.025807],[2893,4388,-121.442992,44.02567],[2921,4389,-121.443039,44.025603],[2948,4391,-121.443061,44.02553],[2961,4391,-121.44306,44.025495],[2986,4391,-121.443045,44.025427],[3021,4393,-121.442991,44.025339],[3079,4394,-121.442895,44.025194],[3133,4395,-121.442836,44.025052],[3237,4398,-121.442683,44.02479],[3301,4399,-121.442625,44.02462],[3360,4401,-121.4426,44.024459],[3440,4403,-121.442548,44.024243],[3496,4406,-121.442464,44.024103],[3562,4408,-121.442327,44.02395],[3634,4412,-121.442159,44.023795],[3716,4414,-121.441968,44.023616],[3798,4415,-121.441776,44.023438],[3816,4415,-121.441746,44.023395],[3907,4416,-121.4416,44.02317],[3978,4416,-121.441437,44.023013],[4041,4416,-121.441281,44.022882],[4090,4416,-121.441159,44.022778],[4130,4415,-121.441063,44.022694],[4183,4415,-121.44096,44.022571],[4272,4415,-121.44084,44.022342],[4313,4414,-121.440783,44.022236],[4392,4414,-121.440698,44.022029],[4510,4414,-121.440681,44.021707],[4579,4413,-121.44062,44.021522],[4649,4413,-121.440559,44.021336],[4715,4413,-121.440533,44.021154],[4783,4412,-121.44046,44.020976],[4851,4412,-121.440387,44.020798],[4922,4412,-121.440362,44.020603],[4994,4411,-121.440337,44.020407],[5043,4411,-121.440334,44.020272],[5079,4411,-121.440361,44.020175],[5099,4412,-121.440395,44.020128],[5145,4412,-121.440511,44.020033],[5166,4412,-121.440535,44.019977],[5199,4412,-121.440557,44.019889],[5246,4412,-121.440542,44.019759],[5325,4411,-121.440417,44.019563],[5367,4411,-121.440389,44.019449],[5487,4410,-121.440276,44.01913],[5559,4409,-121.440201,44.018941],[5681,4408,-121.440021,44.018634],[5721,4407,-121.439955,44.018533],[5744,4407,-121.439879,44.018502],[5767,4407,-121.439803,44.018474],[5779,4406,-121.43977,44.018451],[5792,4406,-121.439764,44.018415],[5802,4406,-121.439781,44.018389],[5825,4406,-121.439855,44.018357],[5850,4407,-121.439936,44.018322],[5872,4407,-121.440006,44.01829],[5908,4407,-121.440078,44.018205],[5943,4407,-121.440152,44.018124],[5967,4407,-121.440162,44.01806],[6027,4406,-121.440234,44.017902],[6146,4406,-121.440345,44.017589],[6235,4404,-121.440426,44.017351],[6265,4404,-121.440478,44.017278],[6286,4404,-121.440524,44.017231],[6322,4403,-121.440644,44.017181],[6339,4403,-121.440696,44.017153],[6371,4402,-121.440779,44.017088],[6398,4401,-121.440844,44.017032],[6422,4400,-121.440864,44.016967],[6444,4399,-121.440868,44.016907],[6493,4397,-121.440888,44.016774],[6520,4395,-121.440888,44.016698],[6543,4394,-121.44087,44.016638],[6564,4394,-121.440836,44.016586],[6580,4393,-121.440803,44.016547],[6601,4392,-121.440759,44.0165],[6616,4392,-121.440709,44.016483],[6645,4390,-121.440607,44.016447],[6700,4390,-121.440409,44.016404],[6719,4388,-121.440343,44.016382],[6733,4388,-121.440304,44.016354],[6752,4387,-121.440271,44.01631],[6769,4386,-121.440232,44.01627],[6794,4386,-121.440167,44.016222],[6817,4385,-121.440086,44.016196],[6855,4385,-121.439946,44.016171],[6896,4385,-121.439794,44.016147],[6952,4385,-121.439583,44.016112],[6995,4385,-121.439437,44.016064],[7031,4384,-121.43935,44.015986],[7087,4381,-121.439221,44.015864],[7120,4380,-121.439116,44.015813],[7155,4380,-121.438992,44.015782],[7182,4377,-121.438903,44.015745],[7209,4375,-121.438853,44.01568],[7242,4370,-121.438825,44.015592],[7271,4367,-121.438809,44.015511],[7288,4365,-121.438778,44.015471],[7319,4364,-121.438698,44.015408],[7360,4363,-121.438589,44.01533],[7399,4362,-121.438468,44.015265],[7423,4362,-121.438388,44.015234],[7436,4362,-121.438339,44.015227],[7447,4362,-121.438303,44.015239],[7468,4362,-121.438254,44.015284],[7480,4363,-121.438217,44.015304],[7497,4363,-121.438164,44.01533],[7517,4363,-121.438096,44.015354],[7531,4363,-121.438046,44.015373],[7543,4363,-121.438018,44.015397],[7559,4363,-121.438014,44.015442],[7573,4364,-121.438002,44.015479],[7582,4364,-121.437976,44.015496],[7597,4364,-121.437923,44.015502],[7625,4364,-121.437816,44.015517],[7647,4364,-121.437734,44.015518],[7689,4365,-121.437575,44.015496],[7808,4365,-121.437139,44.015407],[7866,4366,-121.436925,44.015372],[7905,4367,-121.436777,44.015355],[7926,4367,-121.436696,44.015361],[7945,4367,-121.43663,44.01538],[7970,4367,-121.43656,44.015428],[8010,4368,-121.436423,44.015475],[8038,4368,-121.436327,44.01551],[8069,4367,-121.436211,44.015522],[8102,4367,-121.436088,44.015501],[8123,4367,-121.436009,44.015502],[8135,4367,-121.435965,44.015506],[8147,4367,-121.435924,44.015523],[8159,4367,-121.435892,44.015544],[8168,4367,-121.435864,44.015558],[8175,4367,-121.435834,44.01556],[8199,4366,-121.435745,44.015566],[8214,4366,-121.435686,44.015571],[8229,4366,-121.435632,44.015574],[8237,4366,-121.4356,44.01557],[8247,4366,-121.435565,44.01556],[8254,4366,-121.435541,44.015556],[8269,4365,-121.435483,44.015557],[8287,4365,-121.435415,44.01557],[8309,4365,-121.435336,44.015586],[8322,4365,-121.435287,44.015584],[8339,4364,-121.435227,44.015564],[8352,4364,-121.435186,44.015543],[8368,4364,-121.435164,44.015502],[8393,4363,-121.435144,44.015437],[8421,4362,-121.435116,44.015362],[8450,4360,-121.435104,44.015284],[8492,4360,-121.435073,44.015171],[8542,4356,-121.435035,44.015036],[8631,4352,-121.434992,44.014795],[8704,4347,-121.435027,44.014595],[8755,4345,-121.435069,44.014458],[8770,4345,-121.435095,44.014423],[8787,4344,-121.435158,44.014407],[8806,4344,-121.435207,44.01437],[8846,4341,-121.435226,44.014261],[8860,4340,-121.43523,44.014222],[8876,4340,-121.435222,44.01418],[8893,4340,-121.435213,44.014134],[8905,4342,-121.435228,44.014103],[8918,4342,-121.435226,44.014066],[8937,4343,-121.435198,44.014018],[8965,4345,-121.435098,44.01399],[9015,4344,-121.434918,44.013944],[9118,4347,-121.43453,44.013915],[9191,4346,-121.434249,44.013927],[9265,4343,-121.433969,44.013939],[9367,4342,-121.433582,44.013959],[9440,4340,-121.433305,44.013988],[9487,4336,-121.433126,44.013991],[9538,4337,-121.432933,44.013988],[9599,4334,-121.432711,44.013941],[9715,4335,-121.43229,44.01384],[9818,4335,-121.431911,44.013771],[9849,