{"trail":"Voodoo Child","distance":4288,"gain":10,"loss":31,"min":4321,"max":4362,"profile":[[0,4346,-121.432678,44.015221],[18,4347,-121.432746,44.015214],[45,4347,-121.432843,44.015187],[85,4347,-121.432994,44.015196],[103,4348,-121.433061,44.015204],[121,4348,-121.433119,44.015179],[144,4348,-121.433194,44.015142],[166,4348,-121.43326,44.015106],[189,4347,-121.433334,44.015073],[200,4348,-121.433374,44.01508],[229,4349,-121.433474,44.015114],[244,4349,-121.433531,44.015118],[264,4348,-121.433601,44.015098],[299,4348,-121.43373,44.015074],[332,4349,-121.433856,44.01507],[367,4349,-121.43399,44.015076],[409,4350,-121.434146,44.015052],[445,4350,-121.434284,44.015042],[470,4350,-121.434374,44.015026],[489,4350,-121.434449,44.015023],[505,4351,-121.434507,44.015024],[517,4352,-121.434553,44.015023],[529,4352,-121.434599,44.015023],[556,4352,-121.4347,44.015012],[576,4353,-121.434776,44.015],[587,4354,-121.434816,44.014996],[600,4354,-121.434866,44.015005],[626,4355,-121.434963,44.015018],[646,4356,-121.435035,44.015036],[671,4356,-121.435128,44.015023],[696,4357,-121.435222,44.01503],[720,4358,-121.435312,44.015021],[740,4357,-121.435356,44.014976],[781,4356,-121.435471,44.014898],[799,4357,-121.435509,44.014856],[834,4354,-121.435513,44.014761],[885,4353,-121.435696,44.014714],[939,4353,-121.43588,44.014645],[975,4352,-121.435931,44.014555],[1013,4349,-121.43595,44.014451],[1043,4348,-121.436001,44.014377],[1079,4348,-121.436128,44.014343],[1110,4348,-121.436192,44.014273],[1143,4348,-121.436211,44.014181],[1172,4346,-121.436222,44.014102],[1200,4346,-121.436232,44.014026],[1218,4346,-121.436213,44.01398],[1239,4346,-121.436171,44.013931],[1254,4347,-121.436124,44.013905],[1267,4347,-121.43608,44.013888],[1278,4348,-121.43608,44.013861],[1293,4348,-121.436128,44.013836],[1310,4348,-121.436179,44.013809],[1325,4349,-121.436228,44.013786],[1351,4349,-121.436262,44.01372],[1387,4350,-121.436387,44.013676],[1424,4349,-121.436527,44.013659],[1463,4349,-121.436674,44.013647],[1486,4349,-121.436757,44.013624],[1517,4349,-121.436871,44.013618],[1535,4349,-121.436939,44.013626],[1562,4350,-121.437015,44.013574],[1594,4350,-121.437109,44.013519],[1662,4351,-121.437302,44.013394],[1756,4353,-121.437607,44.01326],[1781,4353,-121.437633,44.013194],[1806,4354,-121.437614,44.013127],[1827,4354,-121.437588,44.013072],[1854,4354,-121.437503,44.013031],[1877,4355,-121.437416,44.013017],[1900,4356,-121.437334,44.013002],[1941,4357,-121.437194,44.012951],[1964,4359,-121.437117,44.012921],[1994,4359,-121.437015,44.012883],[2019,4361,-121.437015,44.012813],[2035,4360,-121.437045,44.012776],[2069,4360,-121.437134,44.012706],[2101,4362,-121.437102,44.012623],[2135,4363,-121.437024,44.012549],[2158,4364,-121.436945,44.01252],[2179,4364,-121.436884,44.012484],[2215,4363,-121.436856,44.012385],[2253,4361,-121.43679,44.012294],[2278,4361,-121.43674,44.012236],[2301,4361,-121.436667,44.012201],[2332,4360,-121.436576,44.012147],[2360,4358,-121.436481,44.012109],[2386,4358,-121.436383,44.012117],[2406,4357,-121.436311,44.012137],[2428,4357,-121.436234,44.012114],[2449,4356,-121.436177,44.012076],[2485,4354,-121.436141,44.011979],[2506,4352,-121.436162,44.011924],[2523,4351,-121.436203,44.011888],[2543,4352,-121.436264,44.011853],[2564,4351,-121.436298,44.011801],[2582,4350,-121.436339,44.011761],[2600,4350,-121.436332,44.011712],[2633,4347,-121.436258,44.011641],[2689,4346,-121.436234,44.011487],[2723,4346,-121.436213,44.011396],[2770,4345,-121.436099,44.011296],[2796,4345,-121.436058,44.01123],[2836,4345,-121.436067,44.01112],[2859,4345,-121.436075,44.011059],[2887,4345,-121.435997,44.011006],[2926,4345,-121.435906,44.010922],[2973,4345,-121.435825,44.010807],[3014,4345,-121.435742,44.010711],[3043,4344,-121.435643,44.010675],[3065,4344,-121.43556,44.010679],[3091,4343,-121.435486,44.010634],[3113,4343,-121.435454,44.010579],[3154,4343,-121.435422,44.010467],[3185,4342,-121.435392,44.010386],[3210,4341,-121.435324,44.010337],[3241,4340,-121.435216,44.010301],[3285,4339,-121.435078,44.010231],[3311,4337,-121.43501,44.010182],[3344,4336,-121.434885,44.010164],[3372,4334,-121.434796,44.010121],[3397,4334,-121.434762,44.010057],[3414,4333,-121.434779,44.010013],[3436,4334,-121.43483,44.009965],[3465,4334,-121.434928,44.009929],[3489,4335,-121.435015,44.009906],[3548,4334,-121.435061,44.009747],[3571,4333,-121.435048,44.009686],[3610,4331,-121.434964,44.009596],[3647,4330,-121.434883,44.009513],[3682,4329,-121.434794,44.009443],[3711,4329,-121.434762,44.009366],[3744,4329,-121.434766,44.009276],[3763,4329,-121.434769,44.009225],[3824,4328,-121.434754,44.009057],[3855,4327,-121.434713,44.008976],[3899,4327,-121.434703,44.008856],[3929,4326,-121.434652,44.008783],[3973,4325,-121.434578,44.008676],[4017,4324,-121.434465,44.008584],[4045,4323,-121.434391,44.008531],[4071,4323,-121.434308,44.008493],[4086,4323,-121.434264,44.008468],[4095,4323,-121.434243,44.008447],[4145,4322,-121.434135,44.008333],[4154,4322,-121.434111,44.008316],[4171,4321,-121.434065,44.008283],[4235,4321,-121.433994,44.008114],[4257,4320,-121.434017,44.008057],[4288,4321,-121.434054,44.007976]]}