{"trail":"W Trail","distance":2506,"gain":75,"loss":187,"min":1390,"max":1525,"profile":[[0,1502,-85.316777,35.13737],[25,1503,-85.316734,35.137429],[50,1502,-85.316691,35.137488],[75,1505,-85.31665,35.137546],[100,1509,-85.316726,35.137574],[125,1515,-85.316803,35.137602],[136,1515,-85.316806,35.137633],[161,1513,-85.316733,35.137667],[183,1513,-85.316691,35.137715],[208,1516,-85.316691,35.137784],[233,1519,-85.316691,35.137852],[257,1523,-85.316684,35.137918],[282,1522,-85.316613,35.137954],[307,1520,-85.316543,35.137991],[332,1517,-85.316472,35.138027],[357,1518,-85.316401,35.138064],[382,1515,-85.31633,35.1381],[407,1513,-85.316259,35.138137],[432,1513,-85.316188,35.138173],[457,1511,-85.316117,35.13821],[482,1507,-85.316046,35.138246],[507,1507,-85.315975,35.138283],[531,1506,-85.31592,35.138331],[556,1509,-85.315881,35.138392],[581,1512,-85.315842,35.138452],[606,1515,-85.315802,35.138513],[631,1514,-85.315763,35.138573],[656,1517,-85.315724,35.138634],[681,1518,-85.315685,35.138695],[706,1517,-85.315645,35.138755],[731,1519,-85.315606,35.138816],[756,1520,-85.315567,35.138876],[781,1521,-85.315527,35.138937],[806,1518,-85.315488,35.138997],[831,1524,-85.315449,35.139058],[856,1525,-85.31541,35.139118],[881,1522,-85.315366,35.139176],[906,1516,-85.315312,35.139229],[931,1512,-85.315258,35.139281],[956,1510,-85.315204,35.139334],[981,1505,-85.31515,35.139386],[1006,1495,-85.315096,35.139439],[1031,1490,-85.315042,35.139491],[1056,1488,-85.314988,35.139543],[1081,1484,-85.314934,35.139596],[1106,1476,-85.31488,35.139648],[1131,1472,-85.314826,35.139701],[1156,1470,-85.314773,35.139753],[1181,1466,-85.314719,35.139806],[1206,1460,-85.314665,35.139858],[1231,1456,-85.314611,35.139911],[1255,1455,-85.314569,35.139969],[1280,1453,-85.314536,35.140032],[1305,1456,-85.314503,35.140095],[1330,1453,-85.314471,35.140158],[1355,1452,-85.314438,35.140221],[1380,1451,-85.314405,35.140284],[1405,1449,-85.314372,35.140347],[1430,1452,-85.314339,35.14041],[1455,1449,-85.314306,35.140474],[1480,1448,-85.314273,35.140537],[1505,1447,-85.31424,35.1406],[1530,1449,-85.314207,35.140663],[1555,1448,-85.314175,35.140726],[1580,1446,-85.314142,35.140789],[1605,1445,-85.314109,35.140852],[1630,1447,-85.314076,35.140915],[1655,1447,-85.314043,35.140978],[1680,1447,-85.31401,35.141041],[1705,1446,-85.313977,35.141104],[1730,1447,-85.313944,35.141167],[1755,1452,-85.313911,35.14123],[1780,1454,-85.313902,35.141297],[1805,1457,-85.313902,35.141365],[1830,1459,-85.313902,35.141434],[1855,1461,-85.313902,35.141502],[1880,1461,-85.313902,35.141571],[1905,1461,-85.313902,35.141639],[1927,1461,-85.3139,35.141701],[1952,1461,-85.313867,35.141638],[1977,1458,-85.313833,35.141575],[2002,1455,-85.313799,35.141513],[2027,1451,-85.313766,35.14145],[2049,1448,-85.313704,35.141417],[2074,1443,-85.313622,35.141408],[2099,1444,-85.313602,35.141474],[2124,1442,-85.313582,35.141541],[2149,1442,-85.313561,35.141607],[2174,1439,-85.313541,35.141674],[2190,1439,-85.31352,35.141634],[2215,1436,-85.313499,35.141567],[2240,1436,-85.313477,35.141501],[2265,1431,-85.313456,35.141435],[2290,1429,-85.313435,35.141369],[2309,1423,-85.313372,35.141377],[2334,1419,-85.313297,35.141408],[2359,1417,-85.313222,35.141438],[2384,1413,-85.313147,35.141469],[2403,1408,-85.313085,35.141481],[2428,1406,-85.313078,35.141413],[2453,1402,-85.313071,35.141344],[2476,1398,-85.313056,35.141282],[2501,1393,-85.312974,35.141268],[2506,1390,-85.312958,35.141266]]}