{"trail":"Waldens Godsey Connector","distance":7526,"gain":121,"loss":156,"min":699,"max":815,"profile":[[0,778,-85.300641,35.123588],[25,780,-85.3006,35.123647],[50,782,-85.300567,35.12371],[75,784,-85.300541,35.123775],[100,785,-85.300515,35.12384],[125,786,-85.30047,35.123897],[149,788,-85.300407,35.123941],[174,790,-85.300336,35.123977],[199,791,-85.300257,35.123998],[221,793,-85.300189,35.124023],[244,795,-85.300164,35.124081],[269,793,-85.300237,35.124114],[294,792,-85.300311,35.124148],[319,792,-85.300384,35.124181],[344,793,-85.300457,35.124214],[369,794,-85.300529,35.12425],[388,795,-85.300542,35.124303],[413,797,-85.300513,35.124368],[428,797,-85.300549,35.124393],[452,800,-85.30063,35.124408],[477,802,-85.30071,35.124428],[502,807,-85.300791,35.124447],[527,810,-85.300872,35.124464],[552,813,-85.300953,35.124481],[577,814,-85.301035,35.124498],[602,815,-85.301116,35.124514],[627,815,-85.301198,35.124529],[652,815,-85.301279,35.124544],[677,814,-85.301361,35.12456],[702,813,-85.301443,35.124575],[727,812,-85.301524,35.124591],[752,811,-85.301606,35.124606],[777,809,-85.301688,35.124621],[802,807,-85.301769,35.124637],[827,805,-85.301851,35.124652],[852,802,-85.301933,35.124667],[877,800,-85.302014,35.124683],[902,798,-85.302096,35.124698],[927,795,-85.302178,35.124714],[952,793,-85.302259,35.124729],[977,790,-85.302341,35.124744],[1002,788,-85.302422,35.12476],[1027,786,-85.302504,35.124775],[1052,784,-85.302586,35.12479],[1077,782,-85.302668,35.124805],[1102,781,-85.30275,35.124818],[1127,779,-85.302832,35.124831],[1152,779,-85.302915,35.124843],[1177,777,-85.302997,35.124856],[1202,774,-85.303079,35.124868],[1227,773,-85.303162,35.124881],[1252,770,-85.303244,35.124894],[1277,769,-85.303326,35.124906],[1302,768,-85.303409,35.124919],[1327,764,-85.303491,35.124931],[1352,762,-85.303573,35.124944],[1377,760,-85.303656,35.124957],[1402,758,-85.303739,35.124961],[1427,754,-85.303823,35.124966],[1452,752,-85.303907,35.124971],[1477,749,-85.30399,35.124976],[1502,747,-85.304074,35.124976],[1527,743,-85.304158,35.124976],[1552,739,-85.304241,35.124976],[1577,737,-85.304325,35.124968],[1602,735,-85.304408,35.124961],[1627,733,-85.304491,35.124954],[1652,730,-85.304574,35.124943],[1677,727,-85.304657,35.124932],[1702,725,-85.304739,35.124921],[1727,723,-85.304822,35.12491],[1752,721,-85.304905,35.1249],[1777,719,-85.304988,35.124891],[1802,718,-85.305071,35.124882],[1827,717,-85.305154,35.124873],[1852,716,-85.305238,35.124872],[1877,716,-85.305322,35.124871],[1902,715,-85.305405,35.124879],[1927,715,-85.305488,35.124888],[1945,715,-85.305507,35.124934],[1970,715,-85.30549,35.125001],[1995,715,-85.305474,35.125069],[2020,715,-85.305457,35.125136],[2045,715,-85.305423,35.125197],[2070,715,-85.305381,35.125257],[2094,716,-85.305322,35.125304],[2119,716,-85.305255,35.125344],[2144,717,-85.305187,35.125385],[2169,717,-85.305156,35.125448],[2194,717,-85.305124,35.125512],[2219,717,-85.305093,35.125575],[2244,717,-85.305061,35.125639],[2269,717,-85.30503,35.125702],[2294,717,-85.304998,35.125766],[2319,716,-85.304967,35.125829],[2344,716,-85.304935,35.125893],[2369,715,-85.304904,35.125956],[2394,715,-85.304872,35.12602],[2419,715,-85.304841,35.126083],[2444,715,-85.304809,35.126147],[2469,715,-85.304778,35.12621],[2494,715,-85.304746,35.126274],[2519,715,-85.304715,35.126337],[2544,715,-85.304683,35.126401],[2569,716,-85.304652,35.126464],[2594,716,-85.30462,35.126528],[2619,717,-85.304589,35.126591],[2644,717,-85.304557,35.126655],[2669,717,-85.304526,35.126718],[2694,718,-85.304494,35.126782],[2719,718,-85.304463,35.126846],[2744,718,-85.304431,35.126909],[2769,719,-85.3044,35.126973],[2794,719,-85.304369,35.127036],[2819,720,-85.304337,35.1271],[2844,720,-85.304306,35.127163],[2869,721,-85.304274,35.127227],[2894,722,-85.304243,35.12729],[2919,722,-85.304211,35.127354],[2944,722,-85.30418,35.127417],[2969,722,-85.304148,35.127481],[2994,721,-85.304117,35.127544],[3019,720,-85.304085,35.127608],[3043,719,-85.304146,35.127647],[3068,718,-85.304216,35.127685],[3093,717,-85.304286,35.127723],[3118,715,-85.304356,35.12776],[3143,714,-85.304426,35.127798],[3166,712,-85.304495,35.127824],[3190,712,-85.304558,35.127779],[3215,711,-85.304631,35.127745],[3240,710,-85.304703,35.12771],[3265,710,-85.304761,35.127661],[3290,710,-85.3048,35.127601],[3315,711,-85.304812,35.127533],[3340,712,-85.304805,35.127466],[3363,711,-85.304864,35.127425],[3387,710,-85.304943,35.127438],[3412,708,-85.304994,35.127493],[3437,707,-85.305049,35.127545],[3460,705,-85.305117,35.127573],[3485,705,-85.305196,35.127551],[3510,705,-85.305269,35.127518],[3535,705,-85.305352,35.127517],[3560,704,-85.305433,35.127534],[3585,704,-85.305514,35.127552],[3609,703,-85.305593,35.127575],[3634,702,-85.305664,35.127607],[3659,702,-85.305683,35.127674],[3683,701,-85.305716,35.127734],[3708,700,-85.305778,35.12778],[3733,699,-85.305826,35.127836],[3758,699,-85.305861,35.127898],[3783,699,-85.30587,35.127966],[3807,700,-85.305877,35.128034],[3830,700,-85.305816,35.128071],[3855,700,-85.305733,35.128084],[3880,700,-85.305657,35.128111],[3905,700,-85.305581,35.12814],[3930,700,-85.305509,35.128174],[3955,701,-85.305449,35.128222],[3980,701,-85.305398,35.128276],[4005,701,-85.305353,35.128333],[4029,701,-85.305334,35.128399],[4054,701,-85.305349,35.128466],[4079,702,-85.305393,35.128525],[4104,702,-85.305437,35.128583],[4129,703,-85.305481,35.128641],[4154,703,-85.305525,35.1287],[4179,703,-85.305569,35.128758],[4204,704,-85.305617,35.128814],[4229,704,-85.305682,35.128855],[4254,705,-85.305754,35.12889],[4279,705,-85.305811,35.12894],[4303,706,-85.305849,35.129],[4328,706,-85.305845,35.129068],[4353,705,-85.305827,35.129135],[4364,705,-85.305798,35.129152],[4389,705,-85.305759,35.129091],[4414,705,-85.305721,35.12903],[4439,704,-85.305682,35.128969],[4464,704,-85.305644,35.128908],[4489,704,-85.305606,35.128847],[4514,703,-85.305567,35.128786],[4539,703,-85.305529,35.128725],[4564,703,-85.30549,35.128665],[4580,703,-85.305466,35.128623],[4605,703,-85.30551,35.128681],[4630,703,-85.305554,35.128739],[4655,704,-85.3056,35.128797],[4680,704,-85.305659,35.128844],[4705,705,-85.305731,35.128879],[4730,705,-85.305794,35.128923],[4754,706,-85.305839,35.12898],[4779,706,-85.305848,35.129046],[4804,706,-85.305834,35.129113],[4829,705,-85.305809,35.129179],[4854,705,-85.305786,35.129244],[4879,705,-85.305766,35.129311],[4904,705,-85.305746,35.129377],[4929,705,-85.305727,35.129444],[4954,705,-85.305712,35.129512],[4979,705,-85.305698,35.129579],[5004,705,-85.305683,35.129647],[5028,705,-85.305654,35.12971],[5053,704,-85.305617,35.129772],[5078,704,-85.305581,35.129834],[5103,704,-85.305555,35.129899],[5128,703,-85.305531,35.129964],[5153,703,-85.305531,35.130032],[5178,703,-85.305531,35.130101],[5203,704,-85.305531,35.130169],[5228,704,-85.305531,35.130238],[5253,704,-85.305531,35.130307],[5278,705,-85.305531,35.130375],[5303,706,-85.305551,35.130441],[5328,706,-85.305576,35.130506],[5353,707,-85.305601,35.130572],[5378,708,-85.305626,35.130637],[5403,708,-85.305636,35.130705],[5428,709,-85.30564,35.130773],[5452,709,-85.305635,35.130841],[5473,710,-85.30564,35.130898],[5498,711,-85.305704,35.130942],[5523,712,-85.305765,35.130988],[5548,713,-85.305823,35.131037],[5573,714,-85.305875,35.131091],[5598,715,-85.305919,35.131149],[5623,716,-85.305962,35.131208],[5648,717,-85.305993,35.131272],[5673,718,-85.306021,35.131336],[5698,718,-85.306041,35.131403],[5723,719,-85.306061,35.131469],[5748,719,-85.306067,35.131537],[5773,719,-85.306067,35.131606],[5798,720,-85.306067,35.131674],[5823,721,-85.306067,35.131743],[5848,722,-85.306067,35.131811],[5873,722,-85.306067,35.13188],[5898,723,-85.306067,35.131948],[5923,723,-85.306067,35.132017],[5948,723,-85.306067,35.132085],[5973,723,-85.306066,35.132154],[5998,724,-85.306063,35.132222],[6023,724,-85.306061,35.132291],[6048,724,-85.306058,35.132359],[6073,725,-85.306055,35.132428],[6098,725,-85.306052,35.132496],[6123,726,-85.306049,35.132565],[6148,725,-85.306047,