{"trail":"West Fugett","distance":10661,"gain":562,"loss":753,"min":1539,"max":1822,"profile":[[0,1733,-85.426941,34.871039],[25,1738,-85.427024,34.871041],[50,1744,-85.427108,34.871044],[75,1751,-85.427191,34.871047],[100,1757,-85.427275,34.87105],[125,1760,-85.427358,34.871053],[150,1760,-85.427442,34.871057],[175,1760,-85.427525,34.87106],[200,1755,-85.427608,34.871063],[225,1749,-85.427692,34.871066],[250,1743,-85.427775,34.871069],[275,1738,-85.427859,34.871072],[300,1734,-85.42794,34.871065],[325,1730,-85.42802,34.871043],[350,1740,-85.428099,34.871021],[375,1748,-85.428178,34.871],[400,1742,-85.428257,34.870978],[425,1748,-85.428337,34.870956],[450,1743,-85.428416,34.870935],[475,1750,-85.428495,34.870913],[500,1754,-85.428574,34.870891],[525,1752,-85.428654,34.87087],[550,1752,-85.428733,34.870848],[575,1750,-85.428811,34.870825],[600,1748,-85.428879,34.870785],[625,1754,-85.428946,34.870744],[650,1744,-85.429014,34.870704],[675,1742,-85.429081,34.870663],[700,1727,-85.429148,34.870623],[725,1718,-85.429216,34.870582],[750,1724,-85.429283,34.870542],[775,1718,-85.429351,34.870501],[800,1719,-85.429418,34.870461],[825,1714,-85.429485,34.87042],[850,1715,-85.429553,34.87038],[875,1709,-85.42962,34.870339],[900,1709,-85.429688,34.870299],[925,1710,-85.429755,34.870258],[950,1709,-85.429822,34.870218],[975,1711,-85.42989,34.870177],[1000,1708,-85.429957,34.870137],[1024,1707,-85.43002,34.870093],[1049,1710,-85.430066,34.870036],[1074,1715,-85.430112,34.869979],[1099,1715,-85.430159,34.869922],[1105,1715,-85.430144,34.869913],[1130,1719,-85.430073,34.869949],[1155,1719,-85.430002,34.869985],[1180,1724,-85.429931,34.870021],[1205,1724,-85.42986,34.870058],[1230,1728,-85.429789,34.870094],[1255,1731,-85.429718,34.87013],[1280,1730,-85.429647,34.870166],[1305,1737,-85.429576,34.870202],[1330,1745,-85.429505,34.870238],[1355,1746,-85.429434,34.870274],[1380,1752,-85.429363,34.87031],[1405,1760,-85.429292,34.870346],[1430,1762,-85.429221,34.870383],[1455,1770,-85.42915,34.870419],[1464,1775,-85.429121,34.870414],[1489,1779,-85.429153,34.870351],[1514,1781,-85.429185,34.870288],[1538,1783,-85.42922,34.870226],[1563,1783,-85.429283,34.870182],[1588,1778,-85.429347,34.870137],[1613,1777,-85.429411,34.870093],[1638,1771,-85.429474,34.870048],[1663,1769,-85.429538,34.870004],[1688,1769,-85.429601,34.86996],[1713,1766,-85.429665,34.869915],[1738,1772,-85.429729,34.869871],[1763,1771,-85.429792,34.869826],[1788,1773,-85.429856,34.869782],[1813,1770,-85.42992,34.869738],[1838,1771,-85.429983,34.869693],[1863,1763,-85.430047,34.869649],[1888,1762,-85.430116,34.869611],[1913,1760,-85.430189,34.869578],[1938,1761,-85.430262,34.869545],[1963,1767,-85.430335,34.869512],[1988,1773,-85.430409,34.869478],[2013,1777,-85.430482,34.869445],[2038,1780,-85.430555,34.869412],[2063,1782,-85.430628,34.869379],[2088,1783,-85.430701,34.869346],[2113,1781,-85.430774,34.869313],[2138,1774,-85.430847,34.86928],[2159,1778,-85.430885,34.869232],[2184,1778,-85.430875,34.869164],[2209,1778,-85.430865,34.869095],[2234,1778,-85.430856,34.869027],[2259,1783,-85.430846,34.868959],[2284,1784,-85.430836,34.868891],[2309,1784,-85.430826,34.868823],[2334,1785,-85.430817,34.868755],[2359,1787,-85.430807,34.868687],[2376,1785,-85.430856,34.868663],[2401,1789,-85.430939,34.868664],[2426,1797,-85.431023,34.868665],[2451,1805,-85.431107,34.868667],[2476,1812,-85.43119,34.868668],[2501,1816,-85.431274,34.868669],[2526,1820,-85.431357,34.868671],[2551,1822,-85.431441,34.868672],[2576,1822,-85.431524,34.868673],[2601,1820,-85.431608,34.868674],[2626,1815,-85.431691,34.868676],[2651,1809,-85.431775,34.868677],[2676,1802,-85.431858,34.868678],[2701,1795,-85.431941,34.868679],[2726,1794,-85.431999,34.868629],[2751,1792,-85.432056,34.868579],[2776,1795,-85.432113,34.868529],[2801,1796,-85.43217,34.868479],[2826,1795,-85.432227,34.868429],[2851,1794,-85.432285,34.86838],[2876,1794,-85.432342,34.86833],[2901,1794,-85.432399,34.86828],[2926,1793,-85.432456,34.86823],[2951,1796,-85.432514,34.86818],[2976,1791,-85.432571,34.86813],[3001,1792,-85.432627,34.86808],[3026,1793,-85.432626,34.868011],[3051,1795,-85.432624,34.867943],[3076,1795,-85.432622,34.867874],[3101,1796,-85.43262,34.867806],[3126,1797,-85.432619,34.867737],[3151,1797,-85.432617,34.867669],[3176,1797,-85.432615,34.8676],[3201,1797,-85.432614,34.867532],[3226,1797,-85.432612,34.867463],[3251,1797,-85.43261,34.867395],[3276,1798,-85.432609,34.867326],[3301,1798,-85.432607,34.867258],[3326,1802,-85.432599,34.867191],[3351,1804,-85.432559,34.867131],[3376,1806,-85.432518,34.867071],[3401,1806,-85.432478,34.867011],[3426,1807,-85.432437,34.866951],[3451,1808,-85.432397,34.866891],[3476,1808,-85.432357,34.866831],[3501,1808,-85.432316,34.866771],[3526,1809,-85.432276,34.866711],[3551,1808,-85.432235,34.866651],[3576,1807,-85.432195,34.866591],[3600,1805,-85.432154,34.866531],[3625,1806,-85.432074,34.866511],[3650,1807,-85.431994,34.866492],[3675,1809,-85.431914,34.866472],[3700,1810,-85.431834,34.866452],[3725,1812,-85.431754,34.866432],[3750,1812,-85.431674,34.866412],[3767,1811,-85.431729,34.866425],[3792,1811,-85.431809,34.866445],[3817,1809,-85.431888,34.866465],[3842,1807,-85.431968,34.866485],[3867,1806,-85.432048,34.866505],[3892,1806,-85.432128,34.866525],[3916,1807,-85.432182,34.866571],[3941,1807,-85.432223,34.866631],[3966,1808,-85.432265,34.866691],[3991,1808,-85.432306,34.86675],[4016,1809,-85.432347,34.86681],[4041,1809,-85.432388,34.86687],[4066,1809,-85.432429,34.866929],[4090,1811,-85.432434,34.866997],[4115,1812,-85.432434,34.867065],[4140,1813,-85.432434,34.867134],[4165,1814,-85.432434,34.867202],[4190,1814,-85.432434,34.867271],[4215,1814,-85.432434,34.867339],[4240,1814,-85.432434,34.867408],[4265,1814,-85.432434,34.867476],[4290,1814,-85.432434,34.867545],[4315,1814,-85.432434,34.867613],[4340,1815,-85.432434,34.867682],[4365,1814,-85.432434,34.86775],[4390,1814,-85.432434,34.867819],[4415,1812,-85.432434,34.867887],[4440,1811,-85.432434,34.867956],[4465,1809,-85.432434,34.868025],[4490,1807,-85.432434,34.868093],[4515,1803,-85.432434,34.868162],[4540,1797,-85.432434,34.86823],[4565,1797,-85.432385,34.868283],[4590,1794,-85.432329,34.868333],[4615,1794,-85.432272,34.868384],[4640,1795,-85.432216,34.868434],[4665,1796,-85.432159,34.868485],[4690,1795,-85.432103,34.868535],[4715,1795,-85.432046,34.868586],[4740,1794,-85.431989,34.868636],[4764,1795,-85.431929,34.868679],[4789,1802,-85.431846,34.868678],[4814,1809,-85.431762,34.868677],[4839,1815,-85.431679,34.868676],[4864,1820,-85.431595,34.868674],[4889,1822,-85.431512,34.868673],[4914,1822,-85.431428,34.868672],[4939,1820,-85.431345,34.86867],[4964,1816,-85.431261,34.868669],[4989,1809,-85.431178,34.868668],[5014,1802,-85.431094,34.868666],[5039,1793,-85.431011,34.868665],[5064,1787,-85.430927,34.868664],[5089,1788,-85.430844,34.868663],[5105,1787,-85.430808,34.868697],[5130,1785,-85.430818,34.868765],[5155,1784,-85.430828,34.868833],[5180,1784,-85.430838,34.868901],[5205,1778,-85.430847,34.868969],[5230,1778,-85.430857,34.869038],[5255,1778,-85.430867,34.869106],[5280,1778,-85.430877,34.869174],[5305,1778,-85.430886,34.869242],[5327,1778,-85.430836,34.869285],[5352,1778,-85.430763,34.869318],[5377,1778,-85.43069,34.869351],[5402,1777,-85.430617,34.869384],[5427,1781,-85.430544,34.869417],[5452,1777,-85.430471,34.86945],[5477,1773,-85.430398,34.869483],[5502,1768,-85.430325,34.869517],[5527,1761,-85.430251,34.86955],[5552,1760,-85.430178,34.869583],[5577,1762,-85.430105,34.869616],[5602,1763,-85.430038,34.869656],[5627,1771,-85.429974,34.8697],[5652,1770,-85.42991,34.869744],[5677,1773,-85.429847,34.869789],[5702,1771,-85.429783,34.869833],[5727,1767,-85.429719,34.869877],[5752,1766,-85.429656,34.869922],[5777,1769,-85.429592,34.869966],[5802,1769,-85.429528,34.870011],[5827,1774,-85.429465,34.870055],[5852,1777,-85.429401,34.870099],[5877,1782,-85.429337,34.870144],[5902,1783,-85.429274,34.870188],[5926,1784,-85.429213,34.870234],[5951,1781,-85.429181,34.870297],[5976,