{"trail":"West Fugett","distance":12066,"gain":752,"loss":740,"min":1539,"max":1822,"profile":[[0,1797,-85.432434,34.868239],[25,1797,-85.432378,34.86829],[50,1794,-85.432321,34.86834],[75,1794,-85.432264,34.868391],[100,1795,-85.432208,34.868441],[125,1796,-85.432151,34.868492],[150,1792,-85.432095,34.868542],[175,1795,-85.432038,34.868592],[200,1794,-85.431982,34.868643],[223,1799,-85.431918,34.868679],[248,1802,-85.431834,34.868678],[273,1809,-85.431751,34.868677],[298,1815,-85.431667,34.868675],[323,1820,-85.431584,34.868674],[348,1822,-85.4315,34.868673],[373,1822,-85.431417,34.868671],[398,1820,-85.431333,34.86867],[423,1816,-85.43125,34.868669],[448,1809,-85.431166,34.868668],[473,1802,-85.431083,34.868666],[498,1793,-85.430999,34.868665],[523,1787,-85.430916,34.868664],[548,1788,-85.430832,34.868662],[566,1787,-85.43081,34.868707],[591,1785,-85.430819,34.868775],[616,1784,-85.430829,34.868843],[641,1784,-85.430839,34.868911],[666,1778,-85.430849,34.868979],[691,1778,-85.430858,34.869047],[716,1778,-85.430868,34.869115],[741,1778,-85.430878,34.869183],[766,1777,-85.430888,34.869251],[789,1778,-85.430826,34.869289],[814,1781,-85.430753,34.869322],[839,1778,-85.43068,34.869355],[864,1777,-85.430607,34.869388],[889,1775,-85.430534,34.869422],[914,1771,-85.430461,34.869455],[939,1773,-85.430388,34.869488],[964,1768,-85.430315,34.869521],[989,1763,-85.430241,34.869554],[1014,1760,-85.430168,34.869587],[1039,1762,-85.430095,34.869621],[1064,1768,-85.430029,34.869662],[1089,1768,-85.429965,34.869706],[1114,1774,-85.429902,34.86975],[1139,1773,-85.429838,34.869795],[1164,1771,-85.429774,34.869839],[1189,1767,-85.429711,34.869884],[1214,1766,-85.429647,34.869928],[1239,1769,-85.429583,34.869972],[1264,1769,-85.42952,34.870017],[1289,1774,-85.429456,34.870061],[1314,1777,-85.429392,34.870105],[1339,1782,-85.429329,34.87015],[1364,1779,-85.429265,34.870194],[1388,1784,-85.429208,34.870243],[1413,1778,-85.429176,34.870306],[1438,1779,-85.429144,34.870369],[1463,1775,-85.429112,34.870432],[1483,1770,-85.429171,34.870408],[1508,1762,-85.429242,34.870372],[1533,1752,-85.429313,34.870336],[1558,1752,-85.429384,34.8703],[1583,1754,-85.429455,34.870264],[1608,1744,-85.429525,34.870228],[1633,1744,-85.429596,34.870192],[1658,1735,-85.429667,34.870156],[1683,1732,-85.429738,34.870119],[1708,1733,-85.429809,34.870083],[1733,1729,-85.42988,34.870047],[1758,1724,-85.429951,34.870011],[1783,1725,-85.430022,34.869975],[1808,1720,-85.430093,34.869939],[1833,1716,-85.430164,34.869903],[1847,1715,-85.430146,34.869938],[1872,1710,-85.430099,34.869995],[1897,1710,-85.430053,34.870052],[1922,1707,-85.430005,34.870108],[1947,1712,-85.429938,34.870149],[1972,1711,-85.42987,34.870189],[1997,1707,-85.429803,34.87023],[2022,1705,-85.429736,34.87027],[2047,1708,-85.429668,34.87031],[2072,1714,-85.429601,34.870351],[2097,1715,-85.429534,34.870391],[2122,1719,-85.429466,34.870432],[2147,1719,-85.429399,34.870472],[2172,1718,-85.429331,34.870513],[2197,1718,-85.429264,34.870553],[2222,1726,-85.429197,34.870594],[2247,1738,-85.429129,34.870634],[2272,1742,-85.429062,34.870675],[2297,1753,-85.428994,34.870715],[2322,1754,-85.428927,34.870756],[2347,1743,-85.42886,34.870796],[2372,1739,-85.428789,34.870832],[2397,1752,-85.42871,34.870854],[2422,1752,-85.428631,34.870876],[2447,1757,-85.428552,34.870897],[2472,1754,-85.428473,34.870919],[2497,1745,-85.428393,34.870941],[2522,1750,-85.428314,34.870962],[2547,1742,-85.428235,34.870984],[2572,1737,-85.428156,34.871006],[2597,1740,-85.428076,34.871027],[2622,1732,-85.427997,34.871049],[2647,1736,-85.427918,34.871071],[2671,1740,-85.427835,34.871071],[2696,1747,-85.427752,34.871068],[2721,1752,-85.427668,34.871065],[2746,1755,-85.427585,34.871062],[2771,1760,-85.427501,34.871059],[2796,1760,-85.427418,34.871056],[2821,1760,-85.427334,34.871053],[2846,1757,-85.427251,34.871049],[2871,1751,-85.427167,34.871046],[2896,1744,-85.427084,34.871043],[2921,1738,-85.427001,34.87104],[2945,1733,-85.426926,34.87106],[2970,1724,-85.426858,34.871101],[2995,1711,-85.42679,34.871141],[3020,1700,-85.426723,34.871181],[3045,1701,-85.426655,34.871221],[3070,1706,-85.426587,34.871261],[3094,1707,-85.426551,34.871321],[3119,1705,-85.426522,34.871385],[3144,1710,-85.426492,34.871449],[3169,1716,-85.426463,34.871514],[3194,1711,-85.426433,34.871578],[3219,1715,-85.426404,34.871642],[3244,1723,-85.426374,34.871706],[3269,1718,-85.426345,34.87177],[3294,1722,-85.426315,34.871834],[3319,1720,-85.426286,34.871898],[3344,1711,-85.426256,34.871962],[3369,1708,-85.426227,34.872026],[3394,1710,-85.426188,34.872087],[3419,1711,-85.42614,34.872142],[3444,1715,-85.426091,34.872198],[3469,1715,-85.426043,34.872254],[3494,1720,-85.425995,34.87231],[3519,1723,-85.425946,34.872366],[3544,1720,-85.425898,34.872422],[3569,1724,-85.425849,34.872478],[3594,1717,-85.425801,34.872533],[3619,1710,-85.425753,34.872589],[3644,1706,-85.425704,34.872645],[3669,1695,-85.425656,34.872701],[3693,1690,-85.425628,34.872763],[3718,1679,-85.425619,34.872831],[3743,1668,-85.425611,34.872899],[3768,1663,-85.425602,34.872968],[3793,1661,-85.425594,34.873036],[3818,1661,-85.425585,34.873104],[3843,1662,-85.425577,34.873172],[3868,1662,-85.425568,34.87324],[3893,1668,-85.42556,34.873309],[3918,1669,-85.425551,34.873377],[3943,1668,-85.425543,34.873445],[3968,1668,-85.425534,34.873513],[3993,1667,-85.425526,34.873581],[4018,1670,-85.425506,34.873648],[4043,1668,-85.425484,34.873714],[4068,1670,-85.425462,34.87378],[4093,1666,-85.42544,34.873846],[4118,1668,-85.425417,34.873912],[4143,1669,-85.425395,34.873978],[4168,1662,-85.425373,34.874044],[4193,1661,-85.425351,34.87411],[4218,1655,-85.425329,34.874176],[4243,1657,-85.425307,34.874242],[4268,1653,-85.425285,34.874308],[4293,1655,-85.425263,34.874375],[4318,1651,-85.425241,34.874441],[4343,1653,-85.425215,34.874506],[4368,1654,-85.425179,34.874567],[4393,1651,-85.425143,34.874629],[4418,1651,-85.425107,34.874691],[4443,1651,-85.425071,34.874753],[4468,1651,-85.425035,34.874815],[4493,1651,-85.424998,34.874877],[4518,1653,-85.424962,34.874938],[4543,1645,-85.424926,34.875],[4568,1643,-85.42489,34.875062],[4593,1640,-85.424854,34.875124],[4618,1640,-85.424818,34.875186],[4643,1636,-85.424782,34.875247],[4666,1631,-85.424738,34.8753],[4691,1636,-85.424655,34.875305],[4716,1639,-85.424572,34.87531],[4741,1640,-85.424488,34.875316],[4766,1640,-85.424405,34.875321],[4791,1638,-85.424322,34.875326],[4816,1637,-85.424239,34.875331],[4841,1629,-85.424155,34.875337],[4866,1626,-85.424072,34.875342],[4891,1622,-85.423989,34.875347],[4916,1619,-85.423905,34.875352],[4941,1617,-85.423822,34.875358],[4966,1615,-85.423739,34.875363],[4991,1613,-85.423656,34.875368],[5016,1611,-85.423573,34.875359],[5041,1609,-85.423492,34.875345],[5066,1614,-85.42341,34.875331],[5091,1610,-85.423328,34.875317],[5116,1607,-85.423246,34.875304],[5141,1610,-85.423164,34.87529],[5166,1607,-85.423082,34.875276],[5191,1608,-85.423001,34.875262],[5216,1604,-85.422919,34.875249],[5241,1601,-85.422837,34.875235],[5249,1601,-85.42283,34.875256],[5274,1593,-85.422885,34.875308],[5299,1590,-85.42294,34.875359],[5324,1582,-85.422995,34.875411],[5349,1578,-85.42305,34.875462],[5374,1570,-85.423105,34.875514],[5399,1566,-85.423161,34.875565],[5424,1560,-85.423216,34.875617],[5449,1558,-85.423271,34.875668],[5474,1557,-85.423344,34.875701],[5499,1556,-85.423417,34.875735],[5524,1555,-85.42349,34.875768],[5549,1553,-85.423563,34.875801],[5574,1553,-85.423636,34.875835],[5599,1552,-85.423709,34.875868],[5624,1551,-85.423782,34.875901],[5649,1550,-85.423855,34.875934],[5674,1550,-85.423928,34.875968],[5699,1549,-85.424001,34.876001],[5724,1549,-85.424074,34.876034],[5749,1548,-85.424147,34.876068],[5774,1547,-85.42422,34.876101],[5799,1546,-85.424293,34.876134],[5824,1545,-85.424366,34.876167],[5849,1545,-85.424439,34.876201],[5874,1545,-85.424512,34.876234],[5899,1544,-85.424585,34.876267],[5921,1544,-85.424657,34.876268],[5946,1542,-85.424728,34.876231],[5971,1540,-85.424799,34.876195],[5996,