{"trail":"Whiptail","distance":7421,"gain":10,"loss":32,"min":3048,"max":3083,"profile":[[0,3085,-121.330802,44.27675],[21,3084,-121.330798,44.276807],[55,3084,-121.330843,44.276896],[89,3083,-121.3308,44.276985],[124,3083,-121.330755,44.277074],[179,3082,-121.330748,44.277226],[214,3082,-121.330736,44.277319],[249,3081,-121.330704,44.277412],[298,3081,-121.330627,44.277536],[318,3081,-121.330575,44.277577],[394,3080,-121.33045,44.277766],[421,3080,-121.330443,44.277837],[446,3078,-121.330476,44.277902],[522,3075,-121.330601,44.278091],[571,3073,-121.33056,44.278222],[634,3072,-121.330422,44.278363],[699,3070,-121.330273,44.278506],[778,3070,-121.330016,44.278621],[853,3067,-121.329848,44.278789],[928,3066,-121.329621,44.278912],[959,3064,-121.329582,44.278993],[985,3064,-121.329596,44.279063],[1030,3063,-121.329721,44.279148],[1059,3063,-121.329814,44.279193],[1142,3062,-121.329868,44.279418],[1186,3062,-121.329784,44.279522],[1267,3061,-121.329517,44.279635],[1322,3061,-121.329419,44.279769],[1354,3061,-121.329395,44.279855],[1432,3060,-121.32945,44.280062],[1494,3060,-121.329563,44.280212],[1572,3060,-121.329698,44.280403],[1650,3061,-121.329832,44.280594],[1685,3060,-121.329851,44.280691],[1714,3060,-121.3298,44.280759],[1746,3060,-121.329705,44.280815],[1804,3060,-121.329493,44.280862],[1858,3060,-121.329285,44.280869],[1919,3060,-121.329064,44.280926],[1955,3060,-121.328946,44.280972],[2039,3060,-121.328625,44.280997],[2092,3060,-121.328436,44.281051],[2135,3060,-121.328318,44.281132],[2191,3060,-121.328237,44.281276],[2251,3060,-121.328153,44.281428],[2272,3060,-121.328102,44.281471],[2292,3060,-121.32804,44.281504],[2361,3061,-121.327783,44.281554],[2403,3061,-121.327632,44.281591],[2419,3061,-121.327589,44.281622],[2444,3061,-121.327548,44.281685],[2517,3061,-121.327544,44.281885],[2544,3060,-121.327493,44.281949],[2574,3060,-121.32741,44.282005],[2607,3060,-121.327302,44.282051],[2634,3060,-121.327232,44.282107],[2694,3060,-121.327163,44.282264],[2721,3060,-121.327108,44.282326],[2758,3060,-121.327009,44.282397],[2783,3060,-121.326915,44.282418],[2806,3060,-121.326827,44.28242],[2851,3060,-121.326664,44.28238],[2874,3060,-121.326577,44.282387],[2920,3060,-121.326414,44.282342],[2947,3060,-121.326311,44.282326],[2986,3060,-121.326163,44.282326],[3060,3062,-121.325882,44.2823],[3126,3063,-121.32563,44.28231],[3176,3063,-121.325458,44.28237],[3223,3063,-121.325325,44.282458],[3293,3064,-121.325083,44.282539],[3314,3064,-121.325045,44.28259],[3339,3064,-121.325012,44.282655],[3387,3063,-121.325004,44.282785],[3409,3063,-121.324957,44.282837],[3450,3063,-121.324853,44.28292],[3480,3063,-121.324793,44.282991],[3515,3062,-121.324807,44.283086],[3549,3062,-121.324785,44.283176],[3596,3061,-121.324665,44.283274],[3650,3060,-121.324472,44.283321],[3693,3060,-121.324307,44.28334],[3730,3059,-121.324193,44.283401],[3763,3058,-121.324125,44.283476],[3831,3055,-121.324115,44.283661],[3897,3053,-121.324106,44.283843],[3942,3053,-121.324024,44.283952],[4003,3052,-121.323796,44.283991],[4040,3052,-121.323672,44.284036],[4064,3052,-121.323611,44.284086],[4128,3052,-121.323381,44.284151],[4204,3052,-121.323177,44.284299],[4248,3052,-121.323021,44.284344],[4331,3051,-121.322882,44.284549],[4382,3051,-121.322819,44.284681],[4404,3051,-121.322771,44.284731],[4430,3051,-121.322693,44.284773],[4494,3051,-121.32245,44.284799],[4518,3051,-121.322363,44.284818],[4545,3051,-121.322274,44.284855],[4588,3051,-121.3222,44.284962],[4639,3051,-121.322209,44.285101],[4682,3051,-121.322124,44.285202],[4714,3051,-121.322059,44.285276],[4747,3051,-121.321985,44.285351],[4776,3051,-121.321948,44.285426],[4841,3051,-121.32182,44.285576],[4920,3052,-121.321777,44.285791],[4996,3051,-121.321673,44.285985],[5023,3052,-121.321596,44.286038],[5069,3051,-121.321427,44.286066],[5126,3050,-121.321208,44.286053],[5145,3050,-121.321147,44.28608],[5187,3050,-121.321082,44.286187],[5285,3050,-121.320842,44.286393],[5383,3049,-121.320602,44.286599],[5422,3049,-121.320454,44.286605],[5451,3049,-121.320368,44.286552],[5539,3049,-121.320057,44.286464],[5560,3049,-121.319979,44.286484],[5609,3049,-121.319862,44.286588],[5663,3049,-121.319716,44.286692],[5719,3049,-121.319527,44.286767],[5776,3049,-121.319373,44.286879],[5789,3049,-121.319347,44.286908],[5853,3049,-121.319299,44.287079],[5872,3049,-121.319241,44.287109],[5922,3048,-121.31908,44.287185],[5947,3048,-121.319026,44.287241],[5976,3048,-121.318989,44.287317],[5999,3048,-121.318935,44.287367],[6019,3049,-121.318861,44.287384],[6061,3049,-121.318709,44.287348],[6086,3049,-121.318616,44.287345],[6133,3049,-121.318435,44.287357],[6168,3049,-121.318303,44.287339],[6204,3050,-121.318166,44.287356],[6225,3050,-121.318095,44.287381],[6273,3049,-121.317984,44.287485],[6316,3049,-121.317851,44.287553],[6341,3049,-121.317775,44.287597],[6378,3049,-121.317654,44.287648],[6405,3049,-121.317565,44.287687],[6429,3049,-121.317504,44.287737],[6448,3049,-121.317445,44.287765],[6470,3050,-121.317358,44.287758],[6491,3050,-121.31728,44.287763],[6508,3050,-121.317237,44.287799],[6576,3050,-121.317039,44.287919],[6605,3050,-121.316929,44.287929],[6644,3051,-121.316783,44.287906],[6707,3052,-121.316542,44.287895],[6770,3052,-121.31631,44.287844],[6803,3052,-121.316197,44.287808],[6823,3052,-121.316119,44.287814],[6892,3053,-121.315941,44.287954],[6915,3053,-121.315862,44.287981],[6941,3053,-121.315763,44.287971],[6977,3054,-121.315632,44.287943],[7028,3055,-121.315446,44.287985],[7049,3056,-121.315367,44.287996],[7097,3057,-121.315185,44.287971],[7131,3059,-121.315061,44.287943],[7157,3059,-121.314961,44.287934],[7186,3060,-121.314857,44.287905],[7232,3061,-121.314736,44.287816],[7289,3063,-121.314532,44.287755],[7320,3064,-121.31444,44.287701],[7335,3065,-121.314412,44.287665],[7359,3065,-121.314403,44.2876],[7388,3065,-121.314427,44.287524],[7421,3065,-121.314389,44.287437]]}