{"trail":"White Oak Park Trail","distance":4750,"gain":147,"loss":143,"min":705,"max":798,"profile":[[0,706,-85.307422,35.087151],[25,706,-85.307339,35.087161],[50,709,-85.307256,35.08717],[75,711,-85.307173,35.087179],[100,712,-85.30709,35.087189],[125,715,-85.307007,35.087198],[150,718,-85.306924,35.087207],[175,719,-85.306841,35.087217],[200,721,-85.306758,35.087226],[225,722,-85.306675,35.087236],[250,723,-85.306592,35.087245],[275,723,-85.306509,35.087254],[300,726,-85.306426,35.087264],[325,727,-85.306343,35.087273],[350,728,-85.30626,35.087282],[375,730,-85.306177,35.087292],[400,730,-85.306099,35.087268],[425,729,-85.30602,35.087244],[450,728,-85.305942,35.087221],[475,729,-85.305863,35.087197],[500,729,-85.305784,35.087173],[525,727,-85.305706,35.08715],[550,729,-85.305627,35.087126],[575,729,-85.305549,35.087102],[600,728,-85.30547,35.087079],[625,730,-85.305391,35.087055],[646,726,-85.305357,35.087003],[671,722,-85.305349,35.086935],[696,719,-85.305342,35.086867],[720,719,-85.305289,35.086818],[745,719,-85.305224,35.086775],[770,718,-85.305159,35.086732],[795,717,-85.305092,35.086693],[820,718,-85.30501,35.086678],[845,719,-85.304928,35.086663],[870,720,-85.304846,35.086649],[895,722,-85.304765,35.086634],[920,726,-85.304683,35.08662],[945,733,-85.304601,35.086605],[970,738,-85.304519,35.086591],[995,739,-85.304437,35.086576],[1020,740,-85.304355,35.086562],[1045,739,-85.304274,35.086547],[1070,739,-85.304192,35.086532],[1094,738,-85.304114,35.086514],[1119,738,-85.304081,35.086451],[1142,739,-85.30406,35.086389],[1167,740,-85.304114,35.086336],[1191,740,-85.304171,35.08629],[1216,739,-85.304254,35.086279],[1241,740,-85.304337,35.086269],[1266,739,-85.30442,35.086259],[1291,739,-85.304503,35.086249],[1316,738,-85.304586,35.086239],[1341,741,-85.304596,35.086173],[1366,743,-85.304602,35.086105],[1391,746,-85.304609,35.086036],[1416,748,-85.304616,35.085968],[1441,750,-85.304622,35.0859],[1466,752,-85.304629,35.085831],[1489,754,-85.304606,35.08577],[1514,756,-85.304558,35.085714],[1537,759,-85.304498,35.085675],[1562,760,-85.304414,35.085671],[1587,762,-85.304331,35.085668],[1612,763,-85.304247,35.085664],[1637,766,-85.304163,35.08566],[1660,769,-85.304096,35.085693],[1685,770,-85.304036,35.08574],[1710,773,-85.303976,35.085788],[1735,774,-85.303917,35.085836],[1760,776,-85.303857,35.085884],[1785,774,-85.303797,35.085932],[1810,773,-85.303737,35.08598],[1835,771,-85.303677,35.086028],[1860,770,-85.303617,35.086075],[1885,770,-85.303557,35.086123],[1910,764,-85.303497,35.086171],[1935,762,-85.303437,35.086219],[1960,761,-85.303377,35.086267],[1985,755,-85.303317,35.086315],[2010,755,-85.303257,35.086362],[2035,753,-85.303188,35.086401],[2060,754,-85.303118,35.086439],[2085,753,-85.303049,35.086478],[2110,754,-85.30298,35.086516],[2135,753,-85.30291,35.086554],[2160,753,-85.302841,35.086593],[2185,754,-85.302772,35.086631],[2210,754,-85.302702,35.08667],[2235,755,-85.302633,35.086708],[2259,754,-85.30258,35.086758],[2284,754,-85.30255,35.086821],[2309,755,-85.302519,35.086885],[2334,757,-85.302488,35.086949],[2359,759,-85.302458,35.087013],[2384,761,-85.302427,35.087076],[2409,766,-85.302396,35.08714],[2434,772,-85.302365,35.087204],[2459,778,-85.302335,35.087268],[2480,779,-85.302286,35.087307],[2505,781,-85.302202,35.087301],[2530,783,-85.302119,35.087294],[2555,784,-85.302036,35.087288],[2580,786,-85.301952,35.087281],[2605,788,-85.301869,35.087275],[2630,789,-85.301786,35.087268],[2655,791,-85.301702,35.087262],[2680,792,-85.301619,35.087255],[2705,795,-85.301535,35.087249],[2730,797,-85.301452,35.087242],[2741,798,-85.301414,35.087239],[4548,705,-85.307465,35.087169],[4573,705,-85.307548,35.087169],[4598,706,-85.307632,35.087169],[4623,706,-85.307716,35.087169],[4647,707,-85.307798,35.087163],[4672,709,-85.307868,35.087126],[4697,710,-85.307938,35.087089],[4722,711,-85.308009,35.087052],[4747,710,-85.308079,35.087015],[4750,710,-85.308087,35.087011]]}