{"trail":"WHITE Trail","distance":17807,"gain":82,"loss":82,"min":740,"max":790,"profile":[[0,775,-85.254786,34.932984],[25,775,-85.254788,34.932916],[50,775,-85.254791,34.932847],[75,775,-85.254793,34.932779],[100,775,-85.254796,34.93271],[125,775,-85.254798,34.932642],[150,775,-85.2548,34.932573],[175,774,-85.254803,34.932505],[200,774,-85.254805,34.932436],[225,775,-85.254807,34.932368],[250,774,-85.254753,34.932315],[275,774,-85.2547,34.932262],[300,773,-85.254646,34.93221],[325,772,-85.254593,34.932157],[350,772,-85.254539,34.932104],[375,772,-85.254486,34.932052],[400,772,-85.254459,34.931987],[425,773,-85.254431,34.931922],[450,773,-85.254404,34.931857],[475,773,-85.254377,34.931793],[500,773,-85.25435,34.931728],[525,773,-85.254323,34.931663],[550,773,-85.254295,34.931598],[575,773,-85.254268,34.931533],[599,772,-85.254257,34.931468],[624,772,-85.25428,34.931403],[649,773,-85.254303,34.931337],[674,773,-85.254327,34.931271],[699,773,-85.25435,34.931205],[724,773,-85.254373,34.931139],[749,774,-85.254397,34.931073],[774,774,-85.25442,34.931008],[799,774,-85.254443,34.930942],[824,774,-85.254467,34.930876],[849,774,-85.25449,34.93081],[874,774,-85.254513,34.930744],[899,774,-85.254537,34.930679],[924,774,-85.25456,34.930613],[949,774,-85.254583,34.930547],[974,774,-85.254607,34.930481],[999,774,-85.25463,34.930415],[1024,774,-85.254653,34.93035],[1049,774,-85.254677,34.930284],[1074,774,-85.2547,34.930218],[1099,773,-85.254723,34.930152],[1124,774,-85.254747,34.930086],[1149,774,-85.25477,34.930021],[1174,774,-85.254793,34.929955],[1199,774,-85.254817,34.929889],[1224,774,-85.25484,34.929823],[1249,774,-85.254863,34.929757],[1274,774,-85.254886,34.929692],[1299,774,-85.25491,34.929626],[1324,774,-85.254933,34.92956],[1349,774,-85.254956,34.929494],[1374,775,-85.25498,34.929428],[1399,775,-85.255003,34.929362],[1424,775,-85.255026,34.929297],[1449,776,-85.25505,34.929231],[1474,776,-85.255073,34.929165],[1499,777,-85.255096,34.929099],[1524,779,-85.25512,34.929033],[1549,780,-85.255143,34.928968],[1574,781,-85.255166,34.928902],[1599,781,-85.255197,34.928838],[1624,782,-85.255231,34.928776],[1649,783,-85.255265,34.928713],[1674,784,-85.255299,34.92865],[1699,785,-85.255332,34.928588],[1724,785,-85.255366,34.928525],[1749,786,-85.2554,34.928462],[1774,787,-85.255433,34.928399],[1799,788,-85.255467,34.928337],[1824,788,-85.255501,34.928274],[1849,788,-85.255535,34.928211],[1874,789,-85.255568,34.928149],[1899,789,-85.255602,34.928086],[1924,789,-85.255636,34.928023],[1949,789,-85.25567,34.927961],[1974,789,-85.255703,34.927898],[1999,789,-85.255737,34.927835],[2024,789,-85.255771,34.927772],[2049,789,-85.255804,34.92771],[2074,789,-85.255838,34.927647],[2099,790,-85.255872,34.927584],[2124,790,-85.255906,34.927522],[2149,790,-85.255939,34.927459],[2174,790,-85.255973,34.927396],[2199,790,-85.256007,34.927333],[2224,790,-85.25604,34.927271],[2249,790,-85.256074,34.927208],[2274,790,-85.256108,34.927145],[2299,790,-85.256142,34.927083],[2324,790,-85.256175,34.92702],[2349,790,-85.256209,34.926957],[2374,790,-85.256243,34.926895],[2399,790,-85.256277,34.926832],[2424,790,-85.25631,34.926769],[2449,789,-85.256344,34.926706],[2474,789,-85.256379,34.926645],[2499,790,-85.256429,34.926589],[2524,790,-85.256478,34.926534],[2549,790,-85.256527,34.926478],[2574,789,-85.256576,34.926423],[2599,789,-85.256625,34.926367],[2624,789,-85.256674,34.926312],[2649,789,-85.25672,34.926255],[2674,789,-85.256745,34.92619],[2699,789,-85.25677,34.926124],[2724,789,-85.256794,34.926059],[2749,789,-85.256819,34.925993],[2774,789,-85.256843,34.925928],[2799,789,-85.256868,34.925862],[2824,788,-85.256892,34.925797],[2849,788,-85.256917,34.925731],[2874,788,-85.256942,34.925666],[2899,788,-85.256966,34.9256],[2924,788,-85.256991,34.925535],[2949,788,-85.257015,34.925469],[2974,788,-85.25704,34.925404],[2999,788,-85.257062,34.925338],[3024,788,-85.257073,34.92527],[3049,788,-85.257084,34.925202],[3074,788,-85.257095,34.925134],[3099,788,-85.257106,34.925066],[3124,788,-85.257117,34.924998],[3149,788,-85.257128,34.92493],[3174,788,-85.25714,34.924862],[3199,788,-85.257151,34.924795],[3224,788,-85.257162,34.924727],[3249,788,-85.257173,34.924659],[3274,788,-85.257184,34.924591],[3299,788,-85.257195,34.924523],[3324,788,-85.257206,34.924455],[3349,788,-85.257217,34.924387],[3374,788,-85.257228,34.924319],[3399,788,-85.257239,34.924251],[3424,788,-85.25725,34.924183],[3449,788,-85.257261,34.924115],[3474,788,-85.257272,34.924047],[3499,788,-85.257283,34.923979],[3524,788,-85.257294,34.923911],[3549,788,-85.257305,34.923844],[3574,788,-85.257316,34.923776],[3599,788,-85.257327,34.923708],[3624,787,-85.257338,34.92364],[3649,786,-85.257349,34.923572],[3674,786,-85.25736,34.923504],[3699,785,-85.257371,34.923436],[3724,785,-85.257382,34.923368],[3749,784,-85.257393,34.9233],[3774,783,-85.257404,34.923232],[3799,782,-85.257415,34.923164],[3824,781,-85.257426,34.923096],[3849,781,-85.257437,34.923028],[3874,780,-85.257448,34.92296],[3899,779,-85.257459,34.922893],[3924,778,-85.25747,34.922825],[3949,777,-85.257481,34.922757],[3974,777,-85.257492,34.922689],[3999,776,-85.257504,34.922621],[4024,775,-85.257515,34.922553],[4049,775,-85.257526,34.922485],[4074,775,-85.257537,34.922417],[4099,774,-85.257548,34.922349],[4124,774,-85.257559,34.922281],[4149,774,-85.25757,34.922213],[4174,773,-85.257581,34.922145],[4199,773,-85.257592,34.922077],[4224,773,-85.257603,34.922009],[4249,773,-85.257614,34.921942],[4274,773,-85.257625,34.921874],[4299,773,-85.257636,34.921806],[4324,772,-85.257647,34.921738],[4349,772,-85.257658,34.92167],[4374,772,-85.257669,34.921602],[4399,772,-85.25768,34.921534],[4424,772,-85.257691,34.921466],[4449,772,-85.257702,34.921398],[4474,771,-85.257713,34.92133],[4499,771,-85.257724,34.921262],[4524,771,-85.257735,34.921194],[4549,771,-85.257746,34.921126],[4574,771,-85.257757,34.921058],[4599,771,-85.257768,34.920991],[4624,771,-85.257779,34.920923],[4649,771,-85.25779,34.920855],[4674,772,-85.257801,34.920787],[4699,772,-85.257812,34.920719],[4724,772,-85.257823,34.920651],[4749,772,-85.257834,34.920583],[4774,773,-85.257845,34.920515],[4799,773,-85.257856,34.920447],[4824,773,-85.257868,34.920379],[4849,772,-85.257879,34.920311],[4874,772,-85.25789,34.920243],[4899,772,-85.257901,34.920175],[4924,772,-85.257912,34.920107],[4949,771,-85.257923,34.920039],[4974,771,-85.257934,34.919972],[4999,771,-85.257945,34.919904],[5024,771,-85.257956,34.919836],[5049,770,-85.257967,34.919768],[5074,769,-85.257978,34.9197],[5099,768,-85.257989,34.919632],[5124,767,-85.258,34.919564],[5149,765,-85.258011,34.919496],[5174,764,-85.258022,34.919428],[5199,764,-85.258025,34.91936],[5224,763,-85.258024,34.919291],[5249,763,-85.258022,34.919223],[5274,763,-85.258021,34.919154],[5299,763,-85.25802,34.919086],[5324,763,-85.258018,34.919017],[5349,763,-85.258017,34.918949],[5374,763,-85.258016,34.91888],[5399,763,-85.258014,34.918812],[5424,763,-85.258013,34.918743],[5449,763,-85.258011,34.918675],[5474,764,-85.25801,34.918606],[5499,764,-85.258009,34.918538],[5524,764,-85.258007,34.918469],[5549,764,-85.258006,34.918401],[5573,764,-85.257999,34.918333],[5598,764,-85.257971,34.918268],[5623,764,-85.257943,34.918204],[5648,764,-85.257915,34.918139],[5673,765,-85.257887,34.918074],[5696,765,-85.257901,34.918013],[5721,764,-85.257944,34.917954],[5746,764,-85.257986,34.917895],[5771,763,-85.258029,34.917836],[5796,763,-85.258072,34.917778],[5821,762,-85.258114,34.917719],[5846,762,-85.258157,34.91766],[5871,762,-85.2582,34.917601],[5896,762,-85.258243,34.917542],[5921,761,-85.258285,34.917483],[5946,761,-85.258328,34.917424],[5971,761,-85.25836,34.917362],[5996,761,-85.258384,34.917296],[6021,761,-85.258407,34.91723],[6046,761,-85.25843,34.917164],[6071,761,-85.258453,34.917098],[6096,760,-85.258476,34.917032],[6121,760,-85.258499,34.916966],[6146,760,-85.258523,34.916901],[6171,760,-85.258546,34.916835],[6196,759,-85.258569,34.916769],[6221,759,-85.258592,34.916703],[6246,759,-85.258615,