{"trail":"White Lightning","distance":7439,"gain":163,"loss":418,"min":1395,"max":1693,"profile":[[0,1693,-85.377846,34.939],[25,1692,-85.377869,34.938934],[50,1691,-85.377893,34.938869],[75,1687,-85.377916,34.938803],[100,1686,-85.37794,34.938737],[125,1683,-85.377963,34.938671],[150,1682,-85.377987,34.938606],[175,1679,-85.37801,34.93854],[200,1680,-85.378034,34.938474],[225,1678,-85.378057,34.938408],[250,1677,-85.378081,34.938342],[275,1676,-85.378104,34.938277],[300,1673,-85.378128,34.938211],[325,1672,-85.378151,34.938145],[350,1669,-85.378175,34.938079],[375,1668,-85.378198,34.938014],[400,1666,-85.378222,34.937948],[425,1666,-85.378245,34.937882],[450,1663,-85.378269,34.937816],[475,1663,-85.378292,34.937751],[500,1660,-85.378316,34.937685],[525,1660,-85.378339,34.937619],[550,1660,-85.378363,34.937553],[575,1658,-85.378386,34.937488],[600,1657,-85.37841,34.937422],[625,1655,-85.378433,34.937356],[650,1654,-85.378457,34.93729],[675,1651,-85.378471,34.937223],[700,1649,-85.378477,34.937155],[725,1647,-85.378484,34.937086],[750,1646,-85.37849,34.937018],[775,1643,-85.378496,34.93695],[800,1641,-85.378502,34.936881],[825,1638,-85.378508,34.936813],[842,1637,-85.378463,34.936784],[867,1635,-85.37838,34.936784],[892,1631,-85.378296,34.936784],[915,1631,-85.378235,34.936823],[940,1628,-85.378182,34.936876],[965,1628,-85.378129,34.936929],[990,1628,-85.378075,34.936982],[1015,1628,-85.378022,34.937035],[1040,1625,-85.377969,34.937087],[1065,1625,-85.377916,34.93714],[1086,1624,-85.377867,34.937182],[1111,1622,-85.377862,34.937114],[1136,1620,-85.377858,34.937045],[1161,1618,-85.377853,34.936977],[1186,1616,-85.377848,34.936909],[1211,1612,-85.377844,34.93684],[1236,1609,-85.377839,34.936772],[1261,1606,-85.377834,34.936703],[1286,1604,-85.37783,34.936635],[1311,1601,-85.377825,34.936566],[1336,1599,-85.37782,34.936498],[1361,1596,-85.377816,34.93643],[1386,1594,-85.377811,34.936361],[1411,1592,-85.377807,34.936293],[1435,1589,-85.377817,34.93623],[1460,1588,-85.377884,34.93619],[1485,1582,-85.377952,34.936149],[1510,1584,-85.37802,34.936109],[1532,1584,-85.378036,34.936049],[1557,1584,-85.378032,34.93598],[1582,1585,-85.378029,34.935912],[1607,1583,-85.378025,34.935843],[1632,1580,-85.378021,34.935775],[1657,1576,-85.378021,34.935708],[1682,1577,-85.378087,34.935666],[1707,1580,-85.378153,34.935624],[1732,1579,-85.378219,34.935581],[1757,1582,-85.378285,34.935539],[1782,1583,-85.378351,34.935497],[1807,1586,-85.378416,34.935455],[1832,1586,-85.378482,34.935412],[1856,1583,-85.378529,34.935358],[1881,1583,-85.37856,34.935295],[1906,1582,-85.378592,34.935231],[1931,1584,-85.378624,34.935168],[1956,1581,-85.378655,34.935105],[1981,1579,-85.378687,34.935041],[2002,1578,-85.378743,34.935004],[2027,1579,-85.378826,34.934998],[2052,1580,-85.378909,34.934992],[2073,1575,-85.378958,34.934949],[2098,1575,-85.378987,34.934885],[2123,1574,-85.379015,34.93482],[2148,1572,-85.379044,34.934756],[2173,1571,-85.379072,34.934691],[2198,1571,-85.379101,34.934627],[2223,1568,-85.379129,34.934563],[2248,1570,-85.379158,34.934498],[2273,1570,-85.379187,34.934434],[2298,1570,-85.379232,34.934378],[2323,1570,-85.379288,34.934327],[2348,1568,-85.379344,34.934276],[2373,1569,-85.3794,34.934225],[2398,1564,-85.379456,34.934174],[2423,1561,-85.379512,34.934124],[2448,1561,-85.379569,34.934073],[2472,1559,-85.379605,34.934016],[2497,1555,-85.379605,34.933947],[2522,1553,-85.379605,34.933879],[2547,1553,-85.379605,34.93381],[2572,1552,-85.379605,34.933742],[2597,1551,-85.379605,34.933673],[2622,1550,-85.379605,34.933605],[2647,1548,-85.379605,34.933536],[2672,1545,-85.379605,34.933468],[2697,1541,-85.379605,34.933399],[2722,1537,-85.379605,34.933331],[2747,1532,-85.379605,34.933262],[2759,1532,-85.379568,34.93325],[2784,1527,-85.379497,34.933288],[2809,1522,-85.379427,34.933325],[2834,1520,-85.379357,34.933362],[2859,1515,-85.379287,34.933399],[2883,1514,-85.379228,34.933445],[2908,1511,-85.379193,34.933507],[2933,1509,-85.379157,34.933569],[2958,1507,-85.379122,34.933631],[2983,1504,-85.379086,34.933693],[2984,1504,-85.379084,34.93369],[3009,1507,-85.379113,34.933626],[3034,1509,-85.379143,34.933561],[3059,1508,-85.379172,34.933497],[3084,1509,-85.379201,34.933433],[3109,1510,-85.379231,34.933369],[3134,1508,-85.37926,34.933305],[3159,1507,-85.379289,34.933241],[3184,1506,-85.379319,34.933177],[3209,1504,-85.379348,34.933112],[3234,1498,-85.379377,34.933048],[3259,1498,-85.379407,34.932984],[3284,1494,-85.379436,34.93292],[3308,1489,-85.379452,34.932854],[3333,1485,-85.379443,34.932786],[3358,1483,-85.379433,34.932718],[3383,1486,-85.379424,34.93265],[3408,1488,-85.379415,34.932582],[3433,1488,-85.379406,34.932514],[3458,1487,-85.379396,34.932446],[3483,1482,-85.379387,34.932378],[3508,1481,-85.379378,34.932309],[3533,1479,-85.379369,34.932241],[3558,1478,-85.379359,34.932173],[3583,1478,-85.37935,34.932105],[3608,1473,-85.379341,34.932037],[3633,1471,-85.379332,34.931969],[3658,1470,-85.379323,34.931901],[3683,1469,-85.379313,34.931833],[3708,1464,-85.379304,34.931765],[3733,1462,-85.379295,34.931696],[3758,1461,-85.379286,34.931628],[3783,1459,-85.379302,34.931562],[3808,1461,-85.379327,34.931497],[3833,1462,-85.379352,34.931431],[3858,1460,-85.379377,34.931366],[3883,1458,-85.379402,34.9313],[3908,1455,-85.379426,34.931235],[3933,1456,-85.379451,34.93117],[3958,1455,-85.379476,34.931104],[3983,1456,-85.379501,34.931039],[4008,1456,-85.379526,34.930973],[4033,1454,-85.379551,34.930908],[4058,1456,-85.379575,34.930842],[4082,1455,-85.379578,34.930775],[4107,1454,-85.379568,34.930707],[4132,1451,-85.379559,34.930639],[4157,1449,-85.379549,34.930571],[4182,1448,-85.37954,34.930503],[4207,1446,-85.37953,34.930435],[4232,1445,-85.379521,34.930367],[4257,1441,-85.379511,34.930299],[4282,1439,-85.379502,34.930231],[4307,1437,-85.379503,34.930162],[4332,1435,-85.379512,34.930094],[4357,1437,-85.379521,34.930026],[4382,1435,-85.37953,34.929958],[4407,1434,-85.379538,34.92989],[4432,1433,-85.379547,34.929822],[4457,1431,-85.379556,34.929754],[4482,1433,-85.379565,34.929685],[4507,1432,-85.379573,34.929617],[4532,1430,-85.379582,34.929549],[4557,1429,-85.379591,34.929481],[4582,1428,-85.3796,34.929413],[4607,1429,-85.379608,34.929345],[4632,1427,-85.379617,34.929276],[4657,1426,-85.379626,34.929208],[4682,1427,-85.379659,34.929146],[4707,1428,-85.379695,34.929084],[4732,1427,-85.379731,34.929022],[4757,1427,-85.379767,34.92896],[4782,1427,-85.379803,34.928898],[4807,1427,-85.379839,34.928836],[4832,1426,-85.379917,34.928818],[4857,1426,-85.379999,34.928804],[4882,1425,-85.380081,34.928789],[4907,1426,-85.380162,34.928774],[4931,1426,-85.38024,34.928753],[4956,1426,-85.3803,34.928705],[4981,1425,-85.380361,34.928658],[5006,1424,-85.380421,34.928611],[5031,1423,-85.380482,34.928564],[5056,1422,-85.380542,34.928516],[5081,1421,-85.380603,34.928469],[5106,1421,-85.380663,34.928422],[5130,1419,-85.380686,34.928359],[5155,1419,-85.380696,34.928291],[5180,1420,-85.380707,34.928223],[5205,1423,-85.380717,34.928155],[5230,1429,-85.380727,34.928087],[5255,1430,-85.380738,34.928019],[5279,1430,-85.380726,34.927953],[5304,1428,-85.380696,34.927889],[5329,1426,-85.380666,34.927825],[5354,1424,-85.380636,34.927761],[5379,1424,-85.380693,34.927712],[5404,1423,-85.380752,34.927664],[5429,1424,-85.380811,34.927615],[5454,1424,-85.38087,34.927567],[5479,1422,-85.380929,34.927518],[5504,1422,-85.380988,34.92747],[5529,1418,-85.381047,34.927421],[5551,1416,-85.381082,34.927366],[5576,1414,-85.381072,34.927298],[5601,1413,-85.381062,34.92723],[5626,1416,-85.381051,34.927162],[5651,1421,-85.381041,34.927094],[5676,1425,-85.38103,34.927026],[5701,1424,-85.38102,34.926958],[5726,1425,-85.38101,34.92689],[5751,1425,-85.380999,34.926822],[5776,1423,-85.380989,34.926754],[5801,1422,-85.380979,34.926686],[5826,1416,-85.380968,34.926618],[5851,1413,-85.380958,34.92655],[5876,1412,-85.380989,34.926487],[5901,1411,-85.381023,34.926425],[5926,1406,-85.381058,34.926362],[5951,1405,-85.381092,34.9263],[5976,1401,