{"trail":"White Oak Park Trail","distance":2953,"gain":141,"loss":53,"min":705,"max":798,"profile":[[0,710,-85.308087,35.087011],[25,711,-85.308016,35.087048],[50,710,-85.307946,35.087085],[75,709,-85.307876,35.087122],[100,707,-85.307805,35.087159],[124,707,-85.307725,35.087169],[149,706,-85.307641,35.087169],[174,705,-85.307557,35.087169],[199,705,-85.307474,35.087169],[223,706,-85.307395,35.087154],[248,707,-85.307312,35.087164],[273,710,-85.307229,35.087173],[298,711,-85.307146,35.087182],[323,713,-85.307063,35.087192],[348,716,-85.30698,35.087201],[373,719,-85.306897,35.08721],[398,720,-85.306814,35.08722],[423,721,-85.306731,35.087229],[448,722,-85.306649,35.087239],[473,723,-85.306566,35.087248],[498,725,-85.306483,35.087257],[523,726,-85.3064,35.087267],[548,727,-85.306317,35.087276],[573,728,-85.306234,35.087285],[598,729,-85.306152,35.087284],[623,730,-85.306074,35.087261],[648,729,-85.305995,35.087237],[673,728,-85.305916,35.087213],[698,729,-85.305838,35.087189],[723,729,-85.305759,35.087166],[748,728,-85.305681,35.087142],[773,730,-85.305602,35.087118],[798,730,-85.305523,35.087095],[823,729,-85.305445,35.087071],[848,730,-85.305366,35.087047],[872,726,-85.305355,35.086982],[897,722,-85.305347,35.086913],[921,719,-85.305333,35.086848],[946,719,-85.305268,35.086805],[971,718,-85.305203,35.086761],[996,718,-85.305139,35.086718],[1020,717,-85.305066,35.086688],[1045,718,-85.304984,35.086673],[1070,719,-85.304902,35.086659],[1095,720,-85.30482,35.086644],[1120,725,-85.304738,35.08663],[1145,730,-85.304657,35.086615],[1170,735,-85.304575,35.086601],[1195,738,-85.304493,35.086586],[1220,740,-85.304411,35.086571],[1245,740,-85.304329,35.086557],[1270,739,-85.304247,35.086542],[1295,739,-85.304166,35.086528],[1318,738,-85.304104,35.086493],[1343,738,-85.304071,35.08643],[1364,739,-85.304077,35.086372],[1389,740,-85.304131,35.08632],[1412,740,-85.304198,35.086286],[1437,739,-85.304281,35.086276],[1462,740,-85.304364,35.086266],[1487,739,-85.304446,35.086256],[1512,739,-85.304529,35.086246],[1533,740,-85.304591,35.086219],[1558,742,-85.304598,35.086151],[1583,745,-85.304604,35.086083],[1608,747,-85.304611,35.086015],[1633,749,-85.304618,35.085946],[1658,751,-85.304624,35.085878],[1683,753,-85.304631,35.08581],[1707,754,-85.304591,35.085752],[1732,757,-85.304542,35.085696],[1755,759,-85.304471,35.085674],[1780,760,-85.304387,35.08567],[1805,762,-85.304304,35.085666],[1830,764,-85.30422,35.085662],[1855,768,-85.304137,35.08566],[1880,769,-85.304077,35.085708],[1905,772,-85.304017,35.085756],[1930,773,-85.303957,35.085804],[1955,776,-85.303897,35.085851],[1980,774,-85.303837,35.085899],[2005,774,-85.303778,35.085947],[2030,773,-85.303718,35.085995],[2055,771,-85.303658,35.086043],[2080,771,-85.303598,35.086091],[2105,766,-85.303538,35.086139],[2130,764,-85.303478,35.086186],[2155,763,-85.303418,35.086234],[2180,757,-85.303358,35.086282],[2205,757,-85.303298,35.08633],[2230,755,-85.303235,35.086375],[2255,755,-85.303165,35.086413],[2280,751,-85.303096,35.086451],[2305,752,-85.303027,35.08649],[2330,753,-85.302957,35.086528],[2355,753,-85.302888,35.086567],[2380,753,-85.302819,35.086605],[2405,754,-85.302749,35.086644],[2430,755,-85.30268,35.086682],[2455,755,-85.302611,35.08672],[2479,754,-85.302571,35.086778],[2504,755,-85.30254,35.086842],[2529,755,-85.302509,35.086905],[2554,756,-85.302478,35.086969],[2579,759,-85.302448,35.087033],[2604,763,-85.302417,35.087097],[2629,769,-85.302386,35.087161],[2654,775,-85.302356,35.087224],[2679,778,-85.302325,35.087288],[2700,780,-85.302259,35.087305],[2725,782,-85.302176,35.087298],[2750,785,-85.302092,35.087292],[2775,785,-85.302009,35.087285],[2800,787,-85.301926,35.087279],[2825,788,-85.301842,35.087272],[2850,789,-85.301759,35.087266],[2875,791,-85.301676,35.087259],[2900,792,-85.301592,35.087253],[2925,795,-85.301509,35.087246],[2950,797,-85.301425,35.08724],[2953,798,-85.301414,35.087239]]}