{"trail":"WHITE Trail","distance":11525,"gain":32,"loss":81,"min":740,"max":790,"profile":[[0,789,-85.256653,34.926352],[25,789,-85.256602,34.926406],[50,790,-85.256551,34.926461],[75,790,-85.256501,34.926515],[100,790,-85.25645,34.92657],[125,790,-85.256399,34.926624],[150,790,-85.256357,34.926683],[175,790,-85.256323,34.926745],[200,790,-85.256289,34.926808],[225,790,-85.256256,34.926871],[250,790,-85.256222,34.926933],[275,790,-85.256188,34.926996],[300,790,-85.256154,34.927059],[325,790,-85.256121,34.927122],[350,790,-85.256087,34.927184],[375,790,-85.256053,34.927247],[400,790,-85.25602,34.92731],[425,790,-85.255986,34.927372],[450,790,-85.255952,34.927435],[475,790,-85.255918,34.927498],[500,790,-85.255885,34.92756],[525,790,-85.255851,34.927623],[550,789,-85.255817,34.927686],[575,789,-85.255784,34.927749],[600,789,-85.25575,34.927811],[625,789,-85.255716,34.927874],[650,789,-85.255682,34.927937],[675,789,-85.255649,34.927999],[700,789,-85.255615,34.928062],[725,789,-85.255581,34.928125],[750,789,-85.255547,34.928187],[775,788,-85.255514,34.92825],[800,788,-85.25548,34.928313],[825,787,-85.255446,34.928376],[850,786,-85.255413,34.928438],[875,785,-85.255379,34.928501],[900,785,-85.255345,34.928564],[925,784,-85.255311,34.928626],[950,783,-85.255278,34.928689],[975,783,-85.255244,34.928752],[1000,782,-85.25521,34.928814],[1025,781,-85.255177,34.928877],[1050,780,-85.255152,34.928943],[1075,779,-85.255129,34.929008],[1100,778,-85.255105,34.929074],[1125,777,-85.255082,34.92914],[1150,776,-85.255059,34.929206],[1175,776,-85.255035,34.929272],[1200,775,-85.255012,34.929337],[1225,775,-85.254989,34.929403],[1250,774,-85.254965,34.929469],[1275,774,-85.254942,34.929535],[1300,774,-85.254919,34.929601],[1325,774,-85.254895,34.929666],[1350,774,-85.254872,34.929732],[1375,774,-85.254849,34.929798],[1400,774,-85.254825,34.929864],[1425,774,-85.254802,34.92993],[1450,774,-85.254779,34.929996],[1475,774,-85.254755,34.930061],[1500,774,-85.254732,34.930127],[1525,774,-85.254709,34.930193],[1550,774,-85.254685,34.930259],[1575,774,-85.254662,34.930325],[1600,774,-85.254639,34.93039],[1625,774,-85.254616,34.930456],[1650,774,-85.254592,34.930522],[1675,774,-85.254569,34.930588],[1700,774,-85.254546,34.930654],[1725,774,-85.254522,34.930719],[1750,774,-85.254499,34.930785],[1775,774,-85.254476,34.930851],[1800,774,-85.254452,34.930917],[1825,774,-85.254429,34.930983],[1850,774,-85.254406,34.931048],[1875,774,-85.254382,34.931114],[1900,773,-85.254359,34.93118],[1925,773,-85.254336,34.931246],[1950,773,-85.254312,34.931312],[1975,772,-85.254289,34.931377],[2000,772,-85.254266,34.931443],[2024,773,-85.254258,34.931509],[2049,773,-85.254285,34.931574],[2074,773,-85.254312,34.931638],[2099,773,-85.254339,34.931703],[2124,773,-85.254367,34.931768],[2149,773,-85.254394,34.931833],[2174,773,-85.254421,34.931898],[2199,773,-85.254448,34.931962],[2224,772,-85.254475,34.932027],[2248,772,-85.254519,34.932084],[2273,772,-85.254572,34.932137],[2298,773,-85.254626,34.93219],[2323,773,-85.254679,34.932242],[2348,774,-85.254733,34.932295],[2373,774,-85.254786,34.932348],[2397,775,-85.254806,34.93241],[2422,774,-85.254804,34.932478],[2447,774,-85.254801,34.932547],[2472,775,-85.254799,34.932615],[2497,775,-85.254796,34.932684],[2522,775,-85.254794,34.932752],[2547,775,-85.254792,34.932821],[2572,775,-85.254789,34.932889],[2597,775,-85.254787,34.932958],[2603,775,-85.254787,34.932942],[2628,775,-85.25479,34.932873],[2653,775,-85.254792,34.932805],[2678,775,-85.254795,34.932736],[2703,775,-85.254797,34.932668],[2728,775,-85.254799,34.932599],[2753,774,-85.254802,34.932531],[2778,774,-85.254804,34.932462],[2803,775,-85.254807,34.932394],[2826,774,-85.254774,34.932335],[2851,774,-85.25472,34.932282],[2876,773,-85.254667,34.93223],[2901,773,-85.254613,34.932177],[2926,772,-85.25456,34.932125],[2951,772,-85.254506,34.932072],[2976,772,-85.254469,34.932012],[3001,773,-85.254442,34.931947],[3026,773,-85.254415,34.931882],[3051,773,-85.254387,34.931817],[3076,773,-85.25436,34.931753],[3101,773,-85.254333,34.931688],[3126,773,-85.254306,34.931623],[3151,773,-85.254279,34.931558],[3176,773,-85.254251,34.931493],[3201,772,-85.254271,34.931428],[3226,773,-85.254295,34.931362],[3251,773,-85.254318,34.931296],[3276,773,-85.254341,34.93123],[3301,773,-85.254365,34.931164],[3326,774,-85.254388,34.931099],[3351,774,-85.254411,34.931033],[3376,774,-85.254435,34.930967],[3401,774,-85.254458,34.930901],[3426,774,-85.254481,34.930835],[3451,774,-85.254504,34.930769],[3476,774,-85.254528,34.930704],[3501,774,-85.254551,34.930638],[3526,774,-85.254574,34.930572],[3551,774,-85.254598,34.930506],[3576,774,-85.254621,34.93044],[3601,774,-85.254644,34.930375],[3626,774,-85.254668,34.930309],[3651,774,-85.254691,34.930243],[3676,774,-85.254714,34.930177],[3701,774,-85.254738,34.930111],[3726,774,-85.254761,34.930046],[3751,774,-85.254784,34.92998],[3776,774,-85.254808,34.929914],[3801,774,-85.254831,34.929848],[3826,773,-85.254854,34.929782],[3851,774,-85.254878,34.929717],[3876,774,-85.254901,34.929651],[3901,774,-85.254924,34.929585],[3926,774,-85.254948,34.929519],[3951,775,-85.254971,34.929453],[3976,775,-85.254994,34.929388],[4001,775,-85.255018,34.929322],[4026,776,-85.255041,34.929256],[4051,776,-85.255064,34.92919],[4076,777,-85.255087,34.929124],[4101,778,-85.255111,34.929059],[4126,779,-85.255134,34.928993],[4151,780,-85.255157,34.928927],[4176,781,-85.255185,34.928862],[4201,782,-85.255218,34.9288],[4226,783,-85.255252,34.928737],[4251,784,-85.255286,34.928674],[4276,784,-85.255319,34.928611],[4301,785,-85.255353,34.928549],[4326,785,-85.255387,34.928486],[4351,786,-85.255421,34.928423],[4376,787,-85.255454,34.928361],[4401,788,-85.255488,34.928298],[4426,788,-85.255522,34.928235],[4451,789,-85.255556,34.928172],[4476,789,-85.255589,34.92811],[4501,789,-85.255623,34.928047],[4526,789,-85.255657,34.927984],[4551,789,-85.25569,34.927922],[4576,789,-85.255724,34.927859],[4601,789,-85.255758,34.927796],[4626,789,-85.255792,34.927734],[4651,789,-85.255825,34.927671],[4676,790,-85.255859,34.927608],[4701,790,-85.255893,34.927545],[4726,790,-85.255926,34.927483],[4751,790,-85.25596,34.92742],[4776,790,-85.255994,34.927357],[4801,790,-85.256028,34.927295],[4826,790,-85.256061,34.927232],[4851,790,-85.256095,34.927169],[4876,790,-85.256129,34.927107],[4901,790,-85.256163,34.927044],[4926,790,-85.256196,34.926981],[4951,790,-85.25623,34.926918],[4976,790,-85.256264,34.926856],[5001,790,-85.256297,34.926793],[5026,790,-85.256331,34.92673],[5051,790,-85.256365,34.926668],[5075,790,-85.25641,34.92661],[5100,790,-85.256459,34.926555],[5125,790,-85.256508,34.926499],[5150,790,-85.256557,34.926444],[5175,789,-85.256607,34.926389],[5200,789,-85.256656,34.926333],[5225,789,-85.256705,34.926278],[5250,789,-85.256736,34.926215],[5275,789,-85.25676,34.926149],[5300,789,-85.256785,34.926084],[5325,789,-85.256809,34.926018],[5350,789,-85.256834,34.925953],[5375,789,-85.256859,34.925887],[5400,789,-85.256883,34.925822],[5425,788,-85.256908,34.925756],[5450,788,-85.256932,34.925691],[5475,788,-85.256957,34.925625],[5500,788,-85.256981,34.92556],[5525,788,-85.257006,34.925494],[5550,788,-85.257031,34.925429],[5575,788,-85.257055,34.925363],[5600,788,-85.257069,34.925296],[5625,788,-85.25708,34.925228],[5650,788,-85.257091,34.92516],[5675,788,-85.257102,34.925092],[5700,788,-85.257113,34.925024],[5725,788,-85.257124,34.924956],[5750,788,-85.257135,34.924888],[5775,788,-85.257146,34.92482],[5800,788,-85.257157,34.924752],[5825,788,-85.257168,34.924685],[5850,788,-85.257179,34.924617],[5875,788,-85.25719,34.924549],[5900,788,-85.257202,34.924481],[5925,788,-85.257213,34.924413],[5950,788,-85.257224,34.924345],[5975,788,-85.257235,34.924277],[6000,788,-85.257246,34.924209],[6025,788,-85.257257,34.924141],[6050,788,-85.257268,34.924073],[6075,788,-85.257279,34.924005],[6100,788,-85.25729,34.923937],[6125,788,-85.257301,34.923869],[6150,788,-85.257312,34.923801],[6175,788,-85.257323,34.923734],[6200,787,-85.257334,