{"trail":"White Oak Ridge","distance":8616,"gain":381,"loss":366,"min":1117,"max":1259,"profile":[[0,1153,-85.064886,35.044702],[25,1151,-85.064868,35.044635],[50,1147,-85.06485,35.044568],[75,1146,-85.064832,35.044501],[100,1141,-85.064814,35.044434],[125,1139,-85.064796,35.044367],[150,1135,-85.064778,35.0443],[175,1132,-85.06476,35.044233],[200,1129,-85.064742,35.044166],[225,1122,-85.064724,35.044099],[250,1120,-85.064706,35.044032],[274,1117,-85.064702,35.043967],[299,1119,-85.064741,35.043906],[324,1122,-85.06478,35.043845],[349,1119,-85.064818,35.043785],[374,1121,-85.064857,35.043724],[399,1123,-85.064896,35.043663],[424,1127,-85.064935,35.043603],[449,1130,-85.064974,35.043542],[474,1134,-85.065013,35.043481],[499,1138,-85.065052,35.043421],[524,1140,-85.06509,35.04336],[549,1143,-85.065129,35.043299],[574,1144,-85.065168,35.043239],[599,1143,-85.065207,35.043178],[624,1145,-85.065246,35.043117],[649,1147,-85.065285,35.043056],[674,1149,-85.065323,35.042996],[699,1152,-85.065362,35.042935],[724,1155,-85.065401,35.042874],[749,1157,-85.06544,35.042814],[774,1161,-85.065479,35.042753],[799,1164,-85.065518,35.042692],[824,1166,-85.065557,35.042632],[849,1169,-85.065595,35.042571],[874,1167,-85.065634,35.04251],[899,1169,-85.065673,35.042449],[924,1171,-85.065712,35.042389],[949,1173,-85.065751,35.042328],[974,1177,-85.06579,35.042267],[999,1178,-85.065829,35.042207],[1024,1180,-85.065867,35.042146],[1049,1184,-85.065906,35.042085],[1074,1186,-85.065945,35.042025],[1099,1189,-85.065984,35.041964],[1124,1191,-85.066023,35.041903],[1149,1189,-85.066062,35.041843],[1174,1192,-85.066101,35.041782],[1199,1194,-85.066139,35.041721],[1224,1195,-85.066178,35.04166],[1249,1198,-85.066217,35.0416],[1274,1200,-85.066256,35.041539],[1299,1196,-85.066295,35.041478],[1324,1198,-85.066334,35.041418],[1349,1196,-85.066373,35.041357],[1374,1194,-85.066411,35.041296],[1399,1187,-85.06645,35.041236],[1424,1188,-85.066489,35.041175],[1449,1186,-85.066528,35.041114],[1474,1184,-85.066567,35.041053],[1499,1184,-85.066606,35.040993],[1524,1186,-85.066645,35.040932],[1549,1186,-85.066683,35.040871],[1574,1185,-85.066722,35.040811],[1599,1188,-85.066761,35.04075],[1624,1188,-85.0668,35.040689],[1649,1189,-85.066839,35.040629],[1674,1183,-85.066878,35.040568],[1699,1186,-85.066917,35.040507],[1724,1187,-85.066955,35.040447],[1749,1188,-85.066994,35.040386],[1774,1188,-85.067033,35.040325],[1799,1192,-85.067072,35.040264],[1824,1193,-85.067111,35.040204],[1849,1194,-85.06715,35.040143],[1874,1197,-85.067189,35.040082],[1899,1198,-85.067227,35.040022],[1924,1195,-85.067266,35.039961],[1949,1195,-85.067305,35.0399],[1974,1197,-85.067344,35.03984],[1999,1197,-85.067383,35.039779],[2024,1197,-85.067422,35.039718],[2049,1196,-85.067461,35.039657],[2074,1196,-85.067499,35.039597],[2099,1194,-85.067538,35.039536],[2124,1191,-85.067577,35.039475],[2149,1189,-85.067616,35.039415],[2174,1188,-85.067655,35.039354],[2199,1188,-85.067694,35.039293],[2224,1189,-85.067733,35.039233],[2249,1189,-85.067771,35.039172],[2274,1192,-85.06781,35.039111],[2299,1196,-85.067849,35.03905],[2324,1200,-85.067888,35.03899],[2349,1202,-85.067927,35.038929],[2359,1203,-85.067942,35.038905],[2384,1200,-85.067903,35.038965],[2409,1198,-85.067863,35.039026],[2434,1194,-85.067824,35.039086],[2459,1190,-85.067785,35.039147],[2484,1188,-85.067745,35.039207],[2509,1188,-85.067706,35.039268],[2534,1188,-85.067667,35.039328],[2559,1189,-85.067627,35.039389],[2583,1191,-85.067607,35.039454],[2608,1194,-85.0676,35.039522],[2633,1197,-85.067593,35.03959],[2658,1199,-85.067586,35.039658],[2683,1202,-85.06758,35.039727],[2708,1204,-85.067573,35.039795],[2733,1207,-85.067566,35.039863],[2758,1210,-85.067559,35.039932],[2783,1214,-85.067552,35.04],[2808,1219,-85.067545,35.040068],[2833,1223,-85.067539,35.040137],[2858,1227,-85.067532,35.040205],[2883,1233,-85.067525,35.040273],[2908,1237,-85.067498,35.040338],[2933,1240,-85.06747,35.040402],[2958,1242,-85.067442,35.040467],[2983,1242,-85.067414,35.040532],[3008,1242,-85.067386,35.040596],[3033,1244,-85.067358,35.040661],[3058,1243,-85.06733,35.040726],[3083,1244,-85.067302,35.04079],[3108,1245,-85.067274,35.040855],[3133,1244,-85.067246,35.040919],[3158,1243,-85.067218,35.040984],[3183,1245,-85.067191,35.041049],[3208,1245,-85.067163,35.041113],[3233,1243,-85.067135,35.041178],[3258,1245,-85.067107,35.041242],[3283,1244,-85.067079,35.041307],[3308,1244,-85.067051,35.041372],[3333,1247,-85.067023,35.041436],[3358,1248,-85.066995,35.041501],[3383,1253,-85.066967,35.041565],[3408,1256,-85.066939,35.04163],[3433,1254,-85.066912,35.041695],[3458,1259,-85.066884,35.041759],[3483,1259,-85.066856,35.041824],[3508,1257,-85.066828,35.041888],[3533,1256,-85.0668,35.041953],[3558,1252,-85.066772,35.042018],[3583,1250,-85.066744,35.042082],[3608,1248,-85.066716,35.042147],[3633,1247,-85.066688,35.042211],[3658,1248,-85.06666,35.042276],[3683,1248,-85.066632,35.042341],[3708,1247,-85.066605,35.042405],[3733,1248,-85.066577,35.04247],[3758,1247,-85.066549,35.042535],[3783,1245,-85.066521,35.042599],[3808,1245,-85.066493,35.042664],[3833,1244,-85.066465,35.042728],[3858,1244,-85.066437,35.042793],[3883,1244,-85.066409,35.042858],[3908,1245,-85.066381,35.042922],[3933,1246,-85.066353,35.042987],[3958,1244,-85.066325,35.043051],[3983,1242,-85.066298,35.043116],[4008,1241,-85.066264,35.043178],[4033,1241,-85.066221,35.043237],[4058,1239,-85.066178,35.043296],[4083,1233,-85.066136,35.043355],[4108,1231,-85.066093,35.043414],[4133,1224,-85.06605,35.043473],[4158,1217,-85.066007,35.043532],[4183,1217,-85.065964,35.043591],[4208,1212,-85.065922,35.04365],[4233,1208,-85.065879,35.043709],[4258,1207,-85.065836,35.043767],[4273,1206,-85.065793,35.043785],[4298,1215,-85.065748,35.043728],[4323,1217,-85.065703,35.04367],[4348,1216,-85.065659,35.043612],[4373,1211,-85.065614,35.043554],[4398,1206,-85.065569,35.043496],[4410,1201,-85.065531,35.043509],[4435,1197,-85.065497,35.043571],[4460,1195,-85.065463,35.043634],[4485,1196,-85.065429,35.043697],[4510,1193,-85.065395,35.043759],[4535,1190,-85.065361,35.043822],[4560,1186,-85.065328,35.043885],[4585,1186,-85.065294,35.043947],[4610,1180,-85.06526,35.04401],[4635,1175,-85.065226,35.044073],[4660,1169,-85.065192,35.044135],[4685,1165,-85.065158,35.044198],[4710,1162,-85.065124,35.044261],[4735,1156,-85.06509,35.044323],[4760,1153,-85.065056,35.044386],[4785,1150,-85.065022,35.044449],[4810,1149,-85.064989,35.044511],[4835,1149,-85.064955,35.044574],[4860,1152,-85.064921,35.044637],[4885,1153,-85.064887,35.044699],[4910,1157,-85.064874,35.044767],[4935,1161,-85.064863,35.044835],[4960,1164,-85.064851,35.044903],[4985,1167,-85.064839,35.044971],[5010,1169,-85.064828,35.045038],[5035,1169,-85.064816,35.045106],[5060,1170,-85.064804,35.045174],[5085,1173,-85.064792,35.045242],[5110,1176,-85.064781,35.04531],[5135,1179,-85.064769,35.045378],[5160,1182,-85.064757,35.045446],[5185,1185,-85.064746,35.045513],[5210,1186,-85.064734,35.045581],[5235,1189,-85.064722,35.045649],[5260,1191,-85.064711,35.045717],[5285,1194,-85.064699,35.045785],[5310,1198,-85.064687,35.045853],[5335,1202,-85.064675,35.045921],[5360,1204,-85.064664,35.045988],[5385,1206,-85.064652,35.046056],[5410,1208,-85.06464,35.046124],[5435,1209,-85.064629,35.046192],[5460,1209,-85.064602,35.046257],[5485,1211,-85.064575,35.046322],[5510,1214,-85.064548,35.046387],[5535,1216,-85.06452,35.046451],[5560,1219,-85.064493,35.046516],[5585,1220,-85.064466,35.046581],[5610,1223,-85.064439,35.046646],[5635,1224,-85.064412,35.046711],[5660,1227,-85.064395,35.046776],[5685,1229,-85.064405,35.046844],[5710,1231,-85.064414,35.046912],[5735,1232,-85.064424,35.04698],[5760,1235,-85.064434,35.047048],[5784,1237,-85.064399,35.047109],[5809,1239,-85.064358,35.047169],[5834,1241,-85.064318,35.047229],[5859,1241,-85.064278,35.047289],[5884,1241,-85.064237,35.047349],[5909,1241,-85.064197,35.047409],[5934,1241,-85.064156,35.047469],[5959,1241,-85.064116,35.047529],[5984,1240,-85.064088,35.047593],[6009,1242,