{"trail":"White Oak Ridge","distance":12292,"gain":340,"loss":340,"min":1115,"max":1259,"profile":[[0,1153,-85.064886,35.044702],[25,1157,-85.064874,35.04477],[50,1161,-85.064862,35.044837],[75,1164,-85.064851,35.044905],[100,1167,-85.064839,35.044973],[125,1169,-85.064827,35.045041],[150,1169,-85.064815,35.045109],[175,1172,-85.064804,35.045177],[200,1173,-85.064792,35.045245],[225,1176,-85.06478,35.045312],[250,1179,-85.064769,35.04538],[275,1182,-85.064757,35.045448],[300,1185,-85.064745,35.045516],[325,1186,-85.064734,35.045584],[350,1189,-85.064722,35.045652],[375,1191,-85.06471,35.04572],[400,1194,-85.064698,35.045787],[425,1198,-85.064687,35.045855],[450,1202,-85.064675,35.045923],[475,1204,-85.064663,35.045991],[500,1206,-85.064652,35.046059],[525,1208,-85.06464,35.046127],[550,1209,-85.064628,35.046194],[575,1209,-85.064601,35.046259],[600,1211,-85.064574,35.046324],[625,1214,-85.064547,35.046389],[650,1216,-85.064519,35.046454],[675,1219,-85.064492,35.046519],[700,1222,-85.064465,35.046583],[725,1223,-85.064438,35.046648],[750,1224,-85.064411,35.046713],[774,1227,-85.064395,35.046779],[799,1229,-85.064405,35.046847],[824,1231,-85.064415,35.046915],[849,1232,-85.064425,35.046983],[874,1235,-85.064434,35.047051],[899,1237,-85.064397,35.047112],[924,1239,-85.064357,35.047172],[949,1241,-85.064316,35.047232],[974,1241,-85.064276,35.047292],[999,1241,-85.064236,35.047352],[1024,1241,-85.064195,35.047412],[1049,1241,-85.064155,35.047472],[1074,1242,-85.064114,35.047532],[1099,1240,-85.064087,35.047595],[1124,1242,-85.064077,35.047663],[1149,1242,-85.064067,35.047731],[1174,1243,-85.064057,35.047799],[1199,1244,-85.064047,35.047867],[1224,1244,-85.064037,35.047935],[1249,1244,-85.064027,35.048003],[1274,1242,-85.064017,35.048071],[1299,1240,-85.064007,35.048139],[1324,1237,-85.063968,35.0482],[1349,1236,-85.063927,35.048259],[1374,1234,-85.063885,35.048319],[1399,1232,-85.063844,35.048379],[1424,1232,-85.063803,35.048438],[1449,1229,-85.063762,35.048498],[1474,1226,-85.06372,35.048557],[1499,1225,-85.063679,35.048617],[1524,1223,-85.063638,35.048677],[1549,1223,-85.063597,35.048736],[1574,1225,-85.063555,35.048796],[1599,1226,-85.063514,35.048856],[1624,1226,-85.063473,35.048915],[1649,1227,-85.063432,35.048975],[1674,1225,-85.06339,35.049035],[1699,1224,-85.063349,35.049094],[1724,1221,-85.063308,35.049154],[1749,1218,-85.063267,35.049213],[1774,1215,-85.063225,35.049273],[1799,1212,-85.063184,35.049333],[1824,1209,-85.063143,35.049392],[1849,1206,-85.063102,35.049452],[1874,1205,-85.06306,35.049512],[1899,1206,-85.063019,35.049571],[1923,1205,-85.062996,35.049635],[1948,1207,-85.062992,35.049703],[1973,1209,-85.062989,35.049772],[1998,1211,-85.062985,35.04984],[2023,1215,-85.062982,35.049909],[2048,1219,-85.062978,35.049977],[2073,1219,-85.062975,35.050046],[2098,1222,-85.062971,35.050114],[2123,1225,-85.062968,35.050183],[2148,1228,-85.062964,35.050251],[2173,1232,-85.062961,35.05032],[2198,1236,-85.062957,35.050388],[2223,1240,-85.06295,35.050456],[2248,1240,-85.062925,35.050521],[2273,1242,-85.062899,35.050587],[2298,1241,-85.062874,35.050652],[2323,1242,-85.062848,35.050717],[2348,1243,-85.062823,35.050782],[2373,1243,-85.062797,35.050848],[2398,1244,-85.062772,35.050913],[2423,1244,-85.062746,35.050978],[2448,1246,-85.062721,35.051043],[2473,1246,-85.062695,35.051109],[2498,1246,-85.062669,35.051174],[2523,1248,-85.062644,35.051239],[2548,1248,-85.062618,35.051304],[2573,1250,-85.062593,35.05137],[2598,1249,-85.062567,35.051435],[2623,1249,-85.062542,35.0515],[2648,1250,-85.062516,35.051566],[2673,1249,-85.062491,35.051631],[2698,1251,-85.062465,35.051696],[2723,1249,-85.062439,35.051761],[2748,1248,-85.062411,35.051825],[2773,1245,-85.062367,35.051884],[2798,1244,-85.062323,35.051942],[2823,1241,-85.062278,35.052],[2848,1239,-85.062234,35.052058],[2873,1235,-85.06219,35.052116],[2898,1231,-85.062146,35.052175],[2923,1229,-85.062102,35.052233],[2948,1226,-85.062057,35.052291],[2973,1224,-85.062013,35.052349],[2998,1220,-85.061969,35.052407],[3023,1216,-85.061925,35.052466],[3048,1212,-85.061881,35.052524],[3073,1209,-85.061836,35.052582],[3098,1206,-85.061792,35.05264],[3123,1204,-85.061748,35.052698],[3148,1202,-85.061704,35.052757],[3173,1199,-85.06166,35.052815],[3198,1196,-85.061615,35.052873],[3223,1193,-85.061571,35.052931],[3248,1189,-85.061527,35.052989],[3273,1187,-85.061483,35.053048],[3298,1185,-85.061439,35.053106],[3322,1185,-85.061414,35.053171],[3347,1185,-85.061393,35.053237],[3372,1184,-85.061372,35.053304],[3397,1185,-85.061351,35.05337],[3422,1185,-85.061331,35.053436],[3447,1186,-85.06131,35.053503],[3472,1185,-85.061289,35.053569],[3497,1186,-85.061268,35.053635],[3522,1184,-85.061247,35.053702],[3547,1185,-85.061227,35.053768],[3572,1184,-85.061193,35.05383],[3597,1182,-85.061145,35.053886],[3622,1180,-85.061098,35.053943],[3647,1178,-85.061051,35.054],[3672,1175,-85.061004,35.054056],[3697,1170,-85.060957,35.054113],[3722,1168,-85.06091,35.054169],[3730,1168,-85.060894,35.054188],[7390,1153,-85.064886,35.044702],[7415,1152,-85.06492,35.044639],[7440,1149,-85.064953,35.044576],[7465,1149,-85.064987,35.044514],[7490,1150,-85.065021,35.044451],[7515,1153,-85.065055,35.044388],[7540,1156,-85.065089,35.044326],[7565,1160,-85.065123,35.044263],[7590,1165,-85.065157,35.0442],[7615,1169,-85.065191,35.044138],[7640,1175,-85.065225,35.044075],[7665,1180,-85.065258,35.044012],[7690,1181,-85.065292,35.04395],[7715,1186,-85.065326,35.043887],[7740,1190,-85.06536,35.043824],[7765,1193,-85.065394,35.043762],[7790,1196,-85.065428,35.043699],[7815,1195,-85.065462,35.043636],[7840,1197,-85.065496,35.043574],[7865,1201,-85.06553,35.043511],[7878,1206,-85.065568,35.043494],[7903,1211,-85.065612,35.043552],[7928,1216,-85.065657,35.04361],[7953,1217,-85.065702,35.043667],[7978,1215,-85.065746,35.043725],[8003,1206,-85.065791,35.043783],[8017,1207,-85.065835,35.04377],[8042,1208,-85.065877,35.043711],[8067,1212,-85.06592,35.043652],[8092,1217,-85.065963,35.043593],[8117,1217,-85.066006,35.043534],[8142,1224,-85.066048,35.043475],[8167,1231,-85.066091,35.043416],[8192,1233,-85.066134,35.043357],[8217,1239,-85.066177,35.043298],[8242,1241,-85.06622,35.043239],[8267,1241,-85.066262,35.043181],[8292,1242,-85.066296,35.043118],[8317,1244,-85.066324,35.043054],[8342,1246,-85.066352,35.042989],[8367,1245,-85.06638,35.042925],[8392,1245,-85.066408,35.04286],[8417,1244,-85.066436,35.042795],[8442,1244,-85.066464,35.042731],[8467,1245,-85.066492,35.042666],[8492,1245,-85.06652,35.042602],[8517,1247,-85.066548,35.042537],[8542,1248,-85.066576,35.042472],[8567,1247,-85.066603,35.042408],[8592,1248,-85.066631,35.042343],[8617,1248,-85.066659,35.042278],[8642,1247,-85.066687,35.042214],[8667,1248,-85.066715,35.042149],[8692,1249,-85.066743,35.042085],[8717,1252,-85.066771,35.04202],[8742,1256,-85.066799,35.041955],[8767,1257,-85.066827,35.041891],[8792,1259,-85.066855,35.041826],[8817,1259,-85.066883,35.041762],[8842,1254,-85.06691,35.041697],[8867,1256,-85.066938,35.041632],[8892,1250,-85.066966,35.041568],[8917,1248,-85.066994,35.041503],[8942,1247,-85.067022,35.041439],[8967,1244,-85.06705,35.041374],[8992,1244,-85.067078,35.041309],[9017,1245,-85.067106,35.041245],[9042,1243,-85.067134,35.04118],[9067,1245,-85.067162,35.041116],[9092,1245,-85.06719,35.041051],[9117,1243,-85.067217,35.040986],[9142,1244,-85.067245,35.040922],[9167,1245,-85.067273,35.040857],[9192,1244,-85.067301,35.040793],[9217,1243,-85.067329,35.040728],[9242,1244,-85.067357,35.040663],[9267,1242,-85.067385,35.040599],[9292,1242,-85.067413,35.040534],[9317,1244,-85.067441,35.04047],[9342,1240,-85.067469,35.040405],[9367,1237,-85.067497,35.04034],[9392,1231,-85.067524,35.040276],[9417,1227,-85.067532,35.040207],[9442,1223,-85.067538,35.040139],[9467,1219,-85.067545,35.040071],[9492,1214,-85.067552,35.040003],[9517,1210,-85.067559,35.039934],[9542,1207,-85.067566,35.039866],[9567,1204,-85.067572,35.039798],[9592,1202,-85.067579,35.039729],[9617,1200,-85.067586,35.039661],[9642,1197,