{"trail":"White Oak Connector to Stringer's Ridge","distance":4322,"gain":259,"loss":84,"min":712,"max":889,"profile":[[0,714,-85.308108,35.086958],[25,714,-85.308158,35.086903],[50,714,-85.308207,35.086848],[75,715,-85.308257,35.086792],[100,714,-85.308306,35.086737],[125,715,-85.308356,35.086682],[150,715,-85.308405,35.086627],[175,713,-85.308455,35.086571],[200,714,-85.308505,35.086516],[225,713,-85.308554,35.086461],[250,712,-85.308604,35.086406],[275,712,-85.308653,35.08635],[300,712,-85.308703,35.086295],[325,712,-85.308752,35.08624],[350,714,-85.308802,35.086184],[375,717,-85.308832,35.086122],[400,719,-85.308854,35.086055],[425,722,-85.308876,35.085989],[450,722,-85.308898,35.085923],[475,726,-85.30892,35.085857],[500,726,-85.308942,35.085791],[524,726,-85.308988,35.085734],[549,724,-85.309038,35.085679],[574,724,-85.309088,35.085624],[599,723,-85.309137,35.085569],[624,722,-85.309187,35.085514],[649,726,-85.309237,35.085459],[674,728,-85.309287,35.085404],[699,732,-85.309337,35.085349],[724,733,-85.309386,35.085294],[749,736,-85.309436,35.085239],[774,737,-85.309486,35.085183],[799,736,-85.309536,35.085128],[824,736,-85.309586,35.085073],[849,735,-85.309635,35.085018],[874,734,-85.309685,35.084963],[899,733,-85.309735,35.084908],[924,733,-85.309785,35.084853],[949,735,-85.309835,35.084798],[974,736,-85.309884,35.084743],[999,738,-85.309934,35.084688],[1024,739,-85.309984,35.084633],[1049,740,-85.310034,35.084577],[1074,740,-85.310084,35.084522],[1095,740,-85.310152,35.084509],[1120,736,-85.310234,35.084525],[1145,733,-85.310315,35.084541],[1170,731,-85.310397,35.084557],[1195,732,-85.310478,35.084573],[1219,735,-85.310557,35.084584],[1244,734,-85.310597,35.084524],[1269,735,-85.310637,35.084463],[1294,736,-85.310677,35.084403],[1319,738,-85.310717,35.084343],[1344,740,-85.310757,35.084283],[1369,741,-85.310797,35.084223],[1394,743,-85.310836,35.084162],[1419,745,-85.310876,35.084102],[1444,745,-85.310916,35.084042],[1469,745,-85.310956,35.083982],[1494,746,-85.310996,35.083921],[1519,748,-85.311036,35.083861],[1544,749,-85.311076,35.083801],[1569,750,-85.311116,35.083741],[1594,751,-85.311156,35.08368],[1619,749,-85.311196,35.08362],[1644,749,-85.311236,35.08356],[1669,752,-85.311292,35.08351],[1694,752,-85.311352,35.083461],[1719,753,-85.311411,35.083413],[1744,757,-85.31147,35.083364],[1769,757,-85.311529,35.083316],[1794,762,-85.311588,35.083268],[1819,764,-85.311648,35.083219],[1844,763,-85.311707,35.083171],[1869,770,-85.311766,35.083122],[1894,769,-85.31181,35.083064],[1919,768,-85.31185,35.083004],[1944,770,-85.31189,35.082944],[1969,769,-85.31193,35.082884],[1994,764,-85.31197,35.082824],[2019,766,-85.31201,35.082764],[2043,767,-85.312063,35.082713],[2068,768,-85.312135,35.082678],[2093,770,-85.312207,35.082644],[2118,771,-85.31228,35.082609],[2143,770,-85.312352,35.082575],[2168,772,-85.312424,35.08254],[2193,775,-85.312496,35.082505],[2218,776,-85.312569,35.082471],[2243,779,-85.312641,35.082436],[2263,781,-85.312624,35.082383],[2288,782,-85.312581,35.082324],[2313,782,-85.312538,35.082265],[2338,782,-85.312495,35.082206],[2362,780,-85.312469,35.082145],[2387,780,-85.312485,35.082078],[2412,781,-85.312502,35.082011],[2436,781,-85.312548,35.081957],[2461,781,-85.312609,35.08191],[2486,784,-85.312671,35.081864],[2511,785,-85.312732,35.081817],[2536,786,-85.312793,35.08177],[2561,787,-85.312854,35.081723],[2586,790,-85.312915,35.081676],[2611,789,-85.312976,35.081629],[2636,789,-85.313037,35.081582],[2661,793,-85.313098,35.081535],[2686,792,-85.313159,35.081489],[2710,793,-85.31321,35.081435],[2735,791,-85.313247,35.081374],[2760,790,-85.313283,35.081312],[2785,789,-85.31332,35.081251],[2810,791,-85.313357,35.081189],[2835,790,-85.313394,35.081128],[2860,791,-85.313431,35.081066],[2885,788,-85.313467,35.081004],[2910,790,-85.313504,35.080943],[2935,791,-85.313541,35.080881],[2960,792,-85.313578,35.08082],[2985,793,-85.313615,35.080758],[3010,793,-85.313652,35.080697],[3035,793,-85.313689,35.080636],[3060,794,-85.313758,35.080597],[3085,796,-85.313828,35.080559],[3110,796,-85.313897,35.08052],[3135,798,-85.313966,35.080481],[3160,799,-85.314035,35.080443],[3185,800,-85.314104,35.080404],[3209,804,-85.314164,35.08036],[3234,804,-85.314186,35.080294],[3259,808,-85.314208,35.080228],[3284,814,-85.314231,35.080162],[3309,816,-85.314253,35.080096],[3334,819,-85.314275,35.08003],[3359,821,-85.314297,35.079963],[3384,825,-85.314319,35.079897],[3409,832,-85.314342,35.079831],[3434,836,-85.314364,35.079765],[3459,842,-85.314386,35.079699],[3478,841,-85.31435,35.079658],[3503,839,-85.314272,35.079634],[3528,836,-85.314193,35.079611],[3549,836,-85.314153,35.079562],[3574,840,-85.314141,35.079494],[3599,844,-85.314129,35.079426],[3624,852,-85.314117,35.079358],[3649,853,-85.314038,35.079342],[3669,848,-85.313982,35.079375],[3694,843,-85.313939,35.079434],[3719,844,-85.313896,35.079493],[3744,848,-85.313853,35.079552],[3769,852,-85.31381,35.079611],[3794,857,-85.313767,35.07967],[3819,861,-85.313725,35.079729],[3844,864,-85.313682,35.079788],[3869,867,-85.313639,35.079846],[3894,869,-85.313596,35.079905],[3919,869,-85.313553,35.079964],[3944,868,-85.31351,35.080023],[3968,867,-85.313463,35.080076],[3993,873,-85.313379,35.080083],[4018,879,-85.313296,35.08009],[4043,877,-85.313213,35.080098],[4068,878,-85.31313,35.080105],[4093,879,-85.313046,35.080112],[4118,876,-85.312963,35.08012],[4143,870,-85.31288,35.080127],[4168,862,-85.312807,35.080096],[4193,865,-85.312734,35.080061],[4218,870,-85.312662,35.080027],[4243,871,-85.31259,35.079992],[4268,872,-85.312518,35.079957],[4291,872,-85.312445,35.079981],[4316,879,-85.312373,35.080015],[4322,889,-85.312357,35.080022]]}