{"trail":"Wildflower Trail","distance":8360,"gain":81,"loss":91,"min":639,"max":675,"profile":[[0,670,-85.21848,35.12728],[25,672,-85.218548,35.127319],[50,673,-85.218616,35.127359],[75,674,-85.218685,35.127398],[100,674,-85.218753,35.127438],[125,674,-85.218822,35.127478],[150,675,-85.21889,35.127517],[175,675,-85.218959,35.127557],[200,675,-85.219027,35.127596],[225,674,-85.219095,35.127636],[250,674,-85.219164,35.127675],[275,674,-85.219232,35.127715],[300,674,-85.219301,35.127754],[325,674,-85.219369,35.127794],[350,674,-85.219438,35.127834],[375,672,-85.219506,35.127873],[400,670,-85.219574,35.127913],[425,669,-85.219643,35.127952],[450,669,-85.219711,35.127992],[475,668,-85.21978,35.128031],[500,668,-85.219848,35.128071],[525,668,-85.219916,35.12811],[550,669,-85.219985,35.12815],[575,669,-85.220053,35.12819],[600,669,-85.220122,35.128229],[625,670,-85.22019,35.128269],[650,670,-85.220259,35.128308],[675,670,-85.220327,35.128348],[700,670,-85.220395,35.128387],[725,670,-85.220464,35.128427],[750,670,-85.220532,35.128466],[775,670,-85.220601,35.128506],[800,670,-85.220669,35.128546],[825,670,-85.220737,35.128585],[850,670,-85.220806,35.128625],[875,669,-85.220874,35.128664],[900,669,-85.220943,35.128704],[925,669,-85.22102,35.128728],[950,669,-85.221101,35.128743],[975,669,-85.221183,35.128757],[1000,668,-85.221265,35.128772],[1025,668,-85.221347,35.128787],[1050,666,-85.221429,35.128801],[1075,665,-85.221511,35.128816],[1100,664,-85.221592,35.128831],[1125,664,-85.221674,35.128846],[1150,663,-85.221756,35.12886],[1175,663,-85.221838,35.128875],[1199,663,-85.221919,35.128863],[1224,663,-85.222001,35.128847],[1249,663,-85.222082,35.128831],[1274,663,-85.222164,35.128815],[1299,662,-85.222245,35.128799],[1324,662,-85.222327,35.128783],[1349,662,-85.222406,35.128763],[1374,662,-85.222481,35.128732],[1399,663,-85.222556,35.1287],[1424,663,-85.22263,35.128669],[1449,663,-85.222705,35.128638],[1474,664,-85.22278,35.128607],[1499,664,-85.222855,35.128576],[1524,663,-85.222929,35.128545],[1549,663,-85.223004,35.128514],[1574,663,-85.223079,35.128483],[1599,663,-85.223153,35.128452],[1624,663,-85.223228,35.128421],[1649,663,-85.223303,35.12839],[1674,664,-85.223377,35.128359],[1699,664,-85.223452,35.128328],[1724,664,-85.223527,35.128297],[1749,664,-85.223602,35.128266],[1774,664,-85.223676,35.128235],[1799,664,-85.223745,35.128196],[1824,664,-85.223812,35.128155],[1849,664,-85.22388,35.128115],[1874,665,-85.223947,35.128074],[1899,665,-85.224014,35.128033],[1924,666,-85.224082,35.127992],[1949,666,-85.224149,35.127951],[1974,667,-85.224216,35.12791],[1999,667,-85.224283,35.127869],[2024,666,-85.224351,35.127828],[2049,666,-85.224418,35.127788],[2074,666,-85.224485,35.127747],[2099,666,-85.224552,35.127706],[2124,667,-85.22462,35.127665],[2149,667,-85.224687,35.127624],[2174,667,-85.224754,35.127583],[2199,666,-85.224821,35.127542],[2224,666,-85.224889,35.127502],[2249,666,-85.224956,35.127461],[2274,667,-85.225023,35.12742],[2299,667,-85.22509,35.127379],[2324,668,-85.225158,35.127338],[2349,668,-85.225225,35.127297],[2374,668,-85.225292,35.127256],[2399,668,-85.225359,35.127215],[2424,667,-85.225427,35.127175],[2449,666,-85.225494,35.127134],[2474,665,-85.225561,35.127093],[2499,663,-85.225629,35.127052],[2524,662,-85.225696,35.127011],[2549,661,-85.225763,35.12697],[2574,659,-85.22583,35.126929],[2599,658,-85.225898,35.126889],[2624,657,-85.225965,35.126848],[2649,655,-85.226032,35.126807],[2674,654,-85.226099,35.126766],[2699,654,-85.226167,35.126725],[2724,652,-85.226234,35.126684],[2749,651,-85.226301,35.126643],[2774,649,-85.226368,35.126603],[2799,648,-85.226436,35.126562],[2824,646,-85.226503,35.126521],[2849,645,-85.22657,35.12648],[2874,645,-85.226637,35.126439],[2899,644,-85.226702,35.126396],[2924,644,-85.226743,35.126337],[2949,644,-85.226785,35.126277],[2974,645,-85.226826,35.126217],[2999,645,-85.226867,35.126158],[3024,645,-85.226908,35.126098],[3049,644,-85.226949,35.126038],[3074,644,-85.226991,35.125979],[3099,644,-85.227032,35.125919],[3124,643,-85.227073,35.125859],[3149,643,-85.227114,35.1258],[3174,643,-85.227156,35.12574],[3199,642,-85.227197,35.12568],[3224,642,-85.227238,35.125621],[3249,642,-85.227279,35.125561],[3274,642,-85.22732,35.125501],[3299,641,-85.227362,35.125442],[3324,641,-85.227403,35.125382],[3349,641,-85.227444,35.125322],[3374,640,-85.227485,35.125263],[3399,640,-85.227527,35.125203],[3423,640,-85.227539,35.125136],[3448,640,-85.227544,35.125068],[3473,640,-85.227549,35.125],[3498,640,-85.227553,35.124931],[3523,640,-85.227558,35.124863],[3548,640,-85.227563,35.124794],[3573,640,-85.227568,35.124726],[3598,640,-85.227573,35.124658],[3623,639,-85.227577,35.124589],[3648,639,-85.227562,35.124522],[3673,639,-85.227548,35.124454],[3698,640,-85.227534,35.124387],[3723,640,-85.22752,35.124319],[3748,640,-85.227505,35.124252],[3773,640,-85.227491,35.124184],[3798,640,-85.227477,35.124117],[3823,640,-85.227445,35.124055],[3848,640,-85.227399,35.123998],[3873,640,-85.227352,35.123941],[3895,640,-85.227278,35.123935],[3920,640,-85.227195,35.123945],[3945,640,-85.227168,35.124008],[3970,640,-85.227143,35.124074],[3995,640,-85.227119,35.124139],[4020,640,-85.227094,35.124205],[4045,640,-85.22707,35.12427],[4070,640,-85.227045,35.124336],[4095,640,-85.227021,35.124401],[4120,640,-85.226996,35.124467],[4145,639,-85.226971,35.124532],[4170,640,-85.226947,35.124598],[4195,640,-85.226922,35.124664],[4220,640,-85.226898,35.124729],[4245,640,-85.226873,35.124795],[4270,640,-85.226849,35.12486],[4295,640,-85.226824,35.124926],[4320,640,-85.2268,35.124991],[4344,640,-85.226766,35.125053],[4369,640,-85.226716,35.125108],[4394,640,-85.226667,35.125163],[4419,640,-85.226617,35.125218],[4444,640,-85.226567,35.125273],[4469,640,-85.226517,35.125329],[4494,640,-85.226467,35.125384],[4519,641,-85.226418,35.125439],[4544,641,-85.226368,35.125494],[4569,641,-85.226318,35.125549],[4594,641,-85.226268,35.125604],[4619,641,-85.226219,35.125659],[4644,641,-85.226169,35.125714],[4669,642,-85.226119,35.12577],[4694,642,-85.226069,35.125825],[4719,643,-85.226019,35.12588],[4744,644,-85.22597,35.125935],[4769,644,-85.22592,35.12599],[4794,645,-85.22587,35.126045],[4819,646,-85.22582,35.1261],[4844,646,-85.22577,35.126155],[4869,647,-85.225721,35.126211],[4894,648,-85.225671,35.126266],[4919,648,-85.225621,35.126321],[4944,649,-85.225571,35.126376],[4969,649,-85.225522,35.126431],[4994,650,-85.225472,35.126486],[5019,651,-85.225422,35.126541],[5041,652,-85.225402,35.126598],[5066,655,-85.225442,35.126658],[5091,657,-85.225482,35.126719],[5116,658,-85.225522,35.126779],[5141,659,-85.225562,35.126839],[5166,660,-85.225602,35.126899],[5191,661,-85.225642,35.12696],[5199,662,-85.225654,35.126978],[5224,660,-85.225614,35.126918],[5249,659,-85.225574,35.126858],[5274,659,-85.225534,35.126797],[5299,657,-85.225494,35.126737],[5324,656,-85.225455,35.126677],[5349,654,-85.225415,35.126617],[5364,652,-85.225369,35.126596],[5389,652,-85.225311,35.126646],[5414,654,-85.225254,35.126696],[5439,655,-85.225197,35.126746],[5464,657,-85.22514,35.126796],[5489,659,-85.22508,35.126843],[5514,661,-85.225001,35.126864],[5539,661,-85.224921,35.126885],[5564,663,-85.224841,35.126906],[5589,662,-85.224761,35.126927],[5614,664,-85.224681,35.126948],[5639,666,-85.224602,35.126968],[5664,666,-85.22452,35.12698],[5689,665,-85.224437,35.126976],[5714,665,-85.224353,35.126972],[5739,665,-85.224269,35.126968],[5764,664,-85.224186,35.126964],[5789,662,-85.224102,35.12696],[5814,662,-85.224018,35.126956],[5839,663,-85.223935,35.126953],[5864,663,-85.223851,35.126949],[5888,663,-85.223772,35.126932],[5913,662,-85.2237,35.126897],[5938,661,-85.223628,35.126862],[5963,661,-85.223556,35.126827],[5988,660,-85.223484,35.126792],[6013,661,-85.223413,35.126757],[6038,661,-85.223341,35.126721],[6063,661,-85.223269,35.126686],[6088,661,-85.223197,35.126651],[6113,661,-85.223125,35.126616],[6138,661,-85.223053,35.126581],[6163,661,-85.222981,35.126546],[6188,660,-85.222909,35.126511],[6213,