{"trail":"Williams Cut","distance":4817,"gain":276,"loss":183,"min":1803,"max":1913,"profile":[[0,1805,-85.432091,34.86294],[25,1804,-85.432054,34.863002],[50,1803,-85.432018,34.863063],[75,1806,-85.431982,34.863125],[100,1809,-85.431945,34.863187],[125,1811,-85.431909,34.863249],[150,1815,-85.431872,34.86331],[175,1819,-85.431836,34.863372],[200,1817,-85.4318,34.863434],[225,1817,-85.431758,34.863492],[250,1809,-85.431689,34.86353],[275,1808,-85.431619,34.863568],[300,1808,-85.43155,34.863606],[325,1816,-85.43148,34.863644],[350,1820,-85.431411,34.863682],[375,1829,-85.431341,34.86372],[400,1834,-85.431272,34.863758],[423,1834,-85.431239,34.863817],[448,1837,-85.431218,34.863883],[473,1840,-85.431197,34.86395],[498,1843,-85.431177,34.864016],[523,1843,-85.431156,34.864082],[548,1845,-85.431135,34.864149],[573,1844,-85.431115,34.864215],[598,1846,-85.431094,34.864282],[623,1845,-85.431074,34.864348],[648,1845,-85.431053,34.864414],[673,1844,-85.431032,34.864481],[698,1847,-85.431012,34.864547],[723,1849,-85.430991,34.864614],[747,1852,-85.43096,34.864674],[772,1853,-85.43089,34.864712],[797,1854,-85.430821,34.86475],[822,1851,-85.430751,34.864788],[847,1845,-85.430682,34.864826],[872,1842,-85.430612,34.864864],[896,1836,-85.430533,34.864877],[921,1838,-85.43045,34.864877],[946,1842,-85.430366,34.864877],[971,1844,-85.430283,34.864877],[996,1848,-85.430199,34.864877],[1021,1852,-85.430116,34.864877],[1045,1852,-85.430051,34.864913],[1070,1851,-85.429992,34.864962],[1095,1857,-85.429933,34.86501],[1118,1856,-85.429897,34.865068],[1143,1851,-85.429887,34.865136],[1168,1843,-85.429876,34.865204],[1193,1835,-85.429866,34.865272],[1218,1830,-85.429856,34.86534],[1243,1830,-85.429845,34.865408],[1268,1834,-85.429835,34.865476],[1293,1837,-85.429825,34.865544],[1318,1841,-85.429821,34.865612],[1343,1845,-85.429844,34.865677],[1368,1847,-85.429867,34.865743],[1393,1851,-85.42989,34.865809],[1418,1852,-85.429914,34.865875],[1443,1855,-85.429937,34.865941],[1468,1852,-85.42996,34.866007],[1493,1852,-85.429983,34.866072],[1518,1847,-85.430007,34.866138],[1543,1850,-85.43003,34.866204],[1568,1850,-85.430054,34.866269],[1593,1847,-85.430104,34.866324],[1618,1843,-85.430154,34.866379],[1643,1836,-85.430204,34.866434],[1668,1835,-85.430254,34.866489],[1693,1839,-85.430305,34.866544],[1718,1842,-85.430355,34.866598],[1740,1849,-85.430357,34.866659],[1765,1854,-85.430329,34.866724],[1790,1856,-85.430301,34.866788],[1815,1858,-85.430273,34.866853],[1836,1859,-85.430203,34.866853],[1861,1860,-85.430122,34.866836],[1886,1861,-85.430041,34.86682],[1910,1863,-85.429973,34.866784],[1935,1864,-85.429914,34.866735],[1960,1867,-85.429855,34.866687],[1985,1869,-85.429796,34.866638],[2010,1871,-85.429737,34.86659],[2034,1873,-85.429699,34.866532],[2059,1876,-85.429681,34.866465],[2084,1876,-85.429663,34.866398],[2109,1878,-85.429644,34.866331],[2134,1876,-85.429626,34.866264],[2159,1875,-85.429608,34.866197],[2184,1878,-85.429589,34.866131],[2209,1876,-85.429571,34.866064],[2234,1876,-85.429553,34.865997],[2259,1873,-85.429534,34.86593],[2284,1871,-85.429516,34.865863],[2309,1870,-85.429498,34.865796],[2334,1867,-85.429479,34.865729],[2359,1866,-85.429461,34.865663],[2384,1863,-85.429443,34.865596],[2409,1862,-85.429424,34.865529],[2434,1859,-85.429406,34.865462],[2459,1858,-85.429388,34.865395],[2484,1864,-85.429369,34.865328],[2509,1870,-85.429351,34.865261],[2534,1876,-85.429333,34.865195],[2556,1880,-85.42935,34.865137],[2581,1880,-85.42941,34.865089],[2606,1883,-85.42947,34.865041],[2631,1879,-85.42953,34.864994],[2656,1881,-85.42959,34.864946],[2681,1877,-85.42965,34.864898],[2706,1875,-85.42971,34.864851],[2731,1876,-85.42977,34.864803],[2756,1875,-85.42983,34.864755],[2781,1877,-85.42989,34.864708],[2806,1880,-85.429951,34.86466],[2831,1881,-85.430011,34.864612],[2856,1884,-85.430071,34.864565],[2881,1890,-85.430131,34.864517],[2906,1892,-85.430191,34.864469],[2931,1892,-85.430251,34.864422],[2956,1894,-85.430311,34.864374],[2981,1894,-85.430371,34.864326],[3006,1889,-85.430431,34.864279],[3031,1889,-85.430491,34.864231],[3056,1883,-85.430551,34.864183],[3081,1882,-85.430611,34.864136],[3105,1879,-85.430653,34.864082],[3130,1881,-85.430653,34.864013],[3155,1882,-85.430653,34.863945],[3180,1882,-85.430653,34.863876],[3205,1881,-85.430653,34.863808],[3230,1881,-85.430653,34.863739],[3244,1885,-85.430604,34.863732],[3269,1893,-85.430527,34.86376],[3294,1901,-85.430451,34.863787],[3319,1903,-85.430374,34.863815],[3344,1908,-85.430304,34.863848],[3369,1911,-85.43027,34.86391],[3394,1913,-85.430235,34.863972],[3419,1913,-85.430201,34.864035],[3444,1913,-85.430166,34.864097],[3469,1913,-85.430132,34.86416],[3494,1911,-85.430097,34.864222],[3519,1911,-85.43004,34.864272],[3544,1909,-85.429981,34.86432],[3569,1907,-85.429923,34.864369],[3594,1906,-85.429864,34.864418],[3619,1903,-85.429805,34.864467],[3644,1901,-85.429747,34.864516],[3669,1897,-85.429688,34.864565],[3694,1897,-85.42963,34.864613],[3719,1897,-85.429571,34.864662],[3744,1900,-85.429513,34.864711],[3769,1902,-85.429454,34.86476],[3794,1901,-85.429395,34.864809],[3819,1904,-85.429337,34.864858],[3844,1904,-85.429278,34.864907],[3869,1902,-85.42922,34.864955],[3894,1903,-85.429161,34.865004],[3919,1900,-85.429102,34.865053],[3944,1900,-85.429044,34.865102],[3969,1901,-85.428985,34.865151],[3994,1897,-85.428927,34.8652],[4019,1898,-85.428868,34.865248],[4044,1897,-85.42881,34.865297],[4065,1896,-85.428774,34.865349],[4090,1893,-85.428812,34.86541],[4115,1891,-85.42885,34.865471],[4140,1890,-85.428889,34.865532],[4165,1890,-85.428927,34.865593],[4190,1892,-85.428965,34.865653],[4215,1892,-85.429004,34.865714],[4240,1897,-85.429042,34.865775],[4265,1900,-85.42908,34.865836],[4280,1901,-85.429086,34.865876],[4305,1902,-85.429005,34.865858],[4330,1904,-85.428924,34.865841],[4355,1904,-85.428844,34.865823],[4380,1905,-85.428763,34.865806],[4405,1906,-85.428682,34.865788],[4430,1906,-85.428601,34.865771],[4455,1906,-85.428521,34.865753],[4480,1904,-85.42844,34.865736],[4505,1905,-85.428359,34.865719],[4530,1903,-85.428278,34.865701],[4555,1901,-85.428198,34.865684],[4580,1899,-85.428117,34.865666],[4605,1897,-85.428036,34.865649],[4630,1896,-85.427955,34.865631],[4650,1897,-85.427889,34.865625],[4675,1898,-85.427917,34.865689],[4700,1897,-85.427945,34.865754],[4725,1896,-85.427974,34.865818],[4750,1898,-85.428002,34.865883],[4775,1897,-85.42803,34.865947],[4800,1897,-85.428059,34.866012],[4817,1898,-85.428078,34.866056]]}