{"trail":"Windy Shot","distance":4398,"gain":125,"loss":207,"min":1999,"max":2146,"profile":[[0,2082,-85.427456,34.862042],[25,2078,-85.427504,34.862098],[50,2074,-85.427553,34.862154],[65,2076,-85.427549,34.862113],[90,2081,-85.42753,34.862046],[115,2080,-85.427512,34.861979],[140,2086,-85.427493,34.861912],[165,2090,-85.427475,34.861845],[190,2093,-85.427456,34.861778],[215,2101,-85.427438,34.861712],[240,2104,-85.427419,34.861645],[265,2108,-85.427401,34.861578],[290,2109,-85.427382,34.861511],[315,2111,-85.427364,34.861444],[340,2113,-85.427346,34.861377],[365,2115,-85.427327,34.861311],[390,2116,-85.427309,34.861244],[415,2119,-85.42729,34.861177],[440,2121,-85.427272,34.86111],[465,2123,-85.427253,34.861043],[490,2127,-85.427235,34.860976],[515,2130,-85.427216,34.86091],[540,2132,-85.427198,34.860843],[565,2135,-85.427198,34.860774],[590,2136,-85.427198,34.860706],[615,2137,-85.427198,34.860637],[640,2138,-85.427198,34.860569],[665,2138,-85.427198,34.8605],[690,2137,-85.427198,34.860432],[715,2136,-85.427198,34.860363],[740,2135,-85.427198,34.860295],[765,2135,-85.4272,34.860226],[790,2135,-85.42723,34.860162],[815,2135,-85.427261,34.860099],[840,2136,-85.427291,34.860035],[865,2138,-85.427322,34.859971],[890,2139,-85.427352,34.859907],[915,2140,-85.427383,34.859843],[940,2140,-85.427413,34.85978],[965,2141,-85.427444,34.859716],[990,2142,-85.427474,34.859652],[1015,2142,-85.427505,34.859588],[1040,2143,-85.427536,34.859525],[1065,2143,-85.427566,34.859461],[1090,2143,-85.427597,34.859397],[1115,2144,-85.427627,34.859333],[1140,2145,-85.427658,34.859269],[1164,2146,-85.42766,34.859204],[1189,2146,-85.427642,34.859137],[1214,2145,-85.427625,34.85907],[1239,2145,-85.427607,34.859003],[1264,2145,-85.427589,34.858936],[1289,2143,-85.427571,34.858869],[1314,2143,-85.427553,34.858802],[1339,2141,-85.427536,34.858735],[1364,2140,-85.427518,34.858668],[1389,2139,-85.4275,34.858601],[1414,2137,-85.427482,34.858534],[1439,2135,-85.427464,34.858467],[1464,2134,-85.427447,34.8584],[1489,2131,-85.427429,34.858333],[1514,2130,-85.427413,34.858266],[1539,2128,-85.427413,34.858198],[1564,2126,-85.427413,34.858129],[1589,2124,-85.427413,34.858061],[1614,2122,-85.427413,34.857992],[1639,2120,-85.427413,34.857924],[1664,2120,-85.427413,34.857855],[1689,2120,-85.427413,34.857787],[1714,2121,-85.427413,34.857718],[1739,2123,-85.427413,34.85765],[1764,2123,-85.427413,34.857581],[1789,2124,-85.427413,34.857512],[1814,2124,-85.427413,34.857444],[1839,2123,-85.427413,34.857375],[1864,2123,-85.427413,34.857307],[1889,2122,-85.427413,34.857238],[1914,2121,-85.427413,34.85717],[1939,2121,-85.427413,34.857101],[1964,2121,-85.427413,34.857033],[1989,2122,-85.427413,34.856964],[2014,2121,-85.427413,34.856896],[2039,2121,-85.427413,34.856827],[2064,2121,-85.427413,34.856759],[2089,2122,-85.427413,34.85669],[2114,2123,-85.427413,34.856622],[2139,2124,-85.427413,34.856553],[2164,2125,-85.427413,34.856485],[2189,2125,-85.427413,34.856416],[2214,2125,-85.427413,34.856347],[2239,2125,-85.427413,34.856279],[2264,2125,-85.427413,34.85621],[2289,2125,-85.427413,34.856142],[2314,2125,-85.427431,34.856075],[2339,2125,-85.427454,34.856009],[2364,2124,-85.427477,34.855944],[2389,2123,-85.427499,34.855878],[2414,2124,-85.427522,34.855812],[2439,2122,-85.427548,34.855747],[2464,2120,-85.427591,34.855688],[2489,2122,-85.427633,34.855629],[2514,2124,-85.427675,34.85557],[2539,2124,-85.427717,34.85551],[2564,2125,-85.427759,34.855451],[2589,2127,-85.427801,34.855392],[2614,2128,-85.427844,34.855333],[2639,2129,-85.427886,34.855274],[2664,2130,-85.427928,34.855215],[2689,2131,-85.42797,34.855155],[2714,2131,-85.428012,34.855096],[2739,2132,-85.428054,34.855037],[2764,2131,-85.428097,34.854978],[2789,2130,-85.428139,34.854919],[2814,2128,-85.428181,34.85486],[2838,2125,-85.42821,34.854797],[2863,2123,-85.428219,34.854729],[2888,2119,-85.428228,34.854661],[2913,2115,-85.428237,34.854593],[2938,2114,-85.428246,34.854525],[2963,2110,-85.428255,34.854456],[2988,2107,-85.428264,34.854388],[3013,2102,-85.428276,34.854321],[3038,2098,-85.428306,34.854257],[3063,2094,-85.428336,34.854193],[3088,2091,-85.428366,34.854129],[3113,2094,-85.428397,34.854065],[3138,2093,-85.428427,34.854001],[3163,2092,-85.428457,34.853938],[3188,2090,-85.428488,34.853874],[3213,2090,-85.428518,34.85381],[3238,2087,-85.428548,34.853746],[3263,2085,-85.428578,34.853682],[3288,2085,-85.428609,34.853618],[3313,2087,-85.428639,34.853554],[3338,2089,-85.428669,34.85349],[3363,2090,-85.428699,34.853427],[3388,2091,-85.428722,34.853362],[3413,2090,-85.428722,34.853293],[3438,2089,-85.428722,34.853224],[3463,2089,-85.428722,34.853156],[3488,2088,-85.428722,34.853087],[3513,2086,-85.428722,34.853019],[3537,2082,-85.428725,34.852951],[3562,2073,-85.428756,34.852887],[3587,2065,-85.428787,34.852824],[3612,2068,-85.428819,34.85276],[3637,2064,-85.42885,34.852697],[3662,2062,-85.428881,34.852633],[3687,2064,-85.428913,34.85257],[3712,2058,-85.428944,34.852506],[3737,2058,-85.428975,34.852443],[3762,2058,-85.429007,34.852379],[3787,2063,-85.429038,34.852316],[3812,2066,-85.429069,34.852252],[3837,2068,-85.429081,34.852187],[3862,2068,-85.42907,34.852119],[3887,2066,-85.429058,34.852051],[3912,2062,-85.429046,34.851983],[3937,2060,-85.429034,34.851915],[3962,2058,-85.429022,34.851847],[3987,2054,-85.429011,34.85178],[4011,2049,-85.42901,34.851714],[4036,2043,-85.429059,34.851659],[4061,2040,-85.429108,34.851603],[4086,2037,-85.429157,34.851548],[4109,2039,-85.429162,34.851484],[4134,2039,-85.429146,34.851417],[4159,2036,-85.429131,34.85135],[4184,2032,-85.429115,34.851282],[4209,2030,-85.429099,34.851215],[4233,2025,-85.429095,34.851149],[4258,2019,-85.429141,34.851092],[4283,2007,-85.429186,34.851034],[4308,2001,-85.429231,34.850977],[4333,2000,-85.429277,34.850919],[4358,1999,-85.429322,34.850862],[4383,2000,-85.429297,34.850797],[4398,2000,-85.42928,34.850755]]}