{"trail":"Wolftever Greenway","distance":1331,"gain":3,"loss":3,"min":759,"max":760,"profile":[[0,760,-85.068812,35.06246],[25,760,-85.068822,35.062529],[50,760,-85.068831,35.062597],[75,760,-85.06884,35.062665],[100,760,-85.068849,35.062733],[124,760,-85.068873,35.062796],[149,760,-85.068923,35.062852],[174,760,-85.068972,35.062907],[199,760,-85.069022,35.062962],[224,760,-85.069071,35.063017],[245,760,-85.069139,35.06303],[270,760,-85.069221,35.063014],[293,759,-85.069279,35.062975],[318,760,-85.069313,35.062912],[343,760,-85.069347,35.06285],[368,760,-85.06938,35.062787],[393,760,-85.069414,35.062724],[418,760,-85.069448,35.062661],[443,760,-85.069481,35.062599],[452,760,-85.069514,35.062596],[477,760,-85.069539,35.06266],[502,760,-85.069506,35.062723],[527,760,-85.069472,35.062786],[552,759,-85.069439,35.062849],[577,759,-85.069406,35.062911],[602,759,-85.069373,35.062974],[627,759,-85.06934,35.063037],[652,759,-85.069306,35.0631],[677,759,-85.069273,35.063163],[702,759,-85.06924,35.063226],[727,759,-85.069207,35.063289],[752,759,-85.069174,35.063352],[777,759,-85.06914,35.063415],[801,759,-85.069084,35.063464],[826,759,-85.069021,35.06351],[851,759,-85.068959,35.063555],[863,759,-85.06892,35.06356],[888,759,-85.06892,35.063491],[913,759,-85.06892,35.063422],[938,759,-85.06892,35.063354],[963,759,-85.06892,35.063285],[988,759,-85.06892,35.063217],[1013,759,-85.06892,35.063148],[1038,759,-85.06892,35.06308],[1063,760,-85.06892,35.063011],[1088,760,-85.068901,35.062946],[1113,760,-85.068872,35.062881],[1138,760,-85.068843,35.062817],[1163,760,-85.068814,35.062753],[1188,760,-85.068785,35.062688],[1213,760,-85.068756,35.062624],[1238,760,-85.068727,35.06256],[1263,760,-85.068698,35.062495],[1288,759,-85.068669,35.062431],[1313,760,-85.06864,35.062367],[1331,760,-85.068619,35.06232]]}