{"trail":"Wolftever Creek Greenway Phase 3","distance":994,"gain":15,"loss":3,"min":779,"max":791,"profile":[[0,779,-85.049629,35.053661],[25,780,-85.049545,35.053661],[50,780,-85.049462,35.053661],[75,781,-85.049378,35.053661],[100,781,-85.049294,35.053661],[125,781,-85.049211,35.053661],[150,781,-85.049127,35.053661],[175,781,-85.049043,35.053661],[200,781,-85.04896,35.053661],[225,781,-85.048879,35.053678],[250,781,-85.0488,35.0537],[275,780,-85.04872,35.053721],[300,780,-85.048641,35.053743],[325,779,-85.048562,35.053765],[349,779,-85.048483,35.05378],[374,780,-85.048409,35.053747],[399,780,-85.048336,35.053714],[424,781,-85.048262,35.053681],[449,781,-85.048189,35.053648],[474,781,-85.048115,35.053615],[499,782,-85.048042,35.053583],[523,781,-85.047961,35.053573],[548,781,-85.047878,35.053573],[573,781,-85.047794,35.053573],[598,781,-85.04771,35.053573],[623,781,-85.047626,35.053573],[648,781,-85.047543,35.053573],[673,781,-85.047459,35.053573],[698,781,-85.047375,35.053573],[723,782,-85.047292,35.053573],[748,783,-85.047208,35.053573],[773,784,-85.047124,35.053573],[798,786,-85.047054,35.053537],[823,787,-85.046985,35.053498],[848,788,-85.046916,35.053459],[873,789,-85.046847,35.05342],[898,791,-85.046778,35.053381],[923,791,-85.0467,35.053402],[948,791,-85.046621,35.053425],[973,791,-85.046542,35.053448],[994,791,-85.046475,35.053467]]}