{"trail":"Wolftever Creek Greenway Phase 5","distance":1764,"gain":67,"loss":103,"min":777,"max":827,"profile":[[0,815,-85.060723,35.061969],[25,814,-85.060718,35.0619],[50,813,-85.060712,35.061832],[75,810,-85.060707,35.061764],[100,807,-85.060702,35.061695],[125,807,-85.060697,35.061627],[150,805,-85.060691,35.061558],[175,804,-85.060686,35.06149],[200,804,-85.060681,35.061422],[225,805,-85.060676,35.061353],[250,808,-85.060671,35.061285],[275,811,-85.060665,35.061216],[300,813,-85.06066,35.061148],[325,817,-85.060655,35.06108],[350,819,-85.06065,35.061011],[375,820,-85.060644,35.060943],[400,819,-85.060639,35.060874],[424,821,-85.06061,35.060813],[449,820,-85.060562,35.060757],[474,818,-85.060513,35.060701],[499,818,-85.060465,35.060645],[524,818,-85.060417,35.060589],[549,821,-85.060369,35.060533],[574,822,-85.06032,35.060477],[599,822,-85.060272,35.060421],[624,827,-85.060224,35.060365],[649,826,-85.060176,35.060309],[674,827,-85.060128,35.060253],[699,825,-85.060079,35.060197],[724,822,-85.060031,35.060141],[749,823,-85.059983,35.060085],[774,819,-85.059935,35.060029],[799,818,-85.059886,35.059973],[824,817,-85.059838,35.059917],[849,814,-85.05979,35.059861],[874,815,-85.059742,35.059805],[899,814,-85.059694,35.059749],[924,816,-85.059645,35.059693],[949,815,-85.059597,35.059637],[974,816,-85.059549,35.059581],[999,811,-85.059501,35.059524],[1024,811,-85.059453,35.059468],[1049,810,-85.059404,35.059412],[1074,806,-85.059356,35.059356],[1099,807,-85.059308,35.0593],[1124,804,-85.059242,35.059258],[1149,810,-85.059177,35.059216],[1174,818,-85.059111,35.059173],[1199,819,-85.059045,35.059131],[1224,825,-85.058979,35.059089],[1249,818,-85.058913,35.059047],[1274,819,-85.058847,35.059004],[1299,817,-85.058781,35.058962],[1324,819,-85.058715,35.05892],[1349,818,-85.058649,35.058877],[1374,816,-85.058583,35.058835],[1399,815,-85.058517,35.058793],[1424,818,-85.058452,35.058751],[1449,817,-85.058386,35.058708],[1474,816,-85.05832,35.058666],[1499,818,-85.058254,35.058624],[1524,816,-85.058188,35.058582],[1549,817,-85.058122,35.058539],[1574,815,-85.058056,35.058497],[1599,805,-85.057999,35.058448],[1624,806,-85.057953,35.058391],[1649,798,-85.057908,35.058333],[1674,790,-85.057862,35.058276],[1699,788,-85.057816,35.058219],[1724,782,-85.05777,35.058161],[1749,777,-85.057725,35.058104],[1764,779,-85.057697,35.058069]]}