{"trail":"Wolftever Greenway","distance":1384,"gain":3,"loss":3,"min":759,"max":760,"profile":[[0,760,-85.069542,35.062654],[25,760,-85.069509,35.062717],[50,760,-85.069476,35.06278],[75,760,-85.069442,35.062842],[100,759,-85.069409,35.062905],[125,759,-85.069376,35.062968],[150,759,-85.069343,35.063031],[175,759,-85.06931,35.063094],[200,759,-85.069276,35.063157],[225,759,-85.069243,35.06322],[250,759,-85.06921,35.063283],[275,759,-85.069177,35.063346],[300,759,-85.069144,35.063409],[325,759,-85.06909,35.063459],[350,759,-85.069027,35.063505],[375,759,-85.068965,35.063551],[389,759,-85.06892,35.063566],[414,759,-85.06892,35.063498],[439,759,-85.06892,35.063429],[464,759,-85.06892,35.063361],[489,759,-85.06892,35.063292],[514,759,-85.06892,35.063224],[539,759,-85.06892,35.063155],[564,759,-85.06892,35.063086],[589,760,-85.06892,35.063018],[614,760,-85.068904,35.062952],[639,760,-85.068875,35.062887],[664,760,-85.068846,35.062823],[689,760,-85.068817,35.062759],[714,760,-85.068788,35.062695],[739,760,-85.068759,35.06263],[764,760,-85.06873,35.062566],[789,759,-85.068701,35.062502],[814,759,-85.068672,35.062437],[839,760,-85.068643,35.062373],[856,760,-85.06863,35.062328],[881,760,-85.068693,35.062373],[906,760,-85.068755,35.062419],[930,760,-85.068813,35.062467],[955,760,-85.068822,35.062535],[980,760,-85.068832,35.062603],[1005,760,-85.068841,35.062671],[1030,760,-85.06885,35.062739],[1054,760,-85.068877,35.062801],[1079,760,-85.068927,35.062857],[1104,760,-85.068976,35.062912],[1129,760,-85.069026,35.062967],[1154,760,-85.069075,35.063022],[1176,760,-85.069147,35.063029],[1201,760,-85.069228,35.063012],[1223,759,-85.069282,35.062969],[1248,760,-85.069316,35.062907],[1273,760,-85.06935,35.062844],[1298,760,-85.069383,35.062781],[1323,760,-85.069417,35.062719],[1348,760,-85.069451,35.062656],[1373,760,-85.069484,35.062593],[1384,760,-85.069499,35.062566]]}