{"trail":"Wolftever Creek Greenway Phase 4","distance":5776,"gain":231,"loss":97,"min":778,"max":924,"profile":[[0,788,-85.045338,35.053713],[25,787,-85.045254,35.053716],[50,786,-85.04517,35.053718],[75,785,-85.045087,35.05372],[100,784,-85.045003,35.053722],[125,783,-85.044919,35.053724],[150,782,-85.044836,35.053727],[175,782,-85.044752,35.053729],[200,781,-85.044668,35.053731],[225,781,-85.044585,35.053733],[250,780,-85.044501,35.053736],[275,781,-85.044417,35.053738],[300,781,-85.044334,35.05374],[325,781,-85.04425,35.053742],[350,781,-85.044166,35.053745],[375,781,-85.044083,35.053747],[400,781,-85.043999,35.053749],[425,780,-85.043915,35.053751],[450,779,-85.043832,35.053754],[475,778,-85.043748,35.053756],[500,778,-85.043664,35.053758],[525,778,-85.043581,35.05376],[550,779,-85.043497,35.053762],[575,780,-85.043413,35.053765],[587,780,-85.043386,35.053787],[612,780,-85.043441,35.053839],[637,780,-85.043496,35.05389],[662,780,-85.043551,35.053942],[687,780,-85.043606,35.053994],[712,780,-85.043661,35.054046],[737,779,-85.043715,35.054097],[762,780,-85.04377,35.054149],[787,780,-85.043825,35.054201],[812,780,-85.04388,35.054252],[837,779,-85.043935,35.054304],[862,780,-85.04399,35.054356],[887,780,-85.044045,35.054408],[912,780,-85.0441,35.054459],[937,780,-85.044155,35.054511],[962,780,-85.04421,35.054563],[987,780,-85.044265,35.054614],[1012,780,-85.04432,35.054666],[1037,780,-85.044375,35.054718],[1062,780,-85.04443,35.054769],[1087,779,-85.044484,35.054821],[1112,780,-85.044539,35.054873],[1137,780,-85.044594,35.054925],[1162,780,-85.044649,35.054976],[1186,781,-85.044671,35.055042],[1211,781,-85.044691,35.055109],[1236,782,-85.044711,35.055175],[1261,782,-85.044732,35.055242],[1286,782,-85.044752,35.055308],[1310,783,-85.044732,35.055371],[1335,783,-85.044694,35.055432],[1360,784,-85.044655,35.055493],[1385,784,-85.044617,35.055554],[1410,785,-85.044578,35.055614],[1435,785,-85.04454,35.055675],[1460,786,-85.044501,35.055736],[1485,787,-85.044463,35.055797],[1510,788,-85.044425,35.055858],[1535,788,-85.044386,35.055919],[1560,789,-85.044348,35.05598],[1585,790,-85.044309,35.056041],[1610,790,-85.044271,35.056102],[1635,791,-85.044232,35.056162],[1660,792,-85.044194,35.056223],[1685,793,-85.044156,35.056284],[1710,794,-85.044117,35.056345],[1735,795,-85.044079,35.056406],[1760,796,-85.04404,35.056467],[1785,797,-85.044002,35.056528],[1810,798,-85.043963,35.056589],[1835,798,-85.043925,35.056649],[1860,799,-85.043887,35.05671],[1885,799,-85.043848,35.056771],[1910,800,-85.04381,35.056832],[1935,800,-85.043771,35.056893],[1960,801,-85.043733,35.056954],[1985,801,-85.043694,35.057015],[2010,802,-85.043656,35.057076],[2035,802,-85.043618,35.057136],[2060,802,-85.043579,35.057197],[2085,802,-85.043541,35.057258],[2110,802,-85.043502,35.057319],[2135,803,-85.043464,35.05738],[2160,804,-85.043425,35.057441],[2185,804,-85.043387,35.057502],[2210,805,-85.043349,35.057563],[2235,807,-85.04331,35.057624],[2260,808,-85.043272,35.057684],[2285,809,-85.043233,35.057745],[2310,810,-85.043195,35.057806],[2335,811,-85.043156,35.057867],[2360,812,-85.043118,35.057928],[2385,814,-85.04308,35.057989],[2410,815,-85.043041,35.05805],[2435,816,-85.043003,35.058111],[2460,817,-85.042964,35.058171],[2485,818,-85.042926,35.058232],[2510,820,-85.042887,35.058293],[2535,820,-85.042849,35.058354],[2560,822,-85.04281,35.058415],[2585,824,-85.042772,35.058476],[2610,828,-85.042734,35.058537],[2635,831,-85.042695,35.058598],[2660,834,-85.042657,35.058658],[2685,838,-85.042618,35.058719],[2710,841,-85.04258,35.05878],[2735,844,-85.042541,35.058841],[2760,847,-85.042503,35.058902],[2785,847,-85.042465,35.058963],[2810,850,-85.042426,35.059024],[2835,853,-85.042388,35.059085],[2860,854,-85.042349,35.059146],[2885,856,-85.042311,35.059206],[2910,856,-85.042272,35.059267],[2935,857,-85.042234,35.059328],[2960,856,-85.042196,35.059389],[2985,854,-85.042157,35.05945],[3010,852,-85.042119,35.059511],[3035,850,-85.04208,35.059572],[3060,847,-85.042042,35.059633],[3085,845,-85.042003,35.059693],[3110,844,-85.041965,35.059754],[3135,843,-85.041927,35.059815],[3160,841,-85.041888,35.059876],[3185,841,-85.04185,35.059937],[3210,842,-85.041811,35.059998],[3235,842,-85.041776,35.060059],[3260,843,-85.041787,35.060127],[3285,844,-85.041797,35.060195],[3310,846,-85.041808,35.060263],[3335,849,-85.041818,35.060331],[3359,844,-85.041888,35.060366],[3384,840,-85.041962,35.060398],[3409,837,-85.042036,35.06043],[3434,835,-85.04211,35.060462],[3459,831,-85.042184,35.060495],[3484,827,-85.042258,35.060527],[3509,825,-85.042331,35.060559],[3534,821,-85.042405,35.060591],[3556,820,-85.042458,35.060632],[3581,820,-85.042441,35.060699],[3606,820,-85.042424,35.060766],[3631,822,-85.042407,35.060833],[3656,822,-85.04239,35.0609],[3681,825,-85.042373,35.060967],[3706,825,-85.042356,35.061034],[3731,828,-85.042307,35.061089],[3756,831,-85.042256,35.061144],[3781,834,-85.042206,35.061198],[3806,839,-85.042155,35.061253],[3831,840,-85.042104,35.061307],[3856,841,-85.042053,35.061362],[3879,842,-85.042016,35.061418],[3904,837,-85.042043,35.061483],[3929,835,-85.042069,35.061548],[3954,832,-85.042096,35.061613],[3979,828,-85.042122,35.061678],[4004,827,-85.042149,35.061743],[4029,824,-85.042175,35.061808],[4054,823,-85.042202,35.061873],[4079,821,-85.042228,35.061938],[4104,819,-85.042255,35.062003],[4129,819,-85.042281,35.062068],[4154,818,-85.042308,35.062133],[4178,818,-85.042333,35.062196],[4203,818,-85.042315,35.062129],[4228,818,-85.042297,35.062062],[4253,819,-85.042278,35.061995],[4278,820,-85.04226,35.061928],[4303,822,-85.042242,35.061861],[4328,823,-85.042223,35.061794],[4353,823,-85.042205,35.061728],[4378,827,-85.042187,35.061661],[4403,828,-85.042168,35.061594],[4428,832,-85.04215,35.061527],[4453,834,-85.042132,35.06146],[4478,838,-85.042114,35.061393],[4503,840,-85.042095,35.061326],[4528,841,-85.042077,35.06126],[4553,844,-85.042059,35.061193],[4578,844,-85.04204,35.061126],[4603,847,-85.042022,35.061059],[4628,847,-85.042004,35.060992],[4653,848,-85.041985,35.060925],[4678,848,-85.041967,35.060858],[4703,848,-85.041949,35.060791],[4728,849,-85.04193,35.060725],[4753,848,-85.041912,35.060658],[4778,849,-85.041894,35.060591],[4803,848,-85.041875,35.060524],[4828,849,-85.041857,35.060457],[4853,848,-85.041839,35.06039],[4878,846,-85.041821,35.060323],[4903,846,-85.041802,35.060256],[4928,844,-85.041784,35.06019],[4950,846,-85.041734,35.060144],[4975,850,-85.041657,35.060116],[5000,853,-85.041581,35.060088],[5025,856,-85.041505,35.06006],[5050,857,-85.041428,35.060031],[5075,858,-85.041352,35.060003],[5100,861,-85.041276,35.059975],[5125,867,-85.041199,35.059947],[5150,873,-85.041123,35.059919],[5175,877,-85.041047,35.05989],[5200,881,-85.040971,35.059862],[5225,884,-85.040894,35.059834],[5250,886,-85.040818,35.059806],[5275,886,-85.040742,35.059778],[5300,887,-85.040665,35.059749],[5325,884,-85.040589,35.059721],[5350,883,-85.040513,35.059693],[5375,885,-85.040436,35.059665],[5400,889,-85.04036,35.059637],[5425,894,-85.040284,35.059609],[5450,896,-85.040207,35.05958],[5475,901,-85.040131,35.059552],[5500,905,-85.040055,35.059524],[5521,907,-85.039987,35.059534],[5546,910,-85.039929,35.059583],[5571,913,-85.039871,35.059633],[5596,916,-85.039813,35.059682],[5621,922,-85.039755,35.059731],[5646,923,-85.039697,35.05978],[5671,924,-85.039638,35.05983],[5696,924,-85.03958,35.059879],[5721,924,-85.039522,35.059928],[5746,924,-85.039464,35.059977],[5771,921,-85.039406,35.060027],[5776,922,-85.039394,35.060037]]}